[0.067s] DEBUG:colcon:Command line arguments: ['/home/hibiki/.espressif/python_env/idf5.4_py3.10_env/bin/colcon', 'build']
[0.067s] DEBUG:colcon:Parsed command line arguments: Namespace(log_base=None, log_level=None, verb_name='build', build_base='build', install_base='install', merge_install=False, symlink_install=False, test_result_base=None, continue_on_error=False, executor='parallel', parallel_workers=16, event_handlers=None, ignore_user_meta=False, metas=['./colcon.meta'], base_paths=['.'], packages_ignore=None, packages_ignore_regex=None, paths=None, packages_up_to=None, packages_up_to_regex=None, packages_above=None, packages_above_and_dependencies=None, packages_above_depth=None, packages_select_by_dep=None, packages_skip_by_dep=None, packages_skip_up_to=None, packages_select_build_failed=False, packages_skip_build_finished=False, packages_select_test_failures=False, packages_skip_test_passed=False, packages_select=None, packages_skip=None, packages_select_regex=None, packages_skip_regex=None, packages_start=None, packages_end=None, cmake_args=None, cmake_target=None, cmake_target_skip_unavailable=False, cmake_clean_cache=False, cmake_clean_first=False, cmake_force_configure=False, ament_cmake_args=None, catkin_cmake_args=None, catkin_skip_building_tests=False, verb_parser=<colcon_defaults.argument_parser.defaults.DefaultArgumentsDecorator object at 0x70f0ac3f55a0>, verb_extension=<colcon_core.verb.build.BuildVerb object at 0x70f0ac366bc0>, main=<bound method BuildVerb.main of <colcon_core.verb.build.BuildVerb object at 0x70f0ac366bc0>>)
[0.087s] Level 1:colcon.colcon_core.package_discovery:discover_packages(colcon_meta) check parameters
[0.087s] Level 1:colcon.colcon_core.package_discovery:discover_packages(recursive) check parameters
[0.087s] Level 1:colcon.colcon_core.package_discovery:discover_packages(ignore) check parameters
[0.087s] Level 1:colcon.colcon_core.package_discovery:discover_packages(path) check parameters
[0.087s] Level 1:colcon.colcon_core.package_discovery:discover_packages(colcon_meta) discover
[0.087s] Level 1:colcon.colcon_core.package_discovery:discover_packages(recursive) discover
[0.087s] INFO:colcon.colcon_core.package_discovery:Crawling recursively for packages in '/home/hibiki/Robomech_HR/Eglantyne/simulation'
[0.087s] Level 1:colcon.colcon_core.package_identification:_identify(.) by extensions ['ignore', 'ignore_ament_install']
[0.087s] Level 1:colcon.colcon_core.package_identification:_identify(.) by extension 'ignore'
[0.087s] Level 1:colcon.colcon_core.package_identification:_identify(.) by extension 'ignore_ament_install'
[0.087s] Level 1:colcon.colcon_core.package_identification:_identify(.) by extensions ['colcon_pkg']
[0.087s] Level 1:colcon.colcon_core.package_identification:_identify(.) by extension 'colcon_pkg'
[0.088s] Level 1:colcon.colcon_core.package_identification:_identify(.) by extensions ['colcon_meta']
[0.088s] Level 1:colcon.colcon_core.package_identification:_identify(.) by extension 'colcon_meta'
[0.088s] Level 1:colcon.colcon_core.package_identification:_identify(.) by extensions ['ros']
[0.088s] Level 1:colcon.colcon_core.package_identification:_identify(.) by extension 'ros'
[0.101s] Level 1:colcon.colcon_core.package_identification:_identify(.) by extensions ['cmake', 'python']
[0.101s] Level 1:colcon.colcon_core.package_identification:_identify(.) by extension 'cmake'
[0.101s] Level 1:colcon.colcon_core.package_identification:_identify(.) by extension 'python'
[0.101s] Level 1:colcon.colcon_core.package_identification:_identify(.) by extensions ['python_setup_py']
[0.101s] Level 1:colcon.colcon_core.package_identification:_identify(.) by extension 'python_setup_py'
[0.101s] Level 1:colcon.colcon_core.package_identification:_identify(build) by extensions ['ignore', 'ignore_ament_install']
[0.101s] Level 1:colcon.colcon_core.package_identification:_identify(build) by extension 'ignore'
[0.101s] Level 1:colcon.colcon_core.package_identification:_identify(build) ignored
[0.101s] Level 1:colcon.colcon_core.package_identification:_identify(install) by extensions ['ignore', 'ignore_ament_install']
[0.101s] Level 1:colcon.colcon_core.package_identification:_identify(install) by extension 'ignore'
[0.101s] Level 1:colcon.colcon_core.package_identification:_identify(install) ignored
[0.101s] Level 1:colcon.colcon_core.package_identification:_identify(log) by extensions ['ignore', 'ignore_ament_install']
[0.101s] Level 1:colcon.colcon_core.package_identification:_identify(log) by extension 'ignore'
[0.101s] Level 1:colcon.colcon_core.package_identification:_identify(log) ignored
[0.101s] Level 1:colcon.colcon_core.package_identification:_identify(src) by extensions ['ignore', 'ignore_ament_install']
[0.101s] Level 1:colcon.colcon_core.package_identification:_identify(src) by extension 'ignore'
[0.101s] Level 1:colcon.colcon_core.package_identification:_identify(src) by extension 'ignore_ament_install'
[0.102s] Level 1:colcon.colcon_core.package_identification:_identify(src) by extensions ['colcon_pkg']
[0.102s] Level 1:colcon.colcon_core.package_identification:_identify(src) by extension 'colcon_pkg'
[0.102s] Level 1:colcon.colcon_core.package_identification:_identify(src) by extensions ['colcon_meta']
[0.102s] Level 1:colcon.colcon_core.package_identification:_identify(src) by extension 'colcon_meta'
[0.102s] Level 1:colcon.colcon_core.package_identification:_identify(src) by extensions ['ros']
[0.102s] Level 1:colcon.colcon_core.package_identification:_identify(src) by extension 'ros'
[0.102s] Level 1:colcon.colcon_core.package_identification:_identify(src) by extensions ['cmake', 'python']
[0.102s] Level 1:colcon.colcon_core.package_identification:_identify(src) by extension 'cmake'
[0.102s] Level 1:colcon.colcon_core.package_identification:_identify(src) by extension 'python'
[0.102s] Level 1:colcon.colcon_core.package_identification:_identify(src) by extensions ['python_setup_py']
[0.102s] Level 1:colcon.colcon_core.package_identification:_identify(src) by extension 'python_setup_py'
[0.102s] Level 1:colcon.colcon_core.package_identification:_identify(src/champ) by extensions ['ignore', 'ignore_ament_install']
[0.102s] Level 1:colcon.colcon_core.package_identification:_identify(src/champ) by extension 'ignore'
[0.102s] Level 1:colcon.colcon_core.package_identification:_identify(src/champ) by extension 'ignore_ament_install'
[0.102s] Level 1:colcon.colcon_core.package_identification:_identify(src/champ) by extensions ['colcon_pkg']
[0.102s] Level 1:colcon.colcon_core.package_identification:_identify(src/champ) by extension 'colcon_pkg'
[0.102s] Level 1:colcon.colcon_core.package_identification:_identify(src/champ) by extensions ['colcon_meta']
[0.102s] Level 1:colcon.colcon_core.package_identification:_identify(src/champ) by extension 'colcon_meta'
[0.102s] Level 1:colcon.colcon_core.package_identification:_identify(src/champ) by extensions ['ros']
[0.102s] Level 1:colcon.colcon_core.package_identification:_identify(src/champ) by extension 'ros'
[0.102s] Level 1:colcon.colcon_core.package_identification:_identify(src/champ) by extensions ['cmake', 'python']
[0.102s] Level 1:colcon.colcon_core.package_identification:_identify(src/champ) by extension 'cmake'
[0.102s] Level 1:colcon.colcon_core.package_identification:_identify(src/champ) by extension 'python'
[0.102s] Level 1:colcon.colcon_core.package_identification:_identify(src/champ) by extensions ['python_setup_py']
[0.102s] Level 1:colcon.colcon_core.package_identification:_identify(src/champ) by extension 'python_setup_py'
[0.102s] Level 1:colcon.colcon_core.package_identification:_identify(src/champ/champ) by extensions ['ignore', 'ignore_ament_install']
[0.102s] Level 1:colcon.colcon_core.package_identification:_identify(src/champ/champ) by extension 'ignore'
[0.102s] Level 1:colcon.colcon_core.package_identification:_identify(src/champ/champ) by extension 'ignore_ament_install'
[0.102s] Level 1:colcon.colcon_core.package_identification:_identify(src/champ/champ) by extensions ['colcon_pkg']
[0.102s] Level 1:colcon.colcon_core.package_identification:_identify(src/champ/champ) by extension 'colcon_pkg'
[0.102s] Level 1:colcon.colcon_core.package_identification:_identify(src/champ/champ) by extensions ['colcon_meta']
[0.102s] Level 1:colcon.colcon_core.package_identification:_identify(src/champ/champ) by extension 'colcon_meta'
[0.102s] Level 1:colcon.colcon_core.package_identification:_identify(src/champ/champ) by extensions ['ros']
[0.102s] Level 1:colcon.colcon_core.package_identification:_identify(src/champ/champ) by extension 'ros'
[0.103s] DEBUG:colcon.colcon_core.package_identification:Package 'src/champ/champ' with type 'ros.ament_cmake' and name 'champ'
[0.103s] Level 1:colcon.colcon_core.package_identification:_identify(src/champ/champ_base) by extensions ['ignore', 'ignore_ament_install']
[0.103s] Level 1:colcon.colcon_core.package_identification:_identify(src/champ/champ_base) by extension 'ignore'
[0.103s] Level 1:colcon.colcon_core.package_identification:_identify(src/champ/champ_base) by extension 'ignore_ament_install'
[0.104s] Level 1:colcon.colcon_core.package_identification:_identify(src/champ/champ_base) by extensions ['colcon_pkg']
[0.104s] Level 1:colcon.colcon_core.package_identification:_identify(src/champ/champ_base) by extension 'colcon_pkg'
[0.104s] Level 1:colcon.colcon_core.package_identification:_identify(src/champ/champ_base) by extensions ['colcon_meta']
[0.104s] Level 1:colcon.colcon_core.package_identification:_identify(src/champ/champ_base) by extension 'colcon_meta'
[0.104s] Level 1:colcon.colcon_core.package_identification:_identify(src/champ/champ_base) by extensions ['ros']
[0.104s] Level 1:colcon.colcon_core.package_identification:_identify(src/champ/champ_base) by extension 'ros'
[0.104s] DEBUG:colcon.colcon_core.package_identification:Package 'src/champ/champ_base' with type 'ros.ament_cmake' and name 'champ_base'
[0.104s] Level 1:colcon.colcon_core.package_identification:_identify(src/champ/champ_bringup) by extensions ['ignore', 'ignore_ament_install']
[0.104s] Level 1:colcon.colcon_core.package_identification:_identify(src/champ/champ_bringup) by extension 'ignore'
[0.104s] Level 1:colcon.colcon_core.package_identification:_identify(src/champ/champ_bringup) by extension 'ignore_ament_install'
[0.104s] Level 1:colcon.colcon_core.package_identification:_identify(src/champ/champ_bringup) by extensions ['colcon_pkg']
[0.104s] Level 1:colcon.colcon_core.package_identification:_identify(src/champ/champ_bringup) by extension 'colcon_pkg'
[0.104s] Level 1:colcon.colcon_core.package_identification:_identify(src/champ/champ_bringup) by extensions ['colcon_meta']
[0.104s] Level 1:colcon.colcon_core.package_identification:_identify(src/champ/champ_bringup) by extension 'colcon_meta'
[0.104s] Level 1:colcon.colcon_core.package_identification:_identify(src/champ/champ_bringup) by extensions ['ros']
[0.104s] Level 1:colcon.colcon_core.package_identification:_identify(src/champ/champ_bringup) by extension 'ros'
[0.105s] DEBUG:colcon.colcon_core.package_identification:Package 'src/champ/champ_bringup' with type 'ros.ament_cmake' and name 'champ_bringup'
[0.105s] Level 1:colcon.colcon_core.package_identification:_identify(src/champ/champ_config) by extensions ['ignore', 'ignore_ament_install']
[0.105s] Level 1:colcon.colcon_core.package_identification:_identify(src/champ/champ_config) by extension 'ignore'
[0.105s] Level 1:colcon.colcon_core.package_identification:_identify(src/champ/champ_config) by extension 'ignore_ament_install'
[0.105s] Level 1:colcon.colcon_core.package_identification:_identify(src/champ/champ_config) by extensions ['colcon_pkg']
[0.105s] Level 1:colcon.colcon_core.package_identification:_identify(src/champ/champ_config) by extension 'colcon_pkg'
[0.105s] Level 1:colcon.colcon_core.package_identification:_identify(src/champ/champ_config) by extensions ['colcon_meta']
[0.105s] Level 1:colcon.colcon_core.package_identification:_identify(src/champ/champ_config) by extension 'colcon_meta'
[0.105s] Level 1:colcon.colcon_core.package_identification:_identify(src/champ/champ_config) by extensions ['ros']
[0.105s] Level 1:colcon.colcon_core.package_identification:_identify(src/champ/champ_config) by extension 'ros'
[0.106s] DEBUG:colcon.colcon_core.package_identification:Package 'src/champ/champ_config' with type 'ros.ament_cmake' and name 'champ_config'
[0.106s] Level 1:colcon.colcon_core.package_identification:_identify(src/champ/champ_description) by extensions ['ignore', 'ignore_ament_install']
[0.106s] Level 1:colcon.colcon_core.package_identification:_identify(src/champ/champ_description) by extension 'ignore'
[0.106s] Level 1:colcon.colcon_core.package_identification:_identify(src/champ/champ_description) by extension 'ignore_ament_install'
[0.106s] Level 1:colcon.colcon_core.package_identification:_identify(src/champ/champ_description) by extensions ['colcon_pkg']
[0.106s] Level 1:colcon.colcon_core.package_identification:_identify(src/champ/champ_description) by extension 'colcon_pkg'
[0.106s] Level 1:colcon.colcon_core.package_identification:_identify(src/champ/champ_description) by extensions ['colcon_meta']
[0.106s] Level 1:colcon.colcon_core.package_identification:_identify(src/champ/champ_description) by extension 'colcon_meta'
[0.106s] Level 1:colcon.colcon_core.package_identification:_identify(src/champ/champ_description) by extensions ['ros']
[0.106s] Level 1:colcon.colcon_core.package_identification:_identify(src/champ/champ_description) by extension 'ros'
[0.106s] DEBUG:colcon.colcon_core.package_identification:Package 'src/champ/champ_description' with type 'ros.ament_cmake' and name 'champ_description'
[0.106s] Level 1:colcon.colcon_core.package_identification:_identify(src/champ/champ_gazebo) by extensions ['ignore', 'ignore_ament_install']
[0.106s] Level 1:colcon.colcon_core.package_identification:_identify(src/champ/champ_gazebo) by extension 'ignore'
[0.106s] Level 1:colcon.colcon_core.package_identification:_identify(src/champ/champ_gazebo) by extension 'ignore_ament_install'
[0.106s] Level 1:colcon.colcon_core.package_identification:_identify(src/champ/champ_gazebo) by extensions ['colcon_pkg']
[0.106s] Level 1:colcon.colcon_core.package_identification:_identify(src/champ/champ_gazebo) by extension 'colcon_pkg'
[0.106s] Level 1:colcon.colcon_core.package_identification:_identify(src/champ/champ_gazebo) by extensions ['colcon_meta']
[0.106s] Level 1:colcon.colcon_core.package_identification:_identify(src/champ/champ_gazebo) by extension 'colcon_meta'
[0.106s] Level 1:colcon.colcon_core.package_identification:_identify(src/champ/champ_gazebo) by extensions ['ros']
[0.106s] Level 1:colcon.colcon_core.package_identification:_identify(src/champ/champ_gazebo) by extension 'ros'
[0.107s] DEBUG:colcon.colcon_core.package_identification:Package 'src/champ/champ_gazebo' with type 'ros.ament_cmake' and name 'champ_gazebo'
[0.107s] Level 1:colcon.colcon_core.package_identification:_identify(src/champ/champ_msgs) by extensions ['ignore', 'ignore_ament_install']
[0.107s] Level 1:colcon.colcon_core.package_identification:_identify(src/champ/champ_msgs) by extension 'ignore'
[0.107s] Level 1:colcon.colcon_core.package_identification:_identify(src/champ/champ_msgs) by extension 'ignore_ament_install'
[0.107s] Level 1:colcon.colcon_core.package_identification:_identify(src/champ/champ_msgs) by extensions ['colcon_pkg']
[0.107s] Level 1:colcon.colcon_core.package_identification:_identify(src/champ/champ_msgs) by extension 'colcon_pkg'
[0.107s] Level 1:colcon.colcon_core.package_identification:_identify(src/champ/champ_msgs) by extensions ['colcon_meta']
[0.107s] Level 1:colcon.colcon_core.package_identification:_identify(src/champ/champ_msgs) by extension 'colcon_meta'
[0.107s] Level 1:colcon.colcon_core.package_identification:_identify(src/champ/champ_msgs) by extensions ['ros']
[0.107s] Level 1:colcon.colcon_core.package_identification:_identify(src/champ/champ_msgs) by extension 'ros'
[0.107s] DEBUG:colcon.colcon_core.package_identification:Package 'src/champ/champ_msgs' with type 'ros.ament_cmake' and name 'champ_msgs'
[0.107s] Level 1:colcon.colcon_core.package_identification:_identify(src/champ/champ_navigation) by extensions ['ignore', 'ignore_ament_install']
[0.107s] Level 1:colcon.colcon_core.package_identification:_identify(src/champ/champ_navigation) by extension 'ignore'
[0.107s] Level 1:colcon.colcon_core.package_identification:_identify(src/champ/champ_navigation) by extension 'ignore_ament_install'
[0.107s] Level 1:colcon.colcon_core.package_identification:_identify(src/champ/champ_navigation) by extensions ['colcon_pkg']
[0.107s] Level 1:colcon.colcon_core.package_identification:_identify(src/champ/champ_navigation) by extension 'colcon_pkg'
[0.107s] Level 1:colcon.colcon_core.package_identification:_identify(src/champ/champ_navigation) by extensions ['colcon_meta']
[0.107s] Level 1:colcon.colcon_core.package_identification:_identify(src/champ/champ_navigation) by extension 'colcon_meta'
[0.107s] Level 1:colcon.colcon_core.package_identification:_identify(src/champ/champ_navigation) by extensions ['ros']
[0.107s] Level 1:colcon.colcon_core.package_identification:_identify(src/champ/champ_navigation) by extension 'ros'
[0.108s] DEBUG:colcon.colcon_core.package_identification:Package 'src/champ/champ_navigation' with type 'ros.ament_cmake' and name 'champ_navigation'
[0.108s] Level 1:colcon.colcon_core.package_identification:_identify(src/champ/docs) by extensions ['ignore', 'ignore_ament_install']
[0.108s] Level 1:colcon.colcon_core.package_identification:_identify(src/champ/docs) by extension 'ignore'
[0.108s] Level 1:colcon.colcon_core.package_identification:_identify(src/champ/docs) by extension 'ignore_ament_install'
[0.108s] Level 1:colcon.colcon_core.package_identification:_identify(src/champ/docs) by extensions ['colcon_pkg']
[0.108s] Level 1:colcon.colcon_core.package_identification:_identify(src/champ/docs) by extension 'colcon_pkg'
[0.108s] Level 1:colcon.colcon_core.package_identification:_identify(src/champ/docs) by extensions ['colcon_meta']
[0.108s] Level 1:colcon.colcon_core.package_identification:_identify(src/champ/docs) by extension 'colcon_meta'
[0.108s] Level 1:colcon.colcon_core.package_identification:_identify(src/champ/docs) by extensions ['ros']
[0.108s] Level 1:colcon.colcon_core.package_identification:_identify(src/champ/docs) by extension 'ros'
[0.108s] Level 1:colcon.colcon_core.package_identification:_identify(src/champ/docs) by extensions ['cmake', 'python']
[0.108s] Level 1:colcon.colcon_core.package_identification:_identify(src/champ/docs) by extension 'cmake'
[0.108s] Level 1:colcon.colcon_core.package_identification:_identify(src/champ/docs) by extension 'python'
[0.108s] Level 1:colcon.colcon_core.package_identification:_identify(src/champ/docs) by extensions ['python_setup_py']
[0.108s] Level 1:colcon.colcon_core.package_identification:_identify(src/champ/docs) by extension 'python_setup_py'
[0.108s] Level 1:colcon.colcon_core.package_identification:_identify(src/champ/docs/images) by extensions ['ignore', 'ignore_ament_install']
[0.108s] Level 1:colcon.colcon_core.package_identification:_identify(src/champ/docs/images) by extension 'ignore'
[0.108s] Level 1:colcon.colcon_core.package_identification:_identify(src/champ/docs/images) by extension 'ignore_ament_install'
[0.108s] Level 1:colcon.colcon_core.package_identification:_identify(src/champ/docs/images) by extensions ['colcon_pkg']
[0.108s] Level 1:colcon.colcon_core.package_identification:_identify(src/champ/docs/images) by extension 'colcon_pkg'
[0.108s] Level 1:colcon.colcon_core.package_identification:_identify(src/champ/docs/images) by extensions ['colcon_meta']
[0.108s] Level 1:colcon.colcon_core.package_identification:_identify(src/champ/docs/images) by extension 'colcon_meta'
[0.108s] Level 1:colcon.colcon_core.package_identification:_identify(src/champ/docs/images) by extensions ['ros']
[0.108s] Level 1:colcon.colcon_core.package_identification:_identify(src/champ/docs/images) by extension 'ros'
[0.108s] Level 1:colcon.colcon_core.package_identification:_identify(src/champ/docs/images) by extensions ['cmake', 'python']
[0.108s] Level 1:colcon.colcon_core.package_identification:_identify(src/champ/docs/images) by extension 'cmake'
[0.108s] Level 1:colcon.colcon_core.package_identification:_identify(src/champ/docs/images) by extension 'python'
[0.108s] Level 1:colcon.colcon_core.package_identification:_identify(src/champ/docs/images) by extensions ['python_setup_py']
[0.108s] Level 1:colcon.colcon_core.package_identification:_identify(src/champ/docs/images) by extension 'python_setup_py'
[0.108s] Level 1:colcon.colcon_core.package_identification:_identify(src/champ_teleop) by extensions ['ignore', 'ignore_ament_install']
[0.108s] Level 1:colcon.colcon_core.package_identification:_identify(src/champ_teleop) by extension 'ignore'
[0.108s] Level 1:colcon.colcon_core.package_identification:_identify(src/champ_teleop) by extension 'ignore_ament_install'
[0.108s] Level 1:colcon.colcon_core.package_identification:_identify(src/champ_teleop) by extensions ['colcon_pkg']
[0.108s] Level 1:colcon.colcon_core.package_identification:_identify(src/champ_teleop) by extension 'colcon_pkg'
[0.108s] Level 1:colcon.colcon_core.package_identification:_identify(src/champ_teleop) by extensions ['colcon_meta']
[0.108s] Level 1:colcon.colcon_core.package_identification:_identify(src/champ_teleop) by extension 'colcon_meta'
[0.108s] Level 1:colcon.colcon_core.package_identification:_identify(src/champ_teleop) by extensions ['ros']
[0.108s] Level 1:colcon.colcon_core.package_identification:_identify(src/champ_teleop) by extension 'ros'
[0.109s] DEBUG:colcon.colcon_core.package_identification:Package 'src/champ_teleop' with type 'ros.ament_cmake' and name 'champ_teleop'
[0.109s] Level 1:colcon.colcon_core.package_identification:_identify(src/gazebo_ros2_control) by extensions ['ignore', 'ignore_ament_install']
[0.109s] Level 1:colcon.colcon_core.package_identification:_identify(src/gazebo_ros2_control) by extension 'ignore'
[0.109s] Level 1:colcon.colcon_core.package_identification:_identify(src/gazebo_ros2_control) by extension 'ignore_ament_install'
[0.109s] Level 1:colcon.colcon_core.package_identification:_identify(src/gazebo_ros2_control) by extensions ['colcon_pkg']
[0.109s] Level 1:colcon.colcon_core.package_identification:_identify(src/gazebo_ros2_control) by extension 'colcon_pkg'
[0.109s] Level 1:colcon.colcon_core.package_identification:_identify(src/gazebo_ros2_control) by extensions ['colcon_meta']
[0.109s] Level 1:colcon.colcon_core.package_identification:_identify(src/gazebo_ros2_control) by extension 'colcon_meta'
[0.109s] Level 1:colcon.colcon_core.package_identification:_identify(src/gazebo_ros2_control) by extensions ['ros']
[0.109s] Level 1:colcon.colcon_core.package_identification:_identify(src/gazebo_ros2_control) by extension 'ros'
[0.109s] Level 1:colcon.colcon_core.package_identification:_identify(src/gazebo_ros2_control) by extensions ['cmake', 'python']
[0.109s] Level 1:colcon.colcon_core.package_identification:_identify(src/gazebo_ros2_control) by extension 'cmake'
[0.109s] Level 1:colcon.colcon_core.package_identification:_identify(src/gazebo_ros2_control) by extension 'python'
[0.109s] Level 1:colcon.colcon_core.package_identification:_identify(src/gazebo_ros2_control) by extensions ['python_setup_py']
[0.109s] Level 1:colcon.colcon_core.package_identification:_identify(src/gazebo_ros2_control) by extension 'python_setup_py'
[0.109s] Level 1:colcon.colcon_core.package_identification:_identify(src/gazebo_ros2_control/gazebo_ros2_control_demos) by extensions ['ignore', 'ignore_ament_install']
[0.109s] Level 1:colcon.colcon_core.package_identification:_identify(src/gazebo_ros2_control/gazebo_ros2_control_demos) by extension 'ignore'
[0.109s] Level 1:colcon.colcon_core.package_identification:_identify(src/gazebo_ros2_control/gazebo_ros2_control_demos) by extension 'ignore_ament_install'
[0.109s] Level 1:colcon.colcon_core.package_identification:_identify(src/gazebo_ros2_control/gazebo_ros2_control_demos) by extensions ['colcon_pkg']
[0.109s] Level 1:colcon.colcon_core.package_identification:_identify(src/gazebo_ros2_control/gazebo_ros2_control_demos) by extension 'colcon_pkg'
[0.109s] Level 1:colcon.colcon_core.package_identification:_identify(src/gazebo_ros2_control/gazebo_ros2_control_demos) by extensions ['colcon_meta']
[0.109s] Level 1:colcon.colcon_core.package_identification:_identify(src/gazebo_ros2_control/gazebo_ros2_control_demos) by extension 'colcon_meta'
[0.109s] Level 1:colcon.colcon_core.package_identification:_identify(src/gazebo_ros2_control/gazebo_ros2_control_demos) by extensions ['ros']
[0.109s] Level 1:colcon.colcon_core.package_identification:_identify(src/gazebo_ros2_control/gazebo_ros2_control_demos) by extension 'ros'
[0.110s] DEBUG:colcon.colcon_core.package_identification:Package 'src/gazebo_ros2_control/gazebo_ros2_control_demos' with type 'ros.ament_cmake' and name 'gazebo_ros2_control_demos'
[0.110s] Level 1:colcon.colcon_core.package_identification:_identify(src/ros2_control_demos) by extensions ['ignore', 'ignore_ament_install']
[0.110s] Level 1:colcon.colcon_core.package_identification:_identify(src/ros2_control_demos) by extension 'ignore'
[0.110s] Level 1:colcon.colcon_core.package_identification:_identify(src/ros2_control_demos) by extension 'ignore_ament_install'
[0.110s] Level 1:colcon.colcon_core.package_identification:_identify(src/ros2_control_demos) by extensions ['colcon_pkg']
[0.110s] Level 1:colcon.colcon_core.package_identification:_identify(src/ros2_control_demos) by extension 'colcon_pkg'
[0.110s] Level 1:colcon.colcon_core.package_identification:_identify(src/ros2_control_demos) by extensions ['colcon_meta']
[0.110s] Level 1:colcon.colcon_core.package_identification:_identify(src/ros2_control_demos) by extension 'colcon_meta'
[0.110s] Level 1:colcon.colcon_core.package_identification:_identify(src/ros2_control_demos) by extensions ['ros']
[0.110s] Level 1:colcon.colcon_core.package_identification:_identify(src/ros2_control_demos) by extension 'ros'
[0.110s] Level 1:colcon.colcon_core.package_identification:_identify(src/ros2_control_demos) by extensions ['cmake', 'python']
[0.110s] Level 1:colcon.colcon_core.package_identification:_identify(src/ros2_control_demos) by extension 'cmake'
[0.110s] Level 1:colcon.colcon_core.package_identification:_identify(src/ros2_control_demos) by extension 'python'
[0.110s] Level 1:colcon.colcon_core.package_identification:_identify(src/ros2_control_demos) by extensions ['python_setup_py']
[0.110s] Level 1:colcon.colcon_core.package_identification:_identify(src/ros2_control_demos) by extension 'python_setup_py'
[0.110s] Level 1:colcon.colcon_core.package_identification:_identify(src/ros2_control_demos/Dockerfile) by extensions ['ignore', 'ignore_ament_install']
[0.110s] Level 1:colcon.colcon_core.package_identification:_identify(src/ros2_control_demos/Dockerfile) by extension 'ignore'
[0.110s] Level 1:colcon.colcon_core.package_identification:_identify(src/ros2_control_demos/Dockerfile) by extension 'ignore_ament_install'
[0.110s] Level 1:colcon.colcon_core.package_identification:_identify(src/ros2_control_demos/Dockerfile) by extensions ['colcon_pkg']
[0.110s] Level 1:colcon.colcon_core.package_identification:_identify(src/ros2_control_demos/Dockerfile) by extension 'colcon_pkg'
[0.110s] Level 1:colcon.colcon_core.package_identification:_identify(src/ros2_control_demos/Dockerfile) by extensions ['colcon_meta']
[0.110s] Level 1:colcon.colcon_core.package_identification:_identify(src/ros2_control_demos/Dockerfile) by extension 'colcon_meta'
[0.110s] Level 1:colcon.colcon_core.package_identification:_identify(src/ros2_control_demos/Dockerfile) by extensions ['ros']
[0.110s] Level 1:colcon.colcon_core.package_identification:_identify(src/ros2_control_demos/Dockerfile) by extension 'ros'
[0.110s] Level 1:colcon.colcon_core.package_identification:_identify(src/ros2_control_demos/Dockerfile) by extensions ['cmake', 'python']
[0.110s] Level 1:colcon.colcon_core.package_identification:_identify(src/ros2_control_demos/Dockerfile) by extension 'cmake'
[0.110s] Level 1:colcon.colcon_core.package_identification:_identify(src/ros2_control_demos/Dockerfile) by extension 'python'
[0.110s] Level 1:colcon.colcon_core.package_identification:_identify(src/ros2_control_demos/Dockerfile) by extensions ['python_setup_py']
[0.110s] Level 1:colcon.colcon_core.package_identification:_identify(src/ros2_control_demos/Dockerfile) by extension 'python_setup_py'
[0.110s] Level 1:colcon.colcon_core.package_identification:_identify(src/ros2_control_demos/doc) by extensions ['ignore', 'ignore_ament_install']
[0.110s] Level 1:colcon.colcon_core.package_identification:_identify(src/ros2_control_demos/doc) by extension 'ignore'
[0.110s] Level 1:colcon.colcon_core.package_identification:_identify(src/ros2_control_demos/doc) by extension 'ignore_ament_install'
[0.110s] Level 1:colcon.colcon_core.package_identification:_identify(src/ros2_control_demos/doc) by extensions ['colcon_pkg']
[0.110s] Level 1:colcon.colcon_core.package_identification:_identify(src/ros2_control_demos/doc) by extension 'colcon_pkg'
[0.110s] Level 1:colcon.colcon_core.package_identification:_identify(src/ros2_control_demos/doc) by extensions ['colcon_meta']
[0.110s] Level 1:colcon.colcon_core.package_identification:_identify(src/ros2_control_demos/doc) by extension 'colcon_meta'
[0.110s] Level 1:colcon.colcon_core.package_identification:_identify(src/ros2_control_demos/doc) by extensions ['ros']
[0.110s] Level 1:colcon.colcon_core.package_identification:_identify(src/ros2_control_demos/doc) by extension 'ros'
[0.110s] Level 1:colcon.colcon_core.package_identification:_identify(src/ros2_control_demos/doc) by extensions ['cmake', 'python']
[0.110s] Level 1:colcon.colcon_core.package_identification:_identify(src/ros2_control_demos/doc) by extension 'cmake'
[0.111s] Level 1:colcon.colcon_core.package_identification:_identify(src/ros2_control_demos/doc) by extension 'python'
[0.111s] Level 1:colcon.colcon_core.package_identification:_identify(src/ros2_control_demos/doc) by extensions ['python_setup_py']
[0.111s] Level 1:colcon.colcon_core.package_identification:_identify(src/ros2_control_demos/doc) by extension 'python_setup_py'
[0.111s] Level 1:colcon.colcon_core.package_identification:_identify(src/ros2_control_demos/example_1) by extensions ['ignore', 'ignore_ament_install']
[0.111s] Level 1:colcon.colcon_core.package_identification:_identify(src/ros2_control_demos/example_1) by extension 'ignore'
[0.111s] Level 1:colcon.colcon_core.package_identification:_identify(src/ros2_control_demos/example_1) by extension 'ignore_ament_install'
[0.111s] Level 1:colcon.colcon_core.package_identification:_identify(src/ros2_control_demos/example_1) by extensions ['colcon_pkg']
[0.111s] Level 1:colcon.colcon_core.package_identification:_identify(src/ros2_control_demos/example_1) by extension 'colcon_pkg'
[0.111s] Level 1:colcon.colcon_core.package_identification:_identify(src/ros2_control_demos/example_1) by extensions ['colcon_meta']
[0.111s] Level 1:colcon.colcon_core.package_identification:_identify(src/ros2_control_demos/example_1) by extension 'colcon_meta'
[0.111s] Level 1:colcon.colcon_core.package_identification:_identify(src/ros2_control_demos/example_1) by extensions ['ros']
[0.111s] Level 1:colcon.colcon_core.package_identification:_identify(src/ros2_control_demos/example_1) by extension 'ros'
[0.111s] DEBUG:colcon.colcon_core.package_identification:Package 'src/ros2_control_demos/example_1' with type 'ros.ament_cmake' and name 'ros2_control_demo_example_1'
[0.111s] Level 1:colcon.colcon_core.package_identification:_identify(src/ros2_control_demos/example_10) by extensions ['ignore', 'ignore_ament_install']
[0.111s] Level 1:colcon.colcon_core.package_identification:_identify(src/ros2_control_demos/example_10) by extension 'ignore'
[0.111s] Level 1:colcon.colcon_core.package_identification:_identify(src/ros2_control_demos/example_10) by extension 'ignore_ament_install'
[0.111s] Level 1:colcon.colcon_core.package_identification:_identify(src/ros2_control_demos/example_10) by extensions ['colcon_pkg']
[0.111s] Level 1:colcon.colcon_core.package_identification:_identify(src/ros2_control_demos/example_10) by extension 'colcon_pkg'
[0.111s] Level 1:colcon.colcon_core.package_identification:_identify(src/ros2_control_demos/example_10) by extensions ['colcon_meta']
[0.111s] Level 1:colcon.colcon_core.package_identification:_identify(src/ros2_control_demos/example_10) by extension 'colcon_meta'
[0.111s] Level 1:colcon.colcon_core.package_identification:_identify(src/ros2_control_demos/example_10) by extensions ['ros']
[0.111s] Level 1:colcon.colcon_core.package_identification:_identify(src/ros2_control_demos/example_10) by extension 'ros'
[0.112s] DEBUG:colcon.colcon_core.package_identification:Package 'src/ros2_control_demos/example_10' with type 'ros.ament_cmake' and name 'ros2_control_demo_example_10'
[0.112s] Level 1:colcon.colcon_core.package_identification:_identify(src/ros2_control_demos/example_11) by extensions ['ignore', 'ignore_ament_install']
[0.112s] Level 1:colcon.colcon_core.package_identification:_identify(src/ros2_control_demos/example_11) by extension 'ignore'
[0.112s] Level 1:colcon.colcon_core.package_identification:_identify(src/ros2_control_demos/example_11) by extension 'ignore_ament_install'
[0.112s] Level 1:colcon.colcon_core.package_identification:_identify(src/ros2_control_demos/example_11) by extensions ['colcon_pkg']
[0.112s] Level 1:colcon.colcon_core.package_identification:_identify(src/ros2_control_demos/example_11) by extension 'colcon_pkg'
[0.112s] Level 1:colcon.colcon_core.package_identification:_identify(src/ros2_control_demos/example_11) by extensions ['colcon_meta']
[0.112s] Level 1:colcon.colcon_core.package_identification:_identify(src/ros2_control_demos/example_11) by extension 'colcon_meta'
[0.112s] Level 1:colcon.colcon_core.package_identification:_identify(src/ros2_control_demos/example_11) by extensions ['ros']
[0.112s] Level 1:colcon.colcon_core.package_identification:_identify(src/ros2_control_demos/example_11) by extension 'ros'
[0.113s] DEBUG:colcon.colcon_core.package_identification:Package 'src/ros2_control_demos/example_11' with type 'ros.ament_cmake' and name 'ros2_control_demo_example_11'
[0.113s] Level 1:colcon.colcon_core.package_identification:_identify(src/ros2_control_demos/example_12) by extensions ['ignore', 'ignore_ament_install']
[0.113s] Level 1:colcon.colcon_core.package_identification:_identify(src/ros2_control_demos/example_12) by extension 'ignore'
[0.113s] Level 1:colcon.colcon_core.package_identification:_identify(src/ros2_control_demos/example_12) by extension 'ignore_ament_install'
[0.113s] Level 1:colcon.colcon_core.package_identification:_identify(src/ros2_control_demos/example_12) by extensions ['colcon_pkg']
[0.113s] Level 1:colcon.colcon_core.package_identification:_identify(src/ros2_control_demos/example_12) by extension 'colcon_pkg'
[0.113s] Level 1:colcon.colcon_core.package_identification:_identify(src/ros2_control_demos/example_12) by extensions ['colcon_meta']
[0.113s] Level 1:colcon.colcon_core.package_identification:_identify(src/ros2_control_demos/example_12) by extension 'colcon_meta'
[0.113s] Level 1:colcon.colcon_core.package_identification:_identify(src/ros2_control_demos/example_12) by extensions ['ros']
[0.113s] Level 1:colcon.colcon_core.package_identification:_identify(src/ros2_control_demos/example_12) by extension 'ros'
[0.113s] DEBUG:colcon.colcon_core.package_identification:Package 'src/ros2_control_demos/example_12' with type 'ros.ament_cmake' and name 'ros2_control_demo_example_12'
[0.114s] Level 1:colcon.colcon_core.package_identification:_identify(src/ros2_control_demos/example_14) by extensions ['ignore', 'ignore_ament_install']
[0.114s] Level 1:colcon.colcon_core.package_identification:_identify(src/ros2_control_demos/example_14) by extension 'ignore'
[0.114s] Level 1:colcon.colcon_core.package_identification:_identify(src/ros2_control_demos/example_14) by extension 'ignore_ament_install'
[0.114s] Level 1:colcon.colcon_core.package_identification:_identify(src/ros2_control_demos/example_14) by extensions ['colcon_pkg']
[0.114s] Level 1:colcon.colcon_core.package_identification:_identify(src/ros2_control_demos/example_14) by extension 'colcon_pkg'
[0.114s] Level 1:colcon.colcon_core.package_identification:_identify(src/ros2_control_demos/example_14) by extensions ['colcon_meta']
[0.114s] Level 1:colcon.colcon_core.package_identification:_identify(src/ros2_control_demos/example_14) by extension 'colcon_meta'
[0.114s] Level 1:colcon.colcon_core.package_identification:_identify(src/ros2_control_demos/example_14) by extensions ['ros']
[0.114s] Level 1:colcon.colcon_core.package_identification:_identify(src/ros2_control_demos/example_14) by extension 'ros'
[0.114s] DEBUG:colcon.colcon_core.package_identification:Package 'src/ros2_control_demos/example_14' with type 'ros.ament_cmake' and name 'ros2_control_demo_example_14'
[0.114s] Level 1:colcon.colcon_core.package_identification:_identify(src/ros2_control_demos/example_15) by extensions ['ignore', 'ignore_ament_install']
[0.114s] Level 1:colcon.colcon_core.package_identification:_identify(src/ros2_control_demos/example_15) by extension 'ignore'
[0.114s] Level 1:colcon.colcon_core.package_identification:_identify(src/ros2_control_demos/example_15) by extension 'ignore_ament_install'
[0.114s] Level 1:colcon.colcon_core.package_identification:_identify(src/ros2_control_demos/example_15) by extensions ['colcon_pkg']
[0.114s] Level 1:colcon.colcon_core.package_identification:_identify(src/ros2_control_demos/example_15) by extension 'colcon_pkg'
[0.114s] Level 1:colcon.colcon_core.package_identification:_identify(src/ros2_control_demos/example_15) by extensions ['colcon_meta']
[0.114s] Level 1:colcon.colcon_core.package_identification:_identify(src/ros2_control_demos/example_15) by extension 'colcon_meta'
[0.114s] Level 1:colcon.colcon_core.package_identification:_identify(src/ros2_control_demos/example_15) by extensions ['ros']
[0.114s] Level 1:colcon.colcon_core.package_identification:_identify(src/ros2_control_demos/example_15) by extension 'ros'
[0.115s] DEBUG:colcon.colcon_core.package_identification:Package 'src/ros2_control_demos/example_15' with type 'ros.ament_cmake' and name 'ros2_control_demo_example_15'
[0.115s] Level 1:colcon.colcon_core.package_identification:_identify(src/ros2_control_demos/example_2) by extensions ['ignore', 'ignore_ament_install']
[0.115s] Level 1:colcon.colcon_core.package_identification:_identify(src/ros2_control_demos/example_2) by extension 'ignore'
[0.115s] Level 1:colcon.colcon_core.package_identification:_identify(src/ros2_control_demos/example_2) by extension 'ignore_ament_install'
[0.115s] Level 1:colcon.colcon_core.package_identification:_identify(src/ros2_control_demos/example_2) by extensions ['colcon_pkg']
[0.115s] Level 1:colcon.colcon_core.package_identification:_identify(src/ros2_control_demos/example_2) by extension 'colcon_pkg'
[0.115s] Level 1:colcon.colcon_core.package_identification:_identify(src/ros2_control_demos/example_2) by extensions ['colcon_meta']
[0.115s] Level 1:colcon.colcon_core.package_identification:_identify(src/ros2_control_demos/example_2) by extension 'colcon_meta'
[0.115s] Level 1:colcon.colcon_core.package_identification:_identify(src/ros2_control_demos/example_2) by extensions ['ros']
[0.115s] Level 1:colcon.colcon_core.package_identification:_identify(src/ros2_control_demos/example_2) by extension 'ros'
[0.116s] DEBUG:colcon.colcon_core.package_identification:Package 'src/ros2_control_demos/example_2' with type 'ros.ament_cmake' and name 'ros2_control_demo_example_2'
[0.116s] Level 1:colcon.colcon_core.package_identification:_identify(src/ros2_control_demos/example_3) by extensions ['ignore', 'ignore_ament_install']
[0.116s] Level 1:colcon.colcon_core.package_identification:_identify(src/ros2_control_demos/example_3) by extension 'ignore'
[0.116s] Level 1:colcon.colcon_core.package_identification:_identify(src/ros2_control_demos/example_3) by extension 'ignore_ament_install'
[0.116s] Level 1:colcon.colcon_core.package_identification:_identify(src/ros2_control_demos/example_3) by extensions ['colcon_pkg']
[0.116s] Level 1:colcon.colcon_core.package_identification:_identify(src/ros2_control_demos/example_3) by extension 'colcon_pkg'
[0.116s] Level 1:colcon.colcon_core.package_identification:_identify(src/ros2_control_demos/example_3) by extensions ['colcon_meta']
[0.116s] Level 1:colcon.colcon_core.package_identification:_identify(src/ros2_control_demos/example_3) by extension 'colcon_meta'
[0.116s] Level 1:colcon.colcon_core.package_identification:_identify(src/ros2_control_demos/example_3) by extensions ['ros']
[0.116s] Level 1:colcon.colcon_core.package_identification:_identify(src/ros2_control_demos/example_3) by extension 'ros'
[0.116s] DEBUG:colcon.colcon_core.package_identification:Package 'src/ros2_control_demos/example_3' with type 'ros.ament_cmake' and name 'ros2_control_demo_example_3'
[0.116s] Level 1:colcon.colcon_core.package_identification:_identify(src/ros2_control_demos/example_4) by extensions ['ignore', 'ignore_ament_install']
[0.117s] Level 1:colcon.colcon_core.package_identification:_identify(src/ros2_control_demos/example_4) by extension 'ignore'
[0.117s] Level 1:colcon.colcon_core.package_identification:_identify(src/ros2_control_demos/example_4) by extension 'ignore_ament_install'
[0.117s] Level 1:colcon.colcon_core.package_identification:_identify(src/ros2_control_demos/example_4) by extensions ['colcon_pkg']
[0.117s] Level 1:colcon.colcon_core.package_identification:_identify(src/ros2_control_demos/example_4) by extension 'colcon_pkg'
[0.117s] Level 1:colcon.colcon_core.package_identification:_identify(src/ros2_control_demos/example_4) by extensions ['colcon_meta']
[0.117s] Level 1:colcon.colcon_core.package_identification:_identify(src/ros2_control_demos/example_4) by extension 'colcon_meta'
[0.117s] Level 1:colcon.colcon_core.package_identification:_identify(src/ros2_control_demos/example_4) by extensions ['ros']
[0.117s] Level 1:colcon.colcon_core.package_identification:_identify(src/ros2_control_demos/example_4) by extension 'ros'
[0.117s] DEBUG:colcon.colcon_core.package_identification:Package 'src/ros2_control_demos/example_4' with type 'ros.ament_cmake' and name 'ros2_control_demo_example_4'
[0.117s] Level 1:colcon.colcon_core.package_identification:_identify(src/ros2_control_demos/example_5) by extensions ['ignore', 'ignore_ament_install']
[0.117s] Level 1:colcon.colcon_core.package_identification:_identify(src/ros2_control_demos/example_5) by extension 'ignore'
[0.117s] Level 1:colcon.colcon_core.package_identification:_identify(src/ros2_control_demos/example_5) by extension 'ignore_ament_install'
[0.117s] Level 1:colcon.colcon_core.package_identification:_identify(src/ros2_control_demos/example_5) by extensions ['colcon_pkg']
[0.117s] Level 1:colcon.colcon_core.package_identification:_identify(src/ros2_control_demos/example_5) by extension 'colcon_pkg'
[0.117s] Level 1:colcon.colcon_core.package_identification:_identify(src/ros2_control_demos/example_5) by extensions ['colcon_meta']
[0.117s] Level 1:colcon.colcon_core.package_identification:_identify(src/ros2_control_demos/example_5) by extension 'colcon_meta'
[0.117s] Level 1:colcon.colcon_core.package_identification:_identify(src/ros2_control_demos/example_5) by extensions ['ros']
[0.117s] Level 1:colcon.colcon_core.package_identification:_identify(src/ros2_control_demos/example_5) by extension 'ros'
[0.118s] DEBUG:colcon.colcon_core.package_identification:Package 'src/ros2_control_demos/example_5' with type 'ros.ament_cmake' and name 'ros2_control_demo_example_5'
[0.118s] Level 1:colcon.colcon_core.package_identification:_identify(src/ros2_control_demos/example_6) by extensions ['ignore', 'ignore_ament_install']
[0.118s] Level 1:colcon.colcon_core.package_identification:_identify(src/ros2_control_demos/example_6) by extension 'ignore'
[0.118s] Level 1:colcon.colcon_core.package_identification:_identify(src/ros2_control_demos/example_6) by extension 'ignore_ament_install'
[0.118s] Level 1:colcon.colcon_core.package_identification:_identify(src/ros2_control_demos/example_6) by extensions ['colcon_pkg']
[0.118s] Level 1:colcon.colcon_core.package_identification:_identify(src/ros2_control_demos/example_6) by extension 'colcon_pkg'
[0.118s] Level 1:colcon.colcon_core.package_identification:_identify(src/ros2_control_demos/example_6) by extensions ['colcon_meta']
[0.118s] Level 1:colcon.colcon_core.package_identification:_identify(src/ros2_control_demos/example_6) by extension 'colcon_meta'
[0.118s] Level 1:colcon.colcon_core.package_identification:_identify(src/ros2_control_demos/example_6) by extensions ['ros']
[0.118s] Level 1:colcon.colcon_core.package_identification:_identify(src/ros2_control_demos/example_6) by extension 'ros'
[0.119s] DEBUG:colcon.colcon_core.package_identification:Package 'src/ros2_control_demos/example_6' with type 'ros.ament_cmake' and name 'ros2_control_demo_example_6'
[0.119s] Level 1:colcon.colcon_core.package_identification:_identify(src/ros2_control_demos/example_7) by extensions ['ignore', 'ignore_ament_install']
[0.119s] Level 1:colcon.colcon_core.package_identification:_identify(src/ros2_control_demos/example_7) by extension 'ignore'
[0.119s] Level 1:colcon.colcon_core.package_identification:_identify(src/ros2_control_demos/example_7) by extension 'ignore_ament_install'
[0.119s] Level 1:colcon.colcon_core.package_identification:_identify(src/ros2_control_demos/example_7) by extensions ['colcon_pkg']
[0.119s] Level 1:colcon.colcon_core.package_identification:_identify(src/ros2_control_demos/example_7) by extension 'colcon_pkg'
[0.119s] Level 1:colcon.colcon_core.package_identification:_identify(src/ros2_control_demos/example_7) by extensions ['colcon_meta']
[0.119s] Level 1:colcon.colcon_core.package_identification:_identify(src/ros2_control_demos/example_7) by extension 'colcon_meta'
[0.119s] Level 1:colcon.colcon_core.package_identification:_identify(src/ros2_control_demos/example_7) by extensions ['ros']
[0.119s] Level 1:colcon.colcon_core.package_identification:_identify(src/ros2_control_demos/example_7) by extension 'ros'
[0.120s] DEBUG:colcon.colcon_core.package_identification:Package 'src/ros2_control_demos/example_7' with type 'ros.ament_cmake' and name 'ros2_control_demo_example_7'
[0.120s] Level 1:colcon.colcon_core.package_identification:_identify(src/ros2_control_demos/example_8) by extensions ['ignore', 'ignore_ament_install']
[0.120s] Level 1:colcon.colcon_core.package_identification:_identify(src/ros2_control_demos/example_8) by extension 'ignore'
[0.120s] Level 1:colcon.colcon_core.package_identification:_identify(src/ros2_control_demos/example_8) by extension 'ignore_ament_install'
[0.120s] Level 1:colcon.colcon_core.package_identification:_identify(src/ros2_control_demos/example_8) by extensions ['colcon_pkg']
[0.120s] Level 1:colcon.colcon_core.package_identification:_identify(src/ros2_control_demos/example_8) by extension 'colcon_pkg'
[0.120s] Level 1:colcon.colcon_core.package_identification:_identify(src/ros2_control_demos/example_8) by extensions ['colcon_meta']
[0.120s] Level 1:colcon.colcon_core.package_identification:_identify(src/ros2_control_demos/example_8) by extension 'colcon_meta'
[0.120s] Level 1:colcon.colcon_core.package_identification:_identify(src/ros2_control_demos/example_8) by extensions ['ros']
[0.120s] Level 1:colcon.colcon_core.package_identification:_identify(src/ros2_control_demos/example_8) by extension 'ros'
[0.120s] DEBUG:colcon.colcon_core.package_identification:Package 'src/ros2_control_demos/example_8' with type 'ros.ament_cmake' and name 'ros2_control_demo_example_8'
[0.121s] Level 1:colcon.colcon_core.package_identification:_identify(src/ros2_control_demos/example_9) by extensions ['ignore', 'ignore_ament_install']
[0.121s] Level 1:colcon.colcon_core.package_identification:_identify(src/ros2_control_demos/example_9) by extension 'ignore'
[0.121s] Level 1:colcon.colcon_core.package_identification:_identify(src/ros2_control_demos/example_9) by extension 'ignore_ament_install'
[0.121s] Level 1:colcon.colcon_core.package_identification:_identify(src/ros2_control_demos/example_9) by extensions ['colcon_pkg']
[0.121s] Level 1:colcon.colcon_core.package_identification:_identify(src/ros2_control_demos/example_9) by extension 'colcon_pkg'
[0.121s] Level 1:colcon.colcon_core.package_identification:_identify(src/ros2_control_demos/example_9) by extensions ['colcon_meta']
[0.121s] Level 1:colcon.colcon_core.package_identification:_identify(src/ros2_control_demos/example_9) by extension 'colcon_meta'
[0.121s] Level 1:colcon.colcon_core.package_identification:_identify(src/ros2_control_demos/example_9) by extensions ['ros']
[0.121s] Level 1:colcon.colcon_core.package_identification:_identify(src/ros2_control_demos/example_9) by extension 'ros'
[0.121s] DEBUG:colcon.colcon_core.package_identification:Package 'src/ros2_control_demos/example_9' with type 'ros.ament_cmake' and name 'ros2_control_demo_example_9'
[0.121s] Level 1:colcon.colcon_core.package_identification:_identify(src/ros2_control_demos/ros2_control_demo_description) by extensions ['ignore', 'ignore_ament_install']
[0.121s] Level 1:colcon.colcon_core.package_identification:_identify(src/ros2_control_demos/ros2_control_demo_description) by extension 'ignore'
[0.121s] Level 1:colcon.colcon_core.package_identification:_identify(src/ros2_control_demos/ros2_control_demo_description) by extension 'ignore_ament_install'
[0.121s] Level 1:colcon.colcon_core.package_identification:_identify(src/ros2_control_demos/ros2_control_demo_description) by extensions ['colcon_pkg']
[0.121s] Level 1:colcon.colcon_core.package_identification:_identify(src/ros2_control_demos/ros2_control_demo_description) by extension 'colcon_pkg'
[0.121s] Level 1:colcon.colcon_core.package_identification:_identify(src/ros2_control_demos/ros2_control_demo_description) by extensions ['colcon_meta']
[0.121s] Level 1:colcon.colcon_core.package_identification:_identify(src/ros2_control_demos/ros2_control_demo_description) by extension 'colcon_meta'
[0.122s] Level 1:colcon.colcon_core.package_identification:_identify(src/ros2_control_demos/ros2_control_demo_description) by extensions ['ros']
[0.122s] Level 1:colcon.colcon_core.package_identification:_identify(src/ros2_control_demos/ros2_control_demo_description) by extension 'ros'
[0.122s] DEBUG:colcon.colcon_core.package_identification:Package 'src/ros2_control_demos/ros2_control_demo_description' with type 'ros.ament_cmake' and name 'ros2_control_demo_description'
[0.122s] Level 1:colcon.colcon_core.package_identification:_identify(src/ros2_control_demos/ros2_control_demo_testing) by extensions ['ignore', 'ignore_ament_install']
[0.122s] Level 1:colcon.colcon_core.package_identification:_identify(src/ros2_control_demos/ros2_control_demo_testing) by extension 'ignore'
[0.122s] Level 1:colcon.colcon_core.package_identification:_identify(src/ros2_control_demos/ros2_control_demo_testing) by extension 'ignore_ament_install'
[0.122s] Level 1:colcon.colcon_core.package_identification:_identify(src/ros2_control_demos/ros2_control_demo_testing) by extensions ['colcon_pkg']
[0.122s] Level 1:colcon.colcon_core.package_identification:_identify(src/ros2_control_demos/ros2_control_demo_testing) by extension 'colcon_pkg'
[0.122s] Level 1:colcon.colcon_core.package_identification:_identify(src/ros2_control_demos/ros2_control_demo_testing) by extensions ['colcon_meta']
[0.122s] Level 1:colcon.colcon_core.package_identification:_identify(src/ros2_control_demos/ros2_control_demo_testing) by extension 'colcon_meta'
[0.122s] Level 1:colcon.colcon_core.package_identification:_identify(src/ros2_control_demos/ros2_control_demo_testing) by extensions ['ros']
[0.122s] Level 1:colcon.colcon_core.package_identification:_identify(src/ros2_control_demos/ros2_control_demo_testing) by extension 'ros'
[0.122s] DEBUG:colcon.colcon_core.package_identification:Package 'src/ros2_control_demos/ros2_control_demo_testing' with type 'ros.ament_python' and name 'ros2_control_demo_testing'
[0.122s] Level 1:colcon.colcon_core.package_identification:_identify(src/ros2_control_demos/ros2_control_demos) by extensions ['ignore', 'ignore_ament_install']
[0.122s] Level 1:colcon.colcon_core.package_identification:_identify(src/ros2_control_demos/ros2_control_demos) by extension 'ignore'
[0.122s] Level 1:colcon.colcon_core.package_identification:_identify(src/ros2_control_demos/ros2_control_demos) by extension 'ignore_ament_install'
[0.122s] Level 1:colcon.colcon_core.package_identification:_identify(src/ros2_control_demos/ros2_control_demos) by extensions ['colcon_pkg']
[0.122s] Level 1:colcon.colcon_core.package_identification:_identify(src/ros2_control_demos/ros2_control_demos) by extension 'colcon_pkg'
[0.122s] Level 1:colcon.colcon_core.package_identification:_identify(src/ros2_control_demos/ros2_control_demos) by extensions ['colcon_meta']
[0.122s] Level 1:colcon.colcon_core.package_identification:_identify(src/ros2_control_demos/ros2_control_demos) by extension 'colcon_meta'
[0.122s] Level 1:colcon.colcon_core.package_identification:_identify(src/ros2_control_demos/ros2_control_demos) by extensions ['ros']
[0.122s] Level 1:colcon.colcon_core.package_identification:_identify(src/ros2_control_demos/ros2_control_demos) by extension 'ros'
[0.123s] DEBUG:colcon.colcon_core.package_identification:Package 'src/ros2_control_demos/ros2_control_demos' with type 'ros.ament_cmake' and name 'ros2_control_demos'
[0.123s] Level 1:colcon.colcon_core.package_identification:_identify(src/simple_sim) by extensions ['ignore', 'ignore_ament_install']
[0.123s] Level 1:colcon.colcon_core.package_identification:_identify(src/simple_sim) by extension 'ignore'
[0.123s] Level 1:colcon.colcon_core.package_identification:_identify(src/simple_sim) by extension 'ignore_ament_install'
[0.123s] Level 1:colcon.colcon_core.package_identification:_identify(src/simple_sim) by extensions ['colcon_pkg']
[0.123s] Level 1:colcon.colcon_core.package_identification:_identify(src/simple_sim) by extension 'colcon_pkg'
[0.123s] Level 1:colcon.colcon_core.package_identification:_identify(src/simple_sim) by extensions ['colcon_meta']
[0.123s] Level 1:colcon.colcon_core.package_identification:_identify(src/simple_sim) by extension 'colcon_meta'
[0.123s] Level 1:colcon.colcon_core.package_identification:_identify(src/simple_sim) by extensions ['ros']
[0.123s] Level 1:colcon.colcon_core.package_identification:_identify(src/simple_sim) by extension 'ros'
[0.124s] DEBUG:colcon.colcon_core.package_identification:Package 'src/simple_sim' with type 'ros.ament_cmake' and name 'simple_sim'
[0.124s] Level 1:colcon.colcon_core.package_discovery:discover_packages(recursive) using defaults
[0.124s] Level 1:colcon.colcon_core.package_discovery:discover_packages(ignore) discover
[0.124s] Level 1:colcon.colcon_core.package_discovery:discover_packages(ignore) using defaults
[0.124s] Level 1:colcon.colcon_core.package_discovery:discover_packages(path) discover
[0.124s] Level 1:colcon.colcon_core.package_discovery:discover_packages(path) using defaults
[0.139s] Level 5:colcon.colcon_core.verb:set package 'champ' build argument 'cmake_args' from command line to 'None'
[0.139s] Level 5:colcon.colcon_core.verb:set package 'champ' build argument 'cmake_target' from command line to 'None'
[0.139s] Level 5:colcon.colcon_core.verb:set package 'champ' build argument 'cmake_target_skip_unavailable' from command line to 'False'
[0.139s] Level 5:colcon.colcon_core.verb:set package 'champ' build argument 'cmake_clean_cache' from command line to 'False'
[0.139s] Level 5:colcon.colcon_core.verb:set package 'champ' build argument 'cmake_clean_first' from command line to 'False'
[0.139s] Level 5:colcon.colcon_core.verb:set package 'champ' build argument 'cmake_force_configure' from command line to 'False'
[0.139s] Level 5:colcon.colcon_core.verb:set package 'champ' build argument 'ament_cmake_args' from command line to 'None'
[0.139s] Level 5:colcon.colcon_core.verb:set package 'champ' build argument 'catkin_cmake_args' from command line to 'None'
[0.139s] Level 5:colcon.colcon_core.verb:set package 'champ' build argument 'catkin_skip_building_tests' from command line to 'False'
[0.139s] DEBUG:colcon.colcon_core.verb:Building package 'champ' with the following arguments: {'ament_cmake_args': None, 'build_base': '/home/hibiki/Robomech_HR/Eglantyne/simulation/build/champ', 'catkin_cmake_args': None, 'catkin_skip_building_tests': False, 'cmake_args': None, 'cmake_clean_cache': False, 'cmake_clean_first': False, 'cmake_force_configure': False, 'cmake_target': None, 'cmake_target_skip_unavailable': False, 'install_base': '/home/hibiki/Robomech_HR/Eglantyne/simulation/install/champ', 'merge_install': False, 'path': '/home/hibiki/Robomech_HR/Eglantyne/simulation/src/champ/champ', 'symlink_install': False, 'test_result_base': None}
[0.139s] Level 5:colcon.colcon_core.verb:set package 'champ_config' build argument 'cmake_args' from command line to 'None'
[0.139s] Level 5:colcon.colcon_core.verb:set package 'champ_config' build argument 'cmake_target' from command line to 'None'
[0.139s] Level 5:colcon.colcon_core.verb:set package 'champ_config' build argument 'cmake_target_skip_unavailable' from command line to 'False'
[0.139s] Level 5:colcon.colcon_core.verb:set package 'champ_config' build argument 'cmake_clean_cache' from command line to 'False'
[0.139s] Level 5:colcon.colcon_core.verb:set package 'champ_config' build argument 'cmake_clean_first' from command line to 'False'
[0.139s] Level 5:colcon.colcon_core.verb:set package 'champ_config' build argument 'cmake_force_configure' from command line to 'False'
[0.139s] Level 5:colcon.colcon_core.verb:set package 'champ_config' build argument 'ament_cmake_args' from command line to 'None'
[0.139s] Level 5:colcon.colcon_core.verb:set package 'champ_config' build argument 'catkin_cmake_args' from command line to 'None'
[0.139s] Level 5:colcon.colcon_core.verb:set package 'champ_config' build argument 'catkin_skip_building_tests' from command line to 'False'
[0.139s] DEBUG:colcon.colcon_core.verb:Building package 'champ_config' with the following arguments: {'ament_cmake_args': None, 'build_base': '/home/hibiki/Robomech_HR/Eglantyne/simulation/build/champ_config', 'catkin_cmake_args': None, 'catkin_skip_building_tests': False, 'cmake_args': None, 'cmake_clean_cache': False, 'cmake_clean_first': False, 'cmake_force_configure': False, 'cmake_target': None, 'cmake_target_skip_unavailable': False, 'install_base': '/home/hibiki/Robomech_HR/Eglantyne/simulation/install/champ_config', 'merge_install': False, 'path': '/home/hibiki/Robomech_HR/Eglantyne/simulation/src/champ/champ_config', 'symlink_install': False, 'test_result_base': None}
[0.139s] Level 5:colcon.colcon_core.verb:set package 'champ_description' build argument 'cmake_args' from command line to 'None'
[0.139s] Level 5:colcon.colcon_core.verb:set package 'champ_description' build argument 'cmake_target' from command line to 'None'
[0.139s] Level 5:colcon.colcon_core.verb:set package 'champ_description' build argument 'cmake_target_skip_unavailable' from command line to 'False'
[0.139s] Level 5:colcon.colcon_core.verb:set package 'champ_description' build argument 'cmake_clean_cache' from command line to 'False'
[0.139s] Level 5:colcon.colcon_core.verb:set package 'champ_description' build argument 'cmake_clean_first' from command line to 'False'
[0.139s] Level 5:colcon.colcon_core.verb:set package 'champ_description' build argument 'cmake_force_configure' from command line to 'False'
[0.139s] Level 5:colcon.colcon_core.verb:set package 'champ_description' build argument 'ament_cmake_args' from command line to 'None'
[0.139s] Level 5:colcon.colcon_core.verb:set package 'champ_description' build argument 'catkin_cmake_args' from command line to 'None'
[0.139s] Level 5:colcon.colcon_core.verb:set package 'champ_description' build argument 'catkin_skip_building_tests' from command line to 'False'
[0.139s] DEBUG:colcon.colcon_core.verb:Building package 'champ_description' with the following arguments: {'ament_cmake_args': None, 'build_base': '/home/hibiki/Robomech_HR/Eglantyne/simulation/build/champ_description', 'catkin_cmake_args': None, 'catkin_skip_building_tests': False, 'cmake_args': None, 'cmake_clean_cache': False, 'cmake_clean_first': False, 'cmake_force_configure': False, 'cmake_target': None, 'cmake_target_skip_unavailable': False, 'install_base': '/home/hibiki/Robomech_HR/Eglantyne/simulation/install/champ_description', 'merge_install': False, 'path': '/home/hibiki/Robomech_HR/Eglantyne/simulation/src/champ/champ_description', 'symlink_install': False, 'test_result_base': None}
[0.140s] Level 5:colcon.colcon_core.verb:set package 'champ_msgs' build argument 'cmake_args' from command line to 'None'
[0.140s] Level 5:colcon.colcon_core.verb:set package 'champ_msgs' build argument 'cmake_target' from command line to 'None'
[0.140s] Level 5:colcon.colcon_core.verb:set package 'champ_msgs' build argument 'cmake_target_skip_unavailable' from command line to 'False'
[0.140s] Level 5:colcon.colcon_core.verb:set package 'champ_msgs' build argument 'cmake_clean_cache' from command line to 'False'
[0.140s] Level 5:colcon.colcon_core.verb:set package 'champ_msgs' build argument 'cmake_clean_first' from command line to 'False'
[0.140s] Level 5:colcon.colcon_core.verb:set package 'champ_msgs' build argument 'cmake_force_configure' from command line to 'False'
[0.140s] Level 5:colcon.colcon_core.verb:set package 'champ_msgs' build argument 'ament_cmake_args' from command line to 'None'
[0.140s] Level 5:colcon.colcon_core.verb:set package 'champ_msgs' build argument 'catkin_cmake_args' from command line to 'None'
[0.140s] Level 5:colcon.colcon_core.verb:set package 'champ_msgs' build argument 'catkin_skip_building_tests' from command line to 'False'
[0.140s] DEBUG:colcon.colcon_core.verb:Building package 'champ_msgs' with the following arguments: {'ament_cmake_args': None, 'build_base': '/home/hibiki/Robomech_HR/Eglantyne/simulation/build/champ_msgs', 'catkin_cmake_args': None, 'catkin_skip_building_tests': False, 'cmake_args': None, 'cmake_clean_cache': False, 'cmake_clean_first': False, 'cmake_force_configure': False, 'cmake_target': None, 'cmake_target_skip_unavailable': False, 'install_base': '/home/hibiki/Robomech_HR/Eglantyne/simulation/install/champ_msgs', 'merge_install': False, 'path': '/home/hibiki/Robomech_HR/Eglantyne/simulation/src/champ/champ_msgs', 'symlink_install': False, 'test_result_base': None}
[0.140s] Level 5:colcon.colcon_core.verb:set package 'champ_navigation' build argument 'cmake_args' from command line to 'None'
[0.140s] Level 5:colcon.colcon_core.verb:set package 'champ_navigation' build argument 'cmake_target' from command line to 'None'
[0.140s] Level 5:colcon.colcon_core.verb:set package 'champ_navigation' build argument 'cmake_target_skip_unavailable' from command line to 'False'
[0.140s] Level 5:colcon.colcon_core.verb:set package 'champ_navigation' build argument 'cmake_clean_cache' from command line to 'False'
[0.140s] Level 5:colcon.colcon_core.verb:set package 'champ_navigation' build argument 'cmake_clean_first' from command line to 'False'
[0.140s] Level 5:colcon.colcon_core.verb:set package 'champ_navigation' build argument 'cmake_force_configure' from command line to 'False'
[0.140s] Level 5:colcon.colcon_core.verb:set package 'champ_navigation' build argument 'ament_cmake_args' from command line to 'None'
[0.140s] Level 5:colcon.colcon_core.verb:set package 'champ_navigation' build argument 'catkin_cmake_args' from command line to 'None'
[0.140s] Level 5:colcon.colcon_core.verb:set package 'champ_navigation' build argument 'catkin_skip_building_tests' from command line to 'False'
[0.140s] DEBUG:colcon.colcon_core.verb:Building package 'champ_navigation' with the following arguments: {'ament_cmake_args': None, 'build_base': '/home/hibiki/Robomech_HR/Eglantyne/simulation/build/champ_navigation', 'catkin_cmake_args': None, 'catkin_skip_building_tests': False, 'cmake_args': None, 'cmake_clean_cache': False, 'cmake_clean_first': False, 'cmake_force_configure': False, 'cmake_target': None, 'cmake_target_skip_unavailable': False, 'install_base': '/home/hibiki/Robomech_HR/Eglantyne/simulation/install/champ_navigation', 'merge_install': False, 'path': '/home/hibiki/Robomech_HR/Eglantyne/simulation/src/champ/champ_navigation', 'symlink_install': False, 'test_result_base': None}
[0.140s] Level 5:colcon.colcon_core.verb:set package 'champ_teleop' build argument 'cmake_args' from command line to 'None'
[0.140s] Level 5:colcon.colcon_core.verb:set package 'champ_teleop' build argument 'cmake_target' from command line to 'None'
[0.140s] Level 5:colcon.colcon_core.verb:set package 'champ_teleop' build argument 'cmake_target_skip_unavailable' from command line to 'False'
[0.140s] Level 5:colcon.colcon_core.verb:set package 'champ_teleop' build argument 'cmake_clean_cache' from command line to 'False'
[0.140s] Level 5:colcon.colcon_core.verb:set package 'champ_teleop' build argument 'cmake_clean_first' from command line to 'False'
[0.140s] Level 5:colcon.colcon_core.verb:set package 'champ_teleop' build argument 'cmake_force_configure' from command line to 'False'
[0.140s] Level 5:colcon.colcon_core.verb:set package 'champ_teleop' build argument 'ament_cmake_args' from command line to 'None'
[0.140s] Level 5:colcon.colcon_core.verb:set package 'champ_teleop' build argument 'catkin_cmake_args' from command line to 'None'
[0.140s] Level 5:colcon.colcon_core.verb:set package 'champ_teleop' build argument 'catkin_skip_building_tests' from command line to 'False'
[0.140s] DEBUG:colcon.colcon_core.verb:Building package 'champ_teleop' with the following arguments: {'ament_cmake_args': None, 'build_base': '/home/hibiki/Robomech_HR/Eglantyne/simulation/build/champ_teleop', 'catkin_cmake_args': None, 'catkin_skip_building_tests': False, 'cmake_args': None, 'cmake_clean_cache': False, 'cmake_clean_first': False, 'cmake_force_configure': False, 'cmake_target': None, 'cmake_target_skip_unavailable': False, 'install_base': '/home/hibiki/Robomech_HR/Eglantyne/simulation/install/champ_teleop', 'merge_install': False, 'path': '/home/hibiki/Robomech_HR/Eglantyne/simulation/src/champ_teleop', 'symlink_install': False, 'test_result_base': None}
[0.140s] Level 5:colcon.colcon_core.verb:set package 'gazebo_ros2_control_demos' build argument 'cmake_args' from command line to 'None'
[0.140s] Level 5:colcon.colcon_core.verb:set package 'gazebo_ros2_control_demos' build argument 'cmake_target' from command line to 'None'
[0.140s] Level 5:colcon.colcon_core.verb:set package 'gazebo_ros2_control_demos' build argument 'cmake_target_skip_unavailable' from command line to 'False'
[0.140s] Level 5:colcon.colcon_core.verb:set package 'gazebo_ros2_control_demos' build argument 'cmake_clean_cache' from command line to 'False'
[0.140s] Level 5:colcon.colcon_core.verb:set package 'gazebo_ros2_control_demos' build argument 'cmake_clean_first' from command line to 'False'
[0.140s] Level 5:colcon.colcon_core.verb:set package 'gazebo_ros2_control_demos' build argument 'cmake_force_configure' from command line to 'False'
[0.140s] Level 5:colcon.colcon_core.verb:set package 'gazebo_ros2_control_demos' build argument 'ament_cmake_args' from command line to 'None'
[0.140s] Level 5:colcon.colcon_core.verb:set package 'gazebo_ros2_control_demos' build argument 'catkin_cmake_args' from command line to 'None'
[0.140s] Level 5:colcon.colcon_core.verb:set package 'gazebo_ros2_control_demos' build argument 'catkin_skip_building_tests' from command line to 'False'
[0.140s] DEBUG:colcon.colcon_core.verb:Building package 'gazebo_ros2_control_demos' with the following arguments: {'ament_cmake_args': None, 'build_base': '/home/hibiki/Robomech_HR/Eglantyne/simulation/build/gazebo_ros2_control_demos', 'catkin_cmake_args': None, 'catkin_skip_building_tests': False, 'cmake_args': None, 'cmake_clean_cache': False, 'cmake_clean_first': False, 'cmake_force_configure': False, 'cmake_target': None, 'cmake_target_skip_unavailable': False, 'install_base': '/home/hibiki/Robomech_HR/Eglantyne/simulation/install/gazebo_ros2_control_demos', 'merge_install': False, 'path': '/home/hibiki/Robomech_HR/Eglantyne/simulation/src/gazebo_ros2_control/gazebo_ros2_control_demos', 'symlink_install': False, 'test_result_base': None}
[0.141s] Level 5:colcon.colcon_core.verb:set package 'ros2_control_demo_description' build argument 'cmake_args' from command line to 'None'
[0.141s] Level 5:colcon.colcon_core.verb:set package 'ros2_control_demo_description' build argument 'cmake_target' from command line to 'None'
[0.141s] Level 5:colcon.colcon_core.verb:set package 'ros2_control_demo_description' build argument 'cmake_target_skip_unavailable' from command line to 'False'
[0.141s] Level 5:colcon.colcon_core.verb:set package 'ros2_control_demo_description' build argument 'cmake_clean_cache' from command line to 'False'
[0.141s] Level 5:colcon.colcon_core.verb:set package 'ros2_control_demo_description' build argument 'cmake_clean_first' from command line to 'False'
[0.141s] Level 5:colcon.colcon_core.verb:set package 'ros2_control_demo_description' build argument 'cmake_force_configure' from command line to 'False'
[0.141s] Level 5:colcon.colcon_core.verb:set package 'ros2_control_demo_description' build argument 'ament_cmake_args' from command line to 'None'
[0.141s] Level 5:colcon.colcon_core.verb:set package 'ros2_control_demo_description' build argument 'catkin_cmake_args' from command line to 'None'
[0.141s] Level 5:colcon.colcon_core.verb:set package 'ros2_control_demo_description' build argument 'catkin_skip_building_tests' from command line to 'False'
[0.141s] DEBUG:colcon.colcon_core.verb:Building package 'ros2_control_demo_description' with the following arguments: {'ament_cmake_args': None, 'build_base': '/home/hibiki/Robomech_HR/Eglantyne/simulation/build/ros2_control_demo_description', 'catkin_cmake_args': None, 'catkin_skip_building_tests': False, 'cmake_args': None, 'cmake_clean_cache': False, 'cmake_clean_first': False, 'cmake_force_configure': False, 'cmake_target': None, 'cmake_target_skip_unavailable': False, 'install_base': '/home/hibiki/Robomech_HR/Eglantyne/simulation/install/ros2_control_demo_description', 'merge_install': False, 'path': '/home/hibiki/Robomech_HR/Eglantyne/simulation/src/ros2_control_demos/ros2_control_demo_description', 'symlink_install': False, 'test_result_base': None}
[0.141s] Level 5:colcon.colcon_core.verb:set package 'ros2_control_demo_testing' build argument 'cmake_args' from command line to 'None'
[0.141s] Level 5:colcon.colcon_core.verb:set package 'ros2_control_demo_testing' build argument 'cmake_target' from command line to 'None'
[0.141s] Level 5:colcon.colcon_core.verb:set package 'ros2_control_demo_testing' build argument 'cmake_target_skip_unavailable' from command line to 'False'
[0.141s] Level 5:colcon.colcon_core.verb:set package 'ros2_control_demo_testing' build argument 'cmake_clean_cache' from command line to 'False'
[0.141s] Level 5:colcon.colcon_core.verb:set package 'ros2_control_demo_testing' build argument 'cmake_clean_first' from command line to 'False'
[0.141s] Level 5:colcon.colcon_core.verb:set package 'ros2_control_demo_testing' build argument 'cmake_force_configure' from command line to 'False'
[0.141s] Level 5:colcon.colcon_core.verb:set package 'ros2_control_demo_testing' build argument 'ament_cmake_args' from command line to 'None'
[0.141s] Level 5:colcon.colcon_core.verb:set package 'ros2_control_demo_testing' build argument 'catkin_cmake_args' from command line to 'None'
[0.141s] Level 5:colcon.colcon_core.verb:set package 'ros2_control_demo_testing' build argument 'catkin_skip_building_tests' from command line to 'False'
[0.141s] DEBUG:colcon.colcon_core.verb:Building package 'ros2_control_demo_testing' with the following arguments: {'ament_cmake_args': None, 'build_base': '/home/hibiki/Robomech_HR/Eglantyne/simulation/build/ros2_control_demo_testing', 'catkin_cmake_args': None, 'catkin_skip_building_tests': False, 'cmake_args': None, 'cmake_clean_cache': False, 'cmake_clean_first': False, 'cmake_force_configure': False, 'cmake_target': None, 'cmake_target_skip_unavailable': False, 'install_base': '/home/hibiki/Robomech_HR/Eglantyne/simulation/install/ros2_control_demo_testing', 'merge_install': False, 'path': '/home/hibiki/Robomech_HR/Eglantyne/simulation/src/ros2_control_demos/ros2_control_demo_testing', 'symlink_install': False, 'test_result_base': None}
[0.141s] Level 5:colcon.colcon_core.verb:set package 'simple_sim' build argument 'cmake_args' from command line to 'None'
[0.141s] Level 5:colcon.colcon_core.verb:set package 'simple_sim' build argument 'cmake_target' from command line to 'None'
[0.141s] Level 5:colcon.colcon_core.verb:set package 'simple_sim' build argument 'cmake_target_skip_unavailable' from command line to 'False'
[0.141s] Level 5:colcon.colcon_core.verb:set package 'simple_sim' build argument 'cmake_clean_cache' from command line to 'False'
[0.141s] Level 5:colcon.colcon_core.verb:set package 'simple_sim' build argument 'cmake_clean_first' from command line to 'False'
[0.141s] Level 5:colcon.colcon_core.verb:set package 'simple_sim' build argument 'cmake_force_configure' from command line to 'False'
[0.141s] Level 5:colcon.colcon_core.verb:set package 'simple_sim' build argument 'ament_cmake_args' from command line to 'None'
[0.141s] Level 5:colcon.colcon_core.verb:set package 'simple_sim' build argument 'catkin_cmake_args' from command line to 'None'
[0.141s] Level 5:colcon.colcon_core.verb:set package 'simple_sim' build argument 'catkin_skip_building_tests' from command line to 'False'
[0.141s] DEBUG:colcon.colcon_core.verb:Building package 'simple_sim' with the following arguments: {'ament_cmake_args': None, 'build_base': '/home/hibiki/Robomech_HR/Eglantyne/simulation/build/simple_sim', 'catkin_cmake_args': None, 'catkin_skip_building_tests': False, 'cmake_args': None, 'cmake_clean_cache': False, 'cmake_clean_first': False, 'cmake_force_configure': False, 'cmake_target': None, 'cmake_target_skip_unavailable': False, 'install_base': '/home/hibiki/Robomech_HR/Eglantyne/simulation/install/simple_sim', 'merge_install': False, 'path': '/home/hibiki/Robomech_HR/Eglantyne/simulation/src/simple_sim', 'symlink_install': False, 'test_result_base': None}
[0.141s] Level 5:colcon.colcon_core.verb:set package 'champ_base' build argument 'cmake_args' from command line to 'None'
[0.141s] Level 5:colcon.colcon_core.verb:set package 'champ_base' build argument 'cmake_target' from command line to 'None'
[0.141s] Level 5:colcon.colcon_core.verb:set package 'champ_base' build argument 'cmake_target_skip_unavailable' from command line to 'False'
[0.142s] Level 5:colcon.colcon_core.verb:set package 'champ_base' build argument 'cmake_clean_cache' from command line to 'False'
[0.142s] Level 5:colcon.colcon_core.verb:set package 'champ_base' build argument 'cmake_clean_first' from command line to 'False'
[0.142s] Level 5:colcon.colcon_core.verb:set package 'champ_base' build argument 'cmake_force_configure' from command line to 'False'
[0.142s] Level 5:colcon.colcon_core.verb:set package 'champ_base' build argument 'ament_cmake_args' from command line to 'None'
[0.142s] Level 5:colcon.colcon_core.verb:set package 'champ_base' build argument 'catkin_cmake_args' from command line to 'None'
[0.142s] Level 5:colcon.colcon_core.verb:set package 'champ_base' build argument 'catkin_skip_building_tests' from command line to 'False'
[0.142s] DEBUG:colcon.colcon_core.verb:Building package 'champ_base' with the following arguments: {'ament_cmake_args': None, 'build_base': '/home/hibiki/Robomech_HR/Eglantyne/simulation/build/champ_base', 'catkin_cmake_args': None, 'catkin_skip_building_tests': False, 'cmake_args': None, 'cmake_clean_cache': False, 'cmake_clean_first': False, 'cmake_force_configure': False, 'cmake_target': None, 'cmake_target_skip_unavailable': False, 'install_base': '/home/hibiki/Robomech_HR/Eglantyne/simulation/install/champ_base', 'merge_install': False, 'path': '/home/hibiki/Robomech_HR/Eglantyne/simulation/src/champ/champ_base', 'symlink_install': False, 'test_result_base': None}
[0.142s] Level 5:colcon.colcon_core.verb:set package 'champ_gazebo' build argument 'cmake_args' from command line to 'None'
[0.142s] Level 5:colcon.colcon_core.verb:set package 'champ_gazebo' build argument 'cmake_target' from command line to 'None'
[0.142s] Level 5:colcon.colcon_core.verb:set package 'champ_gazebo' build argument 'cmake_target_skip_unavailable' from command line to 'False'
[0.142s] Level 5:colcon.colcon_core.verb:set package 'champ_gazebo' build argument 'cmake_clean_cache' from command line to 'False'
[0.142s] Level 5:colcon.colcon_core.verb:set package 'champ_gazebo' build argument 'cmake_clean_first' from command line to 'False'
[0.142s] Level 5:colcon.colcon_core.verb:set package 'champ_gazebo' build argument 'cmake_force_configure' from command line to 'False'
[0.142s] Level 5:colcon.colcon_core.verb:set package 'champ_gazebo' build argument 'ament_cmake_args' from command line to 'None'
[0.142s] Level 5:colcon.colcon_core.verb:set package 'champ_gazebo' build argument 'catkin_cmake_args' from command line to 'None'
[0.142s] Level 5:colcon.colcon_core.verb:set package 'champ_gazebo' build argument 'catkin_skip_building_tests' from command line to 'False'
[0.142s] DEBUG:colcon.colcon_core.verb:Building package 'champ_gazebo' with the following arguments: {'ament_cmake_args': None, 'build_base': '/home/hibiki/Robomech_HR/Eglantyne/simulation/build/champ_gazebo', 'catkin_cmake_args': None, 'catkin_skip_building_tests': False, 'cmake_args': None, 'cmake_clean_cache': False, 'cmake_clean_first': False, 'cmake_force_configure': False, 'cmake_target': None, 'cmake_target_skip_unavailable': False, 'install_base': '/home/hibiki/Robomech_HR/Eglantyne/simulation/install/champ_gazebo', 'merge_install': False, 'path': '/home/hibiki/Robomech_HR/Eglantyne/simulation/src/champ/champ_gazebo', 'symlink_install': False, 'test_result_base': None}
[0.142s] Level 5:colcon.colcon_core.verb:set package 'ros2_control_demo_example_1' build argument 'cmake_args' from command line to 'None'
[0.142s] Level 5:colcon.colcon_core.verb:set package 'ros2_control_demo_example_1' build argument 'cmake_target' from command line to 'None'
[0.142s] Level 5:colcon.colcon_core.verb:set package 'ros2_control_demo_example_1' build argument 'cmake_target_skip_unavailable' from command line to 'False'
[0.142s] Level 5:colcon.colcon_core.verb:set package 'ros2_control_demo_example_1' build argument 'cmake_clean_cache' from command line to 'False'
[0.142s] Level 5:colcon.colcon_core.verb:set package 'ros2_control_demo_example_1' build argument 'cmake_clean_first' from command line to 'False'
[0.142s] Level 5:colcon.colcon_core.verb:set package 'ros2_control_demo_example_1' build argument 'cmake_force_configure' from command line to 'False'
[0.142s] Level 5:colcon.colcon_core.verb:set package 'ros2_control_demo_example_1' build argument 'ament_cmake_args' from command line to 'None'
[0.142s] Level 5:colcon.colcon_core.verb:set package 'ros2_control_demo_example_1' build argument 'catkin_cmake_args' from command line to 'None'
[0.142s] Level 5:colcon.colcon_core.verb:set package 'ros2_control_demo_example_1' build argument 'catkin_skip_building_tests' from command line to 'False'
[0.142s] DEBUG:colcon.colcon_core.verb:Building package 'ros2_control_demo_example_1' with the following arguments: {'ament_cmake_args': None, 'build_base': '/home/hibiki/Robomech_HR/Eglantyne/simulation/build/ros2_control_demo_example_1', 'catkin_cmake_args': None, 'catkin_skip_building_tests': False, 'cmake_args': None, 'cmake_clean_cache': False, 'cmake_clean_first': False, 'cmake_force_configure': False, 'cmake_target': None, 'cmake_target_skip_unavailable': False, 'install_base': '/home/hibiki/Robomech_HR/Eglantyne/simulation/install/ros2_control_demo_example_1', 'merge_install': False, 'path': '/home/hibiki/Robomech_HR/Eglantyne/simulation/src/ros2_control_demos/example_1', 'symlink_install': False, 'test_result_base': None}
[0.142s] Level 5:colcon.colcon_core.verb:set package 'ros2_control_demo_example_10' build argument 'cmake_args' from command line to 'None'
[0.142s] Level 5:colcon.colcon_core.verb:set package 'ros2_control_demo_example_10' build argument 'cmake_target' from command line to 'None'
[0.142s] Level 5:colcon.colcon_core.verb:set package 'ros2_control_demo_example_10' build argument 'cmake_target_skip_unavailable' from command line to 'False'
[0.142s] Level 5:colcon.colcon_core.verb:set package 'ros2_control_demo_example_10' build argument 'cmake_clean_cache' from command line to 'False'
[0.142s] Level 5:colcon.colcon_core.verb:set package 'ros2_control_demo_example_10' build argument 'cmake_clean_first' from command line to 'False'
[0.142s] Level 5:colcon.colcon_core.verb:set package 'ros2_control_demo_example_10' build argument 'cmake_force_configure' from command line to 'False'
[0.142s] Level 5:colcon.colcon_core.verb:set package 'ros2_control_demo_example_10' build argument 'ament_cmake_args' from command line to 'None'
[0.142s] Level 5:colcon.colcon_core.verb:set package 'ros2_control_demo_example_10' build argument 'catkin_cmake_args' from command line to 'None'
[0.142s] Level 5:colcon.colcon_core.verb:set package 'ros2_control_demo_example_10' build argument 'catkin_skip_building_tests' from command line to 'False'
[0.142s] DEBUG:colcon.colcon_core.verb:Building package 'ros2_control_demo_example_10' with the following arguments: {'ament_cmake_args': None, 'build_base': '/home/hibiki/Robomech_HR/Eglantyne/simulation/build/ros2_control_demo_example_10', 'catkin_cmake_args': None, 'catkin_skip_building_tests': False, 'cmake_args': None, 'cmake_clean_cache': False, 'cmake_clean_first': False, 'cmake_force_configure': False, 'cmake_target': None, 'cmake_target_skip_unavailable': False, 'install_base': '/home/hibiki/Robomech_HR/Eglantyne/simulation/install/ros2_control_demo_example_10', 'merge_install': False, 'path': '/home/hibiki/Robomech_HR/Eglantyne/simulation/src/ros2_control_demos/example_10', 'symlink_install': False, 'test_result_base': None}
[0.143s] Level 5:colcon.colcon_core.verb:set package 'ros2_control_demo_example_11' build argument 'cmake_args' from command line to 'None'
[0.143s] Level 5:colcon.colcon_core.verb:set package 'ros2_control_demo_example_11' build argument 'cmake_target' from command line to 'None'
[0.143s] Level 5:colcon.colcon_core.verb:set package 'ros2_control_demo_example_11' build argument 'cmake_target_skip_unavailable' from command line to 'False'
[0.143s] Level 5:colcon.colcon_core.verb:set package 'ros2_control_demo_example_11' build argument 'cmake_clean_cache' from command line to 'False'
[0.143s] Level 5:colcon.colcon_core.verb:set package 'ros2_control_demo_example_11' build argument 'cmake_clean_first' from command line to 'False'
[0.143s] Level 5:colcon.colcon_core.verb:set package 'ros2_control_demo_example_11' build argument 'cmake_force_configure' from command line to 'False'
[0.143s] Level 5:colcon.colcon_core.verb:set package 'ros2_control_demo_example_11' build argument 'ament_cmake_args' from command line to 'None'
[0.143s] Level 5:colcon.colcon_core.verb:set package 'ros2_control_demo_example_11' build argument 'catkin_cmake_args' from command line to 'None'
[0.143s] Level 5:colcon.colcon_core.verb:set package 'ros2_control_demo_example_11' build argument 'catkin_skip_building_tests' from command line to 'False'
[0.143s] DEBUG:colcon.colcon_core.verb:Building package 'ros2_control_demo_example_11' with the following arguments: {'ament_cmake_args': None, 'build_base': '/home/hibiki/Robomech_HR/Eglantyne/simulation/build/ros2_control_demo_example_11', 'catkin_cmake_args': None, 'catkin_skip_building_tests': False, 'cmake_args': None, 'cmake_clean_cache': False, 'cmake_clean_first': False, 'cmake_force_configure': False, 'cmake_target': None, 'cmake_target_skip_unavailable': False, 'install_base': '/home/hibiki/Robomech_HR/Eglantyne/simulation/install/ros2_control_demo_example_11', 'merge_install': False, 'path': '/home/hibiki/Robomech_HR/Eglantyne/simulation/src/ros2_control_demos/example_11', 'symlink_install': False, 'test_result_base': None}
[0.143s] Level 5:colcon.colcon_core.verb:set package 'ros2_control_demo_example_12' build argument 'cmake_args' from command line to 'None'
[0.143s] Level 5:colcon.colcon_core.verb:set package 'ros2_control_demo_example_12' build argument 'cmake_target' from command line to 'None'
[0.143s] Level 5:colcon.colcon_core.verb:set package 'ros2_control_demo_example_12' build argument 'cmake_target_skip_unavailable' from command line to 'False'
[0.143s] Level 5:colcon.colcon_core.verb:set package 'ros2_control_demo_example_12' build argument 'cmake_clean_cache' from command line to 'False'
[0.143s] Level 5:colcon.colcon_core.verb:set package 'ros2_control_demo_example_12' build argument 'cmake_clean_first' from command line to 'False'
[0.143s] Level 5:colcon.colcon_core.verb:set package 'ros2_control_demo_example_12' build argument 'cmake_force_configure' from command line to 'False'
[0.143s] Level 5:colcon.colcon_core.verb:set package 'ros2_control_demo_example_12' build argument 'ament_cmake_args' from command line to 'None'
[0.143s] Level 5:colcon.colcon_core.verb:set package 'ros2_control_demo_example_12' build argument 'catkin_cmake_args' from command line to 'None'
[0.143s] Level 5:colcon.colcon_core.verb:set package 'ros2_control_demo_example_12' build argument 'catkin_skip_building_tests' from command line to 'False'
[0.143s] DEBUG:colcon.colcon_core.verb:Building package 'ros2_control_demo_example_12' with the following arguments: {'ament_cmake_args': None, 'build_base': '/home/hibiki/Robomech_HR/Eglantyne/simulation/build/ros2_control_demo_example_12', 'catkin_cmake_args': None, 'catkin_skip_building_tests': False, 'cmake_args': None, 'cmake_clean_cache': False, 'cmake_clean_first': False, 'cmake_force_configure': False, 'cmake_target': None, 'cmake_target_skip_unavailable': False, 'install_base': '/home/hibiki/Robomech_HR/Eglantyne/simulation/install/ros2_control_demo_example_12', 'merge_install': False, 'path': '/home/hibiki/Robomech_HR/Eglantyne/simulation/src/ros2_control_demos/example_12', 'symlink_install': False, 'test_result_base': None}
[0.143s] Level 5:colcon.colcon_core.verb:set package 'ros2_control_demo_example_14' build argument 'cmake_args' from command line to 'None'
[0.143s] Level 5:colcon.colcon_core.verb:set package 'ros2_control_demo_example_14' build argument 'cmake_target' from command line to 'None'
[0.143s] Level 5:colcon.colcon_core.verb:set package 'ros2_control_demo_example_14' build argument 'cmake_target_skip_unavailable' from command line to 'False'
[0.143s] Level 5:colcon.colcon_core.verb:set package 'ros2_control_demo_example_14' build argument 'cmake_clean_cache' from command line to 'False'
[0.143s] Level 5:colcon.colcon_core.verb:set package 'ros2_control_demo_example_14' build argument 'cmake_clean_first' from command line to 'False'
[0.143s] Level 5:colcon.colcon_core.verb:set package 'ros2_control_demo_example_14' build argument 'cmake_force_configure' from command line to 'False'
[0.143s] Level 5:colcon.colcon_core.verb:set package 'ros2_control_demo_example_14' build argument 'ament_cmake_args' from command line to 'None'
[0.143s] Level 5:colcon.colcon_core.verb:set package 'ros2_control_demo_example_14' build argument 'catkin_cmake_args' from command line to 'None'
[0.143s] Level 5:colcon.colcon_core.verb:set package 'ros2_control_demo_example_14' build argument 'catkin_skip_building_tests' from command line to 'False'
[0.143s] DEBUG:colcon.colcon_core.verb:Building package 'ros2_control_demo_example_14' with the following arguments: {'ament_cmake_args': None, 'build_base': '/home/hibiki/Robomech_HR/Eglantyne/simulation/build/ros2_control_demo_example_14', 'catkin_cmake_args': None, 'catkin_skip_building_tests': False, 'cmake_args': None, 'cmake_clean_cache': False, 'cmake_clean_first': False, 'cmake_force_configure': False, 'cmake_target': None, 'cmake_target_skip_unavailable': False, 'install_base': '/home/hibiki/Robomech_HR/Eglantyne/simulation/install/ros2_control_demo_example_14', 'merge_install': False, 'path': '/home/hibiki/Robomech_HR/Eglantyne/simulation/src/ros2_control_demos/example_14', 'symlink_install': False, 'test_result_base': None}
[0.143s] Level 5:colcon.colcon_core.verb:set package 'ros2_control_demo_example_2' build argument 'cmake_args' from command line to 'None'
[0.143s] Level 5:colcon.colcon_core.verb:set package 'ros2_control_demo_example_2' build argument 'cmake_target' from command line to 'None'
[0.143s] Level 5:colcon.colcon_core.verb:set package 'ros2_control_demo_example_2' build argument 'cmake_target_skip_unavailable' from command line to 'False'
[0.143s] Level 5:colcon.colcon_core.verb:set package 'ros2_control_demo_example_2' build argument 'cmake_clean_cache' from command line to 'False'
[0.143s] Level 5:colcon.colcon_core.verb:set package 'ros2_control_demo_example_2' build argument 'cmake_clean_first' from command line to 'False'
[0.143s] Level 5:colcon.colcon_core.verb:set package 'ros2_control_demo_example_2' build argument 'cmake_force_configure' from command line to 'False'
[0.143s] Level 5:colcon.colcon_core.verb:set package 'ros2_control_demo_example_2' build argument 'ament_cmake_args' from command line to 'None'
[0.143s] Level 5:colcon.colcon_core.verb:set package 'ros2_control_demo_example_2' build argument 'catkin_cmake_args' from command line to 'None'
[0.143s] Level 5:colcon.colcon_core.verb:set package 'ros2_control_demo_example_2' build argument 'catkin_skip_building_tests' from command line to 'False'
[0.143s] DEBUG:colcon.colcon_core.verb:Building package 'ros2_control_demo_example_2' with the following arguments: {'ament_cmake_args': None, 'build_base': '/home/hibiki/Robomech_HR/Eglantyne/simulation/build/ros2_control_demo_example_2', 'catkin_cmake_args': None, 'catkin_skip_building_tests': False, 'cmake_args': None, 'cmake_clean_cache': False, 'cmake_clean_first': False, 'cmake_force_configure': False, 'cmake_target': None, 'cmake_target_skip_unavailable': False, 'install_base': '/home/hibiki/Robomech_HR/Eglantyne/simulation/install/ros2_control_demo_example_2', 'merge_install': False, 'path': '/home/hibiki/Robomech_HR/Eglantyne/simulation/src/ros2_control_demos/example_2', 'symlink_install': False, 'test_result_base': None}
[0.144s] Level 5:colcon.colcon_core.verb:set package 'ros2_control_demo_example_3' build argument 'cmake_args' from command line to 'None'
[0.144s] Level 5:colcon.colcon_core.verb:set package 'ros2_control_demo_example_3' build argument 'cmake_target' from command line to 'None'
[0.144s] Level 5:colcon.colcon_core.verb:set package 'ros2_control_demo_example_3' build argument 'cmake_target_skip_unavailable' from command line to 'False'
[0.144s] Level 5:colcon.colcon_core.verb:set package 'ros2_control_demo_example_3' build argument 'cmake_clean_cache' from command line to 'False'
[0.144s] Level 5:colcon.colcon_core.verb:set package 'ros2_control_demo_example_3' build argument 'cmake_clean_first' from command line to 'False'
[0.144s] Level 5:colcon.colcon_core.verb:set package 'ros2_control_demo_example_3' build argument 'cmake_force_configure' from command line to 'False'
[0.144s] Level 5:colcon.colcon_core.verb:set package 'ros2_control_demo_example_3' build argument 'ament_cmake_args' from command line to 'None'
[0.144s] Level 5:colcon.colcon_core.verb:set package 'ros2_control_demo_example_3' build argument 'catkin_cmake_args' from command line to 'None'
[0.144s] Level 5:colcon.colcon_core.verb:set package 'ros2_control_demo_example_3' build argument 'catkin_skip_building_tests' from command line to 'False'
[0.144s] DEBUG:colcon.colcon_core.verb:Building package 'ros2_control_demo_example_3' with the following arguments: {'ament_cmake_args': None, 'build_base': '/home/hibiki/Robomech_HR/Eglantyne/simulation/build/ros2_control_demo_example_3', 'catkin_cmake_args': None, 'catkin_skip_building_tests': False, 'cmake_args': None, 'cmake_clean_cache': False, 'cmake_clean_first': False, 'cmake_force_configure': False, 'cmake_target': None, 'cmake_target_skip_unavailable': False, 'install_base': '/home/hibiki/Robomech_HR/Eglantyne/simulation/install/ros2_control_demo_example_3', 'merge_install': False, 'path': '/home/hibiki/Robomech_HR/Eglantyne/simulation/src/ros2_control_demos/example_3', 'symlink_install': False, 'test_result_base': None}
[0.144s] Level 5:colcon.colcon_core.verb:set package 'ros2_control_demo_example_4' build argument 'cmake_args' from command line to 'None'
[0.144s] Level 5:colcon.colcon_core.verb:set package 'ros2_control_demo_example_4' build argument 'cmake_target' from command line to 'None'
[0.144s] Level 5:colcon.colcon_core.verb:set package 'ros2_control_demo_example_4' build argument 'cmake_target_skip_unavailable' from command line to 'False'
[0.144s] Level 5:colcon.colcon_core.verb:set package 'ros2_control_demo_example_4' build argument 'cmake_clean_cache' from command line to 'False'
[0.144s] Level 5:colcon.colcon_core.verb:set package 'ros2_control_demo_example_4' build argument 'cmake_clean_first' from command line to 'False'
[0.144s] Level 5:colcon.colcon_core.verb:set package 'ros2_control_demo_example_4' build argument 'cmake_force_configure' from command line to 'False'
[0.144s] Level 5:colcon.colcon_core.verb:set package 'ros2_control_demo_example_4' build argument 'ament_cmake_args' from command line to 'None'
[0.144s] Level 5:colcon.colcon_core.verb:set package 'ros2_control_demo_example_4' build argument 'catkin_cmake_args' from command line to 'None'
[0.144s] Level 5:colcon.colcon_core.verb:set package 'ros2_control_demo_example_4' build argument 'catkin_skip_building_tests' from command line to 'False'
[0.144s] DEBUG:colcon.colcon_core.verb:Building package 'ros2_control_demo_example_4' with the following arguments: {'ament_cmake_args': None, 'build_base': '/home/hibiki/Robomech_HR/Eglantyne/simulation/build/ros2_control_demo_example_4', 'catkin_cmake_args': None, 'catkin_skip_building_tests': False, 'cmake_args': None, 'cmake_clean_cache': False, 'cmake_clean_first': False, 'cmake_force_configure': False, 'cmake_target': None, 'cmake_target_skip_unavailable': False, 'install_base': '/home/hibiki/Robomech_HR/Eglantyne/simulation/install/ros2_control_demo_example_4', 'merge_install': False, 'path': '/home/hibiki/Robomech_HR/Eglantyne/simulation/src/ros2_control_demos/example_4', 'symlink_install': False, 'test_result_base': None}
[0.144s] Level 5:colcon.colcon_core.verb:set package 'ros2_control_demo_example_5' build argument 'cmake_args' from command line to 'None'
[0.144s] Level 5:colcon.colcon_core.verb:set package 'ros2_control_demo_example_5' build argument 'cmake_target' from command line to 'None'
[0.144s] Level 5:colcon.colcon_core.verb:set package 'ros2_control_demo_example_5' build argument 'cmake_target_skip_unavailable' from command line to 'False'
[0.144s] Level 5:colcon.colcon_core.verb:set package 'ros2_control_demo_example_5' build argument 'cmake_clean_cache' from command line to 'False'
[0.144s] Level 5:colcon.colcon_core.verb:set package 'ros2_control_demo_example_5' build argument 'cmake_clean_first' from command line to 'False'
[0.144s] Level 5:colcon.colcon_core.verb:set package 'ros2_control_demo_example_5' build argument 'cmake_force_configure' from command line to 'False'
[0.144s] Level 5:colcon.colcon_core.verb:set package 'ros2_control_demo_example_5' build argument 'ament_cmake_args' from command line to 'None'
[0.144s] Level 5:colcon.colcon_core.verb:set package 'ros2_control_demo_example_5' build argument 'catkin_cmake_args' from command line to 'None'
[0.144s] Level 5:colcon.colcon_core.verb:set package 'ros2_control_demo_example_5' build argument 'catkin_skip_building_tests' from command line to 'False'
[0.144s] DEBUG:colcon.colcon_core.verb:Building package 'ros2_control_demo_example_5' with the following arguments: {'ament_cmake_args': None, 'build_base': '/home/hibiki/Robomech_HR/Eglantyne/simulation/build/ros2_control_demo_example_5', 'catkin_cmake_args': None, 'catkin_skip_building_tests': False, 'cmake_args': None, 'cmake_clean_cache': False, 'cmake_clean_first': False, 'cmake_force_configure': False, 'cmake_target': None, 'cmake_target_skip_unavailable': False, 'install_base': '/home/hibiki/Robomech_HR/Eglantyne/simulation/install/ros2_control_demo_example_5', 'merge_install': False, 'path': '/home/hibiki/Robomech_HR/Eglantyne/simulation/src/ros2_control_demos/example_5', 'symlink_install': False, 'test_result_base': None}
[0.144s] Level 5:colcon.colcon_core.verb:set package 'ros2_control_demo_example_6' build argument 'cmake_args' from command line to 'None'
[0.144s] Level 5:colcon.colcon_core.verb:set package 'ros2_control_demo_example_6' build argument 'cmake_target' from command line to 'None'
[0.144s] Level 5:colcon.colcon_core.verb:set package 'ros2_control_demo_example_6' build argument 'cmake_target_skip_unavailable' from command line to 'False'
[0.144s] Level 5:colcon.colcon_core.verb:set package 'ros2_control_demo_example_6' build argument 'cmake_clean_cache' from command line to 'False'
[0.144s] Level 5:colcon.colcon_core.verb:set package 'ros2_control_demo_example_6' build argument 'cmake_clean_first' from command line to 'False'
[0.144s] Level 5:colcon.colcon_core.verb:set package 'ros2_control_demo_example_6' build argument 'cmake_force_configure' from command line to 'False'
[0.144s] Level 5:colcon.colcon_core.verb:set package 'ros2_control_demo_example_6' build argument 'ament_cmake_args' from command line to 'None'
[0.144s] Level 5:colcon.colcon_core.verb:set package 'ros2_control_demo_example_6' build argument 'catkin_cmake_args' from command line to 'None'
[0.144s] Level 5:colcon.colcon_core.verb:set package 'ros2_control_demo_example_6' build argument 'catkin_skip_building_tests' from command line to 'False'
[0.144s] DEBUG:colcon.colcon_core.verb:Building package 'ros2_control_demo_example_6' with the following arguments: {'ament_cmake_args': None, 'build_base': '/home/hibiki/Robomech_HR/Eglantyne/simulation/build/ros2_control_demo_example_6', 'catkin_cmake_args': None, 'catkin_skip_building_tests': False, 'cmake_args': None, 'cmake_clean_cache': False, 'cmake_clean_first': False, 'cmake_force_configure': False, 'cmake_target': None, 'cmake_target_skip_unavailable': False, 'install_base': '/home/hibiki/Robomech_HR/Eglantyne/simulation/install/ros2_control_demo_example_6', 'merge_install': False, 'path': '/home/hibiki/Robomech_HR/Eglantyne/simulation/src/ros2_control_demos/example_6', 'symlink_install': False, 'test_result_base': None}
[0.145s] Level 5:colcon.colcon_core.verb:set package 'ros2_control_demo_example_7' build argument 'cmake_args' from command line to 'None'
[0.145s] Level 5:colcon.colcon_core.verb:set package 'ros2_control_demo_example_7' build argument 'cmake_target' from command line to 'None'
[0.145s] Level 5:colcon.colcon_core.verb:set package 'ros2_control_demo_example_7' build argument 'cmake_target_skip_unavailable' from command line to 'False'
[0.145s] Level 5:colcon.colcon_core.verb:set package 'ros2_control_demo_example_7' build argument 'cmake_clean_cache' from command line to 'False'
[0.145s] Level 5:colcon.colcon_core.verb:set package 'ros2_control_demo_example_7' build argument 'cmake_clean_first' from command line to 'False'
[0.145s] Level 5:colcon.colcon_core.verb:set package 'ros2_control_demo_example_7' build argument 'cmake_force_configure' from command line to 'False'
[0.145s] Level 5:colcon.colcon_core.verb:set package 'ros2_control_demo_example_7' build argument 'ament_cmake_args' from command line to 'None'
[0.145s] Level 5:colcon.colcon_core.verb:set package 'ros2_control_demo_example_7' build argument 'catkin_cmake_args' from command line to 'None'
[0.145s] Level 5:colcon.colcon_core.verb:set package 'ros2_control_demo_example_7' build argument 'catkin_skip_building_tests' from command line to 'False'
[0.145s] DEBUG:colcon.colcon_core.verb:Building package 'ros2_control_demo_example_7' with the following arguments: {'ament_cmake_args': None, 'build_base': '/home/hibiki/Robomech_HR/Eglantyne/simulation/build/ros2_control_demo_example_7', 'catkin_cmake_args': None, 'catkin_skip_building_tests': False, 'cmake_args': None, 'cmake_clean_cache': False, 'cmake_clean_first': False, 'cmake_force_configure': False, 'cmake_target': None, 'cmake_target_skip_unavailable': False, 'install_base': '/home/hibiki/Robomech_HR/Eglantyne/simulation/install/ros2_control_demo_example_7', 'merge_install': False, 'path': '/home/hibiki/Robomech_HR/Eglantyne/simulation/src/ros2_control_demos/example_7', 'symlink_install': False, 'test_result_base': None}
[0.145s] Level 5:colcon.colcon_core.verb:set package 'ros2_control_demo_example_8' build argument 'cmake_args' from command line to 'None'
[0.145s] Level 5:colcon.colcon_core.verb:set package 'ros2_control_demo_example_8' build argument 'cmake_target' from command line to 'None'
[0.145s] Level 5:colcon.colcon_core.verb:set package 'ros2_control_demo_example_8' build argument 'cmake_target_skip_unavailable' from command line to 'False'
[0.145s] Level 5:colcon.colcon_core.verb:set package 'ros2_control_demo_example_8' build argument 'cmake_clean_cache' from command line to 'False'
[0.145s] Level 5:colcon.colcon_core.verb:set package 'ros2_control_demo_example_8' build argument 'cmake_clean_first' from command line to 'False'
[0.145s] Level 5:colcon.colcon_core.verb:set package 'ros2_control_demo_example_8' build argument 'cmake_force_configure' from command line to 'False'
[0.145s] Level 5:colcon.colcon_core.verb:set package 'ros2_control_demo_example_8' build argument 'ament_cmake_args' from command line to 'None'
[0.145s] Level 5:colcon.colcon_core.verb:set package 'ros2_control_demo_example_8' build argument 'catkin_cmake_args' from command line to 'None'
[0.145s] Level 5:colcon.colcon_core.verb:set package 'ros2_control_demo_example_8' build argument 'catkin_skip_building_tests' from command line to 'False'
[0.145s] DEBUG:colcon.colcon_core.verb:Building package 'ros2_control_demo_example_8' with the following arguments: {'ament_cmake_args': None, 'build_base': '/home/hibiki/Robomech_HR/Eglantyne/simulation/build/ros2_control_demo_example_8', 'catkin_cmake_args': None, 'catkin_skip_building_tests': False, 'cmake_args': None, 'cmake_clean_cache': False, 'cmake_clean_first': False, 'cmake_force_configure': False, 'cmake_target': None, 'cmake_target_skip_unavailable': False, 'install_base': '/home/hibiki/Robomech_HR/Eglantyne/simulation/install/ros2_control_demo_example_8', 'merge_install': False, 'path': '/home/hibiki/Robomech_HR/Eglantyne/simulation/src/ros2_control_demos/example_8', 'symlink_install': False, 'test_result_base': None}
[0.145s] Level 5:colcon.colcon_core.verb:set package 'ros2_control_demo_example_9' build argument 'cmake_args' from command line to 'None'
[0.145s] Level 5:colcon.colcon_core.verb:set package 'ros2_control_demo_example_9' build argument 'cmake_target' from command line to 'None'
[0.145s] Level 5:colcon.colcon_core.verb:set package 'ros2_control_demo_example_9' build argument 'cmake_target_skip_unavailable' from command line to 'False'
[0.145s] Level 5:colcon.colcon_core.verb:set package 'ros2_control_demo_example_9' build argument 'cmake_clean_cache' from command line to 'False'
[0.145s] Level 5:colcon.colcon_core.verb:set package 'ros2_control_demo_example_9' build argument 'cmake_clean_first' from command line to 'False'
[0.145s] Level 5:colcon.colcon_core.verb:set package 'ros2_control_demo_example_9' build argument 'cmake_force_configure' from command line to 'False'
[0.145s] Level 5:colcon.colcon_core.verb:set package 'ros2_control_demo_example_9' build argument 'ament_cmake_args' from command line to 'None'
[0.145s] Level 5:colcon.colcon_core.verb:set package 'ros2_control_demo_example_9' build argument 'catkin_cmake_args' from command line to 'None'
[0.145s] Level 5:colcon.colcon_core.verb:set package 'ros2_control_demo_example_9' build argument 'catkin_skip_building_tests' from command line to 'False'
[0.145s] DEBUG:colcon.colcon_core.verb:Building package 'ros2_control_demo_example_9' with the following arguments: {'ament_cmake_args': None, 'build_base': '/home/hibiki/Robomech_HR/Eglantyne/simulation/build/ros2_control_demo_example_9', 'catkin_cmake_args': None, 'catkin_skip_building_tests': False, 'cmake_args': None, 'cmake_clean_cache': False, 'cmake_clean_first': False, 'cmake_force_configure': False, 'cmake_target': None, 'cmake_target_skip_unavailable': False, 'install_base': '/home/hibiki/Robomech_HR/Eglantyne/simulation/install/ros2_control_demo_example_9', 'merge_install': False, 'path': '/home/hibiki/Robomech_HR/Eglantyne/simulation/src/ros2_control_demos/example_9', 'symlink_install': False, 'test_result_base': None}
[0.145s] Level 5:colcon.colcon_core.verb:set package 'champ_bringup' build argument 'cmake_args' from command line to 'None'
[0.145s] Level 5:colcon.colcon_core.verb:set package 'champ_bringup' build argument 'cmake_target' from command line to 'None'
[0.145s] Level 5:colcon.colcon_core.verb:set package 'champ_bringup' build argument 'cmake_target_skip_unavailable' from command line to 'False'
[0.145s] Level 5:colcon.colcon_core.verb:set package 'champ_bringup' build argument 'cmake_clean_cache' from command line to 'False'
[0.146s] Level 5:colcon.colcon_core.verb:set package 'champ_bringup' build argument 'cmake_clean_first' from command line to 'False'
[0.146s] Level 5:colcon.colcon_core.verb:set package 'champ_bringup' build argument 'cmake_force_configure' from command line to 'False'
[0.146s] Level 5:colcon.colcon_core.verb:set package 'champ_bringup' build argument 'ament_cmake_args' from command line to 'None'
[0.146s] Level 5:colcon.colcon_core.verb:set package 'champ_bringup' build argument 'catkin_cmake_args' from command line to 'None'
[0.146s] Level 5:colcon.colcon_core.verb:set package 'champ_bringup' build argument 'catkin_skip_building_tests' from command line to 'False'
[0.146s] DEBUG:colcon.colcon_core.verb:Building package 'champ_bringup' with the following arguments: {'ament_cmake_args': None, 'build_base': '/home/hibiki/Robomech_HR/Eglantyne/simulation/build/champ_bringup', 'catkin_cmake_args': None, 'catkin_skip_building_tests': False, 'cmake_args': None, 'cmake_clean_cache': False, 'cmake_clean_first': False, 'cmake_force_configure': False, 'cmake_target': None, 'cmake_target_skip_unavailable': False, 'install_base': '/home/hibiki/Robomech_HR/Eglantyne/simulation/install/champ_bringup', 'merge_install': False, 'path': '/home/hibiki/Robomech_HR/Eglantyne/simulation/src/champ/champ_bringup', 'symlink_install': False, 'test_result_base': None}
[0.146s] Level 5:colcon.colcon_core.verb:set package 'ros2_control_demo_example_15' build argument 'cmake_args' from command line to 'None'
[0.146s] Level 5:colcon.colcon_core.verb:set package 'ros2_control_demo_example_15' build argument 'cmake_target' from command line to 'None'
[0.146s] Level 5:colcon.colcon_core.verb:set package 'ros2_control_demo_example_15' build argument 'cmake_target_skip_unavailable' from command line to 'False'
[0.146s] Level 5:colcon.colcon_core.verb:set package 'ros2_control_demo_example_15' build argument 'cmake_clean_cache' from command line to 'False'
[0.146s] Level 5:colcon.colcon_core.verb:set package 'ros2_control_demo_example_15' build argument 'cmake_clean_first' from command line to 'False'
[0.146s] Level 5:colcon.colcon_core.verb:set package 'ros2_control_demo_example_15' build argument 'cmake_force_configure' from command line to 'False'
[0.146s] Level 5:colcon.colcon_core.verb:set package 'ros2_control_demo_example_15' build argument 'ament_cmake_args' from command line to 'None'
[0.146s] Level 5:colcon.colcon_core.verb:set package 'ros2_control_demo_example_15' build argument 'catkin_cmake_args' from command line to 'None'
[0.146s] Level 5:colcon.colcon_core.verb:set package 'ros2_control_demo_example_15' build argument 'catkin_skip_building_tests' from command line to 'False'
[0.146s] DEBUG:colcon.colcon_core.verb:Building package 'ros2_control_demo_example_15' with the following arguments: {'ament_cmake_args': None, 'build_base': '/home/hibiki/Robomech_HR/Eglantyne/simulation/build/ros2_control_demo_example_15', 'catkin_cmake_args': None, 'catkin_skip_building_tests': False, 'cmake_args': None, 'cmake_clean_cache': False, 'cmake_clean_first': False, 'cmake_force_configure': False, 'cmake_target': None, 'cmake_target_skip_unavailable': False, 'install_base': '/home/hibiki/Robomech_HR/Eglantyne/simulation/install/ros2_control_demo_example_15', 'merge_install': False, 'path': '/home/hibiki/Robomech_HR/Eglantyne/simulation/src/ros2_control_demos/example_15', 'symlink_install': False, 'test_result_base': None}
[0.146s] Level 5:colcon.colcon_core.verb:set package 'ros2_control_demos' build argument 'cmake_args' from command line to 'None'
[0.146s] Level 5:colcon.colcon_core.verb:set package 'ros2_control_demos' build argument 'cmake_target' from command line to 'None'
[0.146s] Level 5:colcon.colcon_core.verb:set package 'ros2_control_demos' build argument 'cmake_target_skip_unavailable' from command line to 'False'
[0.146s] Level 5:colcon.colcon_core.verb:set package 'ros2_control_demos' build argument 'cmake_clean_cache' from command line to 'False'
[0.146s] Level 5:colcon.colcon_core.verb:set package 'ros2_control_demos' build argument 'cmake_clean_first' from command line to 'False'
[0.146s] Level 5:colcon.colcon_core.verb:set package 'ros2_control_demos' build argument 'cmake_force_configure' from command line to 'False'
[0.146s] Level 5:colcon.colcon_core.verb:set package 'ros2_control_demos' build argument 'ament_cmake_args' from command line to 'None'
[0.146s] Level 5:colcon.colcon_core.verb:set package 'ros2_control_demos' build argument 'catkin_cmake_args' from command line to 'None'
[0.146s] Level 5:colcon.colcon_core.verb:set package 'ros2_control_demos' build argument 'catkin_skip_building_tests' from command line to 'False'
[0.146s] DEBUG:colcon.colcon_core.verb:Building package 'ros2_control_demos' with the following arguments: {'ament_cmake_args': None, 'build_base': '/home/hibiki/Robomech_HR/Eglantyne/simulation/build/ros2_control_demos', 'catkin_cmake_args': None, 'catkin_skip_building_tests': False, 'cmake_args': None, 'cmake_clean_cache': False, 'cmake_clean_first': False, 'cmake_force_configure': False, 'cmake_target': None, 'cmake_target_skip_unavailable': False, 'install_base': '/home/hibiki/Robomech_HR/Eglantyne/simulation/install/ros2_control_demos', 'merge_install': False, 'path': '/home/hibiki/Robomech_HR/Eglantyne/simulation/src/ros2_control_demos/ros2_control_demos', 'symlink_install': False, 'test_result_base': None}
[0.146s] INFO:colcon.colcon_core.executor:Executing jobs using 'parallel' executor
[0.147s] DEBUG:colcon.colcon_parallel_executor.executor.parallel:run_until_complete
[0.147s] INFO:colcon.colcon_ros.task.ament_cmake.build:Building ROS package in '/home/hibiki/Robomech_HR/Eglantyne/simulation/src/ros2_control_demos/ros2_control_demo_description' with build type 'ament_cmake'
[0.147s] INFO:colcon.colcon_cmake.task.cmake.build:Building CMake package in '/home/hibiki/Robomech_HR/Eglantyne/simulation/src/ros2_control_demos/ros2_control_demo_description'
[0.149s] INFO:colcon.colcon_core.plugin_system:Skipping extension 'colcon_core.shell.bat': Not used on non-Windows systems
[0.149s] INFO:colcon.colcon_core.shell:Skip shell extension 'powershell' for command environment: Not usable outside of PowerShell
[0.149s] DEBUG:colcon.colcon_core.shell:Skip shell extension 'dsv' for command environment
[0.153s] INFO:colcon.colcon_ros.task.ament_python.build:Building ROS package in '/home/hibiki/Robomech_HR/Eglantyne/simulation/src/ros2_control_demos/ros2_control_demo_testing' with build type 'ament_python'
[0.153s] Level 1:colcon.colcon_core.shell:create_environment_hook('ros2_control_demo_testing', 'ament_prefix_path')
[0.153s] INFO:colcon.colcon_core.shell:Creating environment hook '/home/hibiki/Robomech_HR/Eglantyne/simulation/install/ros2_control_demo_testing/share/ros2_control_demo_testing/hook/ament_prefix_path.ps1'
[0.153s] INFO:colcon.colcon_core.shell:Creating environment descriptor '/home/hibiki/Robomech_HR/Eglantyne/simulation/install/ros2_control_demo_testing/share/ros2_control_demo_testing/hook/ament_prefix_path.dsv'
[0.154s] INFO:colcon.colcon_core.shell:Creating environment hook '/home/hibiki/Robomech_HR/Eglantyne/simulation/install/ros2_control_demo_testing/share/ros2_control_demo_testing/hook/ament_prefix_path.sh'
[0.154s] INFO:colcon.colcon_core.shell:Skip shell extension 'powershell' for command environment: Not usable outside of PowerShell
[0.154s] DEBUG:colcon.colcon_core.shell:Skip shell extension 'dsv' for command environment
[0.157s] INFO:colcon.colcon_ros.task.ament_cmake.build:Building ROS package in '/home/hibiki/Robomech_HR/Eglantyne/simulation/src/champ/champ' with build type 'ament_cmake'
[0.157s] INFO:colcon.colcon_cmake.task.cmake.build:Building CMake package in '/home/hibiki/Robomech_HR/Eglantyne/simulation/src/champ/champ'
[0.157s] INFO:colcon.colcon_core.shell:Skip shell extension 'powershell' for command environment: Not usable outside of PowerShell
[0.157s] DEBUG:colcon.colcon_core.shell:Skip shell extension 'dsv' for command environment
[0.160s] INFO:colcon.colcon_ros.task.ament_cmake.build:Building ROS package in '/home/hibiki/Robomech_HR/Eglantyne/simulation/src/champ/champ_msgs' with build type 'ament_cmake'
[0.160s] INFO:colcon.colcon_cmake.task.cmake.build:Building CMake package in '/home/hibiki/Robomech_HR/Eglantyne/simulation/src/champ/champ_msgs'
[0.160s] INFO:colcon.colcon_core.shell:Skip shell extension 'powershell' for command environment: Not usable outside of PowerShell
[0.160s] DEBUG:colcon.colcon_core.shell:Skip shell extension 'dsv' for command environment
[0.163s] INFO:colcon.colcon_ros.task.ament_cmake.build:Building ROS package in '/home/hibiki/Robomech_HR/Eglantyne/simulation/src/champ/champ_description' with build type 'ament_cmake'
[0.163s] INFO:colcon.colcon_cmake.task.cmake.build:Building CMake package in '/home/hibiki/Robomech_HR/Eglantyne/simulation/src/champ/champ_description'
[0.163s] INFO:colcon.colcon_core.shell:Skip shell extension 'powershell' for command environment: Not usable outside of PowerShell
[0.163s] DEBUG:colcon.colcon_core.shell:Skip shell extension 'dsv' for command environment
[0.166s] INFO:colcon.colcon_ros.task.ament_cmake.build:Building ROS package in '/home/hibiki/Robomech_HR/Eglantyne/simulation/src/champ/champ_config' with build type 'ament_cmake'
[0.166s] INFO:colcon.colcon_cmake.task.cmake.build:Building CMake package in '/home/hibiki/Robomech_HR/Eglantyne/simulation/src/champ/champ_config'
[0.166s] INFO:colcon.colcon_core.shell:Skip shell extension 'powershell' for command environment: Not usable outside of PowerShell
[0.166s] DEBUG:colcon.colcon_core.shell:Skip shell extension 'dsv' for command environment
[0.169s] INFO:colcon.colcon_ros.task.ament_cmake.build:Building ROS package in '/home/hibiki/Robomech_HR/Eglantyne/simulation/src/champ/champ_navigation' with build type 'ament_cmake'
[0.169s] INFO:colcon.colcon_cmake.task.cmake.build:Building CMake package in '/home/hibiki/Robomech_HR/Eglantyne/simulation/src/champ/champ_navigation'
[0.169s] INFO:colcon.colcon_core.shell:Skip shell extension 'powershell' for command environment: Not usable outside of PowerShell
[0.169s] DEBUG:colcon.colcon_core.shell:Skip shell extension 'dsv' for command environment
[0.172s] INFO:colcon.colcon_ros.task.ament_cmake.build:Building ROS package in '/home/hibiki/Robomech_HR/Eglantyne/simulation/src/champ_teleop' with build type 'ament_cmake'
[0.172s] INFO:colcon.colcon_cmake.task.cmake.build:Building CMake package in '/home/hibiki/Robomech_HR/Eglantyne/simulation/src/champ_teleop'
[0.172s] INFO:colcon.colcon_core.shell:Skip shell extension 'powershell' for command environment: Not usable outside of PowerShell
[0.172s] DEBUG:colcon.colcon_core.shell:Skip shell extension 'dsv' for command environment
[0.175s] INFO:colcon.colcon_ros.task.ament_cmake.build:Building ROS package in '/home/hibiki/Robomech_HR/Eglantyne/simulation/src/gazebo_ros2_control/gazebo_ros2_control_demos' with build type 'ament_cmake'
[0.175s] INFO:colcon.colcon_cmake.task.cmake.build:Building CMake package in '/home/hibiki/Robomech_HR/Eglantyne/simulation/src/gazebo_ros2_control/gazebo_ros2_control_demos'
[0.175s] INFO:colcon.colcon_core.shell:Skip shell extension 'powershell' for command environment: Not usable outside of PowerShell
[0.175s] DEBUG:colcon.colcon_core.shell:Skip shell extension 'dsv' for command environment
[0.178s] INFO:colcon.colcon_ros.task.ament_cmake.build:Building ROS package in '/home/hibiki/Robomech_HR/Eglantyne/simulation/src/simple_sim' with build type 'ament_cmake'
[0.178s] INFO:colcon.colcon_cmake.task.cmake.build:Building CMake package in '/home/hibiki/Robomech_HR/Eglantyne/simulation/src/simple_sim'
[0.178s] INFO:colcon.colcon_core.shell:Skip shell extension 'powershell' for command environment: Not usable outside of PowerShell
[0.178s] DEBUG:colcon.colcon_core.shell:Skip shell extension 'dsv' for command environment
[0.186s] DEBUG:colcon.colcon_core.event_handler.log_command:Invoking command in '/home/hibiki/Robomech_HR/Eglantyne/simulation/build/ros2_control_demo_description': CMAKE_PREFIX_PATH=/home/hibiki/Robomech_HR/Eglantyne/simulation/install/simple_sim:/home/hibiki/Robomech_HR/Eglantyne/simulation/install/ros2_control_demos:/home/hibiki/Robomech_HR/Eglantyne/simulation/install/ros2_control_demo_example_9:/home/hibiki/Robomech_HR/Eglantyne/simulation/install/ros2_control_demo_example_8:/home/hibiki/Robomech_HR/Eglantyne/simulation/install/ros2_control_demo_example_7:/home/hibiki/Robomech_HR/Eglantyne/simulation/install/ros2_control_demo_example_6:/home/hibiki/Robomech_HR/Eglantyne/simulation/install/ros2_control_demo_example_15:/home/hibiki/Robomech_HR/Eglantyne/simulation/install/ros2_control_demo_example_5:/home/hibiki/Robomech_HR/Eglantyne/simulation/install/ros2_control_demo_example_4:/home/hibiki/Robomech_HR/Eglantyne/simulation/install/ros2_control_demo_example_3:/home/hibiki/Robomech_HR/Eglantyne/simulation/install/ros2_control_demo_example_2:/home/hibiki/Robomech_HR/Eglantyne/simulation/install/ros2_control_demo_example_14:/home/hibiki/Robomech_HR/Eglantyne/simulation/install/ros2_control_demo_example_12:/home/hibiki/Robomech_HR/Eglantyne/simulation/install/ros2_control_demo_example_11:/home/hibiki/Robomech_HR/Eglantyne/simulation/install/ros2_control_demo_example_10:/home/hibiki/Robomech_HR/Eglantyne/simulation/install/ros2_control_demo_example_1:/home/hibiki/Robomech_HR/Eglantyne/simulation/install/ros2_control_demo_description:/home/hibiki/Robomech_HR/Eglantyne/simulation/install/gazebo_ros2_control_demos:/home/hibiki/Robomech_HR/Eglantyne/simulation/install/champ_teleop:/home/hibiki/Robomech_HR/Eglantyne/simulation/install/champ_navigation:/home/hibiki/Robomech_HR/Eglantyne/simulation/install/champ_gazebo:/home/hibiki/Robomech_HR/Eglantyne/simulation/install/champ_bringup:/home/hibiki/Robomech_HR/Eglantyne/simulation/install/champ_base:/home/hibiki/Robomech_HR/Eglantyne/simulation/install/champ_msgs:/home/hibiki/Robomech_HR/Eglantyne/simulation/install/champ_description:/home/hibiki/Robomech_HR/Eglantyne/simulation/install/champ_config:/home/hibiki/Robomech_HR/Eglantyne/simulation/install/ros2_control_demo_testing:/opt/ros/humble:/home/hibiki/Robomech_HR/Eglantyne/simulation/install/champ:/home/hibiki/Robomech_HR/Eglantyne/microros/ros2_pub_test/install/vel_pub /usr/bin/cmake --build /home/hibiki/Robomech_HR/Eglantyne/simulation/build/ros2_control_demo_description -- -j16 -l16
[0.291s] INFO:colcon.colcon_core.task.python.build:Building Python package in '/home/hibiki/Robomech_HR/Eglantyne/simulation/src/ros2_control_demos/ros2_control_demo_testing'
[0.291s] INFO:colcon.colcon_core.shell:Skip shell extension 'powershell' for command environment: Not usable outside of PowerShell
[0.291s] DEBUG:colcon.colcon_core.shell:Skip shell extension 'dsv' for command environment
[0.297s] DEBUG:colcon.colcon_core.event_handler.log_command:Invoking command in '/home/hibiki/Robomech_HR/Eglantyne/simulation/build/champ': CMAKE_PREFIX_PATH=/home/hibiki/Robomech_HR/Eglantyne/simulation/install/simple_sim:/home/hibiki/Robomech_HR/Eglantyne/simulation/install/ros2_control_demos:/home/hibiki/Robomech_HR/Eglantyne/simulation/install/ros2_control_demo_example_9:/home/hibiki/Robomech_HR/Eglantyne/simulation/install/ros2_control_demo_example_8:/home/hibiki/Robomech_HR/Eglantyne/simulation/install/ros2_control_demo_example_7:/home/hibiki/Robomech_HR/Eglantyne/simulation/install/ros2_control_demo_example_6:/home/hibiki/Robomech_HR/Eglantyne/simulation/install/ros2_control_demo_example_15:/home/hibiki/Robomech_HR/Eglantyne/simulation/install/ros2_control_demo_example_5:/home/hibiki/Robomech_HR/Eglantyne/simulation/install/ros2_control_demo_example_4:/home/hibiki/Robomech_HR/Eglantyne/simulation/install/ros2_control_demo_example_3:/home/hibiki/Robomech_HR/Eglantyne/simulation/install/ros2_control_demo_example_2:/home/hibiki/Robomech_HR/Eglantyne/simulation/install/ros2_control_demo_example_14:/home/hibiki/Robomech_HR/Eglantyne/simulation/install/ros2_control_demo_example_12:/home/hibiki/Robomech_HR/Eglantyne/simulation/install/ros2_control_demo_example_11:/home/hibiki/Robomech_HR/Eglantyne/simulation/install/ros2_control_demo_example_10:/home/hibiki/Robomech_HR/Eglantyne/simulation/install/ros2_control_demo_example_1:/home/hibiki/Robomech_HR/Eglantyne/simulation/install/ros2_control_demo_description:/home/hibiki/Robomech_HR/Eglantyne/simulation/install/gazebo_ros2_control_demos:/home/hibiki/Robomech_HR/Eglantyne/simulation/install/champ_teleop:/home/hibiki/Robomech_HR/Eglantyne/simulation/install/champ_navigation:/home/hibiki/Robomech_HR/Eglantyne/simulation/install/champ_gazebo:/home/hibiki/Robomech_HR/Eglantyne/simulation/install/champ_bringup:/home/hibiki/Robomech_HR/Eglantyne/simulation/install/champ_base:/home/hibiki/Robomech_HR/Eglantyne/simulation/install/champ_msgs:/home/hibiki/Robomech_HR/Eglantyne/simulation/install/champ_description:/home/hibiki/Robomech_HR/Eglantyne/simulation/install/champ_config:/home/hibiki/Robomech_HR/Eglantyne/simulation/install/ros2_control_demo_testing:/opt/ros/humble:/home/hibiki/Robomech_HR/Eglantyne/simulation/install/champ:/home/hibiki/Robomech_HR/Eglantyne/microros/ros2_pub_test/install/vel_pub /usr/bin/cmake --build /home/hibiki/Robomech_HR/Eglantyne/simulation/build/champ -- -j16 -l16
[0.300s] DEBUG:colcon.colcon_core.event_handler.log_command:Invoking command in '/home/hibiki/Robomech_HR/Eglantyne/simulation/build/champ_msgs': CMAKE_PREFIX_PATH=/home/hibiki/Robomech_HR/Eglantyne/simulation/install/simple_sim:/home/hibiki/Robomech_HR/Eglantyne/simulation/install/ros2_control_demos:/home/hibiki/Robomech_HR/Eglantyne/simulation/install/ros2_control_demo_example_9:/home/hibiki/Robomech_HR/Eglantyne/simulation/install/ros2_control_demo_example_8:/home/hibiki/Robomech_HR/Eglantyne/simulation/install/ros2_control_demo_example_7:/home/hibiki/Robomech_HR/Eglantyne/simulation/install/ros2_control_demo_example_6:/home/hibiki/Robomech_HR/Eglantyne/simulation/install/ros2_control_demo_example_15:/home/hibiki/Robomech_HR/Eglantyne/simulation/install/ros2_control_demo_example_5:/home/hibiki/Robomech_HR/Eglantyne/simulation/install/ros2_control_demo_example_4:/home/hibiki/Robomech_HR/Eglantyne/simulation/install/ros2_control_demo_example_3:/home/hibiki/Robomech_HR/Eglantyne/simulation/install/ros2_control_demo_example_2:/home/hibiki/Robomech_HR/Eglantyne/simulation/install/ros2_control_demo_example_14:/home/hibiki/Robomech_HR/Eglantyne/simulation/install/ros2_control_demo_example_12:/home/hibiki/Robomech_HR/Eglantyne/simulation/install/ros2_control_demo_example_11:/home/hibiki/Robomech_HR/Eglantyne/simulation/install/ros2_control_demo_example_10:/home/hibiki/Robomech_HR/Eglantyne/simulation/install/ros2_control_demo_example_1:/home/hibiki/Robomech_HR/Eglantyne/simulation/install/ros2_control_demo_description:/home/hibiki/Robomech_HR/Eglantyne/simulation/install/gazebo_ros2_control_demos:/home/hibiki/Robomech_HR/Eglantyne/simulation/install/champ_teleop:/home/hibiki/Robomech_HR/Eglantyne/simulation/install/champ_navigation:/home/hibiki/Robomech_HR/Eglantyne/simulation/install/champ_gazebo:/home/hibiki/Robomech_HR/Eglantyne/simulation/install/champ_bringup:/home/hibiki/Robomech_HR/Eglantyne/simulation/install/champ_base:/home/hibiki/Robomech_HR/Eglantyne/simulation/install/champ_msgs:/home/hibiki/Robomech_HR/Eglantyne/simulation/install/champ_description:/home/hibiki/Robomech_HR/Eglantyne/simulation/install/champ_config:/home/hibiki/Robomech_HR/Eglantyne/simulation/install/ros2_control_demo_testing:/opt/ros/humble:/home/hibiki/Robomech_HR/Eglantyne/simulation/install/champ:/home/hibiki/Robomech_HR/Eglantyne/microros/ros2_pub_test/install/vel_pub /usr/bin/cmake --build /home/hibiki/Robomech_HR/Eglantyne/simulation/build/champ_msgs -- -j16 -l16
[0.301s] DEBUG:colcon.colcon_core.event_handler.log_command:Invoking command in '/home/hibiki/Robomech_HR/Eglantyne/simulation/build/champ_description': CMAKE_PREFIX_PATH=/home/hibiki/Robomech_HR/Eglantyne/simulation/install/simple_sim:/home/hibiki/Robomech_HR/Eglantyne/simulation/install/ros2_control_demos:/home/hibiki/Robomech_HR/Eglantyne/simulation/install/ros2_control_demo_example_9:/home/hibiki/Robomech_HR/Eglantyne/simulation/install/ros2_control_demo_example_8:/home/hibiki/Robomech_HR/Eglantyne/simulation/install/ros2_control_demo_example_7:/home/hibiki/Robomech_HR/Eglantyne/simulation/install/ros2_control_demo_example_6:/home/hibiki/Robomech_HR/Eglantyne/simulation/install/ros2_control_demo_example_15:/home/hibiki/Robomech_HR/Eglantyne/simulation/install/ros2_control_demo_example_5:/home/hibiki/Robomech_HR/Eglantyne/simulation/install/ros2_control_demo_example_4:/home/hibiki/Robomech_HR/Eglantyne/simulation/install/ros2_control_demo_example_3:/home/hibiki/Robomech_HR/Eglantyne/simulation/install/ros2_control_demo_example_2:/home/hibiki/Robomech_HR/Eglantyne/simulation/install/ros2_control_demo_example_14:/home/hibiki/Robomech_HR/Eglantyne/simulation/install/ros2_control_demo_example_12:/home/hibiki/Robomech_HR/Eglantyne/simulation/install/ros2_control_demo_example_11:/home/hibiki/Robomech_HR/Eglantyne/simulation/install/ros2_control_demo_example_10:/home/hibiki/Robomech_HR/Eglantyne/simulation/install/ros2_control_demo_example_1:/home/hibiki/Robomech_HR/Eglantyne/simulation/install/ros2_control_demo_description:/home/hibiki/Robomech_HR/Eglantyne/simulation/install/gazebo_ros2_control_demos:/home/hibiki/Robomech_HR/Eglantyne/simulation/install/champ_teleop:/home/hibiki/Robomech_HR/Eglantyne/simulation/install/champ_navigation:/home/hibiki/Robomech_HR/Eglantyne/simulation/install/champ_gazebo:/home/hibiki/Robomech_HR/Eglantyne/simulation/install/champ_bringup:/home/hibiki/Robomech_HR/Eglantyne/simulation/install/champ_base:/home/hibiki/Robomech_HR/Eglantyne/simulation/install/champ_msgs:/home/hibiki/Robomech_HR/Eglantyne/simulation/install/champ_description:/home/hibiki/Robomech_HR/Eglantyne/simulation/install/champ_config:/home/hibiki/Robomech_HR/Eglantyne/simulation/install/ros2_control_demo_testing:/opt/ros/humble:/home/hibiki/Robomech_HR/Eglantyne/simulation/install/champ:/home/hibiki/Robomech_HR/Eglantyne/microros/ros2_pub_test/install/vel_pub /usr/bin/cmake --build /home/hibiki/Robomech_HR/Eglantyne/simulation/build/champ_description -- -j16 -l16
[0.302s] DEBUG:colcon.colcon_core.event_handler.log_command:Invoking command in '/home/hibiki/Robomech_HR/Eglantyne/simulation/build/champ_config': CMAKE_PREFIX_PATH=/home/hibiki/Robomech_HR/Eglantyne/simulation/install/simple_sim:/home/hibiki/Robomech_HR/Eglantyne/simulation/install/ros2_control_demos:/home/hibiki/Robomech_HR/Eglantyne/simulation/install/ros2_control_demo_example_9:/home/hibiki/Robomech_HR/Eglantyne/simulation/install/ros2_control_demo_example_8:/home/hibiki/Robomech_HR/Eglantyne/simulation/install/ros2_control_demo_example_7:/home/hibiki/Robomech_HR/Eglantyne/simulation/install/ros2_control_demo_example_6:/home/hibiki/Robomech_HR/Eglantyne/simulation/install/ros2_control_demo_example_15:/home/hibiki/Robomech_HR/Eglantyne/simulation/install/ros2_control_demo_example_5:/home/hibiki/Robomech_HR/Eglantyne/simulation/install/ros2_control_demo_example_4:/home/hibiki/Robomech_HR/Eglantyne/simulation/install/ros2_control_demo_example_3:/home/hibiki/Robomech_HR/Eglantyne/simulation/install/ros2_control_demo_example_2:/home/hibiki/Robomech_HR/Eglantyne/simulation/install/ros2_control_demo_example_14:/home/hibiki/Robomech_HR/Eglantyne/simulation/install/ros2_control_demo_example_12:/home/hibiki/Robomech_HR/Eglantyne/simulation/install/ros2_control_demo_example_11:/home/hibiki/Robomech_HR/Eglantyne/simulation/install/ros2_control_demo_example_10:/home/hibiki/Robomech_HR/Eglantyne/simulation/install/ros2_control_demo_example_1:/home/hibiki/Robomech_HR/Eglantyne/simulation/install/ros2_control_demo_description:/home/hibiki/Robomech_HR/Eglantyne/simulation/install/gazebo_ros2_control_demos:/home/hibiki/Robomech_HR/Eglantyne/simulation/install/champ_teleop:/home/hibiki/Robomech_HR/Eglantyne/simulation/install/champ_navigation:/home/hibiki/Robomech_HR/Eglantyne/simulation/install/champ_gazebo:/home/hibiki/Robomech_HR/Eglantyne/simulation/install/champ_bringup:/home/hibiki/Robomech_HR/Eglantyne/simulation/install/champ_base:/home/hibiki/Robomech_HR/Eglantyne/simulation/install/champ_msgs:/home/hibiki/Robomech_HR/Eglantyne/simulation/install/champ_description:/home/hibiki/Robomech_HR/Eglantyne/simulation/install/champ_config:/home/hibiki/Robomech_HR/Eglantyne/simulation/install/ros2_control_demo_testing:/opt/ros/humble:/home/hibiki/Robomech_HR/Eglantyne/simulation/install/champ:/home/hibiki/Robomech_HR/Eglantyne/microros/ros2_pub_test/install/vel_pub /usr/bin/cmake --build /home/hibiki/Robomech_HR/Eglantyne/simulation/build/champ_config -- -j16 -l16
[0.303s] DEBUG:colcon.colcon_core.event_handler.log_command:Invoking command in '/home/hibiki/Robomech_HR/Eglantyne/simulation/build/champ_navigation': CMAKE_PREFIX_PATH=/home/hibiki/Robomech_HR/Eglantyne/simulation/install/simple_sim:/home/hibiki/Robomech_HR/Eglantyne/simulation/install/ros2_control_demos:/home/hibiki/Robomech_HR/Eglantyne/simulation/install/ros2_control_demo_example_9:/home/hibiki/Robomech_HR/Eglantyne/simulation/install/ros2_control_demo_example_8:/home/hibiki/Robomech_HR/Eglantyne/simulation/install/ros2_control_demo_example_7:/home/hibiki/Robomech_HR/Eglantyne/simulation/install/ros2_control_demo_example_6:/home/hibiki/Robomech_HR/Eglantyne/simulation/install/ros2_control_demo_example_15:/home/hibiki/Robomech_HR/Eglantyne/simulation/install/ros2_control_demo_example_5:/home/hibiki/Robomech_HR/Eglantyne/simulation/install/ros2_control_demo_example_4:/home/hibiki/Robomech_HR/Eglantyne/simulation/install/ros2_control_demo_example_3:/home/hibiki/Robomech_HR/Eglantyne/simulation/install/ros2_control_demo_example_2:/home/hibiki/Robomech_HR/Eglantyne/simulation/install/ros2_control_demo_example_14:/home/hibiki/Robomech_HR/Eglantyne/simulation/install/ros2_control_demo_example_12:/home/hibiki/Robomech_HR/Eglantyne/simulation/install/ros2_control_demo_example_11:/home/hibiki/Robomech_HR/Eglantyne/simulation/install/ros2_control_demo_example_10:/home/hibiki/Robomech_HR/Eglantyne/simulation/install/ros2_control_demo_example_1:/home/hibiki/Robomech_HR/Eglantyne/simulation/install/ros2_control_demo_description:/home/hibiki/Robomech_HR/Eglantyne/simulation/install/gazebo_ros2_control_demos:/home/hibiki/Robomech_HR/Eglantyne/simulation/install/champ_teleop:/home/hibiki/Robomech_HR/Eglantyne/simulation/install/champ_navigation:/home/hibiki/Robomech_HR/Eglantyne/simulation/install/champ_gazebo:/home/hibiki/Robomech_HR/Eglantyne/simulation/install/champ_bringup:/home/hibiki/Robomech_HR/Eglantyne/simulation/install/champ_base:/home/hibiki/Robomech_HR/Eglantyne/simulation/install/champ_msgs:/home/hibiki/Robomech_HR/Eglantyne/simulation/install/champ_description:/home/hibiki/Robomech_HR/Eglantyne/simulation/install/champ_config:/home/hibiki/Robomech_HR/Eglantyne/simulation/install/ros2_control_demo_testing:/opt/ros/humble:/home/hibiki/Robomech_HR/Eglantyne/simulation/install/champ:/home/hibiki/Robomech_HR/Eglantyne/microros/ros2_pub_test/install/vel_pub /usr/bin/cmake --build /home/hibiki/Robomech_HR/Eglantyne/simulation/build/champ_navigation -- -j16 -l16
[0.305s] DEBUG:colcon.colcon_core.event_handler.log_command:Invoking command in '/home/hibiki/Robomech_HR/Eglantyne/simulation/build/champ_teleop': CMAKE_PREFIX_PATH=/home/hibiki/Robomech_HR/Eglantyne/simulation/install/simple_sim:/home/hibiki/Robomech_HR/Eglantyne/simulation/install/ros2_control_demos:/home/hibiki/Robomech_HR/Eglantyne/simulation/install/ros2_control_demo_example_9:/home/hibiki/Robomech_HR/Eglantyne/simulation/install/ros2_control_demo_example_8:/home/hibiki/Robomech_HR/Eglantyne/simulation/install/ros2_control_demo_example_7:/home/hibiki/Robomech_HR/Eglantyne/simulation/install/ros2_control_demo_example_6:/home/hibiki/Robomech_HR/Eglantyne/simulation/install/ros2_control_demo_example_15:/home/hibiki/Robomech_HR/Eglantyne/simulation/install/ros2_control_demo_example_5:/home/hibiki/Robomech_HR/Eglantyne/simulation/install/ros2_control_demo_example_4:/home/hibiki/Robomech_HR/Eglantyne/simulation/install/ros2_control_demo_example_3:/home/hibiki/Robomech_HR/Eglantyne/simulation/install/ros2_control_demo_example_2:/home/hibiki/Robomech_HR/Eglantyne/simulation/install/ros2_control_demo_example_14:/home/hibiki/Robomech_HR/Eglantyne/simulation/install/ros2_control_demo_example_12:/home/hibiki/Robomech_HR/Eglantyne/simulation/install/ros2_control_demo_example_11:/home/hibiki/Robomech_HR/Eglantyne/simulation/install/ros2_control_demo_example_10:/home/hibiki/Robomech_HR/Eglantyne/simulation/install/ros2_control_demo_example_1:/home/hibiki/Robomech_HR/Eglantyne/simulation/install/ros2_control_demo_description:/home/hibiki/Robomech_HR/Eglantyne/simulation/install/gazebo_ros2_control_demos:/home/hibiki/Robomech_HR/Eglantyne/simulation/install/champ_teleop:/home/hibiki/Robomech_HR/Eglantyne/simulation/install/champ_navigation:/home/hibiki/Robomech_HR/Eglantyne/simulation/install/champ_gazebo:/home/hibiki/Robomech_HR/Eglantyne/simulation/install/champ_bringup:/home/hibiki/Robomech_HR/Eglantyne/simulation/install/champ_base:/home/hibiki/Robomech_HR/Eglantyne/simulation/install/champ_msgs:/home/hibiki/Robomech_HR/Eglantyne/simulation/install/champ_description:/home/hibiki/Robomech_HR/Eglantyne/simulation/install/champ_config:/home/hibiki/Robomech_HR/Eglantyne/simulation/install/ros2_control_demo_testing:/opt/ros/humble:/home/hibiki/Robomech_HR/Eglantyne/simulation/install/champ:/home/hibiki/Robomech_HR/Eglantyne/microros/ros2_pub_test/install/vel_pub /usr/bin/cmake --build /home/hibiki/Robomech_HR/Eglantyne/simulation/build/champ_teleop -- -j16 -l16
[0.309s] DEBUG:colcon.colcon_core.event_handler.log_command:Invoking command in '/home/hibiki/Robomech_HR/Eglantyne/simulation/build/gazebo_ros2_control_demos': CMAKE_PREFIX_PATH=/home/hibiki/Robomech_HR/Eglantyne/simulation/install/simple_sim:/home/hibiki/Robomech_HR/Eglantyne/simulation/install/ros2_control_demos:/home/hibiki/Robomech_HR/Eglantyne/simulation/install/ros2_control_demo_example_9:/home/hibiki/Robomech_HR/Eglantyne/simulation/install/ros2_control_demo_example_8:/home/hibiki/Robomech_HR/Eglantyne/simulation/install/ros2_control_demo_example_7:/home/hibiki/Robomech_HR/Eglantyne/simulation/install/ros2_control_demo_example_6:/home/hibiki/Robomech_HR/Eglantyne/simulation/install/ros2_control_demo_example_15:/home/hibiki/Robomech_HR/Eglantyne/simulation/install/ros2_control_demo_example_5:/home/hibiki/Robomech_HR/Eglantyne/simulation/install/ros2_control_demo_example_4:/home/hibiki/Robomech_HR/Eglantyne/simulation/install/ros2_control_demo_example_3:/home/hibiki/Robomech_HR/Eglantyne/simulation/install/ros2_control_demo_example_2:/home/hibiki/Robomech_HR/Eglantyne/simulation/install/ros2_control_demo_example_14:/home/hibiki/Robomech_HR/Eglantyne/simulation/install/ros2_control_demo_example_12:/home/hibiki/Robomech_HR/Eglantyne/simulation/install/ros2_control_demo_example_11:/home/hibiki/Robomech_HR/Eglantyne/simulation/install/ros2_control_demo_example_10:/home/hibiki/Robomech_HR/Eglantyne/simulation/install/ros2_control_demo_example_1:/home/hibiki/Robomech_HR/Eglantyne/simulation/install/ros2_control_demo_description:/home/hibiki/Robomech_HR/Eglantyne/simulation/install/gazebo_ros2_control_demos:/home/hibiki/Robomech_HR/Eglantyne/simulation/install/champ_teleop:/home/hibiki/Robomech_HR/Eglantyne/simulation/install/champ_navigation:/home/hibiki/Robomech_HR/Eglantyne/simulation/install/champ_gazebo:/home/hibiki/Robomech_HR/Eglantyne/simulation/install/champ_bringup:/home/hibiki/Robomech_HR/Eglantyne/simulation/install/champ_base:/home/hibiki/Robomech_HR/Eglantyne/simulation/install/champ_msgs:/home/hibiki/Robomech_HR/Eglantyne/simulation/install/champ_description:/home/hibiki/Robomech_HR/Eglantyne/simulation/install/champ_config:/home/hibiki/Robomech_HR/Eglantyne/simulation/install/ros2_control_demo_testing:/opt/ros/humble:/home/hibiki/Robomech_HR/Eglantyne/simulation/install/champ:/home/hibiki/Robomech_HR/Eglantyne/microros/ros2_pub_test/install/vel_pub /usr/bin/cmake --build /home/hibiki/Robomech_HR/Eglantyne/simulation/build/gazebo_ros2_control_demos -- -j16 -l16
[0.313s] DEBUG:colcon.colcon_core.event_handler.log_command:Invoked command in '/home/hibiki/Robomech_HR/Eglantyne/simulation/build/ros2_control_demo_description' returned '0': CMAKE_PREFIX_PATH=/home/hibiki/Robomech_HR/Eglantyne/simulation/install/simple_sim:/home/hibiki/Robomech_HR/Eglantyne/simulation/install/ros2_control_demos:/home/hibiki/Robomech_HR/Eglantyne/simulation/install/ros2_control_demo_example_9:/home/hibiki/Robomech_HR/Eglantyne/simulation/install/ros2_control_demo_example_8:/home/hibiki/Robomech_HR/Eglantyne/simulation/install/ros2_control_demo_example_7:/home/hibiki/Robomech_HR/Eglantyne/simulation/install/ros2_control_demo_example_6:/home/hibiki/Robomech_HR/Eglantyne/simulation/install/ros2_control_demo_example_15:/home/hibiki/Robomech_HR/Eglantyne/simulation/install/ros2_control_demo_example_5:/home/hibiki/Robomech_HR/Eglantyne/simulation/install/ros2_control_demo_example_4:/home/hibiki/Robomech_HR/Eglantyne/simulation/install/ros2_control_demo_example_3:/home/hibiki/Robomech_HR/Eglantyne/simulation/install/ros2_control_demo_example_2:/home/hibiki/Robomech_HR/Eglantyne/simulation/install/ros2_control_demo_example_14:/home/hibiki/Robomech_HR/Eglantyne/simulation/install/ros2_control_demo_example_12:/home/hibiki/Robomech_HR/Eglantyne/simulation/install/ros2_control_demo_example_11:/home/hibiki/Robomech_HR/Eglantyne/simulation/install/ros2_control_demo_example_10:/home/hibiki/Robomech_HR/Eglantyne/simulation/install/ros2_control_demo_example_1:/home/hibiki/Robomech_HR/Eglantyne/simulation/install/ros2_control_demo_description:/home/hibiki/Robomech_HR/Eglantyne/simulation/install/gazebo_ros2_control_demos:/home/hibiki/Robomech_HR/Eglantyne/simulation/install/champ_teleop:/home/hibiki/Robomech_HR/Eglantyne/simulation/install/champ_navigation:/home/hibiki/Robomech_HR/Eglantyne/simulation/install/champ_gazebo:/home/hibiki/Robomech_HR/Eglantyne/simulation/install/champ_bringup:/home/hibiki/Robomech_HR/Eglantyne/simulation/install/champ_base:/home/hibiki/Robomech_HR/Eglantyne/simulation/install/champ_msgs:/home/hibiki/Robomech_HR/Eglantyne/simulation/install/champ_description:/home/hibiki/Robomech_HR/Eglantyne/simulation/install/champ_config:/home/hibiki/Robomech_HR/Eglantyne/simulation/install/ros2_control_demo_testing:/opt/ros/humble:/home/hibiki/Robomech_HR/Eglantyne/simulation/install/champ:/home/hibiki/Robomech_HR/Eglantyne/microros/ros2_pub_test/install/vel_pub /usr/bin/cmake --build /home/hibiki/Robomech_HR/Eglantyne/simulation/build/ros2_control_demo_description -- -j16 -l16
[0.318s] DEBUG:colcon.colcon_core.event_handler.log_command:Invoking command in '/home/hibiki/Robomech_HR/Eglantyne/simulation/build/simple_sim': CMAKE_PREFIX_PATH=/home/hibiki/Robomech_HR/Eglantyne/simulation/install/simple_sim:/home/hibiki/Robomech_HR/Eglantyne/simulation/install/ros2_control_demos:/home/hibiki/Robomech_HR/Eglantyne/simulation/install/ros2_control_demo_example_9:/home/hibiki/Robomech_HR/Eglantyne/simulation/install/ros2_control_demo_example_8:/home/hibiki/Robomech_HR/Eglantyne/simulation/install/ros2_control_demo_example_7:/home/hibiki/Robomech_HR/Eglantyne/simulation/install/ros2_control_demo_example_6:/home/hibiki/Robomech_HR/Eglantyne/simulation/install/ros2_control_demo_example_15:/home/hibiki/Robomech_HR/Eglantyne/simulation/install/ros2_control_demo_example_5:/home/hibiki/Robomech_HR/Eglantyne/simulation/install/ros2_control_demo_example_4:/home/hibiki/Robomech_HR/Eglantyne/simulation/install/ros2_control_demo_example_3:/home/hibiki/Robomech_HR/Eglantyne/simulation/install/ros2_control_demo_example_2:/home/hibiki/Robomech_HR/Eglantyne/simulation/install/ros2_control_demo_example_14:/home/hibiki/Robomech_HR/Eglantyne/simulation/install/ros2_control_demo_example_12:/home/hibiki/Robomech_HR/Eglantyne/simulation/install/ros2_control_demo_example_11:/home/hibiki/Robomech_HR/Eglantyne/simulation/install/ros2_control_demo_example_10:/home/hibiki/Robomech_HR/Eglantyne/simulation/install/ros2_control_demo_example_1:/home/hibiki/Robomech_HR/Eglantyne/simulation/install/ros2_control_demo_description:/home/hibiki/Robomech_HR/Eglantyne/simulation/install/gazebo_ros2_control_demos:/home/hibiki/Robomech_HR/Eglantyne/simulation/install/champ_teleop:/home/hibiki/Robomech_HR/Eglantyne/simulation/install/champ_navigation:/home/hibiki/Robomech_HR/Eglantyne/simulation/install/champ_gazebo:/home/hibiki/Robomech_HR/Eglantyne/simulation/install/champ_bringup:/home/hibiki/Robomech_HR/Eglantyne/simulation/install/champ_base:/home/hibiki/Robomech_HR/Eglantyne/simulation/install/champ_msgs:/home/hibiki/Robomech_HR/Eglantyne/simulation/install/champ_description:/home/hibiki/Robomech_HR/Eglantyne/simulation/install/champ_config:/home/hibiki/Robomech_HR/Eglantyne/simulation/install/ros2_control_demo_testing:/opt/ros/humble:/home/hibiki/Robomech_HR/Eglantyne/simulation/install/champ:/home/hibiki/Robomech_HR/Eglantyne/microros/ros2_pub_test/install/vel_pub /usr/bin/cmake --build /home/hibiki/Robomech_HR/Eglantyne/simulation/build/simple_sim -- -j16 -l16
[0.321s] DEBUG:colcon.colcon_core.event_handler.log_command:Invoked command in '/home/hibiki/Robomech_HR/Eglantyne/simulation/build/champ_description' returned '0': CMAKE_PREFIX_PATH=/home/hibiki/Robomech_HR/Eglantyne/simulation/install/simple_sim:/home/hibiki/Robomech_HR/Eglantyne/simulation/install/ros2_control_demos:/home/hibiki/Robomech_HR/Eglantyne/simulation/install/ros2_control_demo_example_9:/home/hibiki/Robomech_HR/Eglantyne/simulation/install/ros2_control_demo_example_8:/home/hibiki/Robomech_HR/Eglantyne/simulation/install/ros2_control_demo_example_7:/home/hibiki/Robomech_HR/Eglantyne/simulation/install/ros2_control_demo_example_6:/home/hibiki/Robomech_HR/Eglantyne/simulation/install/ros2_control_demo_example_15:/home/hibiki/Robomech_HR/Eglantyne/simulation/install/ros2_control_demo_example_5:/home/hibiki/Robomech_HR/Eglantyne/simulation/install/ros2_control_demo_example_4:/home/hibiki/Robomech_HR/Eglantyne/simulation/install/ros2_control_demo_example_3:/home/hibiki/Robomech_HR/Eglantyne/simulation/install/ros2_control_demo_example_2:/home/hibiki/Robomech_HR/Eglantyne/simulation/install/ros2_control_demo_example_14:/home/hibiki/Robomech_HR/Eglantyne/simulation/install/ros2_control_demo_example_12:/home/hibiki/Robomech_HR/Eglantyne/simulation/install/ros2_control_demo_example_11:/home/hibiki/Robomech_HR/Eglantyne/simulation/install/ros2_control_demo_example_10:/home/hibiki/Robomech_HR/Eglantyne/simulation/install/ros2_control_demo_example_1:/home/hibiki/Robomech_HR/Eglantyne/simulation/install/ros2_control_demo_description:/home/hibiki/Robomech_HR/Eglantyne/simulation/install/gazebo_ros2_control_demos:/home/hibiki/Robomech_HR/Eglantyne/simulation/install/champ_teleop:/home/hibiki/Robomech_HR/Eglantyne/simulation/install/champ_navigation:/home/hibiki/Robomech_HR/Eglantyne/simulation/install/champ_gazebo:/home/hibiki/Robomech_HR/Eglantyne/simulation/install/champ_bringup:/home/hibiki/Robomech_HR/Eglantyne/simulation/install/champ_base:/home/hibiki/Robomech_HR/Eglantyne/simulation/install/champ_msgs:/home/hibiki/Robomech_HR/Eglantyne/simulation/install/champ_description:/home/hibiki/Robomech_HR/Eglantyne/simulation/install/champ_config:/home/hibiki/Robomech_HR/Eglantyne/simulation/install/ros2_control_demo_testing:/opt/ros/humble:/home/hibiki/Robomech_HR/Eglantyne/simulation/install/champ:/home/hibiki/Robomech_HR/Eglantyne/microros/ros2_pub_test/install/vel_pub /usr/bin/cmake --build /home/hibiki/Robomech_HR/Eglantyne/simulation/build/champ_description -- -j16 -l16
[0.324s] DEBUG:colcon.colcon_core.event_handler.log_command:Invoked command in '/home/hibiki/Robomech_HR/Eglantyne/simulation/build/champ_config' returned '0': CMAKE_PREFIX_PATH=/home/hibiki/Robomech_HR/Eglantyne/simulation/install/simple_sim:/home/hibiki/Robomech_HR/Eglantyne/simulation/install/ros2_control_demos:/home/hibiki/Robomech_HR/Eglantyne/simulation/install/ros2_control_demo_example_9:/home/hibiki/Robomech_HR/Eglantyne/simulation/install/ros2_control_demo_example_8:/home/hibiki/Robomech_HR/Eglantyne/simulation/install/ros2_control_demo_example_7:/home/hibiki/Robomech_HR/Eglantyne/simulation/install/ros2_control_demo_example_6:/home/hibiki/Robomech_HR/Eglantyne/simulation/install/ros2_control_demo_example_15:/home/hibiki/Robomech_HR/Eglantyne/simulation/install/ros2_control_demo_example_5:/home/hibiki/Robomech_HR/Eglantyne/simulation/install/ros2_control_demo_example_4:/home/hibiki/Robomech_HR/Eglantyne/simulation/install/ros2_control_demo_example_3:/home/hibiki/Robomech_HR/Eglantyne/simulation/install/ros2_control_demo_example_2:/home/hibiki/Robomech_HR/Eglantyne/simulation/install/ros2_control_demo_example_14:/home/hibiki/Robomech_HR/Eglantyne/simulation/install/ros2_control_demo_example_12:/home/hibiki/Robomech_HR/Eglantyne/simulation/install/ros2_control_demo_example_11:/home/hibiki/Robomech_HR/Eglantyne/simulation/install/ros2_control_demo_example_10:/home/hibiki/Robomech_HR/Eglantyne/simulation/install/ros2_control_demo_example_1:/home/hibiki/Robomech_HR/Eglantyne/simulation/install/ros2_control_demo_description:/home/hibiki/Robomech_HR/Eglantyne/simulation/install/gazebo_ros2_control_demos:/home/hibiki/Robomech_HR/Eglantyne/simulation/install/champ_teleop:/home/hibiki/Robomech_HR/Eglantyne/simulation/install/champ_navigation:/home/hibiki/Robomech_HR/Eglantyne/simulation/install/champ_gazebo:/home/hibiki/Robomech_HR/Eglantyne/simulation/install/champ_bringup:/home/hibiki/Robomech_HR/Eglantyne/simulation/install/champ_base:/home/hibiki/Robomech_HR/Eglantyne/simulation/install/champ_msgs:/home/hibiki/Robomech_HR/Eglantyne/simulation/install/champ_description:/home/hibiki/Robomech_HR/Eglantyne/simulation/install/champ_config:/home/hibiki/Robomech_HR/Eglantyne/simulation/install/ros2_control_demo_testing:/opt/ros/humble:/home/hibiki/Robomech_HR/Eglantyne/simulation/install/champ:/home/hibiki/Robomech_HR/Eglantyne/microros/ros2_pub_test/install/vel_pub /usr/bin/cmake --build /home/hibiki/Robomech_HR/Eglantyne/simulation/build/champ_config -- -j16 -l16
[0.328s] DEBUG:colcon.colcon_core.event_handler.log_command:Invoked command in '/home/hibiki/Robomech_HR/Eglantyne/simulation/build/champ_navigation' returned '0': CMAKE_PREFIX_PATH=/home/hibiki/Robomech_HR/Eglantyne/simulation/install/simple_sim:/home/hibiki/Robomech_HR/Eglantyne/simulation/install/ros2_control_demos:/home/hibiki/Robomech_HR/Eglantyne/simulation/install/ros2_control_demo_example_9:/home/hibiki/Robomech_HR/Eglantyne/simulation/install/ros2_control_demo_example_8:/home/hibiki/Robomech_HR/Eglantyne/simulation/install/ros2_control_demo_example_7:/home/hibiki/Robomech_HR/Eglantyne/simulation/install/ros2_control_demo_example_6:/home/hibiki/Robomech_HR/Eglantyne/simulation/install/ros2_control_demo_example_15:/home/hibiki/Robomech_HR/Eglantyne/simulation/install/ros2_control_demo_example_5:/home/hibiki/Robomech_HR/Eglantyne/simulation/install/ros2_control_demo_example_4:/home/hibiki/Robomech_HR/Eglantyne/simulation/install/ros2_control_demo_example_3:/home/hibiki/Robomech_HR/Eglantyne/simulation/install/ros2_control_demo_example_2:/home/hibiki/Robomech_HR/Eglantyne/simulation/install/ros2_control_demo_example_14:/home/hibiki/Robomech_HR/Eglantyne/simulation/install/ros2_control_demo_example_12:/home/hibiki/Robomech_HR/Eglantyne/simulation/install/ros2_control_demo_example_11:/home/hibiki/Robomech_HR/Eglantyne/simulation/install/ros2_control_demo_example_10:/home/hibiki/Robomech_HR/Eglantyne/simulation/install/ros2_control_demo_example_1:/home/hibiki/Robomech_HR/Eglantyne/simulation/install/ros2_control_demo_description:/home/hibiki/Robomech_HR/Eglantyne/simulation/install/gazebo_ros2_control_demos:/home/hibiki/Robomech_HR/Eglantyne/simulation/install/champ_teleop:/home/hibiki/Robomech_HR/Eglantyne/simulation/install/champ_navigation:/home/hibiki/Robomech_HR/Eglantyne/simulation/install/champ_gazebo:/home/hibiki/Robomech_HR/Eglantyne/simulation/install/champ_bringup:/home/hibiki/Robomech_HR/Eglantyne/simulation/install/champ_base:/home/hibiki/Robomech_HR/Eglantyne/simulation/install/champ_msgs:/home/hibiki/Robomech_HR/Eglantyne/simulation/install/champ_description:/home/hibiki/Robomech_HR/Eglantyne/simulation/install/champ_config:/home/hibiki/Robomech_HR/Eglantyne/simulation/install/ros2_control_demo_testing:/opt/ros/humble:/home/hibiki/Robomech_HR/Eglantyne/simulation/install/champ:/home/hibiki/Robomech_HR/Eglantyne/microros/ros2_pub_test/install/vel_pub /usr/bin/cmake --build /home/hibiki/Robomech_HR/Eglantyne/simulation/build/champ_navigation -- -j16 -l16
[0.332s] DEBUG:colcon.colcon_core.event_handler.log_command:Invoked command in '/home/hibiki/Robomech_HR/Eglantyne/simulation/build/champ' returned '0': CMAKE_PREFIX_PATH=/home/hibiki/Robomech_HR/Eglantyne/simulation/install/simple_sim:/home/hibiki/Robomech_HR/Eglantyne/simulation/install/ros2_control_demos:/home/hibiki/Robomech_HR/Eglantyne/simulation/install/ros2_control_demo_example_9:/home/hibiki/Robomech_HR/Eglantyne/simulation/install/ros2_control_demo_example_8:/home/hibiki/Robomech_HR/Eglantyne/simulation/install/ros2_control_demo_example_7:/home/hibiki/Robomech_HR/Eglantyne/simulation/install/ros2_control_demo_example_6:/home/hibiki/Robomech_HR/Eglantyne/simulation/install/ros2_control_demo_example_15:/home/hibiki/Robomech_HR/Eglantyne/simulation/install/ros2_control_demo_example_5:/home/hibiki/Robomech_HR/Eglantyne/simulation/install/ros2_control_demo_example_4:/home/hibiki/Robomech_HR/Eglantyne/simulation/install/ros2_control_demo_example_3:/home/hibiki/Robomech_HR/Eglantyne/simulation/install/ros2_control_demo_example_2:/home/hibiki/Robomech_HR/Eglantyne/simulation/install/ros2_control_demo_example_14:/home/hibiki/Robomech_HR/Eglantyne/simulation/install/ros2_control_demo_example_12:/home/hibiki/Robomech_HR/Eglantyne/simulation/install/ros2_control_demo_example_11:/home/hibiki/Robomech_HR/Eglantyne/simulation/install/ros2_control_demo_example_10:/home/hibiki/Robomech_HR/Eglantyne/simulation/install/ros2_control_demo_example_1:/home/hibiki/Robomech_HR/Eglantyne/simulation/install/ros2_control_demo_description:/home/hibiki/Robomech_HR/Eglantyne/simulation/install/gazebo_ros2_control_demos:/home/hibiki/Robomech_HR/Eglantyne/simulation/install/champ_teleop:/home/hibiki/Robomech_HR/Eglantyne/simulation/install/champ_navigation:/home/hibiki/Robomech_HR/Eglantyne/simulation/install/champ_gazebo:/home/hibiki/Robomech_HR/Eglantyne/simulation/install/champ_bringup:/home/hibiki/Robomech_HR/Eglantyne/simulation/install/champ_base:/home/hibiki/Robomech_HR/Eglantyne/simulation/install/champ_msgs:/home/hibiki/Robomech_HR/Eglantyne/simulation/install/champ_description:/home/hibiki/Robomech_HR/Eglantyne/simulation/install/champ_config:/home/hibiki/Robomech_HR/Eglantyne/simulation/install/ros2_control_demo_testing:/opt/ros/humble:/home/hibiki/Robomech_HR/Eglantyne/simulation/install/champ:/home/hibiki/Robomech_HR/Eglantyne/microros/ros2_pub_test/install/vel_pub /usr/bin/cmake --build /home/hibiki/Robomech_HR/Eglantyne/simulation/build/champ -- -j16 -l16
[0.335s] DEBUG:colcon.colcon_core.event_handler.log_command:Invoked command in '/home/hibiki/Robomech_HR/Eglantyne/simulation/build/champ_teleop' returned '0': CMAKE_PREFIX_PATH=/home/hibiki/Robomech_HR/Eglantyne/simulation/install/simple_sim:/home/hibiki/Robomech_HR/Eglantyne/simulation/install/ros2_control_demos:/home/hibiki/Robomech_HR/Eglantyne/simulation/install/ros2_control_demo_example_9:/home/hibiki/Robomech_HR/Eglantyne/simulation/install/ros2_control_demo_example_8:/home/hibiki/Robomech_HR/Eglantyne/simulation/install/ros2_control_demo_example_7:/home/hibiki/Robomech_HR/Eglantyne/simulation/install/ros2_control_demo_example_6:/home/hibiki/Robomech_HR/Eglantyne/simulation/install/ros2_control_demo_example_15:/home/hibiki/Robomech_HR/Eglantyne/simulation/install/ros2_control_demo_example_5:/home/hibiki/Robomech_HR/Eglantyne/simulation/install/ros2_control_demo_example_4:/home/hibiki/Robomech_HR/Eglantyne/simulation/install/ros2_control_demo_example_3:/home/hibiki/Robomech_HR/Eglantyne/simulation/install/ros2_control_demo_example_2:/home/hibiki/Robomech_HR/Eglantyne/simulation/install/ros2_control_demo_example_14:/home/hibiki/Robomech_HR/Eglantyne/simulation/install/ros2_control_demo_example_12:/home/hibiki/Robomech_HR/Eglantyne/simulation/install/ros2_control_demo_example_11:/home/hibiki/Robomech_HR/Eglantyne/simulation/install/ros2_control_demo_example_10:/home/hibiki/Robomech_HR/Eglantyne/simulation/install/ros2_control_demo_example_1:/home/hibiki/Robomech_HR/Eglantyne/simulation/install/ros2_control_demo_description:/home/hibiki/Robomech_HR/Eglantyne/simulation/install/gazebo_ros2_control_demos:/home/hibiki/Robomech_HR/Eglantyne/simulation/install/champ_teleop:/home/hibiki/Robomech_HR/Eglantyne/simulation/install/champ_navigation:/home/hibiki/Robomech_HR/Eglantyne/simulation/install/champ_gazebo:/home/hibiki/Robomech_HR/Eglantyne/simulation/install/champ_bringup:/home/hibiki/Robomech_HR/Eglantyne/simulation/install/champ_base:/home/hibiki/Robomech_HR/Eglantyne/simulation/install/champ_msgs:/home/hibiki/Robomech_HR/Eglantyne/simulation/install/champ_description:/home/hibiki/Robomech_HR/Eglantyne/simulation/install/champ_config:/home/hibiki/Robomech_HR/Eglantyne/simulation/install/ros2_control_demo_testing:/opt/ros/humble:/home/hibiki/Robomech_HR/Eglantyne/simulation/install/champ:/home/hibiki/Robomech_HR/Eglantyne/microros/ros2_pub_test/install/vel_pub /usr/bin/cmake --build /home/hibiki/Robomech_HR/Eglantyne/simulation/build/champ_teleop -- -j16 -l16
[0.343s] DEBUG:colcon.colcon_core.event_handler.log_command:Invoking command in '/home/hibiki/Robomech_HR/Eglantyne/simulation/build/ros2_control_demo_description': CMAKE_PREFIX_PATH=/home/hibiki/Robomech_HR/Eglantyne/simulation/install/simple_sim:/home/hibiki/Robomech_HR/Eglantyne/simulation/install/ros2_control_demos:/home/hibiki/Robomech_HR/Eglantyne/simulation/install/ros2_control_demo_example_9:/home/hibiki/Robomech_HR/Eglantyne/simulation/install/ros2_control_demo_example_8:/home/hibiki/Robomech_HR/Eglantyne/simulation/install/ros2_control_demo_example_7:/home/hibiki/Robomech_HR/Eglantyne/simulation/install/ros2_control_demo_example_6:/home/hibiki/Robomech_HR/Eglantyne/simulation/install/ros2_control_demo_example_15:/home/hibiki/Robomech_HR/Eglantyne/simulation/install/ros2_control_demo_example_5:/home/hibiki/Robomech_HR/Eglantyne/simulation/install/ros2_control_demo_example_4:/home/hibiki/Robomech_HR/Eglantyne/simulation/install/ros2_control_demo_example_3:/home/hibiki/Robomech_HR/Eglantyne/simulation/install/ros2_control_demo_example_2:/home/hibiki/Robomech_HR/Eglantyne/simulation/install/ros2_control_demo_example_14:/home/hibiki/Robomech_HR/Eglantyne/simulation/install/ros2_control_demo_example_12:/home/hibiki/Robomech_HR/Eglantyne/simulation/install/ros2_control_demo_example_11:/home/hibiki/Robomech_HR/Eglantyne/simulation/install/ros2_control_demo_example_10:/home/hibiki/Robomech_HR/Eglantyne/simulation/install/ros2_control_demo_example_1:/home/hibiki/Robomech_HR/Eglantyne/simulation/install/ros2_control_demo_description:/home/hibiki/Robomech_HR/Eglantyne/simulation/install/gazebo_ros2_control_demos:/home/hibiki/Robomech_HR/Eglantyne/simulation/install/champ_teleop:/home/hibiki/Robomech_HR/Eglantyne/simulation/install/champ_navigation:/home/hibiki/Robomech_HR/Eglantyne/simulation/install/champ_gazebo:/home/hibiki/Robomech_HR/Eglantyne/simulation/install/champ_bringup:/home/hibiki/Robomech_HR/Eglantyne/simulation/install/champ_base:/home/hibiki/Robomech_HR/Eglantyne/simulation/install/champ_msgs:/home/hibiki/Robomech_HR/Eglantyne/simulation/install/champ_description:/home/hibiki/Robomech_HR/Eglantyne/simulation/install/champ_config:/home/hibiki/Robomech_HR/Eglantyne/simulation/install/ros2_control_demo_testing:/opt/ros/humble:/home/hibiki/Robomech_HR/Eglantyne/simulation/install/champ:/home/hibiki/Robomech_HR/Eglantyne/microros/ros2_pub_test/install/vel_pub /usr/bin/cmake --install /home/hibiki/Robomech_HR/Eglantyne/simulation/build/ros2_control_demo_description
[0.351s] DEBUG:colcon.colcon_core.event_handler.log_command:Invoking command in '/home/hibiki/Robomech_HR/Eglantyne/simulation/build/champ_description': CMAKE_PREFIX_PATH=/home/hibiki/Robomech_HR/Eglantyne/simulation/install/simple_sim:/home/hibiki/Robomech_HR/Eglantyne/simulation/install/ros2_control_demos:/home/hibiki/Robomech_HR/Eglantyne/simulation/install/ros2_control_demo_example_9:/home/hibiki/Robomech_HR/Eglantyne/simulation/install/ros2_control_demo_example_8:/home/hibiki/Robomech_HR/Eglantyne/simulation/install/ros2_control_demo_example_7:/home/hibiki/Robomech_HR/Eglantyne/simulation/install/ros2_control_demo_example_6:/home/hibiki/Robomech_HR/Eglantyne/simulation/install/ros2_control_demo_example_15:/home/hibiki/Robomech_HR/Eglantyne/simulation/install/ros2_control_demo_example_5:/home/hibiki/Robomech_HR/Eglantyne/simulation/install/ros2_control_demo_example_4:/home/hibiki/Robomech_HR/Eglantyne/simulation/install/ros2_control_demo_example_3:/home/hibiki/Robomech_HR/Eglantyne/simulation/install/ros2_control_demo_example_2:/home/hibiki/Robomech_HR/Eglantyne/simulation/install/ros2_control_demo_example_14:/home/hibiki/Robomech_HR/Eglantyne/simulation/install/ros2_control_demo_example_12:/home/hibiki/Robomech_HR/Eglantyne/simulation/install/ros2_control_demo_example_11:/home/hibiki/Robomech_HR/Eglantyne/simulation/install/ros2_control_demo_example_10:/home/hibiki/Robomech_HR/Eglantyne/simulation/install/ros2_control_demo_example_1:/home/hibiki/Robomech_HR/Eglantyne/simulation/install/ros2_control_demo_description:/home/hibiki/Robomech_HR/Eglantyne/simulation/install/gazebo_ros2_control_demos:/home/hibiki/Robomech_HR/Eglantyne/simulation/install/champ_teleop:/home/hibiki/Robomech_HR/Eglantyne/simulation/install/champ_navigation:/home/hibiki/Robomech_HR/Eglantyne/simulation/install/champ_gazebo:/home/hibiki/Robomech_HR/Eglantyne/simulation/install/champ_bringup:/home/hibiki/Robomech_HR/Eglantyne/simulation/install/champ_base:/home/hibiki/Robomech_HR/Eglantyne/simulation/install/champ_msgs:/home/hibiki/Robomech_HR/Eglantyne/simulation/install/champ_description:/home/hibiki/Robomech_HR/Eglantyne/simulation/install/champ_config:/home/hibiki/Robomech_HR/Eglantyne/simulation/install/ros2_control_demo_testing:/opt/ros/humble:/home/hibiki/Robomech_HR/Eglantyne/simulation/install/champ:/home/hibiki/Robomech_HR/Eglantyne/microros/ros2_pub_test/install/vel_pub /usr/bin/cmake --install /home/hibiki/Robomech_HR/Eglantyne/simulation/build/champ_description
[0.356s] Level 1:colcon.colcon_core.environment:create_environment_scripts_only(ros2_control_demo_description)
[0.364s] Level 1:colcon.colcon_core.environment:checking '/home/hibiki/Robomech_HR/Eglantyne/simulation/install/ros2_control_demo_description' for CMake module files
[0.365s] DEBUG:colcon.colcon_core.event_handler.log_command:Invoking command in '/home/hibiki/Robomech_HR/Eglantyne/simulation/build/champ': CMAKE_PREFIX_PATH=/home/hibiki/Robomech_HR/Eglantyne/simulation/install/simple_sim:/home/hibiki/Robomech_HR/Eglantyne/simulation/install/ros2_control_demos:/home/hibiki/Robomech_HR/Eglantyne/simulation/install/ros2_control_demo_example_9:/home/hibiki/Robomech_HR/Eglantyne/simulation/install/ros2_control_demo_example_8:/home/hibiki/Robomech_HR/Eglantyne/simulation/install/ros2_control_demo_example_7:/home/hibiki/Robomech_HR/Eglantyne/simulation/install/ros2_control_demo_example_6:/home/hibiki/Robomech_HR/Eglantyne/simulation/install/ros2_control_demo_example_15:/home/hibiki/Robomech_HR/Eglantyne/simulation/install/ros2_control_demo_example_5:/home/hibiki/Robomech_HR/Eglantyne/simulation/install/ros2_control_demo_example_4:/home/hibiki/Robomech_HR/Eglantyne/simulation/install/ros2_control_demo_example_3:/home/hibiki/Robomech_HR/Eglantyne/simulation/install/ros2_control_demo_example_2:/home/hibiki/Robomech_HR/Eglantyne/simulation/install/ros2_control_demo_example_14:/home/hibiki/Robomech_HR/Eglantyne/simulation/install/ros2_control_demo_example_12:/home/hibiki/Robomech_HR/Eglantyne/simulation/install/ros2_control_demo_example_11:/home/hibiki/Robomech_HR/Eglantyne/simulation/install/ros2_control_demo_example_10:/home/hibiki/Robomech_HR/Eglantyne/simulation/install/ros2_control_demo_example_1:/home/hibiki/Robomech_HR/Eglantyne/simulation/install/ros2_control_demo_description:/home/hibiki/Robomech_HR/Eglantyne/simulation/install/gazebo_ros2_control_demos:/home/hibiki/Robomech_HR/Eglantyne/simulation/install/champ_teleop:/home/hibiki/Robomech_HR/Eglantyne/simulation/install/champ_navigation:/home/hibiki/Robomech_HR/Eglantyne/simulation/install/champ_gazebo:/home/hibiki/Robomech_HR/Eglantyne/simulation/install/champ_bringup:/home/hibiki/Robomech_HR/Eglantyne/simulation/install/champ_base:/home/hibiki/Robomech_HR/Eglantyne/simulation/install/champ_msgs:/home/hibiki/Robomech_HR/Eglantyne/simulation/install/champ_description:/home/hibiki/Robomech_HR/Eglantyne/simulation/install/champ_config:/home/hibiki/Robomech_HR/Eglantyne/simulation/install/ros2_control_demo_testing:/opt/ros/humble:/home/hibiki/Robomech_HR/Eglantyne/simulation/install/champ:/home/hibiki/Robomech_HR/Eglantyne/microros/ros2_pub_test/install/vel_pub /usr/bin/cmake --install /home/hibiki/Robomech_HR/Eglantyne/simulation/build/champ
[0.365s] DEBUG:colcon.colcon_core.event_handler.log_command:Invoking command in '/home/hibiki/Robomech_HR/Eglantyne/simulation/build/champ_config': CMAKE_PREFIX_PATH=/home/hibiki/Robomech_HR/Eglantyne/simulation/install/simple_sim:/home/hibiki/Robomech_HR/Eglantyne/simulation/install/ros2_control_demos:/home/hibiki/Robomech_HR/Eglantyne/simulation/install/ros2_control_demo_example_9:/home/hibiki/Robomech_HR/Eglantyne/simulation/install/ros2_control_demo_example_8:/home/hibiki/Robomech_HR/Eglantyne/simulation/install/ros2_control_demo_example_7:/home/hibiki/Robomech_HR/Eglantyne/simulation/install/ros2_control_demo_example_6:/home/hibiki/Robomech_HR/Eglantyne/simulation/install/ros2_control_demo_example_15:/home/hibiki/Robomech_HR/Eglantyne/simulation/install/ros2_control_demo_example_5:/home/hibiki/Robomech_HR/Eglantyne/simulation/install/ros2_control_demo_example_4:/home/hibiki/Robomech_HR/Eglantyne/simulation/install/ros2_control_demo_example_3:/home/hibiki/Robomech_HR/Eglantyne/simulation/install/ros2_control_demo_example_2:/home/hibiki/Robomech_HR/Eglantyne/simulation/install/ros2_control_demo_example_14:/home/hibiki/Robomech_HR/Eglantyne/simulation/install/ros2_control_demo_example_12:/home/hibiki/Robomech_HR/Eglantyne/simulation/install/ros2_control_demo_example_11:/home/hibiki/Robomech_HR/Eglantyne/simulation/install/ros2_control_demo_example_10:/home/hibiki/Robomech_HR/Eglantyne/simulation/install/ros2_control_demo_example_1:/home/hibiki/Robomech_HR/Eglantyne/simulation/install/ros2_control_demo_description:/home/hibiki/Robomech_HR/Eglantyne/simulation/install/gazebo_ros2_control_demos:/home/hibiki/Robomech_HR/Eglantyne/simulation/install/champ_teleop:/home/hibiki/Robomech_HR/Eglantyne/simulation/install/champ_navigation:/home/hibiki/Robomech_HR/Eglantyne/simulation/install/champ_gazebo:/home/hibiki/Robomech_HR/Eglantyne/simulation/install/champ_bringup:/home/hibiki/Robomech_HR/Eglantyne/simulation/install/champ_base:/home/hibiki/Robomech_HR/Eglantyne/simulation/install/champ_msgs:/home/hibiki/Robomech_HR/Eglantyne/simulation/install/champ_description:/home/hibiki/Robomech_HR/Eglantyne/simulation/install/champ_config:/home/hibiki/Robomech_HR/Eglantyne/simulation/install/ros2_control_demo_testing:/opt/ros/humble:/home/hibiki/Robomech_HR/Eglantyne/simulation/install/champ:/home/hibiki/Robomech_HR/Eglantyne/microros/ros2_pub_test/install/vel_pub /usr/bin/cmake --install /home/hibiki/Robomech_HR/Eglantyne/simulation/build/champ_config
[0.366s] Level 1:colcon.colcon_core.environment:checking '/home/hibiki/Robomech_HR/Eglantyne/simulation/install/ros2_control_demo_description' for CMake config files
[0.366s] DEBUG:colcon.colcon_core.event_handler.log_command:Invoked command in '/home/hibiki/Robomech_HR/Eglantyne/simulation/build/ros2_control_demo_description' returned '0': CMAKE_PREFIX_PATH=/home/hibiki/Robomech_HR/Eglantyne/simulation/install/simple_sim:/home/hibiki/Robomech_HR/Eglantyne/simulation/install/ros2_control_demos:/home/hibiki/Robomech_HR/Eglantyne/simulation/install/ros2_control_demo_example_9:/home/hibiki/Robomech_HR/Eglantyne/simulation/install/ros2_control_demo_example_8:/home/hibiki/Robomech_HR/Eglantyne/simulation/install/ros2_control_demo_example_7:/home/hibiki/Robomech_HR/Eglantyne/simulation/install/ros2_control_demo_example_6:/home/hibiki/Robomech_HR/Eglantyne/simulation/install/ros2_control_demo_example_15:/home/hibiki/Robomech_HR/Eglantyne/simulation/install/ros2_control_demo_example_5:/home/hibiki/Robomech_HR/Eglantyne/simulation/install/ros2_control_demo_example_4:/home/hibiki/Robomech_HR/Eglantyne/simulation/install/ros2_control_demo_example_3:/home/hibiki/Robomech_HR/Eglantyne/simulation/install/ros2_control_demo_example_2:/home/hibiki/Robomech_HR/Eglantyne/simulation/install/ros2_control_demo_example_14:/home/hibiki/Robomech_HR/Eglantyne/simulation/install/ros2_control_demo_example_12:/home/hibiki/Robomech_HR/Eglantyne/simulation/install/ros2_control_demo_example_11:/home/hibiki/Robomech_HR/Eglantyne/simulation/install/ros2_control_demo_example_10:/home/hibiki/Robomech_HR/Eglantyne/simulation/install/ros2_control_demo_example_1:/home/hibiki/Robomech_HR/Eglantyne/simulation/install/ros2_control_demo_description:/home/hibiki/Robomech_HR/Eglantyne/simulation/install/gazebo_ros2_control_demos:/home/hibiki/Robomech_HR/Eglantyne/simulation/install/champ_teleop:/home/hibiki/Robomech_HR/Eglantyne/simulation/install/champ_navigation:/home/hibiki/Robomech_HR/Eglantyne/simulation/install/champ_gazebo:/home/hibiki/Robomech_HR/Eglantyne/simulation/install/champ_bringup:/home/hibiki/Robomech_HR/Eglantyne/simulation/install/champ_base:/home/hibiki/Robomech_HR/Eglantyne/simulation/install/champ_msgs:/home/hibiki/Robomech_HR/Eglantyne/simulation/install/champ_description:/home/hibiki/Robomech_HR/Eglantyne/simulation/install/champ_config:/home/hibiki/Robomech_HR/Eglantyne/simulation/install/ros2_control_demo_testing:/opt/ros/humble:/home/hibiki/Robomech_HR/Eglantyne/simulation/install/champ:/home/hibiki/Robomech_HR/Eglantyne/microros/ros2_pub_test/install/vel_pub /usr/bin/cmake --install /home/hibiki/Robomech_HR/Eglantyne/simulation/build/ros2_control_demo_description
[0.366s] Level 1:colcon.colcon_core.shell:create_environment_hook('ros2_control_demo_description', 'cmake_prefix_path')
[0.366s] INFO:colcon.colcon_core.shell:Creating environment hook '/home/hibiki/Robomech_HR/Eglantyne/simulation/install/ros2_control_demo_description/share/ros2_control_demo_description/hook/cmake_prefix_path.ps1'
[0.367s] INFO:colcon.colcon_core.shell:Creating environment descriptor '/home/hibiki/Robomech_HR/Eglantyne/simulation/install/ros2_control_demo_description/share/ros2_control_demo_description/hook/cmake_prefix_path.dsv'
[0.367s] INFO:colcon.colcon_core.shell:Creating environment hook '/home/hibiki/Robomech_HR/Eglantyne/simulation/install/ros2_control_demo_description/share/ros2_control_demo_description/hook/cmake_prefix_path.sh'
[0.367s] Level 1:colcon.colcon_core.environment:checking '/home/hibiki/Robomech_HR/Eglantyne/simulation/install/ros2_control_demo_description/bin'
[0.367s] Level 1:colcon.colcon_core.environment:checking '/home/hibiki/Robomech_HR/Eglantyne/simulation/install/ros2_control_demo_description/lib/pkgconfig/ros2_control_demo_description.pc'
[0.367s] Level 1:colcon.colcon_core.environment:checking '/home/hibiki/Robomech_HR/Eglantyne/simulation/install/ros2_control_demo_description/lib/python3.10/site-packages'
[0.368s] Level 1:colcon.colcon_core.environment:checking '/home/hibiki/Robomech_HR/Eglantyne/simulation/install/ros2_control_demo_description/bin'
[0.368s] INFO:colcon.colcon_core.shell:Creating package script '/home/hibiki/Robomech_HR/Eglantyne/simulation/install/ros2_control_demo_description/share/ros2_control_demo_description/package.ps1'
[0.368s] INFO:colcon.colcon_core.shell:Creating package descriptor '/home/hibiki/Robomech_HR/Eglantyne/simulation/install/ros2_control_demo_description/share/ros2_control_demo_description/package.dsv'
[0.369s] INFO:colcon.colcon_core.shell:Creating package script '/home/hibiki/Robomech_HR/Eglantyne/simulation/install/ros2_control_demo_description/share/ros2_control_demo_description/package.sh'
[0.369s] INFO:colcon.colcon_core.shell:Creating package script '/home/hibiki/Robomech_HR/Eglantyne/simulation/install/ros2_control_demo_description/share/ros2_control_demo_description/package.bash'
[0.369s] INFO:colcon.colcon_core.shell:Creating package script '/home/hibiki/Robomech_HR/Eglantyne/simulation/install/ros2_control_demo_description/share/ros2_control_demo_description/package.zsh'
[0.370s] Level 1:colcon.colcon_core.environment:create_file_with_runtime_dependencies(/home/hibiki/Robomech_HR/Eglantyne/simulation/install/ros2_control_demo_description/share/colcon-core/packages/ros2_control_demo_description)
[0.386s] Level 1:colcon.colcon_core.environment:create_environment_scripts_only(champ_description)
[0.387s] Level 1:colcon.colcon_core.environment:checking '/home/hibiki/Robomech_HR/Eglantyne/simulation/install/champ_description' for CMake module files
[0.390s] DEBUG:colcon.colcon_core.event_handler.log_command:Invoking command in '/home/hibiki/Robomech_HR/Eglantyne/simulation/build/champ_navigation': CMAKE_PREFIX_PATH=/home/hibiki/Robomech_HR/Eglantyne/simulation/install/simple_sim:/home/hibiki/Robomech_HR/Eglantyne/simulation/install/ros2_control_demos:/home/hibiki/Robomech_HR/Eglantyne/simulation/install/ros2_control_demo_example_9:/home/hibiki/Robomech_HR/Eglantyne/simulation/install/ros2_control_demo_example_8:/home/hibiki/Robomech_HR/Eglantyne/simulation/install/ros2_control_demo_example_7:/home/hibiki/Robomech_HR/Eglantyne/simulation/install/ros2_control_demo_example_6:/home/hibiki/Robomech_HR/Eglantyne/simulation/install/ros2_control_demo_example_15:/home/hibiki/Robomech_HR/Eglantyne/simulation/install/ros2_control_demo_example_5:/home/hibiki/Robomech_HR/Eglantyne/simulation/install/ros2_control_demo_example_4:/home/hibiki/Robomech_HR/Eglantyne/simulation/install/ros2_control_demo_example_3:/home/hibiki/Robomech_HR/Eglantyne/simulation/install/ros2_control_demo_example_2:/home/hibiki/Robomech_HR/Eglantyne/simulation/install/ros2_control_demo_example_14:/home/hibiki/Robomech_HR/Eglantyne/simulation/install/ros2_control_demo_example_12:/home/hibiki/Robomech_HR/Eglantyne/simulation/install/ros2_control_demo_example_11:/home/hibiki/Robomech_HR/Eglantyne/simulation/install/ros2_control_demo_example_10:/home/hibiki/Robomech_HR/Eglantyne/simulation/install/ros2_control_demo_example_1:/home/hibiki/Robomech_HR/Eglantyne/simulation/install/ros2_control_demo_description:/home/hibiki/Robomech_HR/Eglantyne/simulation/install/gazebo_ros2_control_demos:/home/hibiki/Robomech_HR/Eglantyne/simulation/install/champ_teleop:/home/hibiki/Robomech_HR/Eglantyne/simulation/install/champ_navigation:/home/hibiki/Robomech_HR/Eglantyne/simulation/install/champ_gazebo:/home/hibiki/Robomech_HR/Eglantyne/simulation/install/champ_bringup:/home/hibiki/Robomech_HR/Eglantyne/simulation/install/champ_base:/home/hibiki/Robomech_HR/Eglantyne/simulation/install/champ_msgs:/home/hibiki/Robomech_HR/Eglantyne/simulation/install/champ_description:/home/hibiki/Robomech_HR/Eglantyne/simulation/install/champ_config:/home/hibiki/Robomech_HR/Eglantyne/simulation/install/ros2_control_demo_testing:/opt/ros/humble:/home/hibiki/Robomech_HR/Eglantyne/simulation/install/champ:/home/hibiki/Robomech_HR/Eglantyne/microros/ros2_pub_test/install/vel_pub /usr/bin/cmake --install /home/hibiki/Robomech_HR/Eglantyne/simulation/build/champ_navigation
[0.391s] DEBUG:colcon.colcon_core.event_handler.log_command:Invoked command in '/home/hibiki/Robomech_HR/Eglantyne/simulation/build/champ_description' returned '0': CMAKE_PREFIX_PATH=/home/hibiki/Robomech_HR/Eglantyne/simulation/install/simple_sim:/home/hibiki/Robomech_HR/Eglantyne/simulation/install/ros2_control_demos:/home/hibiki/Robomech_HR/Eglantyne/simulation/install/ros2_control_demo_example_9:/home/hibiki/Robomech_HR/Eglantyne/simulation/install/ros2_control_demo_example_8:/home/hibiki/Robomech_HR/Eglantyne/simulation/install/ros2_control_demo_example_7:/home/hibiki/Robomech_HR/Eglantyne/simulation/install/ros2_control_demo_example_6:/home/hibiki/Robomech_HR/Eglantyne/simulation/install/ros2_control_demo_example_15:/home/hibiki/Robomech_HR/Eglantyne/simulation/install/ros2_control_demo_example_5:/home/hibiki/Robomech_HR/Eglantyne/simulation/install/ros2_control_demo_example_4:/home/hibiki/Robomech_HR/Eglantyne/simulation/install/ros2_control_demo_example_3:/home/hibiki/Robomech_HR/Eglantyne/simulation/install/ros2_control_demo_example_2:/home/hibiki/Robomech_HR/Eglantyne/simulation/install/ros2_control_demo_example_14:/home/hibiki/Robomech_HR/Eglantyne/simulation/install/ros2_control_demo_example_12:/home/hibiki/Robomech_HR/Eglantyne/simulation/install/ros2_control_demo_example_11:/home/hibiki/Robomech_HR/Eglantyne/simulation/install/ros2_control_demo_example_10:/home/hibiki/Robomech_HR/Eglantyne/simulation/install/ros2_control_demo_example_1:/home/hibiki/Robomech_HR/Eglantyne/simulation/install/ros2_control_demo_description:/home/hibiki/Robomech_HR/Eglantyne/simulation/install/gazebo_ros2_control_demos:/home/hibiki/Robomech_HR/Eglantyne/simulation/install/champ_teleop:/home/hibiki/Robomech_HR/Eglantyne/simulation/install/champ_navigation:/home/hibiki/Robomech_HR/Eglantyne/simulation/install/champ_gazebo:/home/hibiki/Robomech_HR/Eglantyne/simulation/install/champ_bringup:/home/hibiki/Robomech_HR/Eglantyne/simulation/install/champ_base:/home/hibiki/Robomech_HR/Eglantyne/simulation/install/champ_msgs:/home/hibiki/Robomech_HR/Eglantyne/simulation/install/champ_description:/home/hibiki/Robomech_HR/Eglantyne/simulation/install/champ_config:/home/hibiki/Robomech_HR/Eglantyne/simulation/install/ros2_control_demo_testing:/opt/ros/humble:/home/hibiki/Robomech_HR/Eglantyne/simulation/install/champ:/home/hibiki/Robomech_HR/Eglantyne/microros/ros2_pub_test/install/vel_pub /usr/bin/cmake --install /home/hibiki/Robomech_HR/Eglantyne/simulation/build/champ_description
[0.391s] Level 1:colcon.colcon_core.environment:checking '/home/hibiki/Robomech_HR/Eglantyne/simulation/install/champ_description' for CMake config files
[0.391s] Level 1:colcon.colcon_core.shell:create_environment_hook('champ_description', 'cmake_prefix_path')
[0.391s] INFO:colcon.colcon_core.shell:Creating environment hook '/home/hibiki/Robomech_HR/Eglantyne/simulation/install/champ_description/share/champ_description/hook/cmake_prefix_path.ps1'
[0.392s] INFO:colcon.colcon_core.shell:Creating environment descriptor '/home/hibiki/Robomech_HR/Eglantyne/simulation/install/champ_description/share/champ_description/hook/cmake_prefix_path.dsv'
[0.392s] INFO:colcon.colcon_core.shell:Creating environment hook '/home/hibiki/Robomech_HR/Eglantyne/simulation/install/champ_description/share/champ_description/hook/cmake_prefix_path.sh'
[0.393s] Level 1:colcon.colcon_core.environment:checking '/home/hibiki/Robomech_HR/Eglantyne/simulation/install/champ_description/bin'
[0.393s] Level 1:colcon.colcon_core.environment:checking '/home/hibiki/Robomech_HR/Eglantyne/simulation/install/champ_description/lib/pkgconfig/champ_description.pc'
[0.393s] Level 1:colcon.colcon_core.environment:checking '/home/hibiki/Robomech_HR/Eglantyne/simulation/install/champ_description/lib/python3.10/site-packages'
[0.393s] Level 1:colcon.colcon_core.environment:checking '/home/hibiki/Robomech_HR/Eglantyne/simulation/install/champ_description/bin'
[0.394s] INFO:colcon.colcon_core.shell:Creating package script '/home/hibiki/Robomech_HR/Eglantyne/simulation/install/champ_description/share/champ_description/package.ps1'
[0.394s] INFO:colcon.colcon_core.shell:Creating package descriptor '/home/hibiki/Robomech_HR/Eglantyne/simulation/install/champ_description/share/champ_description/package.dsv'
[0.394s] INFO:colcon.colcon_core.shell:Creating package script '/home/hibiki/Robomech_HR/Eglantyne/simulation/install/champ_description/share/champ_description/package.sh'
[0.395s] INFO:colcon.colcon_core.shell:Creating package script '/home/hibiki/Robomech_HR/Eglantyne/simulation/install/champ_description/share/champ_description/package.bash'
[0.395s] INFO:colcon.colcon_core.shell:Creating package script '/home/hibiki/Robomech_HR/Eglantyne/simulation/install/champ_description/share/champ_description/package.zsh'
[0.396s] Level 1:colcon.colcon_core.environment:create_file_with_runtime_dependencies(/home/hibiki/Robomech_HR/Eglantyne/simulation/install/champ_description/share/colcon-core/packages/champ_description)
[0.397s] DEBUG:colcon.colcon_core.event_handler.log_command:Invoked command in '/home/hibiki/Robomech_HR/Eglantyne/simulation/build/gazebo_ros2_control_demos' returned '0': CMAKE_PREFIX_PATH=/home/hibiki/Robomech_HR/Eglantyne/simulation/install/simple_sim:/home/hibiki/Robomech_HR/Eglantyne/simulation/install/ros2_control_demos:/home/hibiki/Robomech_HR/Eglantyne/simulation/install/ros2_control_demo_example_9:/home/hibiki/Robomech_HR/Eglantyne/simulation/install/ros2_control_demo_example_8:/home/hibiki/Robomech_HR/Eglantyne/simulation/install/ros2_control_demo_example_7:/home/hibiki/Robomech_HR/Eglantyne/simulation/install/ros2_control_demo_example_6:/home/hibiki/Robomech_HR/Eglantyne/simulation/install/ros2_control_demo_example_15:/home/hibiki/Robomech_HR/Eglantyne/simulation/install/ros2_control_demo_example_5:/home/hibiki/Robomech_HR/Eglantyne/simulation/install/ros2_control_demo_example_4:/home/hibiki/Robomech_HR/Eglantyne/simulation/install/ros2_control_demo_example_3:/home/hibiki/Robomech_HR/Eglantyne/simulation/install/ros2_control_demo_example_2:/home/hibiki/Robomech_HR/Eglantyne/simulation/install/ros2_control_demo_example_14:/home/hibiki/Robomech_HR/Eglantyne/simulation/install/ros2_control_demo_example_12:/home/hibiki/Robomech_HR/Eglantyne/simulation/install/ros2_control_demo_example_11:/home/hibiki/Robomech_HR/Eglantyne/simulation/install/ros2_control_demo_example_10:/home/hibiki/Robomech_HR/Eglantyne/simulation/install/ros2_control_demo_example_1:/home/hibiki/Robomech_HR/Eglantyne/simulation/install/ros2_control_demo_description:/home/hibiki/Robomech_HR/Eglantyne/simulation/install/gazebo_ros2_control_demos:/home/hibiki/Robomech_HR/Eglantyne/simulation/install/champ_teleop:/home/hibiki/Robomech_HR/Eglantyne/simulation/install/champ_navigation:/home/hibiki/Robomech_HR/Eglantyne/simulation/install/champ_gazebo:/home/hibiki/Robomech_HR/Eglantyne/simulation/install/champ_bringup:/home/hibiki/Robomech_HR/Eglantyne/simulation/install/champ_base:/home/hibiki/Robomech_HR/Eglantyne/simulation/install/champ_msgs:/home/hibiki/Robomech_HR/Eglantyne/simulation/install/champ_description:/home/hibiki/Robomech_HR/Eglantyne/simulation/install/champ_config:/home/hibiki/Robomech_HR/Eglantyne/simulation/install/ros2_control_demo_testing:/opt/ros/humble:/home/hibiki/Robomech_HR/Eglantyne/simulation/install/champ:/home/hibiki/Robomech_HR/Eglantyne/microros/ros2_pub_test/install/vel_pub /usr/bin/cmake --build /home/hibiki/Robomech_HR/Eglantyne/simulation/build/gazebo_ros2_control_demos -- -j16 -l16
[0.399s] DEBUG:colcon.colcon_core.event_handler.log_command:Invoking command in '/home/hibiki/Robomech_HR/Eglantyne/simulation/build/champ_teleop': CMAKE_PREFIX_PATH=/home/hibiki/Robomech_HR/Eglantyne/simulation/install/simple_sim:/home/hibiki/Robomech_HR/Eglantyne/simulation/install/ros2_control_demos:/home/hibiki/Robomech_HR/Eglantyne/simulation/install/ros2_control_demo_example_9:/home/hibiki/Robomech_HR/Eglantyne/simulation/install/ros2_control_demo_example_8:/home/hibiki/Robomech_HR/Eglantyne/simulation/install/ros2_control_demo_example_7:/home/hibiki/Robomech_HR/Eglantyne/simulation/install/ros2_control_demo_example_6:/home/hibiki/Robomech_HR/Eglantyne/simulation/install/ros2_control_demo_example_15:/home/hibiki/Robomech_HR/Eglantyne/simulation/install/ros2_control_demo_example_5:/home/hibiki/Robomech_HR/Eglantyne/simulation/install/ros2_control_demo_example_4:/home/hibiki/Robomech_HR/Eglantyne/simulation/install/ros2_control_demo_example_3:/home/hibiki/Robomech_HR/Eglantyne/simulation/install/ros2_control_demo_example_2:/home/hibiki/Robomech_HR/Eglantyne/simulation/install/ros2_control_demo_example_14:/home/hibiki/Robomech_HR/Eglantyne/simulation/install/ros2_control_demo_example_12:/home/hibiki/Robomech_HR/Eglantyne/simulation/install/ros2_control_demo_example_11:/home/hibiki/Robomech_HR/Eglantyne/simulation/install/ros2_control_demo_example_10:/home/hibiki/Robomech_HR/Eglantyne/simulation/install/ros2_control_demo_example_1:/home/hibiki/Robomech_HR/Eglantyne/simulation/install/ros2_control_demo_description:/home/hibiki/Robomech_HR/Eglantyne/simulation/install/gazebo_ros2_control_demos:/home/hibiki/Robomech_HR/Eglantyne/simulation/install/champ_teleop:/home/hibiki/Robomech_HR/Eglantyne/simulation/install/champ_navigation:/home/hibiki/Robomech_HR/Eglantyne/simulation/install/champ_gazebo:/home/hibiki/Robomech_HR/Eglantyne/simulation/install/champ_bringup:/home/hibiki/Robomech_HR/Eglantyne/simulation/install/champ_base:/home/hibiki/Robomech_HR/Eglantyne/simulation/install/champ_msgs:/home/hibiki/Robomech_HR/Eglantyne/simulation/install/champ_description:/home/hibiki/Robomech_HR/Eglantyne/simulation/install/champ_config:/home/hibiki/Robomech_HR/Eglantyne/simulation/install/ros2_control_demo_testing:/opt/ros/humble:/home/hibiki/Robomech_HR/Eglantyne/simulation/install/champ:/home/hibiki/Robomech_HR/Eglantyne/microros/ros2_pub_test/install/vel_pub /usr/bin/cmake --install /home/hibiki/Robomech_HR/Eglantyne/simulation/build/champ_teleop
[0.399s] Level 1:colcon.colcon_core.environment:create_environment_scripts_only(champ)
[0.400s] Level 1:colcon.colcon_core.environment:checking '/home/hibiki/Robomech_HR/Eglantyne/simulation/install/champ' for CMake module files
[0.400s] DEBUG:colcon.colcon_core.event_handler.log_command:Invoked command in '/home/hibiki/Robomech_HR/Eglantyne/simulation/build/champ' returned '0': CMAKE_PREFIX_PATH=/home/hibiki/Robomech_HR/Eglantyne/simulation/install/simple_sim:/home/hibiki/Robomech_HR/Eglantyne/simulation/install/ros2_control_demos:/home/hibiki/Robomech_HR/Eglantyne/simulation/install/ros2_control_demo_example_9:/home/hibiki/Robomech_HR/Eglantyne/simulation/install/ros2_control_demo_example_8:/home/hibiki/Robomech_HR/Eglantyne/simulation/install/ros2_control_demo_example_7:/home/hibiki/Robomech_HR/Eglantyne/simulation/install/ros2_control_demo_example_6:/home/hibiki/Robomech_HR/Eglantyne/simulation/install/ros2_control_demo_example_15:/home/hibiki/Robomech_HR/Eglantyne/simulation/install/ros2_control_demo_example_5:/home/hibiki/Robomech_HR/Eglantyne/simulation/install/ros2_control_demo_example_4:/home/hibiki/Robomech_HR/Eglantyne/simulation/install/ros2_control_demo_example_3:/home/hibiki/Robomech_HR/Eglantyne/simulation/install/ros2_control_demo_example_2:/home/hibiki/Robomech_HR/Eglantyne/simulation/install/ros2_control_demo_example_14:/home/hibiki/Robomech_HR/Eglantyne/simulation/install/ros2_control_demo_example_12:/home/hibiki/Robomech_HR/Eglantyne/simulation/install/ros2_control_demo_example_11:/home/hibiki/Robomech_HR/Eglantyne/simulation/install/ros2_control_demo_example_10:/home/hibiki/Robomech_HR/Eglantyne/simulation/install/ros2_control_demo_example_1:/home/hibiki/Robomech_HR/Eglantyne/simulation/install/ros2_control_demo_description:/home/hibiki/Robomech_HR/Eglantyne/simulation/install/gazebo_ros2_control_demos:/home/hibiki/Robomech_HR/Eglantyne/simulation/install/champ_teleop:/home/hibiki/Robomech_HR/Eglantyne/simulation/install/champ_navigation:/home/hibiki/Robomech_HR/Eglantyne/simulation/install/champ_gazebo:/home/hibiki/Robomech_HR/Eglantyne/simulation/install/champ_bringup:/home/hibiki/Robomech_HR/Eglantyne/simulation/install/champ_base:/home/hibiki/Robomech_HR/Eglantyne/simulation/install/champ_msgs:/home/hibiki/Robomech_HR/Eglantyne/simulation/install/champ_description:/home/hibiki/Robomech_HR/Eglantyne/simulation/install/champ_config:/home/hibiki/Robomech_HR/Eglantyne/simulation/install/ros2_control_demo_testing:/opt/ros/humble:/home/hibiki/Robomech_HR/Eglantyne/simulation/install/champ:/home/hibiki/Robomech_HR/Eglantyne/microros/ros2_pub_test/install/vel_pub /usr/bin/cmake --install /home/hibiki/Robomech_HR/Eglantyne/simulation/build/champ
[0.400s] Level 1:colcon.colcon_core.environment:checking '/home/hibiki/Robomech_HR/Eglantyne/simulation/install/champ' for CMake config files
[0.401s] Level 1:colcon.colcon_core.shell:create_environment_hook('champ', 'cmake_prefix_path')
[0.401s] INFO:colcon.colcon_core.shell:Creating environment hook '/home/hibiki/Robomech_HR/Eglantyne/simulation/install/champ/share/champ/hook/cmake_prefix_path.ps1'
[0.401s] INFO:colcon.colcon_core.shell:Creating environment descriptor '/home/hibiki/Robomech_HR/Eglantyne/simulation/install/champ/share/champ/hook/cmake_prefix_path.dsv'
[0.402s] INFO:colcon.colcon_core.shell:Creating environment hook '/home/hibiki/Robomech_HR/Eglantyne/simulation/install/champ/share/champ/hook/cmake_prefix_path.sh'
[0.402s] Level 1:colcon.colcon_core.environment:checking '/home/hibiki/Robomech_HR/Eglantyne/simulation/install/champ/bin'
[0.402s] Level 1:colcon.colcon_core.environment:checking '/home/hibiki/Robomech_HR/Eglantyne/simulation/install/champ/lib/pkgconfig/champ.pc'
[0.402s] Level 1:colcon.colcon_core.environment:checking '/home/hibiki/Robomech_HR/Eglantyne/simulation/install/champ/lib/python3.10/site-packages'
[0.403s] Level 1:colcon.colcon_core.environment:checking '/home/hibiki/Robomech_HR/Eglantyne/simulation/install/champ/bin'
[0.403s] INFO:colcon.colcon_core.shell:Creating package script '/home/hibiki/Robomech_HR/Eglantyne/simulation/install/champ/share/champ/package.ps1'
[0.403s] INFO:colcon.colcon_core.shell:Creating package descriptor '/home/hibiki/Robomech_HR/Eglantyne/simulation/install/champ/share/champ/package.dsv'
[0.404s] INFO:colcon.colcon_core.shell:Creating package script '/home/hibiki/Robomech_HR/Eglantyne/simulation/install/champ/share/champ/package.sh'
[0.404s] INFO:colcon.colcon_core.shell:Creating package script '/home/hibiki/Robomech_HR/Eglantyne/simulation/install/champ/share/champ/package.bash'
[0.405s] INFO:colcon.colcon_core.shell:Creating package script '/home/hibiki/Robomech_HR/Eglantyne/simulation/install/champ/share/champ/package.zsh'
[0.405s] Level 1:colcon.colcon_core.environment:create_file_with_runtime_dependencies(/home/hibiki/Robomech_HR/Eglantyne/simulation/install/champ/share/colcon-core/packages/champ)
[0.406s] Level 1:colcon.colcon_core.environment:create_environment_scripts_only(champ_config)
[0.406s] Level 1:colcon.colcon_core.environment:checking '/home/hibiki/Robomech_HR/Eglantyne/simulation/install/champ_config' for CMake module files
[0.406s] DEBUG:colcon.colcon_core.event_handler.log_command:Invoked command in '/home/hibiki/Robomech_HR/Eglantyne/simulation/build/champ_config' returned '0': CMAKE_PREFIX_PATH=/home/hibiki/Robomech_HR/Eglantyne/simulation/install/simple_sim:/home/hibiki/Robomech_HR/Eglantyne/simulation/install/ros2_control_demos:/home/hibiki/Robomech_HR/Eglantyne/simulation/install/ros2_control_demo_example_9:/home/hibiki/Robomech_HR/Eglantyne/simulation/install/ros2_control_demo_example_8:/home/hibiki/Robomech_HR/Eglantyne/simulation/install/ros2_control_demo_example_7:/home/hibiki/Robomech_HR/Eglantyne/simulation/install/ros2_control_demo_example_6:/home/hibiki/Robomech_HR/Eglantyne/simulation/install/ros2_control_demo_example_15:/home/hibiki/Robomech_HR/Eglantyne/simulation/install/ros2_control_demo_example_5:/home/hibiki/Robomech_HR/Eglantyne/simulation/install/ros2_control_demo_example_4:/home/hibiki/Robomech_HR/Eglantyne/simulation/install/ros2_control_demo_example_3:/home/hibiki/Robomech_HR/Eglantyne/simulation/install/ros2_control_demo_example_2:/home/hibiki/Robomech_HR/Eglantyne/simulation/install/ros2_control_demo_example_14:/home/hibiki/Robomech_HR/Eglantyne/simulation/install/ros2_control_demo_example_12:/home/hibiki/Robomech_HR/Eglantyne/simulation/install/ros2_control_demo_example_11:/home/hibiki/Robomech_HR/Eglantyne/simulation/install/ros2_control_demo_example_10:/home/hibiki/Robomech_HR/Eglantyne/simulation/install/ros2_control_demo_example_1:/home/hibiki/Robomech_HR/Eglantyne/simulation/install/ros2_control_demo_description:/home/hibiki/Robomech_HR/Eglantyne/simulation/install/gazebo_ros2_control_demos:/home/hibiki/Robomech_HR/Eglantyne/simulation/install/champ_teleop:/home/hibiki/Robomech_HR/Eglantyne/simulation/install/champ_navigation:/home/hibiki/Robomech_HR/Eglantyne/simulation/install/champ_gazebo:/home/hibiki/Robomech_HR/Eglantyne/simulation/install/champ_bringup:/home/hibiki/Robomech_HR/Eglantyne/simulation/install/champ_base:/home/hibiki/Robomech_HR/Eglantyne/simulation/install/champ_msgs:/home/hibiki/Robomech_HR/Eglantyne/simulation/install/champ_description:/home/hibiki/Robomech_HR/Eglantyne/simulation/install/champ_config:/home/hibiki/Robomech_HR/Eglantyne/simulation/install/ros2_control_demo_testing:/opt/ros/humble:/home/hibiki/Robomech_HR/Eglantyne/simulation/install/champ:/home/hibiki/Robomech_HR/Eglantyne/microros/ros2_pub_test/install/vel_pub /usr/bin/cmake --install /home/hibiki/Robomech_HR/Eglantyne/simulation/build/champ_config
[0.407s] Level 1:colcon.colcon_core.environment:checking '/home/hibiki/Robomech_HR/Eglantyne/simulation/install/champ_config' for CMake config files
[0.407s] Level 1:colcon.colcon_core.shell:create_environment_hook('champ_config', 'cmake_prefix_path')
[0.407s] INFO:colcon.colcon_core.shell:Creating environment hook '/home/hibiki/Robomech_HR/Eglantyne/simulation/install/champ_config/share/champ_config/hook/cmake_prefix_path.ps1'
[0.407s] INFO:colcon.colcon_core.shell:Creating environment descriptor '/home/hibiki/Robomech_HR/Eglantyne/simulation/install/champ_config/share/champ_config/hook/cmake_prefix_path.dsv'
[0.408s] INFO:colcon.colcon_core.shell:Creating environment hook '/home/hibiki/Robomech_HR/Eglantyne/simulation/install/champ_config/share/champ_config/hook/cmake_prefix_path.sh'
[0.408s] Level 1:colcon.colcon_core.environment:checking '/home/hibiki/Robomech_HR/Eglantyne/simulation/install/champ_config/bin'
[0.408s] Level 1:colcon.colcon_core.environment:checking '/home/hibiki/Robomech_HR/Eglantyne/simulation/install/champ_config/lib/pkgconfig/champ_config.pc'
[0.409s] Level 1:colcon.colcon_core.environment:checking '/home/hibiki/Robomech_HR/Eglantyne/simulation/install/champ_config/lib/python3.10/site-packages'
[0.409s] Level 1:colcon.colcon_core.environment:checking '/home/hibiki/Robomech_HR/Eglantyne/simulation/install/champ_config/bin'
[0.409s] INFO:colcon.colcon_core.shell:Creating package script '/home/hibiki/Robomech_HR/Eglantyne/simulation/install/champ_config/share/champ_config/package.ps1'
[0.409s] INFO:colcon.colcon_core.shell:Creating package descriptor '/home/hibiki/Robomech_HR/Eglantyne/simulation/install/champ_config/share/champ_config/package.dsv'
[0.410s] INFO:colcon.colcon_core.shell:Creating package script '/home/hibiki/Robomech_HR/Eglantyne/simulation/install/champ_config/share/champ_config/package.sh'
[0.410s] INFO:colcon.colcon_core.shell:Creating package script '/home/hibiki/Robomech_HR/Eglantyne/simulation/install/champ_config/share/champ_config/package.bash'
[0.410s] INFO:colcon.colcon_core.shell:Creating package script '/home/hibiki/Robomech_HR/Eglantyne/simulation/install/champ_config/share/champ_config/package.zsh'
[0.410s] Level 1:colcon.colcon_core.environment:create_file_with_runtime_dependencies(/home/hibiki/Robomech_HR/Eglantyne/simulation/install/champ_config/share/colcon-core/packages/champ_config)
[0.415s] Level 1:colcon.colcon_core.environment:create_environment_scripts_only(champ_navigation)
[0.415s] Level 1:colcon.colcon_core.environment:checking '/home/hibiki/Robomech_HR/Eglantyne/simulation/install/champ_navigation' for CMake module files
[0.416s] Level 1:colcon.colcon_core.environment:checking '/home/hibiki/Robomech_HR/Eglantyne/simulation/install/champ_navigation' for CMake config files
[0.418s] DEBUG:colcon.colcon_core.event_handler.log_command:Invoked command in '/home/hibiki/Robomech_HR/Eglantyne/simulation/build/champ_navigation' returned '0': CMAKE_PREFIX_PATH=/home/hibiki/Robomech_HR/Eglantyne/simulation/install/simple_sim:/home/hibiki/Robomech_HR/Eglantyne/simulation/install/ros2_control_demos:/home/hibiki/Robomech_HR/Eglantyne/simulation/install/ros2_control_demo_example_9:/home/hibiki/Robomech_HR/Eglantyne/simulation/install/ros2_control_demo_example_8:/home/hibiki/Robomech_HR/Eglantyne/simulation/install/ros2_control_demo_example_7:/home/hibiki/Robomech_HR/Eglantyne/simulation/install/ros2_control_demo_example_6:/home/hibiki/Robomech_HR/Eglantyne/simulation/install/ros2_control_demo_example_15:/home/hibiki/Robomech_HR/Eglantyne/simulation/install/ros2_control_demo_example_5:/home/hibiki/Robomech_HR/Eglantyne/simulation/install/ros2_control_demo_example_4:/home/hibiki/Robomech_HR/Eglantyne/simulation/install/ros2_control_demo_example_3:/home/hibiki/Robomech_HR/Eglantyne/simulation/install/ros2_control_demo_example_2:/home/hibiki/Robomech_HR/Eglantyne/simulation/install/ros2_control_demo_example_14:/home/hibiki/Robomech_HR/Eglantyne/simulation/install/ros2_control_demo_example_12:/home/hibiki/Robomech_HR/Eglantyne/simulation/install/ros2_control_demo_example_11:/home/hibiki/Robomech_HR/Eglantyne/simulation/install/ros2_control_demo_example_10:/home/hibiki/Robomech_HR/Eglantyne/simulation/install/ros2_control_demo_example_1:/home/hibiki/Robomech_HR/Eglantyne/simulation/install/ros2_control_demo_description:/home/hibiki/Robomech_HR/Eglantyne/simulation/install/gazebo_ros2_control_demos:/home/hibiki/Robomech_HR/Eglantyne/simulation/install/champ_teleop:/home/hibiki/Robomech_HR/Eglantyne/simulation/install/champ_navigation:/home/hibiki/Robomech_HR/Eglantyne/simulation/install/champ_gazebo:/home/hibiki/Robomech_HR/Eglantyne/simulation/install/champ_bringup:/home/hibiki/Robomech_HR/Eglantyne/simulation/install/champ_base:/home/hibiki/Robomech_HR/Eglantyne/simulation/install/champ_msgs:/home/hibiki/Robomech_HR/Eglantyne/simulation/install/champ_description:/home/hibiki/Robomech_HR/Eglantyne/simulation/install/champ_config:/home/hibiki/Robomech_HR/Eglantyne/simulation/install/ros2_control_demo_testing:/opt/ros/humble:/home/hibiki/Robomech_HR/Eglantyne/simulation/install/champ:/home/hibiki/Robomech_HR/Eglantyne/microros/ros2_pub_test/install/vel_pub /usr/bin/cmake --install /home/hibiki/Robomech_HR/Eglantyne/simulation/build/champ_navigation
[0.418s] Level 1:colcon.colcon_core.shell:create_environment_hook('champ_navigation', 'cmake_prefix_path')
[0.419s] INFO:colcon.colcon_core.shell:Creating environment hook '/home/hibiki/Robomech_HR/Eglantyne/simulation/install/champ_navigation/share/champ_navigation/hook/cmake_prefix_path.ps1'
[0.419s] INFO:colcon.colcon_core.shell:Creating environment descriptor '/home/hibiki/Robomech_HR/Eglantyne/simulation/install/champ_navigation/share/champ_navigation/hook/cmake_prefix_path.dsv'
[0.419s] INFO:colcon.colcon_core.shell:Creating environment hook '/home/hibiki/Robomech_HR/Eglantyne/simulation/install/champ_navigation/share/champ_navigation/hook/cmake_prefix_path.sh'
[0.420s] Level 1:colcon.colcon_core.environment:checking '/home/hibiki/Robomech_HR/Eglantyne/simulation/install/champ_navigation/bin'
[0.420s] Level 1:colcon.colcon_core.environment:checking '/home/hibiki/Robomech_HR/Eglantyne/simulation/install/champ_navigation/lib/pkgconfig/champ_navigation.pc'
[0.420s] Level 1:colcon.colcon_core.environment:checking '/home/hibiki/Robomech_HR/Eglantyne/simulation/install/champ_navigation/lib/python3.10/site-packages'
[0.420s] Level 1:colcon.colcon_core.environment:checking '/home/hibiki/Robomech_HR/Eglantyne/simulation/install/champ_navigation/bin'
[0.420s] INFO:colcon.colcon_core.shell:Creating package script '/home/hibiki/Robomech_HR/Eglantyne/simulation/install/champ_navigation/share/champ_navigation/package.ps1'
[0.420s] INFO:colcon.colcon_core.shell:Creating package descriptor '/home/hibiki/Robomech_HR/Eglantyne/simulation/install/champ_navigation/share/champ_navigation/package.dsv'
[0.421s] INFO:colcon.colcon_core.shell:Creating package script '/home/hibiki/Robomech_HR/Eglantyne/simulation/install/champ_navigation/share/champ_navigation/package.sh'
[0.421s] INFO:colcon.colcon_core.shell:Creating package script '/home/hibiki/Robomech_HR/Eglantyne/simulation/install/champ_navigation/share/champ_navigation/package.bash'
[0.421s] INFO:colcon.colcon_core.shell:Creating package script '/home/hibiki/Robomech_HR/Eglantyne/simulation/install/champ_navigation/share/champ_navigation/package.zsh'
[0.421s] Level 1:colcon.colcon_core.environment:create_file_with_runtime_dependencies(/home/hibiki/Robomech_HR/Eglantyne/simulation/install/champ_navigation/share/colcon-core/packages/champ_navigation)
[0.422s] Level 1:colcon.colcon_core.environment:create_environment_scripts_only(ros2_control_demo_description)
[0.422s] Level 1:colcon.colcon_core.environment:checking '/home/hibiki/Robomech_HR/Eglantyne/simulation/install/ros2_control_demo_description' for CMake module files
[0.422s] Level 1:colcon.colcon_core.environment:checking '/home/hibiki/Robomech_HR/Eglantyne/simulation/install/ros2_control_demo_description' for CMake config files
[0.423s] Level 1:colcon.colcon_core.shell:create_environment_hook('ros2_control_demo_description', 'cmake_prefix_path')
[0.423s] INFO:colcon.colcon_core.shell:Creating environment hook '/home/hibiki/Robomech_HR/Eglantyne/simulation/install/ros2_control_demo_description/share/ros2_control_demo_description/hook/cmake_prefix_path.ps1'
[0.423s] INFO:colcon.colcon_core.shell:Creating environment descriptor '/home/hibiki/Robomech_HR/Eglantyne/simulation/install/ros2_control_demo_description/share/ros2_control_demo_description/hook/cmake_prefix_path.dsv'
[0.423s] INFO:colcon.colcon_core.shell:Creating environment hook '/home/hibiki/Robomech_HR/Eglantyne/simulation/install/ros2_control_demo_description/share/ros2_control_demo_description/hook/cmake_prefix_path.sh'
[0.423s] Level 1:colcon.colcon_core.environment:checking '/home/hibiki/Robomech_HR/Eglantyne/simulation/install/ros2_control_demo_description/bin'
[0.424s] Level 1:colcon.colcon_core.environment:checking '/home/hibiki/Robomech_HR/Eglantyne/simulation/install/ros2_control_demo_description/lib/pkgconfig/ros2_control_demo_description.pc'
[0.424s] Level 1:colcon.colcon_core.environment:checking '/home/hibiki/Robomech_HR/Eglantyne/simulation/install/ros2_control_demo_description/lib/python3.10/site-packages'
[0.424s] Level 1:colcon.colcon_core.environment:checking '/home/hibiki/Robomech_HR/Eglantyne/simulation/install/ros2_control_demo_description/bin'
[0.424s] INFO:colcon.colcon_core.shell:Creating package script '/home/hibiki/Robomech_HR/Eglantyne/simulation/install/ros2_control_demo_description/share/ros2_control_demo_description/package.ps1'
[0.424s] INFO:colcon.colcon_core.shell:Creating package descriptor '/home/hibiki/Robomech_HR/Eglantyne/simulation/install/ros2_control_demo_description/share/ros2_control_demo_description/package.dsv'
[0.425s] INFO:colcon.colcon_core.shell:Creating package script '/home/hibiki/Robomech_HR/Eglantyne/simulation/install/ros2_control_demo_description/share/ros2_control_demo_description/package.sh'
[0.425s] INFO:colcon.colcon_core.shell:Creating package script '/home/hibiki/Robomech_HR/Eglantyne/simulation/install/ros2_control_demo_description/share/ros2_control_demo_description/package.bash'
[0.425s] INFO:colcon.colcon_core.shell:Creating package script '/home/hibiki/Robomech_HR/Eglantyne/simulation/install/ros2_control_demo_description/share/ros2_control_demo_description/package.zsh'
[0.425s] Level 1:colcon.colcon_core.environment:create_file_with_runtime_dependencies(/home/hibiki/Robomech_HR/Eglantyne/simulation/install/ros2_control_demo_description/share/colcon-core/packages/ros2_control_demo_description)
[0.426s] Level 1:colcon.colcon_core.environment:create_environment_scripts_only(champ_teleop)
[0.426s] Level 1:colcon.colcon_core.environment:checking '/home/hibiki/Robomech_HR/Eglantyne/simulation/install/champ_teleop' for CMake module files
[0.426s] DEBUG:colcon.colcon_core.event_handler.log_command:Invoked command in '/home/hibiki/Robomech_HR/Eglantyne/simulation/build/champ_teleop' returned '0': CMAKE_PREFIX_PATH=/home/hibiki/Robomech_HR/Eglantyne/simulation/install/simple_sim:/home/hibiki/Robomech_HR/Eglantyne/simulation/install/ros2_control_demos:/home/hibiki/Robomech_HR/Eglantyne/simulation/install/ros2_control_demo_example_9:/home/hibiki/Robomech_HR/Eglantyne/simulation/install/ros2_control_demo_example_8:/home/hibiki/Robomech_HR/Eglantyne/simulation/install/ros2_control_demo_example_7:/home/hibiki/Robomech_HR/Eglantyne/simulation/install/ros2_control_demo_example_6:/home/hibiki/Robomech_HR/Eglantyne/simulation/install/ros2_control_demo_example_15:/home/hibiki/Robomech_HR/Eglantyne/simulation/install/ros2_control_demo_example_5:/home/hibiki/Robomech_HR/Eglantyne/simulation/install/ros2_control_demo_example_4:/home/hibiki/Robomech_HR/Eglantyne/simulation/install/ros2_control_demo_example_3:/home/hibiki/Robomech_HR/Eglantyne/simulation/install/ros2_control_demo_example_2:/home/hibiki/Robomech_HR/Eglantyne/simulation/install/ros2_control_demo_example_14:/home/hibiki/Robomech_HR/Eglantyne/simulation/install/ros2_control_demo_example_12:/home/hibiki/Robomech_HR/Eglantyne/simulation/install/ros2_control_demo_example_11:/home/hibiki/Robomech_HR/Eglantyne/simulation/install/ros2_control_demo_example_10:/home/hibiki/Robomech_HR/Eglantyne/simulation/install/ros2_control_demo_example_1:/home/hibiki/Robomech_HR/Eglantyne/simulation/install/ros2_control_demo_description:/home/hibiki/Robomech_HR/Eglantyne/simulation/install/gazebo_ros2_control_demos:/home/hibiki/Robomech_HR/Eglantyne/simulation/install/champ_teleop:/home/hibiki/Robomech_HR/Eglantyne/simulation/install/champ_navigation:/home/hibiki/Robomech_HR/Eglantyne/simulation/install/champ_gazebo:/home/hibiki/Robomech_HR/Eglantyne/simulation/install/champ_bringup:/home/hibiki/Robomech_HR/Eglantyne/simulation/install/champ_base:/home/hibiki/Robomech_HR/Eglantyne/simulation/install/champ_msgs:/home/hibiki/Robomech_HR/Eglantyne/simulation/install/champ_description:/home/hibiki/Robomech_HR/Eglantyne/simulation/install/champ_config:/home/hibiki/Robomech_HR/Eglantyne/simulation/install/ros2_control_demo_testing:/opt/ros/humble:/home/hibiki/Robomech_HR/Eglantyne/simulation/install/champ:/home/hibiki/Robomech_HR/Eglantyne/microros/ros2_pub_test/install/vel_pub /usr/bin/cmake --install /home/hibiki/Robomech_HR/Eglantyne/simulation/build/champ_teleop
[0.426s] Level 1:colcon.colcon_core.environment:checking '/home/hibiki/Robomech_HR/Eglantyne/simulation/install/champ_teleop' for CMake config files
[0.427s] Level 1:colcon.colcon_core.shell:create_environment_hook('champ_teleop', 'cmake_prefix_path')
[0.427s] INFO:colcon.colcon_core.shell:Creating environment hook '/home/hibiki/Robomech_HR/Eglantyne/simulation/install/champ_teleop/share/champ_teleop/hook/cmake_prefix_path.ps1'
[0.427s] INFO:colcon.colcon_core.shell:Creating environment descriptor '/home/hibiki/Robomech_HR/Eglantyne/simulation/install/champ_teleop/share/champ_teleop/hook/cmake_prefix_path.dsv'
[0.428s] INFO:colcon.colcon_core.shell:Creating environment hook '/home/hibiki/Robomech_HR/Eglantyne/simulation/install/champ_teleop/share/champ_teleop/hook/cmake_prefix_path.sh'
[0.428s] Level 1:colcon.colcon_core.environment:checking '/home/hibiki/Robomech_HR/Eglantyne/simulation/install/champ_teleop/lib'
[0.428s] Level 1:colcon.colcon_core.environment:checking '/home/hibiki/Robomech_HR/Eglantyne/simulation/install/champ_teleop/bin'
[0.428s] Level 1:colcon.colcon_core.environment:checking '/home/hibiki/Robomech_HR/Eglantyne/simulation/install/champ_teleop/lib/pkgconfig/champ_teleop.pc'
[0.429s] Level 1:colcon.colcon_core.environment:checking '/home/hibiki/Robomech_HR/Eglantyne/simulation/install/champ_teleop/lib/python3.10/site-packages'
[0.429s] Level 1:colcon.colcon_core.environment:checking '/home/hibiki/Robomech_HR/Eglantyne/simulation/install/champ_teleop/bin'
[0.429s] INFO:colcon.colcon_core.shell:Creating package script '/home/hibiki/Robomech_HR/Eglantyne/simulation/install/champ_teleop/share/champ_teleop/package.ps1'
[0.429s] INFO:colcon.colcon_core.shell:Creating package descriptor '/home/hibiki/Robomech_HR/Eglantyne/simulation/install/champ_teleop/share/champ_teleop/package.dsv'
[0.430s] INFO:colcon.colcon_core.shell:Creating package script '/home/hibiki/Robomech_HR/Eglantyne/simulation/install/champ_teleop/share/champ_teleop/package.sh'
[0.430s] INFO:colcon.colcon_core.shell:Creating package script '/home/hibiki/Robomech_HR/Eglantyne/simulation/install/champ_teleop/share/champ_teleop/package.bash'
[0.430s] INFO:colcon.colcon_core.shell:Creating package script '/home/hibiki/Robomech_HR/Eglantyne/simulation/install/champ_teleop/share/champ_teleop/package.zsh'
[0.431s] Level 1:colcon.colcon_core.environment:create_file_with_runtime_dependencies(/home/hibiki/Robomech_HR/Eglantyne/simulation/install/champ_teleop/share/colcon-core/packages/champ_teleop)
[0.432s] Level 1:colcon.colcon_core.environment:create_environment_scripts_only(champ_description)
[0.433s] Level 1:colcon.colcon_core.environment:checking '/home/hibiki/Robomech_HR/Eglantyne/simulation/install/champ_description' for CMake module files
[0.433s] Level 1:colcon.colcon_core.environment:checking '/home/hibiki/Robomech_HR/Eglantyne/simulation/install/champ_description' for CMake config files
[0.433s] Level 1:colcon.colcon_core.shell:create_environment_hook('champ_description', 'cmake_prefix_path')
[0.434s] INFO:colcon.colcon_core.shell:Creating environment hook '/home/hibiki/Robomech_HR/Eglantyne/simulation/install/champ_description/share/champ_description/hook/cmake_prefix_path.ps1'
[0.434s] INFO:colcon.colcon_core.shell:Creating environment descriptor '/home/hibiki/Robomech_HR/Eglantyne/simulation/install/champ_description/share/champ_description/hook/cmake_prefix_path.dsv'
[0.434s] INFO:colcon.colcon_core.shell:Creating environment hook '/home/hibiki/Robomech_HR/Eglantyne/simulation/install/champ_description/share/champ_description/hook/cmake_prefix_path.sh'
[0.435s] Level 1:colcon.colcon_core.environment:checking '/home/hibiki/Robomech_HR/Eglantyne/simulation/install/champ_description/bin'
[0.435s] Level 1:colcon.colcon_core.environment:checking '/home/hibiki/Robomech_HR/Eglantyne/simulation/install/champ_description/lib/pkgconfig/champ_description.pc'
[0.435s] Level 1:colcon.colcon_core.environment:checking '/home/hibiki/Robomech_HR/Eglantyne/simulation/install/champ_description/lib/python3.10/site-packages'
[0.435s] Level 1:colcon.colcon_core.environment:checking '/home/hibiki/Robomech_HR/Eglantyne/simulation/install/champ_description/bin'
[0.435s] INFO:colcon.colcon_core.shell:Creating package script '/home/hibiki/Robomech_HR/Eglantyne/simulation/install/champ_description/share/champ_description/package.ps1'
[0.436s] INFO:colcon.colcon_core.shell:Creating package descriptor '/home/hibiki/Robomech_HR/Eglantyne/simulation/install/champ_description/share/champ_description/package.dsv'
[0.436s] INFO:colcon.colcon_core.shell:Creating package script '/home/hibiki/Robomech_HR/Eglantyne/simulation/install/champ_description/share/champ_description/package.sh'
[0.437s] INFO:colcon.colcon_core.shell:Creating package script '/home/hibiki/Robomech_HR/Eglantyne/simulation/install/champ_description/share/champ_description/package.bash'
[0.437s] INFO:colcon.colcon_core.shell:Creating package script '/home/hibiki/Robomech_HR/Eglantyne/simulation/install/champ_description/share/champ_description/package.zsh'
[0.438s] Level 1:colcon.colcon_core.environment:create_file_with_runtime_dependencies(/home/hibiki/Robomech_HR/Eglantyne/simulation/install/champ_description/share/colcon-core/packages/champ_description)
[0.439s] Level 1:colcon.colcon_core.environment:create_environment_scripts_only(champ_config)
[0.439s] Level 1:colcon.colcon_core.environment:checking '/home/hibiki/Robomech_HR/Eglantyne/simulation/install/champ_config' for CMake module files
[0.440s] Level 1:colcon.colcon_core.environment:checking '/home/hibiki/Robomech_HR/Eglantyne/simulation/install/champ_config' for CMake config files
[0.440s] Level 1:colcon.colcon_core.shell:create_environment_hook('champ_config', 'cmake_prefix_path')
[0.440s] INFO:colcon.colcon_core.shell:Creating environment hook '/home/hibiki/Robomech_HR/Eglantyne/simulation/install/champ_config/share/champ_config/hook/cmake_prefix_path.ps1'
[0.440s] INFO:colcon.colcon_core.shell:Creating environment descriptor '/home/hibiki/Robomech_HR/Eglantyne/simulation/install/champ_config/share/champ_config/hook/cmake_prefix_path.dsv'
[0.440s] INFO:colcon.colcon_core.shell:Creating environment hook '/home/hibiki/Robomech_HR/Eglantyne/simulation/install/champ_config/share/champ_config/hook/cmake_prefix_path.sh'
[0.441s] Level 1:colcon.colcon_core.environment:checking '/home/hibiki/Robomech_HR/Eglantyne/simulation/install/champ_config/bin'
[0.441s] Level 1:colcon.colcon_core.environment:checking '/home/hibiki/Robomech_HR/Eglantyne/simulation/install/champ_config/lib/pkgconfig/champ_config.pc'
[0.441s] Level 1:colcon.colcon_core.environment:checking '/home/hibiki/Robomech_HR/Eglantyne/simulation/install/champ_config/lib/python3.10/site-packages'
[0.441s] Level 1:colcon.colcon_core.environment:checking '/home/hibiki/Robomech_HR/Eglantyne/simulation/install/champ_config/bin'
[0.441s] INFO:colcon.colcon_core.shell:Creating package script '/home/hibiki/Robomech_HR/Eglantyne/simulation/install/champ_config/share/champ_config/package.ps1'
[0.441s] INFO:colcon.colcon_core.shell:Creating package descriptor '/home/hibiki/Robomech_HR/Eglantyne/simulation/install/champ_config/share/champ_config/package.dsv'
[0.442s] INFO:colcon.colcon_core.shell:Creating package script '/home/hibiki/Robomech_HR/Eglantyne/simulation/install/champ_config/share/champ_config/package.sh'
[0.442s] INFO:colcon.colcon_core.shell:Creating package script '/home/hibiki/Robomech_HR/Eglantyne/simulation/install/champ_config/share/champ_config/package.bash'
[0.442s] INFO:colcon.colcon_core.shell:Creating package script '/home/hibiki/Robomech_HR/Eglantyne/simulation/install/champ_config/share/champ_config/package.zsh'
[0.442s] Level 1:colcon.colcon_core.environment:create_file_with_runtime_dependencies(/home/hibiki/Robomech_HR/Eglantyne/simulation/install/champ_config/share/colcon-core/packages/champ_config)
[0.442s] Level 1:colcon.colcon_core.environment:create_environment_scripts_only(champ)
[0.442s] Level 1:colcon.colcon_core.environment:checking '/home/hibiki/Robomech_HR/Eglantyne/simulation/install/champ' for CMake module files
[0.443s] Level 1:colcon.colcon_core.environment:checking '/home/hibiki/Robomech_HR/Eglantyne/simulation/install/champ' for CMake config files
[0.443s] Level 1:colcon.colcon_core.shell:create_environment_hook('champ', 'cmake_prefix_path')
[0.444s] INFO:colcon.colcon_core.shell:Creating environment hook '/home/hibiki/Robomech_HR/Eglantyne/simulation/install/champ/share/champ/hook/cmake_prefix_path.ps1'
[0.444s] INFO:colcon.colcon_core.shell:Creating environment descriptor '/home/hibiki/Robomech_HR/Eglantyne/simulation/install/champ/share/champ/hook/cmake_prefix_path.dsv'
[0.444s] INFO:colcon.colcon_core.shell:Creating environment hook '/home/hibiki/Robomech_HR/Eglantyne/simulation/install/champ/share/champ/hook/cmake_prefix_path.sh'
[0.445s] Level 1:colcon.colcon_core.environment:checking '/home/hibiki/Robomech_HR/Eglantyne/simulation/install/champ/bin'
[0.445s] Level 1:colcon.colcon_core.environment:checking '/home/hibiki/Robomech_HR/Eglantyne/simulation/install/champ/lib/pkgconfig/champ.pc'
[0.445s] Level 1:colcon.colcon_core.environment:checking '/home/hibiki/Robomech_HR/Eglantyne/simulation/install/champ/lib/python3.10/site-packages'
[0.445s] Level 1:colcon.colcon_core.environment:checking '/home/hibiki/Robomech_HR/Eglantyne/simulation/install/champ/bin'
[0.446s] INFO:colcon.colcon_core.shell:Creating package script '/home/hibiki/Robomech_HR/Eglantyne/simulation/install/champ/share/champ/package.ps1'
[0.446s] INFO:colcon.colcon_core.shell:Creating package descriptor '/home/hibiki/Robomech_HR/Eglantyne/simulation/install/champ/share/champ/package.dsv'
[0.447s] INFO:colcon.colcon_core.shell:Creating package script '/home/hibiki/Robomech_HR/Eglantyne/simulation/install/champ/share/champ/package.sh'
[0.447s] INFO:colcon.colcon_core.shell:Creating package script '/home/hibiki/Robomech_HR/Eglantyne/simulation/install/champ/share/champ/package.bash'
[0.447s] INFO:colcon.colcon_core.shell:Creating package script '/home/hibiki/Robomech_HR/Eglantyne/simulation/install/champ/share/champ/package.zsh'
[0.448s] Level 1:colcon.colcon_core.environment:create_file_with_runtime_dependencies(/home/hibiki/Robomech_HR/Eglantyne/simulation/install/champ/share/colcon-core/packages/champ)
[0.449s] Level 1:colcon.colcon_core.environment:create_environment_scripts_only(champ_navigation)
[0.449s] Level 1:colcon.colcon_core.environment:checking '/home/hibiki/Robomech_HR/Eglantyne/simulation/install/champ_navigation' for CMake module files
[0.450s] Level 1:colcon.colcon_core.environment:checking '/home/hibiki/Robomech_HR/Eglantyne/simulation/install/champ_navigation' for CMake config files
[0.450s] Level 1:colcon.colcon_core.shell:create_environment_hook('champ_navigation', 'cmake_prefix_path')
[0.450s] INFO:colcon.colcon_core.shell:Creating environment hook '/home/hibiki/Robomech_HR/Eglantyne/simulation/install/champ_navigation/share/champ_navigation/hook/cmake_prefix_path.ps1'
[0.451s] INFO:colcon.colcon_core.shell:Creating environment descriptor '/home/hibiki/Robomech_HR/Eglantyne/simulation/install/champ_navigation/share/champ_navigation/hook/cmake_prefix_path.dsv'
[0.451s] INFO:colcon.colcon_core.shell:Creating environment hook '/home/hibiki/Robomech_HR/Eglantyne/simulation/install/champ_navigation/share/champ_navigation/hook/cmake_prefix_path.sh'
[0.451s] Level 1:colcon.colcon_core.environment:checking '/home/hibiki/Robomech_HR/Eglantyne/simulation/install/champ_navigation/bin'
[0.451s] Level 1:colcon.colcon_core.environment:checking '/home/hibiki/Robomech_HR/Eglantyne/simulation/install/champ_navigation/lib/pkgconfig/champ_navigation.pc'
[0.451s] Level 1:colcon.colcon_core.environment:checking '/home/hibiki/Robomech_HR/Eglantyne/simulation/install/champ_navigation/lib/python3.10/site-packages'
[0.452s] Level 1:colcon.colcon_core.environment:checking '/home/hibiki/Robomech_HR/Eglantyne/simulation/install/champ_navigation/bin'
[0.452s] INFO:colcon.colcon_core.shell:Creating package script '/home/hibiki/Robomech_HR/Eglantyne/simulation/install/champ_navigation/share/champ_navigation/package.ps1'
[0.452s] INFO:colcon.colcon_core.shell:Creating package descriptor '/home/hibiki/Robomech_HR/Eglantyne/simulation/install/champ_navigation/share/champ_navigation/package.dsv'
[0.452s] INFO:colcon.colcon_core.shell:Creating package script '/home/hibiki/Robomech_HR/Eglantyne/simulation/install/champ_navigation/share/champ_navigation/package.sh'
[0.453s] INFO:colcon.colcon_core.shell:Creating package script '/home/hibiki/Robomech_HR/Eglantyne/simulation/install/champ_navigation/share/champ_navigation/package.bash'
[0.453s] INFO:colcon.colcon_core.shell:Creating package script '/home/hibiki/Robomech_HR/Eglantyne/simulation/install/champ_navigation/share/champ_navigation/package.zsh'
[0.453s] Level 1:colcon.colcon_core.environment:create_file_with_runtime_dependencies(/home/hibiki/Robomech_HR/Eglantyne/simulation/install/champ_navigation/share/colcon-core/packages/champ_navigation)
[0.454s] Level 1:colcon.colcon_core.environment:create_environment_scripts_only(champ_teleop)
[0.455s] Level 1:colcon.colcon_core.environment:checking '/home/hibiki/Robomech_HR/Eglantyne/simulation/install/champ_teleop' for CMake module files
[0.456s] DEBUG:colcon.colcon_core.event_handler.log_command:Invoking command in '/home/hibiki/Robomech_HR/Eglantyne/simulation/build/gazebo_ros2_control_demos': CMAKE_PREFIX_PATH=/home/hibiki/Robomech_HR/Eglantyne/simulation/install/simple_sim:/home/hibiki/Robomech_HR/Eglantyne/simulation/install/ros2_control_demos:/home/hibiki/Robomech_HR/Eglantyne/simulation/install/ros2_control_demo_example_9:/home/hibiki/Robomech_HR/Eglantyne/simulation/install/ros2_control_demo_example_8:/home/hibiki/Robomech_HR/Eglantyne/simulation/install/ros2_control_demo_example_7:/home/hibiki/Robomech_HR/Eglantyne/simulation/install/ros2_control_demo_example_6:/home/hibiki/Robomech_HR/Eglantyne/simulation/install/ros2_control_demo_example_15:/home/hibiki/Robomech_HR/Eglantyne/simulation/install/ros2_control_demo_example_5:/home/hibiki/Robomech_HR/Eglantyne/simulation/install/ros2_control_demo_example_4:/home/hibiki/Robomech_HR/Eglantyne/simulation/install/ros2_control_demo_example_3:/home/hibiki/Robomech_HR/Eglantyne/simulation/install/ros2_control_demo_example_2:/home/hibiki/Robomech_HR/Eglantyne/simulation/install/ros2_control_demo_example_14:/home/hibiki/Robomech_HR/Eglantyne/simulation/install/ros2_control_demo_example_12:/home/hibiki/Robomech_HR/Eglantyne/simulation/install/ros2_control_demo_example_11:/home/hibiki/Robomech_HR/Eglantyne/simulation/install/ros2_control_demo_example_10:/home/hibiki/Robomech_HR/Eglantyne/simulation/install/ros2_control_demo_example_1:/home/hibiki/Robomech_HR/Eglantyne/simulation/install/ros2_control_demo_description:/home/hibiki/Robomech_HR/Eglantyne/simulation/install/gazebo_ros2_control_demos:/home/hibiki/Robomech_HR/Eglantyne/simulation/install/champ_teleop:/home/hibiki/Robomech_HR/Eglantyne/simulation/install/champ_navigation:/home/hibiki/Robomech_HR/Eglantyne/simulation/install/champ_gazebo:/home/hibiki/Robomech_HR/Eglantyne/simulation/install/champ_bringup:/home/hibiki/Robomech_HR/Eglantyne/simulation/install/champ_base:/home/hibiki/Robomech_HR/Eglantyne/simulation/install/champ_msgs:/home/hibiki/Robomech_HR/Eglantyne/simulation/install/champ_description:/home/hibiki/Robomech_HR/Eglantyne/simulation/install/champ_config:/home/hibiki/Robomech_HR/Eglantyne/simulation/install/ros2_control_demo_testing:/opt/ros/humble:/home/hibiki/Robomech_HR/Eglantyne/simulation/install/champ:/home/hibiki/Robomech_HR/Eglantyne/microros/ros2_pub_test/install/vel_pub /usr/bin/cmake --install /home/hibiki/Robomech_HR/Eglantyne/simulation/build/gazebo_ros2_control_demos
[0.456s] Level 1:colcon.colcon_core.environment:checking '/home/hibiki/Robomech_HR/Eglantyne/simulation/install/champ_teleop' for CMake config files
[0.456s] Level 1:colcon.colcon_core.shell:create_environment_hook('champ_teleop', 'cmake_prefix_path')
[0.457s] INFO:colcon.colcon_core.shell:Creating environment hook '/home/hibiki/Robomech_HR/Eglantyne/simulation/install/champ_teleop/share/champ_teleop/hook/cmake_prefix_path.ps1'
[0.457s] INFO:colcon.colcon_core.shell:Creating environment descriptor '/home/hibiki/Robomech_HR/Eglantyne/simulation/install/champ_teleop/share/champ_teleop/hook/cmake_prefix_path.dsv'
[0.460s] INFO:colcon.colcon_core.shell:Creating environment hook '/home/hibiki/Robomech_HR/Eglantyne/simulation/install/champ_teleop/share/champ_teleop/hook/cmake_prefix_path.sh'
[0.462s] Level 1:colcon.colcon_core.environment:checking '/home/hibiki/Robomech_HR/Eglantyne/simulation/install/champ_teleop/lib'
[0.462s] Level 1:colcon.colcon_core.environment:checking '/home/hibiki/Robomech_HR/Eglantyne/simulation/install/champ_teleop/bin'
[0.462s] Level 1:colcon.colcon_core.environment:checking '/home/hibiki/Robomech_HR/Eglantyne/simulation/install/champ_teleop/lib/pkgconfig/champ_teleop.pc'
[0.462s] Level 1:colcon.colcon_core.environment:checking '/home/hibiki/Robomech_HR/Eglantyne/simulation/install/champ_teleop/lib/python3.10/site-packages'
[0.462s] Level 1:colcon.colcon_core.environment:checking '/home/hibiki/Robomech_HR/Eglantyne/simulation/install/champ_teleop/bin'
[0.462s] INFO:colcon.colcon_core.shell:Creating package script '/home/hibiki/Robomech_HR/Eglantyne/simulation/install/champ_teleop/share/champ_teleop/package.ps1'
[0.463s] INFO:colcon.colcon_core.shell:Creating package descriptor '/home/hibiki/Robomech_HR/Eglantyne/simulation/install/champ_teleop/share/champ_teleop/package.dsv'
[0.464s] INFO:colcon.colcon_core.shell:Creating package script '/home/hibiki/Robomech_HR/Eglantyne/simulation/install/champ_teleop/share/champ_teleop/package.sh'
[0.464s] INFO:colcon.colcon_core.shell:Creating package script '/home/hibiki/Robomech_HR/Eglantyne/simulation/install/champ_teleop/share/champ_teleop/package.bash'
[0.464s] INFO:colcon.colcon_core.shell:Creating package script '/home/hibiki/Robomech_HR/Eglantyne/simulation/install/champ_teleop/share/champ_teleop/package.zsh'
[0.464s] Level 1:colcon.colcon_core.environment:create_file_with_runtime_dependencies(/home/hibiki/Robomech_HR/Eglantyne/simulation/install/champ_teleop/share/colcon-core/packages/champ_teleop)
[0.465s] Level 1:colcon.colcon_core.environment:create_environment_scripts_only(gazebo_ros2_control_demos)
[0.465s] Level 1:colcon.colcon_core.environment:checking '/home/hibiki/Robomech_HR/Eglantyne/simulation/install/gazebo_ros2_control_demos' for CMake module files
[0.466s] DEBUG:colcon.colcon_core.event_handler.log_command:Invoked command in '/home/hibiki/Robomech_HR/Eglantyne/simulation/build/gazebo_ros2_control_demos' returned '0': CMAKE_PREFIX_PATH=/home/hibiki/Robomech_HR/Eglantyne/simulation/install/simple_sim:/home/hibiki/Robomech_HR/Eglantyne/simulation/install/ros2_control_demos:/home/hibiki/Robomech_HR/Eglantyne/simulation/install/ros2_control_demo_example_9:/home/hibiki/Robomech_HR/Eglantyne/simulation/install/ros2_control_demo_example_8:/home/hibiki/Robomech_HR/Eglantyne/simulation/install/ros2_control_demo_example_7:/home/hibiki/Robomech_HR/Eglantyne/simulation/install/ros2_control_demo_example_6:/home/hibiki/Robomech_HR/Eglantyne/simulation/install/ros2_control_demo_example_15:/home/hibiki/Robomech_HR/Eglantyne/simulation/install/ros2_control_demo_example_5:/home/hibiki/Robomech_HR/Eglantyne/simulation/install/ros2_control_demo_example_4:/home/hibiki/Robomech_HR/Eglantyne/simulation/install/ros2_control_demo_example_3:/home/hibiki/Robomech_HR/Eglantyne/simulation/install/ros2_control_demo_example_2:/home/hibiki/Robomech_HR/Eglantyne/simulation/install/ros2_control_demo_example_14:/home/hibiki/Robomech_HR/Eglantyne/simulation/install/ros2_control_demo_example_12:/home/hibiki/Robomech_HR/Eglantyne/simulation/install/ros2_control_demo_example_11:/home/hibiki/Robomech_HR/Eglantyne/simulation/install/ros2_control_demo_example_10:/home/hibiki/Robomech_HR/Eglantyne/simulation/install/ros2_control_demo_example_1:/home/hibiki/Robomech_HR/Eglantyne/simulation/install/ros2_control_demo_description:/home/hibiki/Robomech_HR/Eglantyne/simulation/install/gazebo_ros2_control_demos:/home/hibiki/Robomech_HR/Eglantyne/simulation/install/champ_teleop:/home/hibiki/Robomech_HR/Eglantyne/simulation/install/champ_navigation:/home/hibiki/Robomech_HR/Eglantyne/simulation/install/champ_gazebo:/home/hibiki/Robomech_HR/Eglantyne/simulation/install/champ_bringup:/home/hibiki/Robomech_HR/Eglantyne/simulation/install/champ_base:/home/hibiki/Robomech_HR/Eglantyne/simulation/install/champ_msgs:/home/hibiki/Robomech_HR/Eglantyne/simulation/install/champ_description:/home/hibiki/Robomech_HR/Eglantyne/simulation/install/champ_config:/home/hibiki/Robomech_HR/Eglantyne/simulation/install/ros2_control_demo_testing:/opt/ros/humble:/home/hibiki/Robomech_HR/Eglantyne/simulation/install/champ:/home/hibiki/Robomech_HR/Eglantyne/microros/ros2_pub_test/install/vel_pub /usr/bin/cmake --install /home/hibiki/Robomech_HR/Eglantyne/simulation/build/gazebo_ros2_control_demos
[0.466s] Level 1:colcon.colcon_core.environment:checking '/home/hibiki/Robomech_HR/Eglantyne/simulation/install/gazebo_ros2_control_demos' for CMake config files
[0.467s] Level 1:colcon.colcon_core.shell:create_environment_hook('gazebo_ros2_control_demos', 'cmake_prefix_path')
[0.467s] INFO:colcon.colcon_core.shell:Creating environment hook '/home/hibiki/Robomech_HR/Eglantyne/simulation/install/gazebo_ros2_control_demos/share/gazebo_ros2_control_demos/hook/cmake_prefix_path.ps1'
[0.467s] INFO:colcon.colcon_core.shell:Creating environment descriptor '/home/hibiki/Robomech_HR/Eglantyne/simulation/install/gazebo_ros2_control_demos/share/gazebo_ros2_control_demos/hook/cmake_prefix_path.dsv'
[0.467s] INFO:colcon.colcon_core.shell:Creating environment hook '/home/hibiki/Robomech_HR/Eglantyne/simulation/install/gazebo_ros2_control_demos/share/gazebo_ros2_control_demos/hook/cmake_prefix_path.sh'
[0.468s] Level 1:colcon.colcon_core.environment:checking '/home/hibiki/Robomech_HR/Eglantyne/simulation/install/gazebo_ros2_control_demos/lib'
[0.468s] Level 1:colcon.colcon_core.environment:checking '/home/hibiki/Robomech_HR/Eglantyne/simulation/install/gazebo_ros2_control_demos/bin'
[0.468s] Level 1:colcon.colcon_core.environment:checking '/home/hibiki/Robomech_HR/Eglantyne/simulation/install/gazebo_ros2_control_demos/lib/pkgconfig/gazebo_ros2_control_demos.pc'
[0.468s] Level 1:colcon.colcon_core.environment:checking '/home/hibiki/Robomech_HR/Eglantyne/simulation/install/gazebo_ros2_control_demos/lib/python3.10/site-packages'
[0.468s] Level 1:colcon.colcon_core.environment:checking '/home/hibiki/Robomech_HR/Eglantyne/simulation/install/gazebo_ros2_control_demos/bin'
[0.468s] INFO:colcon.colcon_core.shell:Creating package script '/home/hibiki/Robomech_HR/Eglantyne/simulation/install/gazebo_ros2_control_demos/share/gazebo_ros2_control_demos/package.ps1'
[0.469s] INFO:colcon.colcon_core.shell:Creating package descriptor '/home/hibiki/Robomech_HR/Eglantyne/simulation/install/gazebo_ros2_control_demos/share/gazebo_ros2_control_demos/package.dsv'
[0.469s] INFO:colcon.colcon_core.shell:Creating package script '/home/hibiki/Robomech_HR/Eglantyne/simulation/install/gazebo_ros2_control_demos/share/gazebo_ros2_control_demos/package.sh'
[0.469s] INFO:colcon.colcon_core.shell:Creating package script '/home/hibiki/Robomech_HR/Eglantyne/simulation/install/gazebo_ros2_control_demos/share/gazebo_ros2_control_demos/package.bash'
[0.469s] INFO:colcon.colcon_core.shell:Creating package script '/home/hibiki/Robomech_HR/Eglantyne/simulation/install/gazebo_ros2_control_demos/share/gazebo_ros2_control_demos/package.zsh'
[0.469s] Level 1:colcon.colcon_core.environment:create_file_with_runtime_dependencies(/home/hibiki/Robomech_HR/Eglantyne/simulation/install/gazebo_ros2_control_demos/share/colcon-core/packages/gazebo_ros2_control_demos)
[0.519s] Level 1:colcon.colcon_core.environment:create_environment_scripts_only(gazebo_ros2_control_demos)
[0.519s] Level 1:colcon.colcon_core.environment:checking '/home/hibiki/Robomech_HR/Eglantyne/simulation/install/gazebo_ros2_control_demos' for CMake module files
[0.520s] Level 1:colcon.colcon_core.environment:checking '/home/hibiki/Robomech_HR/Eglantyne/simulation/install/gazebo_ros2_control_demos' for CMake config files
[0.520s] Level 1:colcon.colcon_core.shell:create_environment_hook('gazebo_ros2_control_demos', 'cmake_prefix_path')
[0.520s] INFO:colcon.colcon_core.shell:Creating environment hook '/home/hibiki/Robomech_HR/Eglantyne/simulation/install/gazebo_ros2_control_demos/share/gazebo_ros2_control_demos/hook/cmake_prefix_path.ps1'
[0.521s] INFO:colcon.colcon_core.shell:Creating environment descriptor '/home/hibiki/Robomech_HR/Eglantyne/simulation/install/gazebo_ros2_control_demos/share/gazebo_ros2_control_demos/hook/cmake_prefix_path.dsv'
[0.521s] INFO:colcon.colcon_core.shell:Creating environment hook '/home/hibiki/Robomech_HR/Eglantyne/simulation/install/gazebo_ros2_control_demos/share/gazebo_ros2_control_demos/hook/cmake_prefix_path.sh'
[0.522s] Level 1:colcon.colcon_core.environment:checking '/home/hibiki/Robomech_HR/Eglantyne/simulation/install/gazebo_ros2_control_demos/lib'
[0.522s] Level 1:colcon.colcon_core.environment:checking '/home/hibiki/Robomech_HR/Eglantyne/simulation/install/gazebo_ros2_control_demos/bin'
[0.522s] Level 1:colcon.colcon_core.environment:checking '/home/hibiki/Robomech_HR/Eglantyne/simulation/install/gazebo_ros2_control_demos/lib/pkgconfig/gazebo_ros2_control_demos.pc'
[0.522s] Level 1:colcon.colcon_core.environment:checking '/home/hibiki/Robomech_HR/Eglantyne/simulation/install/gazebo_ros2_control_demos/lib/python3.10/site-packages'
[0.522s] Level 1:colcon.colcon_core.environment:checking '/home/hibiki/Robomech_HR/Eglantyne/simulation/install/gazebo_ros2_control_demos/bin'
[0.522s] INFO:colcon.colcon_core.shell:Creating package script '/home/hibiki/Robomech_HR/Eglantyne/simulation/install/gazebo_ros2_control_demos/share/gazebo_ros2_control_demos/package.ps1'
[0.523s] INFO:colcon.colcon_core.shell:Creating package descriptor '/home/hibiki/Robomech_HR/Eglantyne/simulation/install/gazebo_ros2_control_demos/share/gazebo_ros2_control_demos/package.dsv'
[0.523s] INFO:colcon.colcon_core.shell:Creating package script '/home/hibiki/Robomech_HR/Eglantyne/simulation/install/gazebo_ros2_control_demos/share/gazebo_ros2_control_demos/package.sh'
[0.524s] INFO:colcon.colcon_core.shell:Creating package script '/home/hibiki/Robomech_HR/Eglantyne/simulation/install/gazebo_ros2_control_demos/share/gazebo_ros2_control_demos/package.bash'
[0.525s] INFO:colcon.colcon_core.shell:Creating package script '/home/hibiki/Robomech_HR/Eglantyne/simulation/install/gazebo_ros2_control_demos/share/gazebo_ros2_control_demos/package.zsh'
[0.525s] Level 1:colcon.colcon_core.environment:create_file_with_runtime_dependencies(/home/hibiki/Robomech_HR/Eglantyne/simulation/install/gazebo_ros2_control_demos/share/colcon-core/packages/gazebo_ros2_control_demos)
[0.537s] DEBUG:colcon.colcon_core.event_handler.log_command:Invoked command in '/home/hibiki/Robomech_HR/Eglantyne/simulation/build/champ_msgs' returned '0': CMAKE_PREFIX_PATH=/home/hibiki/Robomech_HR/Eglantyne/simulation/install/simple_sim:/home/hibiki/Robomech_HR/Eglantyne/simulation/install/ros2_control_demos:/home/hibiki/Robomech_HR/Eglantyne/simulation/install/ros2_control_demo_example_9:/home/hibiki/Robomech_HR/Eglantyne/simulation/install/ros2_control_demo_example_8:/home/hibiki/Robomech_HR/Eglantyne/simulation/install/ros2_control_demo_example_7:/home/hibiki/Robomech_HR/Eglantyne/simulation/install/ros2_control_demo_example_6:/home/hibiki/Robomech_HR/Eglantyne/simulation/install/ros2_control_demo_example_15:/home/hibiki/Robomech_HR/Eglantyne/simulation/install/ros2_control_demo_example_5:/home/hibiki/Robomech_HR/Eglantyne/simulation/install/ros2_control_demo_example_4:/home/hibiki/Robomech_HR/Eglantyne/simulation/install/ros2_control_demo_example_3:/home/hibiki/Robomech_HR/Eglantyne/simulation/install/ros2_control_demo_example_2:/home/hibiki/Robomech_HR/Eglantyne/simulation/install/ros2_control_demo_example_14:/home/hibiki/Robomech_HR/Eglantyne/simulation/install/ros2_control_demo_example_12:/home/hibiki/Robomech_HR/Eglantyne/simulation/install/ros2_control_demo_example_11:/home/hibiki/Robomech_HR/Eglantyne/simulation/install/ros2_control_demo_example_10:/home/hibiki/Robomech_HR/Eglantyne/simulation/install/ros2_control_demo_example_1:/home/hibiki/Robomech_HR/Eglantyne/simulation/install/ros2_control_demo_description:/home/hibiki/Robomech_HR/Eglantyne/simulation/install/gazebo_ros2_control_demos:/home/hibiki/Robomech_HR/Eglantyne/simulation/install/champ_teleop:/home/hibiki/Robomech_HR/Eglantyne/simulation/install/champ_navigation:/home/hibiki/Robomech_HR/Eglantyne/simulation/install/champ_gazebo:/home/hibiki/Robomech_HR/Eglantyne/simulation/install/champ_bringup:/home/hibiki/Robomech_HR/Eglantyne/simulation/install/champ_base:/home/hibiki/Robomech_HR/Eglantyne/simulation/install/champ_msgs:/home/hibiki/Robomech_HR/Eglantyne/simulation/install/champ_description:/home/hibiki/Robomech_HR/Eglantyne/simulation/install/champ_config:/home/hibiki/Robomech_HR/Eglantyne/simulation/install/ros2_control_demo_testing:/opt/ros/humble:/home/hibiki/Robomech_HR/Eglantyne/simulation/install/champ:/home/hibiki/Robomech_HR/Eglantyne/microros/ros2_pub_test/install/vel_pub /usr/bin/cmake --build /home/hibiki/Robomech_HR/Eglantyne/simulation/build/champ_msgs -- -j16 -l16
[0.605s] DEBUG:colcon.colcon_core.event_handler.log_command:Invoking command in '/home/hibiki/Robomech_HR/Eglantyne/simulation/src/ros2_control_demos/ros2_control_demo_testing': PYTHONPATH=/home/hibiki/Robomech_HR/Eglantyne/simulation/build/ros2_control_demo_testing/prefix_override:/home/hibiki/Robomech_HR/Eglantyne/simulation/install/ros2_control_demo_testing/lib/python3.10/site-packages:${PYTHONPATH} /home/hibiki/.espressif/python_env/idf5.4_py3.10_env/bin/python -W ignore:setup.py install is deprecated setup.py egg_info --egg-base ../../../build/ros2_control_demo_testing build --build-base /home/hibiki/Robomech_HR/Eglantyne/simulation/build/ros2_control_demo_testing/build install --record /home/hibiki/Robomech_HR/Eglantyne/simulation/build/ros2_control_demo_testing/install.log --single-version-externally-managed install_data
[0.760s] DEBUG:colcon.colcon_core.event_handler.log_command:Invoking command in '/home/hibiki/Robomech_HR/Eglantyne/simulation/build/champ_msgs': CMAKE_PREFIX_PATH=/home/hibiki/Robomech_HR/Eglantyne/simulation/install/simple_sim:/home/hibiki/Robomech_HR/Eglantyne/simulation/install/ros2_control_demos:/home/hibiki/Robomech_HR/Eglantyne/simulation/install/ros2_control_demo_example_9:/home/hibiki/Robomech_HR/Eglantyne/simulation/install/ros2_control_demo_example_8:/home/hibiki/Robomech_HR/Eglantyne/simulation/install/ros2_control_demo_example_7:/home/hibiki/Robomech_HR/Eglantyne/simulation/install/ros2_control_demo_example_6:/home/hibiki/Robomech_HR/Eglantyne/simulation/install/ros2_control_demo_example_15:/home/hibiki/Robomech_HR/Eglantyne/simulation/install/ros2_control_demo_example_5:/home/hibiki/Robomech_HR/Eglantyne/simulation/install/ros2_control_demo_example_4:/home/hibiki/Robomech_HR/Eglantyne/simulation/install/ros2_control_demo_example_3:/home/hibiki/Robomech_HR/Eglantyne/simulation/install/ros2_control_demo_example_2:/home/hibiki/Robomech_HR/Eglantyne/simulation/install/ros2_control_demo_example_14:/home/hibiki/Robomech_HR/Eglantyne/simulation/install/ros2_control_demo_example_12:/home/hibiki/Robomech_HR/Eglantyne/simulation/install/ros2_control_demo_example_11:/home/hibiki/Robomech_HR/Eglantyne/simulation/install/ros2_control_demo_example_10:/home/hibiki/Robomech_HR/Eglantyne/simulation/install/ros2_control_demo_example_1:/home/hibiki/Robomech_HR/Eglantyne/simulation/install/ros2_control_demo_description:/home/hibiki/Robomech_HR/Eglantyne/simulation/install/gazebo_ros2_control_demos:/home/hibiki/Robomech_HR/Eglantyne/simulation/install/champ_teleop:/home/hibiki/Robomech_HR/Eglantyne/simulation/install/champ_navigation:/home/hibiki/Robomech_HR/Eglantyne/simulation/install/champ_gazebo:/home/hibiki/Robomech_HR/Eglantyne/simulation/install/champ_bringup:/home/hibiki/Robomech_HR/Eglantyne/simulation/install/champ_base:/home/hibiki/Robomech_HR/Eglantyne/simulation/install/champ_msgs:/home/hibiki/Robomech_HR/Eglantyne/simulation/install/champ_description:/home/hibiki/Robomech_HR/Eglantyne/simulation/install/champ_config:/home/hibiki/Robomech_HR/Eglantyne/simulation/install/ros2_control_demo_testing:/opt/ros/humble:/home/hibiki/Robomech_HR/Eglantyne/simulation/install/champ:/home/hibiki/Robomech_HR/Eglantyne/microros/ros2_pub_test/install/vel_pub /usr/bin/cmake --install /home/hibiki/Robomech_HR/Eglantyne/simulation/build/champ_msgs
[0.796s] Level 1:colcon.colcon_core.environment:create_environment_scripts_only(champ_msgs)
[0.796s] Level 1:colcon.colcon_core.environment:checking '/home/hibiki/Robomech_HR/Eglantyne/simulation/install/champ_msgs' for CMake module files
[0.797s] DEBUG:colcon.colcon_core.event_handler.log_command:Invoked command in '/home/hibiki/Robomech_HR/Eglantyne/simulation/build/champ_msgs' returned '0': CMAKE_PREFIX_PATH=/home/hibiki/Robomech_HR/Eglantyne/simulation/install/simple_sim:/home/hibiki/Robomech_HR/Eglantyne/simulation/install/ros2_control_demos:/home/hibiki/Robomech_HR/Eglantyne/simulation/install/ros2_control_demo_example_9:/home/hibiki/Robomech_HR/Eglantyne/simulation/install/ros2_control_demo_example_8:/home/hibiki/Robomech_HR/Eglantyne/simulation/install/ros2_control_demo_example_7:/home/hibiki/Robomech_HR/Eglantyne/simulation/install/ros2_control_demo_example_6:/home/hibiki/Robomech_HR/Eglantyne/simulation/install/ros2_control_demo_example_15:/home/hibiki/Robomech_HR/Eglantyne/simulation/install/ros2_control_demo_example_5:/home/hibiki/Robomech_HR/Eglantyne/simulation/install/ros2_control_demo_example_4:/home/hibiki/Robomech_HR/Eglantyne/simulation/install/ros2_control_demo_example_3:/home/hibiki/Robomech_HR/Eglantyne/simulation/install/ros2_control_demo_example_2:/home/hibiki/Robomech_HR/Eglantyne/simulation/install/ros2_control_demo_example_14:/home/hibiki/Robomech_HR/Eglantyne/simulation/install/ros2_control_demo_example_12:/home/hibiki/Robomech_HR/Eglantyne/simulation/install/ros2_control_demo_example_11:/home/hibiki/Robomech_HR/Eglantyne/simulation/install/ros2_control_demo_example_10:/home/hibiki/Robomech_HR/Eglantyne/simulation/install/ros2_control_demo_example_1:/home/hibiki/Robomech_HR/Eglantyne/simulation/install/ros2_control_demo_description:/home/hibiki/Robomech_HR/Eglantyne/simulation/install/gazebo_ros2_control_demos:/home/hibiki/Robomech_HR/Eglantyne/simulation/install/champ_teleop:/home/hibiki/Robomech_HR/Eglantyne/simulation/install/champ_navigation:/home/hibiki/Robomech_HR/Eglantyne/simulation/install/champ_gazebo:/home/hibiki/Robomech_HR/Eglantyne/simulation/install/champ_bringup:/home/hibiki/Robomech_HR/Eglantyne/simulation/install/champ_base:/home/hibiki/Robomech_HR/Eglantyne/simulation/install/champ_msgs:/home/hibiki/Robomech_HR/Eglantyne/simulation/install/champ_description:/home/hibiki/Robomech_HR/Eglantyne/simulation/install/champ_config:/home/hibiki/Robomech_HR/Eglantyne/simulation/install/ros2_control_demo_testing:/opt/ros/humble:/home/hibiki/Robomech_HR/Eglantyne/simulation/install/champ:/home/hibiki/Robomech_HR/Eglantyne/microros/ros2_pub_test/install/vel_pub /usr/bin/cmake --install /home/hibiki/Robomech_HR/Eglantyne/simulation/build/champ_msgs
[0.797s] Level 1:colcon.colcon_core.environment:checking '/home/hibiki/Robomech_HR/Eglantyne/simulation/install/champ_msgs' for CMake config files
[0.798s] Level 1:colcon.colcon_core.shell:create_environment_hook('champ_msgs', 'cmake_prefix_path')
[0.798s] INFO:colcon.colcon_core.shell:Creating environment hook '/home/hibiki/Robomech_HR/Eglantyne/simulation/install/champ_msgs/share/champ_msgs/hook/cmake_prefix_path.ps1'
[0.798s] INFO:colcon.colcon_core.shell:Creating environment descriptor '/home/hibiki/Robomech_HR/Eglantyne/simulation/install/champ_msgs/share/champ_msgs/hook/cmake_prefix_path.dsv'
[0.799s] INFO:colcon.colcon_core.shell:Creating environment hook '/home/hibiki/Robomech_HR/Eglantyne/simulation/install/champ_msgs/share/champ_msgs/hook/cmake_prefix_path.sh'
[0.799s] Level 1:colcon.colcon_core.environment:checking '/home/hibiki/Robomech_HR/Eglantyne/simulation/install/champ_msgs/lib'
[0.800s] Level 1:colcon.colcon_core.shell:create_environment_hook('champ_msgs', 'ld_library_path_lib')
[0.800s] INFO:colcon.colcon_core.shell:Creating environment hook '/home/hibiki/Robomech_HR/Eglantyne/simulation/install/champ_msgs/share/champ_msgs/hook/ld_library_path_lib.ps1'
[0.800s] INFO:colcon.colcon_core.shell:Creating environment descriptor '/home/hibiki/Robomech_HR/Eglantyne/simulation/install/champ_msgs/share/champ_msgs/hook/ld_library_path_lib.dsv'
[0.801s] INFO:colcon.colcon_core.shell:Creating environment hook '/home/hibiki/Robomech_HR/Eglantyne/simulation/install/champ_msgs/share/champ_msgs/hook/ld_library_path_lib.sh'
[0.801s] Level 1:colcon.colcon_core.environment:checking '/home/hibiki/Robomech_HR/Eglantyne/simulation/install/champ_msgs/bin'
[0.801s] Level 1:colcon.colcon_core.environment:checking '/home/hibiki/Robomech_HR/Eglantyne/simulation/install/champ_msgs/lib/pkgconfig/champ_msgs.pc'
[0.801s] Level 1:colcon.colcon_core.environment:checking '/home/hibiki/Robomech_HR/Eglantyne/simulation/install/champ_msgs/lib/python3.10/site-packages'
[0.801s] Level 1:colcon.colcon_core.shell:create_environment_hook('champ_msgs', 'pythonpath')
[0.802s] INFO:colcon.colcon_core.shell:Creating environment hook '/home/hibiki/Robomech_HR/Eglantyne/simulation/install/champ_msgs/share/champ_msgs/hook/pythonpath.ps1'
[0.802s] INFO:colcon.colcon_core.shell:Creating environment descriptor '/home/hibiki/Robomech_HR/Eglantyne/simulation/install/champ_msgs/share/champ_msgs/hook/pythonpath.dsv'
[0.802s] INFO:colcon.colcon_core.shell:Creating environment hook '/home/hibiki/Robomech_HR/Eglantyne/simulation/install/champ_msgs/share/champ_msgs/hook/pythonpath.sh'
[0.803s] Level 1:colcon.colcon_core.environment:checking '/home/hibiki/Robomech_HR/Eglantyne/simulation/install/champ_msgs/bin'
[0.803s] INFO:colcon.colcon_core.shell:Creating package script '/home/hibiki/Robomech_HR/Eglantyne/simulation/install/champ_msgs/share/champ_msgs/package.ps1'
[0.804s] INFO:colcon.colcon_core.shell:Creating package descriptor '/home/hibiki/Robomech_HR/Eglantyne/simulation/install/champ_msgs/share/champ_msgs/package.dsv'
[0.805s] INFO:colcon.colcon_core.shell:Creating package script '/home/hibiki/Robomech_HR/Eglantyne/simulation/install/champ_msgs/share/champ_msgs/package.sh'
[0.805s] INFO:colcon.colcon_core.shell:Creating package script '/home/hibiki/Robomech_HR/Eglantyne/simulation/install/champ_msgs/share/champ_msgs/package.bash'
[0.805s] INFO:colcon.colcon_core.shell:Creating package script '/home/hibiki/Robomech_HR/Eglantyne/simulation/install/champ_msgs/share/champ_msgs/package.zsh'
[0.806s] Level 1:colcon.colcon_core.environment:create_file_with_runtime_dependencies(/home/hibiki/Robomech_HR/Eglantyne/simulation/install/champ_msgs/share/colcon-core/packages/champ_msgs)
[0.846s] Level 1:colcon.colcon_core.environment:checking '/home/hibiki/Robomech_HR/Eglantyne/simulation/install/ros2_control_demo_testing' for CMake module files
[0.847s] DEBUG:colcon.colcon_core.event_handler.log_command:Invoked command in '/home/hibiki/Robomech_HR/Eglantyne/simulation/src/ros2_control_demos/ros2_control_demo_testing' returned '0': PYTHONPATH=/home/hibiki/Robomech_HR/Eglantyne/simulation/build/ros2_control_demo_testing/prefix_override:/home/hibiki/Robomech_HR/Eglantyne/simulation/install/ros2_control_demo_testing/lib/python3.10/site-packages:${PYTHONPATH} /home/hibiki/.espressif/python_env/idf5.4_py3.10_env/bin/python -W ignore:setup.py install is deprecated setup.py egg_info --egg-base ../../../build/ros2_control_demo_testing build --build-base /home/hibiki/Robomech_HR/Eglantyne/simulation/build/ros2_control_demo_testing/build install --record /home/hibiki/Robomech_HR/Eglantyne/simulation/build/ros2_control_demo_testing/install.log --single-version-externally-managed install_data
[0.847s] Level 1:colcon.colcon_core.environment:checking '/home/hibiki/Robomech_HR/Eglantyne/simulation/install/ros2_control_demo_testing' for CMake config files
[0.848s] Level 1:colcon.colcon_core.environment:checking '/home/hibiki/Robomech_HR/Eglantyne/simulation/install/ros2_control_demo_testing/lib'
[0.848s] Level 1:colcon.colcon_core.environment:checking '/home/hibiki/Robomech_HR/Eglantyne/simulation/install/ros2_control_demo_testing/bin'
[0.848s] Level 1:colcon.colcon_core.environment:checking '/home/hibiki/Robomech_HR/Eglantyne/simulation/install/ros2_control_demo_testing/lib/pkgconfig/ros2_control_demo_testing.pc'
[0.848s] Level 1:colcon.colcon_core.environment:checking '/home/hibiki/Robomech_HR/Eglantyne/simulation/install/ros2_control_demo_testing/lib/python3.10/site-packages'
[0.848s] Level 1:colcon.colcon_core.shell:create_environment_hook('ros2_control_demo_testing', 'pythonpath')
[0.848s] INFO:colcon.colcon_core.shell:Creating environment hook '/home/hibiki/Robomech_HR/Eglantyne/simulation/install/ros2_control_demo_testing/share/ros2_control_demo_testing/hook/pythonpath.ps1'
[0.849s] INFO:colcon.colcon_core.shell:Creating environment descriptor '/home/hibiki/Robomech_HR/Eglantyne/simulation/install/ros2_control_demo_testing/share/ros2_control_demo_testing/hook/pythonpath.dsv'
[0.849s] INFO:colcon.colcon_core.shell:Creating environment hook '/home/hibiki/Robomech_HR/Eglantyne/simulation/install/ros2_control_demo_testing/share/ros2_control_demo_testing/hook/pythonpath.sh'
[0.850s] Level 1:colcon.colcon_core.environment:checking '/home/hibiki/Robomech_HR/Eglantyne/simulation/install/ros2_control_demo_testing/bin'
[0.850s] Level 1:colcon.colcon_core.environment:create_environment_scripts_only(ros2_control_demo_testing)
[0.850s] INFO:colcon.colcon_core.shell:Creating package script '/home/hibiki/Robomech_HR/Eglantyne/simulation/install/ros2_control_demo_testing/share/ros2_control_demo_testing/package.ps1'
[0.851s] INFO:colcon.colcon_core.shell:Creating package descriptor '/home/hibiki/Robomech_HR/Eglantyne/simulation/install/ros2_control_demo_testing/share/ros2_control_demo_testing/package.dsv'
[0.851s] INFO:colcon.colcon_core.shell:Creating package script '/home/hibiki/Robomech_HR/Eglantyne/simulation/install/ros2_control_demo_testing/share/ros2_control_demo_testing/package.sh'
[0.851s] INFO:colcon.colcon_core.shell:Creating package script '/home/hibiki/Robomech_HR/Eglantyne/simulation/install/ros2_control_demo_testing/share/ros2_control_demo_testing/package.bash'
[0.852s] INFO:colcon.colcon_core.shell:Creating package script '/home/hibiki/Robomech_HR/Eglantyne/simulation/install/ros2_control_demo_testing/share/ros2_control_demo_testing/package.zsh'
[0.852s] Level 1:colcon.colcon_core.environment:create_file_with_runtime_dependencies(/home/hibiki/Robomech_HR/Eglantyne/simulation/install/ros2_control_demo_testing/share/colcon-core/packages/ros2_control_demo_testing)
[0.852s] INFO:colcon.colcon_ros.task.ament_cmake.build:Building ROS package in '/home/hibiki/Robomech_HR/Eglantyne/simulation/src/ros2_control_demos/example_1' with build type 'ament_cmake'
[0.852s] INFO:colcon.colcon_cmake.task.cmake.build:Building CMake package in '/home/hibiki/Robomech_HR/Eglantyne/simulation/src/ros2_control_demos/example_1'
[0.852s] INFO:colcon.colcon_core.shell:Skip shell extension 'powershell' for command environment: Not usable outside of PowerShell
[0.852s] DEBUG:colcon.colcon_core.shell:Skip shell extension 'dsv' for command environment
[0.856s] INFO:colcon.colcon_ros.task.ament_cmake.build:Building ROS package in '/home/hibiki/Robomech_HR/Eglantyne/simulation/src/ros2_control_demos/example_5' with build type 'ament_cmake'
[0.856s] INFO:colcon.colcon_cmake.task.cmake.build:Building CMake package in '/home/hibiki/Robomech_HR/Eglantyne/simulation/src/ros2_control_demos/example_5'
[0.856s] INFO:colcon.colcon_core.shell:Skip shell extension 'powershell' for command environment: Not usable outside of PowerShell
[0.856s] DEBUG:colcon.colcon_core.shell:Skip shell extension 'dsv' for command environment
[0.859s] INFO:colcon.colcon_ros.task.ament_cmake.build:Building ROS package in '/home/hibiki/Robomech_HR/Eglantyne/simulation/src/ros2_control_demos/example_10' with build type 'ament_cmake'
[0.859s] INFO:colcon.colcon_cmake.task.cmake.build:Building CMake package in '/home/hibiki/Robomech_HR/Eglantyne/simulation/src/ros2_control_demos/example_10'
[0.859s] INFO:colcon.colcon_core.shell:Skip shell extension 'powershell' for command environment: Not usable outside of PowerShell
[0.859s] DEBUG:colcon.colcon_core.shell:Skip shell extension 'dsv' for command environment
[0.862s] INFO:colcon.colcon_ros.task.ament_cmake.build:Building ROS package in '/home/hibiki/Robomech_HR/Eglantyne/simulation/src/ros2_control_demos/example_11' with build type 'ament_cmake'
[0.863s] INFO:colcon.colcon_cmake.task.cmake.build:Building CMake package in '/home/hibiki/Robomech_HR/Eglantyne/simulation/src/ros2_control_demos/example_11'
[0.863s] INFO:colcon.colcon_core.shell:Skip shell extension 'powershell' for command environment: Not usable outside of PowerShell
[0.863s] DEBUG:colcon.colcon_core.shell:Skip shell extension 'dsv' for command environment
[0.866s] INFO:colcon.colcon_ros.task.ament_cmake.build:Building ROS package in '/home/hibiki/Robomech_HR/Eglantyne/simulation/src/ros2_control_demos/example_12' with build type 'ament_cmake'
[0.866s] INFO:colcon.colcon_cmake.task.cmake.build:Building CMake package in '/home/hibiki/Robomech_HR/Eglantyne/simulation/src/ros2_control_demos/example_12'
[0.866s] INFO:colcon.colcon_core.shell:Skip shell extension 'powershell' for command environment: Not usable outside of PowerShell
[0.866s] DEBUG:colcon.colcon_core.shell:Skip shell extension 'dsv' for command environment
[0.869s] INFO:colcon.colcon_ros.task.ament_cmake.build:Building ROS package in '/home/hibiki/Robomech_HR/Eglantyne/simulation/src/ros2_control_demos/example_14' with build type 'ament_cmake'
[0.870s] INFO:colcon.colcon_cmake.task.cmake.build:Building CMake package in '/home/hibiki/Robomech_HR/Eglantyne/simulation/src/ros2_control_demos/example_14'
[0.870s] INFO:colcon.colcon_core.shell:Skip shell extension 'powershell' for command environment: Not usable outside of PowerShell
[0.870s] DEBUG:colcon.colcon_core.shell:Skip shell extension 'dsv' for command environment
[0.873s] INFO:colcon.colcon_ros.task.ament_cmake.build:Building ROS package in '/home/hibiki/Robomech_HR/Eglantyne/simulation/src/ros2_control_demos/example_2' with build type 'ament_cmake'
[0.873s] INFO:colcon.colcon_cmake.task.cmake.build:Building CMake package in '/home/hibiki/Robomech_HR/Eglantyne/simulation/src/ros2_control_demos/example_2'
[0.873s] INFO:colcon.colcon_core.shell:Skip shell extension 'powershell' for command environment: Not usable outside of PowerShell
[0.873s] DEBUG:colcon.colcon_core.shell:Skip shell extension 'dsv' for command environment
[0.876s] INFO:colcon.colcon_ros.task.ament_cmake.build:Building ROS package in '/home/hibiki/Robomech_HR/Eglantyne/simulation/src/ros2_control_demos/example_3' with build type 'ament_cmake'
[0.876s] INFO:colcon.colcon_cmake.task.cmake.build:Building CMake package in '/home/hibiki/Robomech_HR/Eglantyne/simulation/src/ros2_control_demos/example_3'
[0.877s] INFO:colcon.colcon_core.shell:Skip shell extension 'powershell' for command environment: Not usable outside of PowerShell
[0.877s] DEBUG:colcon.colcon_core.shell:Skip shell extension 'dsv' for command environment
[0.880s] INFO:colcon.colcon_ros.task.ament_cmake.build:Building ROS package in '/home/hibiki/Robomech_HR/Eglantyne/simulation/src/ros2_control_demos/example_4' with build type 'ament_cmake'
[0.880s] INFO:colcon.colcon_cmake.task.cmake.build:Building CMake package in '/home/hibiki/Robomech_HR/Eglantyne/simulation/src/ros2_control_demos/example_4'
[0.880s] INFO:colcon.colcon_core.shell:Skip shell extension 'powershell' for command environment: Not usable outside of PowerShell
[0.880s] DEBUG:colcon.colcon_core.shell:Skip shell extension 'dsv' for command environment
[0.884s] INFO:colcon.colcon_ros.task.ament_cmake.build:Building ROS package in '/home/hibiki/Robomech_HR/Eglantyne/simulation/src/ros2_control_demos/example_6' with build type 'ament_cmake'
[0.884s] INFO:colcon.colcon_cmake.task.cmake.build:Building CMake package in '/home/hibiki/Robomech_HR/Eglantyne/simulation/src/ros2_control_demos/example_6'
[0.884s] INFO:colcon.colcon_core.shell:Skip shell extension 'powershell' for command environment: Not usable outside of PowerShell
[0.884s] DEBUG:colcon.colcon_core.shell:Skip shell extension 'dsv' for command environment
[0.887s] INFO:colcon.colcon_ros.task.ament_cmake.build:Building ROS package in '/home/hibiki/Robomech_HR/Eglantyne/simulation/src/ros2_control_demos/example_7' with build type 'ament_cmake'
[0.887s] INFO:colcon.colcon_cmake.task.cmake.build:Building CMake package in '/home/hibiki/Robomech_HR/Eglantyne/simulation/src/ros2_control_demos/example_7'
[0.887s] INFO:colcon.colcon_core.shell:Skip shell extension 'powershell' for command environment: Not usable outside of PowerShell
[0.887s] DEBUG:colcon.colcon_core.shell:Skip shell extension 'dsv' for command environment
[0.890s] INFO:colcon.colcon_ros.task.ament_cmake.build:Building ROS package in '/home/hibiki/Robomech_HR/Eglantyne/simulation/src/ros2_control_demos/example_8' with build type 'ament_cmake'
[0.891s] INFO:colcon.colcon_cmake.task.cmake.build:Building CMake package in '/home/hibiki/Robomech_HR/Eglantyne/simulation/src/ros2_control_demos/example_8'
[0.891s] INFO:colcon.colcon_core.shell:Skip shell extension 'powershell' for command environment: Not usable outside of PowerShell
[0.891s] DEBUG:colcon.colcon_core.shell:Skip shell extension 'dsv' for command environment
[0.894s] INFO:colcon.colcon_ros.task.ament_cmake.build:Building ROS package in '/home/hibiki/Robomech_HR/Eglantyne/simulation/src/ros2_control_demos/example_9' with build type 'ament_cmake'
[0.894s] INFO:colcon.colcon_cmake.task.cmake.build:Building CMake package in '/home/hibiki/Robomech_HR/Eglantyne/simulation/src/ros2_control_demos/example_9'
[0.894s] INFO:colcon.colcon_core.shell:Skip shell extension 'powershell' for command environment: Not usable outside of PowerShell
[0.894s] DEBUG:colcon.colcon_core.shell:Skip shell extension 'dsv' for command environment
[0.901s] DEBUG:colcon.colcon_core.event_handler.log_command:Invoking command in '/home/hibiki/Robomech_HR/Eglantyne/simulation/build/ros2_control_demo_example_1': AMENT_PREFIX_PATH=/home/hibiki/Robomech_HR/Eglantyne/simulation/install/ros2_control_demo_testing:/home/hibiki/Robomech_HR/Eglantyne/simulation/install/simple_sim:/home/hibiki/Robomech_HR/Eglantyne/simulation/install/ros2_control_demos:/home/hibiki/Robomech_HR/Eglantyne/simulation/install/ros2_control_demo_example_9:/home/hibiki/Robomech_HR/Eglantyne/simulation/install/ros2_control_demo_example_8:/home/hibiki/Robomech_HR/Eglantyne/simulation/install/ros2_control_demo_example_7:/home/hibiki/Robomech_HR/Eglantyne/simulation/install/ros2_control_demo_example_6:/home/hibiki/Robomech_HR/Eglantyne/simulation/install/ros2_control_demo_example_15:/home/hibiki/Robomech_HR/Eglantyne/simulation/install/ros2_control_demo_example_5:/home/hibiki/Robomech_HR/Eglantyne/simulation/install/ros2_control_demo_example_4:/home/hibiki/Robomech_HR/Eglantyne/simulation/install/ros2_control_demo_example_3:/home/hibiki/Robomech_HR/Eglantyne/simulation/install/ros2_control_demo_example_2:/home/hibiki/Robomech_HR/Eglantyne/simulation/install/ros2_control_demo_example_14:/home/hibiki/Robomech_HR/Eglantyne/simulation/install/ros2_control_demo_example_12:/home/hibiki/Robomech_HR/Eglantyne/simulation/install/ros2_control_demo_example_11:/home/hibiki/Robomech_HR/Eglantyne/simulation/install/ros2_control_demo_example_10:/home/hibiki/Robomech_HR/Eglantyne/simulation/install/ros2_control_demo_example_1:/home/hibiki/Robomech_HR/Eglantyne/simulation/install/ros2_control_demo_description:/home/hibiki/Robomech_HR/Eglantyne/simulation/install/gazebo_ros2_control_demos:/home/hibiki/Robomech_HR/Eglantyne/simulation/install/champ_teleop:/home/hibiki/Robomech_HR/Eglantyne/simulation/install/champ_navigation:/home/hibiki/Robomech_HR/Eglantyne/simulation/install/champ_gazebo:/home/hibiki/Robomech_HR/Eglantyne/simulation/install/champ_bringup:/home/hibiki/Robomech_HR/Eglantyne/simulation/install/champ_base:/home/hibiki/Robomech_HR/Eglantyne/simulation/install/champ_msgs:/home/hibiki/Robomech_HR/Eglantyne/simulation/install/champ_description:/home/hibiki/Robomech_HR/Eglantyne/simulation/install/champ_config:/home/hibiki/Robomech_HR/Eglantyne/simulation/install/champ:/home/hibiki/Robomech_HR/Eglantyne/microros/ros2_pub_test/install/vel_pub:/opt/ros/humble CMAKE_PREFIX_PATH=/home/hibiki/Robomech_HR/Eglantyne/simulation/install/ros2_control_demo_description:/home/hibiki/Robomech_HR/Eglantyne/simulation/install/simple_sim:/home/hibiki/Robomech_HR/Eglantyne/simulation/install/ros2_control_demos:/home/hibiki/Robomech_HR/Eglantyne/simulation/install/ros2_control_demo_example_9:/home/hibiki/Robomech_HR/Eglantyne/simulation/install/ros2_control_demo_example_8:/home/hibiki/Robomech_HR/Eglantyne/simulation/install/ros2_control_demo_example_7:/home/hibiki/Robomech_HR/Eglantyne/simulation/install/ros2_control_demo_example_6:/home/hibiki/Robomech_HR/Eglantyne/simulation/install/ros2_control_demo_example_15:/home/hibiki/Robomech_HR/Eglantyne/simulation/install/ros2_control_demo_example_5:/home/hibiki/Robomech_HR/Eglantyne/simulation/install/ros2_control_demo_example_4:/home/hibiki/Robomech_HR/Eglantyne/simulation/install/ros2_control_demo_example_3:/home/hibiki/Robomech_HR/Eglantyne/simulation/install/ros2_control_demo_example_2:/home/hibiki/Robomech_HR/Eglantyne/simulation/install/ros2_control_demo_example_14:/home/hibiki/Robomech_HR/Eglantyne/simulation/install/ros2_control_demo_example_12:/home/hibiki/Robomech_HR/Eglantyne/simulation/install/ros2_control_demo_example_11:/home/hibiki/Robomech_HR/Eglantyne/simulation/install/ros2_control_demo_example_10:/home/hibiki/Robomech_HR/Eglantyne/simulation/install/ros2_control_demo_example_1:/home/hibiki/Robomech_HR/Eglantyne/simulation/install/gazebo_ros2_control_demos:/home/hibiki/Robomech_HR/Eglantyne/simulation/install/champ_teleop:/home/hibiki/Robomech_HR/Eglantyne/simulation/install/champ_navigation:/home/hibiki/Robomech_HR/Eglantyne/simulation/install/champ_gazebo:/home/hibiki/Robomech_HR/Eglantyne/simulation/install/champ_bringup:/home/hibiki/Robomech_HR/Eglantyne/simulation/install/champ_base:/home/hibiki/Robomech_HR/Eglantyne/simulation/install/champ_msgs:/home/hibiki/Robomech_HR/Eglantyne/simulation/install/champ_description:/home/hibiki/Robomech_HR/Eglantyne/simulation/install/champ_config:/home/hibiki/Robomech_HR/Eglantyne/simulation/install/ros2_control_demo_testing:/opt/ros/humble:/home/hibiki/Robomech_HR/Eglantyne/simulation/install/champ:/home/hibiki/Robomech_HR/Eglantyne/microros/ros2_pub_test/install/vel_pub PYTHONPATH=/home/hibiki/Robomech_HR/Eglantyne/simulation/install/ros2_control_demo_testing/lib/python3.10/site-packages:/home/hibiki/Robomech_HR/Eglantyne/simulation/install/simple_sim/lib/python3.10/site-packages:/home/hibiki/Robomech_HR/Eglantyne/simulation/install/champ_bringup/lib/python3.10/site-packages:/home/hibiki/Robomech_HR/Eglantyne/simulation/install/champ_msgs/lib/python3.10/site-packages:/opt/ros/humble/lib/python3.10/site-packages:/opt/ros/humble/local/lib/python3.10/dist-packages /usr/bin/cmake --build /home/hibiki/Robomech_HR/Eglantyne/simulation/build/ros2_control_demo_example_1 -- -j16 -l16
[0.903s] DEBUG:colcon.colcon_core.event_handler.log_command:Invoking command in '/home/hibiki/Robomech_HR/Eglantyne/simulation/build/ros2_control_demo_example_5': AMENT_PREFIX_PATH=/home/hibiki/Robomech_HR/Eglantyne/simulation/install/ros2_control_demo_testing:/home/hibiki/Robomech_HR/Eglantyne/simulation/install/simple_sim:/home/hibiki/Robomech_HR/Eglantyne/simulation/install/ros2_control_demos:/home/hibiki/Robomech_HR/Eglantyne/simulation/install/ros2_control_demo_example_9:/home/hibiki/Robomech_HR/Eglantyne/simulation/install/ros2_control_demo_example_8:/home/hibiki/Robomech_HR/Eglantyne/simulation/install/ros2_control_demo_example_7:/home/hibiki/Robomech_HR/Eglantyne/simulation/install/ros2_control_demo_example_6:/home/hibiki/Robomech_HR/Eglantyne/simulation/install/ros2_control_demo_example_15:/home/hibiki/Robomech_HR/Eglantyne/simulation/install/ros2_control_demo_example_5:/home/hibiki/Robomech_HR/Eglantyne/simulation/install/ros2_control_demo_example_4:/home/hibiki/Robomech_HR/Eglantyne/simulation/install/ros2_control_demo_example_3:/home/hibiki/Robomech_HR/Eglantyne/simulation/install/ros2_control_demo_example_2:/home/hibiki/Robomech_HR/Eglantyne/simulation/install/ros2_control_demo_example_14:/home/hibiki/Robomech_HR/Eglantyne/simulation/install/ros2_control_demo_example_12:/home/hibiki/Robomech_HR/Eglantyne/simulation/install/ros2_control_demo_example_11:/home/hibiki/Robomech_HR/Eglantyne/simulation/install/ros2_control_demo_example_10:/home/hibiki/Robomech_HR/Eglantyne/simulation/install/ros2_control_demo_example_1:/home/hibiki/Robomech_HR/Eglantyne/simulation/install/ros2_control_demo_description:/home/hibiki/Robomech_HR/Eglantyne/simulation/install/gazebo_ros2_control_demos:/home/hibiki/Robomech_HR/Eglantyne/simulation/install/champ_teleop:/home/hibiki/Robomech_HR/Eglantyne/simulation/install/champ_navigation:/home/hibiki/Robomech_HR/Eglantyne/simulation/install/champ_gazebo:/home/hibiki/Robomech_HR/Eglantyne/simulation/install/champ_bringup:/home/hibiki/Robomech_HR/Eglantyne/simulation/install/champ_base:/home/hibiki/Robomech_HR/Eglantyne/simulation/install/champ_msgs:/home/hibiki/Robomech_HR/Eglantyne/simulation/install/champ_description:/home/hibiki/Robomech_HR/Eglantyne/simulation/install/champ_config:/home/hibiki/Robomech_HR/Eglantyne/simulation/install/champ:/home/hibiki/Robomech_HR/Eglantyne/microros/ros2_pub_test/install/vel_pub:/opt/ros/humble CMAKE_PREFIX_PATH=/home/hibiki/Robomech_HR/Eglantyne/simulation/install/ros2_control_demo_description:/home/hibiki/Robomech_HR/Eglantyne/simulation/install/simple_sim:/home/hibiki/Robomech_HR/Eglantyne/simulation/install/ros2_control_demos:/home/hibiki/Robomech_HR/Eglantyne/simulation/install/ros2_control_demo_example_9:/home/hibiki/Robomech_HR/Eglantyne/simulation/install/ros2_control_demo_example_8:/home/hibiki/Robomech_HR/Eglantyne/simulation/install/ros2_control_demo_example_7:/home/hibiki/Robomech_HR/Eglantyne/simulation/install/ros2_control_demo_example_6:/home/hibiki/Robomech_HR/Eglantyne/simulation/install/ros2_control_demo_example_15:/home/hibiki/Robomech_HR/Eglantyne/simulation/install/ros2_control_demo_example_5:/home/hibiki/Robomech_HR/Eglantyne/simulation/install/ros2_control_demo_example_4:/home/hibiki/Robomech_HR/Eglantyne/simulation/install/ros2_control_demo_example_3:/home/hibiki/Robomech_HR/Eglantyne/simulation/install/ros2_control_demo_example_2:/home/hibiki/Robomech_HR/Eglantyne/simulation/install/ros2_control_demo_example_14:/home/hibiki/Robomech_HR/Eglantyne/simulation/install/ros2_control_demo_example_12:/home/hibiki/Robomech_HR/Eglantyne/simulation/install/ros2_control_demo_example_11:/home/hibiki/Robomech_HR/Eglantyne/simulation/install/ros2_control_demo_example_10:/home/hibiki/Robomech_HR/Eglantyne/simulation/install/ros2_control_demo_example_1:/home/hibiki/Robomech_HR/Eglantyne/simulation/install/gazebo_ros2_control_demos:/home/hibiki/Robomech_HR/Eglantyne/simulation/install/champ_teleop:/home/hibiki/Robomech_HR/Eglantyne/simulation/install/champ_navigation:/home/hibiki/Robomech_HR/Eglantyne/simulation/install/champ_gazebo:/home/hibiki/Robomech_HR/Eglantyne/simulation/install/champ_bringup:/home/hibiki/Robomech_HR/Eglantyne/simulation/install/champ_base:/home/hibiki/Robomech_HR/Eglantyne/simulation/install/champ_msgs:/home/hibiki/Robomech_HR/Eglantyne/simulation/install/champ_description:/home/hibiki/Robomech_HR/Eglantyne/simulation/install/champ_config:/home/hibiki/Robomech_HR/Eglantyne/simulation/install/ros2_control_demo_testing:/opt/ros/humble:/home/hibiki/Robomech_HR/Eglantyne/simulation/install/champ:/home/hibiki/Robomech_HR/Eglantyne/microros/ros2_pub_test/install/vel_pub PYTHONPATH=/home/hibiki/Robomech_HR/Eglantyne/simulation/install/ros2_control_demo_testing/lib/python3.10/site-packages:/home/hibiki/Robomech_HR/Eglantyne/simulation/install/simple_sim/lib/python3.10/site-packages:/home/hibiki/Robomech_HR/Eglantyne/simulation/install/champ_bringup/lib/python3.10/site-packages:/home/hibiki/Robomech_HR/Eglantyne/simulation/install/champ_msgs/lib/python3.10/site-packages:/opt/ros/humble/lib/python3.10/site-packages:/opt/ros/humble/local/lib/python3.10/dist-packages /usr/bin/cmake --build /home/hibiki/Robomech_HR/Eglantyne/simulation/build/ros2_control_demo_example_5 -- -j16 -l16
[0.905s] DEBUG:colcon.colcon_core.event_handler.log_command:Invoking command in '/home/hibiki/Robomech_HR/Eglantyne/simulation/build/ros2_control_demo_example_10': AMENT_PREFIX_PATH=/home/hibiki/Robomech_HR/Eglantyne/simulation/install/ros2_control_demo_testing:/home/hibiki/Robomech_HR/Eglantyne/simulation/install/simple_sim:/home/hibiki/Robomech_HR/Eglantyne/simulation/install/ros2_control_demos:/home/hibiki/Robomech_HR/Eglantyne/simulation/install/ros2_control_demo_example_9:/home/hibiki/Robomech_HR/Eglantyne/simulation/install/ros2_control_demo_example_8:/home/hibiki/Robomech_HR/Eglantyne/simulation/install/ros2_control_demo_example_7:/home/hibiki/Robomech_HR/Eglantyne/simulation/install/ros2_control_demo_example_6:/home/hibiki/Robomech_HR/Eglantyne/simulation/install/ros2_control_demo_example_15:/home/hibiki/Robomech_HR/Eglantyne/simulation/install/ros2_control_demo_example_5:/home/hibiki/Robomech_HR/Eglantyne/simulation/install/ros2_control_demo_example_4:/home/hibiki/Robomech_HR/Eglantyne/simulation/install/ros2_control_demo_example_3:/home/hibiki/Robomech_HR/Eglantyne/simulation/install/ros2_control_demo_example_2:/home/hibiki/Robomech_HR/Eglantyne/simulation/install/ros2_control_demo_example_14:/home/hibiki/Robomech_HR/Eglantyne/simulation/install/ros2_control_demo_example_12:/home/hibiki/Robomech_HR/Eglantyne/simulation/install/ros2_control_demo_example_11:/home/hibiki/Robomech_HR/Eglantyne/simulation/install/ros2_control_demo_example_10:/home/hibiki/Robomech_HR/Eglantyne/simulation/install/ros2_control_demo_example_1:/home/hibiki/Robomech_HR/Eglantyne/simulation/install/ros2_control_demo_description:/home/hibiki/Robomech_HR/Eglantyne/simulation/install/gazebo_ros2_control_demos:/home/hibiki/Robomech_HR/Eglantyne/simulation/install/champ_teleop:/home/hibiki/Robomech_HR/Eglantyne/simulation/install/champ_navigation:/home/hibiki/Robomech_HR/Eglantyne/simulation/install/champ_gazebo:/home/hibiki/Robomech_HR/Eglantyne/simulation/install/champ_bringup:/home/hibiki/Robomech_HR/Eglantyne/simulation/install/champ_base:/home/hibiki/Robomech_HR/Eglantyne/simulation/install/champ_msgs:/home/hibiki/Robomech_HR/Eglantyne/simulation/install/champ_description:/home/hibiki/Robomech_HR/Eglantyne/simulation/install/champ_config:/home/hibiki/Robomech_HR/Eglantyne/simulation/install/champ:/home/hibiki/Robomech_HR/Eglantyne/microros/ros2_pub_test/install/vel_pub:/opt/ros/humble CMAKE_PREFIX_PATH=/home/hibiki/Robomech_HR/Eglantyne/simulation/install/ros2_control_demo_description:/home/hibiki/Robomech_HR/Eglantyne/simulation/install/simple_sim:/home/hibiki/Robomech_HR/Eglantyne/simulation/install/ros2_control_demos:/home/hibiki/Robomech_HR/Eglantyne/simulation/install/ros2_control_demo_example_9:/home/hibiki/Robomech_HR/Eglantyne/simulation/install/ros2_control_demo_example_8:/home/hibiki/Robomech_HR/Eglantyne/simulation/install/ros2_control_demo_example_7:/home/hibiki/Robomech_HR/Eglantyne/simulation/install/ros2_control_demo_example_6:/home/hibiki/Robomech_HR/Eglantyne/simulation/install/ros2_control_demo_example_15:/home/hibiki/Robomech_HR/Eglantyne/simulation/install/ros2_control_demo_example_5:/home/hibiki/Robomech_HR/Eglantyne/simulation/install/ros2_control_demo_example_4:/home/hibiki/Robomech_HR/Eglantyne/simulation/install/ros2_control_demo_example_3:/home/hibiki/Robomech_HR/Eglantyne/simulation/install/ros2_control_demo_example_2:/home/hibiki/Robomech_HR/Eglantyne/simulation/install/ros2_control_demo_example_14:/home/hibiki/Robomech_HR/Eglantyne/simulation/install/ros2_control_demo_example_12:/home/hibiki/Robomech_HR/Eglantyne/simulation/install/ros2_control_demo_example_11:/home/hibiki/Robomech_HR/Eglantyne/simulation/install/ros2_control_demo_example_10:/home/hibiki/Robomech_HR/Eglantyne/simulation/install/ros2_control_demo_example_1:/home/hibiki/Robomech_HR/Eglantyne/simulation/install/gazebo_ros2_control_demos:/home/hibiki/Robomech_HR/Eglantyne/simulation/install/champ_teleop:/home/hibiki/Robomech_HR/Eglantyne/simulation/install/champ_navigation:/home/hibiki/Robomech_HR/Eglantyne/simulation/install/champ_gazebo:/home/hibiki/Robomech_HR/Eglantyne/simulation/install/champ_bringup:/home/hibiki/Robomech_HR/Eglantyne/simulation/install/champ_base:/home/hibiki/Robomech_HR/Eglantyne/simulation/install/champ_msgs:/home/hibiki/Robomech_HR/Eglantyne/simulation/install/champ_description:/home/hibiki/Robomech_HR/Eglantyne/simulation/install/champ_config:/home/hibiki/Robomech_HR/Eglantyne/simulation/install/ros2_control_demo_testing:/opt/ros/humble:/home/hibiki/Robomech_HR/Eglantyne/simulation/install/champ:/home/hibiki/Robomech_HR/Eglantyne/microros/ros2_pub_test/install/vel_pub PYTHONPATH=/home/hibiki/Robomech_HR/Eglantyne/simulation/install/ros2_control_demo_testing/lib/python3.10/site-packages:/home/hibiki/Robomech_HR/Eglantyne/simulation/install/simple_sim/lib/python3.10/site-packages:/home/hibiki/Robomech_HR/Eglantyne/simulation/install/champ_bringup/lib/python3.10/site-packages:/home/hibiki/Robomech_HR/Eglantyne/simulation/install/champ_msgs/lib/python3.10/site-packages:/opt/ros/humble/lib/python3.10/site-packages:/opt/ros/humble/local/lib/python3.10/dist-packages /usr/bin/cmake --build /home/hibiki/Robomech_HR/Eglantyne/simulation/build/ros2_control_demo_example_10 -- -j16 -l16
[0.906s] DEBUG:colcon.colcon_core.event_handler.log_command:Invoking command in '/home/hibiki/Robomech_HR/Eglantyne/simulation/build/ros2_control_demo_example_11': AMENT_PREFIX_PATH=/home/hibiki/Robomech_HR/Eglantyne/simulation/install/ros2_control_demo_testing:/home/hibiki/Robomech_HR/Eglantyne/simulation/install/simple_sim:/home/hibiki/Robomech_HR/Eglantyne/simulation/install/ros2_control_demos:/home/hibiki/Robomech_HR/Eglantyne/simulation/install/ros2_control_demo_example_9:/home/hibiki/Robomech_HR/Eglantyne/simulation/install/ros2_control_demo_example_8:/home/hibiki/Robomech_HR/Eglantyne/simulation/install/ros2_control_demo_example_7:/home/hibiki/Robomech_HR/Eglantyne/simulation/install/ros2_control_demo_example_6:/home/hibiki/Robomech_HR/Eglantyne/simulation/install/ros2_control_demo_example_15:/home/hibiki/Robomech_HR/Eglantyne/simulation/install/ros2_control_demo_example_5:/home/hibiki/Robomech_HR/Eglantyne/simulation/install/ros2_control_demo_example_4:/home/hibiki/Robomech_HR/Eglantyne/simulation/install/ros2_control_demo_example_3:/home/hibiki/Robomech_HR/Eglantyne/simulation/install/ros2_control_demo_example_2:/home/hibiki/Robomech_HR/Eglantyne/simulation/install/ros2_control_demo_example_14:/home/hibiki/Robomech_HR/Eglantyne/simulation/install/ros2_control_demo_example_12:/home/hibiki/Robomech_HR/Eglantyne/simulation/install/ros2_control_demo_example_11:/home/hibiki/Robomech_HR/Eglantyne/simulation/install/ros2_control_demo_example_10:/home/hibiki/Robomech_HR/Eglantyne/simulation/install/ros2_control_demo_example_1:/home/hibiki/Robomech_HR/Eglantyne/simulation/install/ros2_control_demo_description:/home/hibiki/Robomech_HR/Eglantyne/simulation/install/gazebo_ros2_control_demos:/home/hibiki/Robomech_HR/Eglantyne/simulation/install/champ_teleop:/home/hibiki/Robomech_HR/Eglantyne/simulation/install/champ_navigation:/home/hibiki/Robomech_HR/Eglantyne/simulation/install/champ_gazebo:/home/hibiki/Robomech_HR/Eglantyne/simulation/install/champ_bringup:/home/hibiki/Robomech_HR/Eglantyne/simulation/install/champ_base:/home/hibiki/Robomech_HR/Eglantyne/simulation/install/champ_msgs:/home/hibiki/Robomech_HR/Eglantyne/simulation/install/champ_description:/home/hibiki/Robomech_HR/Eglantyne/simulation/install/champ_config:/home/hibiki/Robomech_HR/Eglantyne/simulation/install/champ:/home/hibiki/Robomech_HR/Eglantyne/microros/ros2_pub_test/install/vel_pub:/opt/ros/humble CMAKE_PREFIX_PATH=/home/hibiki/Robomech_HR/Eglantyne/simulation/install/ros2_control_demo_description:/home/hibiki/Robomech_HR/Eglantyne/simulation/install/simple_sim:/home/hibiki/Robomech_HR/Eglantyne/simulation/install/ros2_control_demos:/home/hibiki/Robomech_HR/Eglantyne/simulation/install/ros2_control_demo_example_9:/home/hibiki/Robomech_HR/Eglantyne/simulation/install/ros2_control_demo_example_8:/home/hibiki/Robomech_HR/Eglantyne/simulation/install/ros2_control_demo_example_7:/home/hibiki/Robomech_HR/Eglantyne/simulation/install/ros2_control_demo_example_6:/home/hibiki/Robomech_HR/Eglantyne/simulation/install/ros2_control_demo_example_15:/home/hibiki/Robomech_HR/Eglantyne/simulation/install/ros2_control_demo_example_5:/home/hibiki/Robomech_HR/Eglantyne/simulation/install/ros2_control_demo_example_4:/home/hibiki/Robomech_HR/Eglantyne/simulation/install/ros2_control_demo_example_3:/home/hibiki/Robomech_HR/Eglantyne/simulation/install/ros2_control_demo_example_2:/home/hibiki/Robomech_HR/Eglantyne/simulation/install/ros2_control_demo_example_14:/home/hibiki/Robomech_HR/Eglantyne/simulation/install/ros2_control_demo_example_12:/home/hibiki/Robomech_HR/Eglantyne/simulation/install/ros2_control_demo_example_11:/home/hibiki/Robomech_HR/Eglantyne/simulation/install/ros2_control_demo_example_10:/home/hibiki/Robomech_HR/Eglantyne/simulation/install/ros2_control_demo_example_1:/home/hibiki/Robomech_HR/Eglantyne/simulation/install/gazebo_ros2_control_demos:/home/hibiki/Robomech_HR/Eglantyne/simulation/install/champ_teleop:/home/hibiki/Robomech_HR/Eglantyne/simulation/install/champ_navigation:/home/hibiki/Robomech_HR/Eglantyne/simulation/install/champ_gazebo:/home/hibiki/Robomech_HR/Eglantyne/simulation/install/champ_bringup:/home/hibiki/Robomech_HR/Eglantyne/simulation/install/champ_base:/home/hibiki/Robomech_HR/Eglantyne/simulation/install/champ_msgs:/home/hibiki/Robomech_HR/Eglantyne/simulation/install/champ_description:/home/hibiki/Robomech_HR/Eglantyne/simulation/install/champ_config:/home/hibiki/Robomech_HR/Eglantyne/simulation/install/ros2_control_demo_testing:/opt/ros/humble:/home/hibiki/Robomech_HR/Eglantyne/simulation/install/champ:/home/hibiki/Robomech_HR/Eglantyne/microros/ros2_pub_test/install/vel_pub PYTHONPATH=/home/hibiki/Robomech_HR/Eglantyne/simulation/install/ros2_control_demo_testing/lib/python3.10/site-packages:/home/hibiki/Robomech_HR/Eglantyne/simulation/install/simple_sim/lib/python3.10/site-packages:/home/hibiki/Robomech_HR/Eglantyne/simulation/install/champ_bringup/lib/python3.10/site-packages:/home/hibiki/Robomech_HR/Eglantyne/simulation/install/champ_msgs/lib/python3.10/site-packages:/opt/ros/humble/lib/python3.10/site-packages:/opt/ros/humble/local/lib/python3.10/dist-packages /usr/bin/cmake --build /home/hibiki/Robomech_HR/Eglantyne/simulation/build/ros2_control_demo_example_11 -- -j16 -l16
[0.909s] DEBUG:colcon.colcon_core.event_handler.log_command:Invoking command in '/home/hibiki/Robomech_HR/Eglantyne/simulation/build/ros2_control_demo_example_12': AMENT_PREFIX_PATH=/home/hibiki/Robomech_HR/Eglantyne/simulation/install/ros2_control_demo_testing:/home/hibiki/Robomech_HR/Eglantyne/simulation/install/simple_sim:/home/hibiki/Robomech_HR/Eglantyne/simulation/install/ros2_control_demos:/home/hibiki/Robomech_HR/Eglantyne/simulation/install/ros2_control_demo_example_9:/home/hibiki/Robomech_HR/Eglantyne/simulation/install/ros2_control_demo_example_8:/home/hibiki/Robomech_HR/Eglantyne/simulation/install/ros2_control_demo_example_7:/home/hibiki/Robomech_HR/Eglantyne/simulation/install/ros2_control_demo_example_6:/home/hibiki/Robomech_HR/Eglantyne/simulation/install/ros2_control_demo_example_15:/home/hibiki/Robomech_HR/Eglantyne/simulation/install/ros2_control_demo_example_5:/home/hibiki/Robomech_HR/Eglantyne/simulation/install/ros2_control_demo_example_4:/home/hibiki/Robomech_HR/Eglantyne/simulation/install/ros2_control_demo_example_3:/home/hibiki/Robomech_HR/Eglantyne/simulation/install/ros2_control_demo_example_2:/home/hibiki/Robomech_HR/Eglantyne/simulation/install/ros2_control_demo_example_14:/home/hibiki/Robomech_HR/Eglantyne/simulation/install/ros2_control_demo_example_12:/home/hibiki/Robomech_HR/Eglantyne/simulation/install/ros2_control_demo_example_11:/home/hibiki/Robomech_HR/Eglantyne/simulation/install/ros2_control_demo_example_10:/home/hibiki/Robomech_HR/Eglantyne/simulation/install/ros2_control_demo_example_1:/home/hibiki/Robomech_HR/Eglantyne/simulation/install/ros2_control_demo_description:/home/hibiki/Robomech_HR/Eglantyne/simulation/install/gazebo_ros2_control_demos:/home/hibiki/Robomech_HR/Eglantyne/simulation/install/champ_teleop:/home/hibiki/Robomech_HR/Eglantyne/simulation/install/champ_navigation:/home/hibiki/Robomech_HR/Eglantyne/simulation/install/champ_gazebo:/home/hibiki/Robomech_HR/Eglantyne/simulation/install/champ_bringup:/home/hibiki/Robomech_HR/Eglantyne/simulation/install/champ_base:/home/hibiki/Robomech_HR/Eglantyne/simulation/install/champ_msgs:/home/hibiki/Robomech_HR/Eglantyne/simulation/install/champ_description:/home/hibiki/Robomech_HR/Eglantyne/simulation/install/champ_config:/home/hibiki/Robomech_HR/Eglantyne/simulation/install/champ:/home/hibiki/Robomech_HR/Eglantyne/microros/ros2_pub_test/install/vel_pub:/opt/ros/humble CMAKE_PREFIX_PATH=/home/hibiki/Robomech_HR/Eglantyne/simulation/install/ros2_control_demo_description:/home/hibiki/Robomech_HR/Eglantyne/simulation/install/simple_sim:/home/hibiki/Robomech_HR/Eglantyne/simulation/install/ros2_control_demos:/home/hibiki/Robomech_HR/Eglantyne/simulation/install/ros2_control_demo_example_9:/home/hibiki/Robomech_HR/Eglantyne/simulation/install/ros2_control_demo_example_8:/home/hibiki/Robomech_HR/Eglantyne/simulation/install/ros2_control_demo_example_7:/home/hibiki/Robomech_HR/Eglantyne/simulation/install/ros2_control_demo_example_6:/home/hibiki/Robomech_HR/Eglantyne/simulation/install/ros2_control_demo_example_15:/home/hibiki/Robomech_HR/Eglantyne/simulation/install/ros2_control_demo_example_5:/home/hibiki/Robomech_HR/Eglantyne/simulation/install/ros2_control_demo_example_4:/home/hibiki/Robomech_HR/Eglantyne/simulation/install/ros2_control_demo_example_3:/home/hibiki/Robomech_HR/Eglantyne/simulation/install/ros2_control_demo_example_2:/home/hibiki/Robomech_HR/Eglantyne/simulation/install/ros2_control_demo_example_14:/home/hibiki/Robomech_HR/Eglantyne/simulation/install/ros2_control_demo_example_12:/home/hibiki/Robomech_HR/Eglantyne/simulation/install/ros2_control_demo_example_11:/home/hibiki/Robomech_HR/Eglantyne/simulation/install/ros2_control_demo_example_10:/home/hibiki/Robomech_HR/Eglantyne/simulation/install/ros2_control_demo_example_1:/home/hibiki/Robomech_HR/Eglantyne/simulation/install/gazebo_ros2_control_demos:/home/hibiki/Robomech_HR/Eglantyne/simulation/install/champ_teleop:/home/hibiki/Robomech_HR/Eglantyne/simulation/install/champ_navigation:/home/hibiki/Robomech_HR/Eglantyne/simulation/install/champ_gazebo:/home/hibiki/Robomech_HR/Eglantyne/simulation/install/champ_bringup:/home/hibiki/Robomech_HR/Eglantyne/simulation/install/champ_base:/home/hibiki/Robomech_HR/Eglantyne/simulation/install/champ_msgs:/home/hibiki/Robomech_HR/Eglantyne/simulation/install/champ_description:/home/hibiki/Robomech_HR/Eglantyne/simulation/install/champ_config:/home/hibiki/Robomech_HR/Eglantyne/simulation/install/ros2_control_demo_testing:/opt/ros/humble:/home/hibiki/Robomech_HR/Eglantyne/simulation/install/champ:/home/hibiki/Robomech_HR/Eglantyne/microros/ros2_pub_test/install/vel_pub PYTHONPATH=/home/hibiki/Robomech_HR/Eglantyne/simulation/install/ros2_control_demo_testing/lib/python3.10/site-packages:/home/hibiki/Robomech_HR/Eglantyne/simulation/install/simple_sim/lib/python3.10/site-packages:/home/hibiki/Robomech_HR/Eglantyne/simulation/install/champ_bringup/lib/python3.10/site-packages:/home/hibiki/Robomech_HR/Eglantyne/simulation/install/champ_msgs/lib/python3.10/site-packages:/opt/ros/humble/lib/python3.10/site-packages:/opt/ros/humble/local/lib/python3.10/dist-packages /usr/bin/cmake --build /home/hibiki/Robomech_HR/Eglantyne/simulation/build/ros2_control_demo_example_12 -- -j16 -l16
[0.912s] DEBUG:colcon.colcon_core.event_handler.log_command:Invoking command in '/home/hibiki/Robomech_HR/Eglantyne/simulation/build/ros2_control_demo_example_14': AMENT_PREFIX_PATH=/home/hibiki/Robomech_HR/Eglantyne/simulation/install/ros2_control_demo_testing:/home/hibiki/Robomech_HR/Eglantyne/simulation/install/simple_sim:/home/hibiki/Robomech_HR/Eglantyne/simulation/install/ros2_control_demos:/home/hibiki/Robomech_HR/Eglantyne/simulation/install/ros2_control_demo_example_9:/home/hibiki/Robomech_HR/Eglantyne/simulation/install/ros2_control_demo_example_8:/home/hibiki/Robomech_HR/Eglantyne/simulation/install/ros2_control_demo_example_7:/home/hibiki/Robomech_HR/Eglantyne/simulation/install/ros2_control_demo_example_6:/home/hibiki/Robomech_HR/Eglantyne/simulation/install/ros2_control_demo_example_15:/home/hibiki/Robomech_HR/Eglantyne/simulation/install/ros2_control_demo_example_5:/home/hibiki/Robomech_HR/Eglantyne/simulation/install/ros2_control_demo_example_4:/home/hibiki/Robomech_HR/Eglantyne/simulation/install/ros2_control_demo_example_3:/home/hibiki/Robomech_HR/Eglantyne/simulation/install/ros2_control_demo_example_2:/home/hibiki/Robomech_HR/Eglantyne/simulation/install/ros2_control_demo_example_14:/home/hibiki/Robomech_HR/Eglantyne/simulation/install/ros2_control_demo_example_12:/home/hibiki/Robomech_HR/Eglantyne/simulation/install/ros2_control_demo_example_11:/home/hibiki/Robomech_HR/Eglantyne/simulation/install/ros2_control_demo_example_10:/home/hibiki/Robomech_HR/Eglantyne/simulation/install/ros2_control_demo_example_1:/home/hibiki/Robomech_HR/Eglantyne/simulation/install/ros2_control_demo_description:/home/hibiki/Robomech_HR/Eglantyne/simulation/install/gazebo_ros2_control_demos:/home/hibiki/Robomech_HR/Eglantyne/simulation/install/champ_teleop:/home/hibiki/Robomech_HR/Eglantyne/simulation/install/champ_navigation:/home/hibiki/Robomech_HR/Eglantyne/simulation/install/champ_gazebo:/home/hibiki/Robomech_HR/Eglantyne/simulation/install/champ_bringup:/home/hibiki/Robomech_HR/Eglantyne/simulation/install/champ_base:/home/hibiki/Robomech_HR/Eglantyne/simulation/install/champ_msgs:/home/hibiki/Robomech_HR/Eglantyne/simulation/install/champ_description:/home/hibiki/Robomech_HR/Eglantyne/simulation/install/champ_config:/home/hibiki/Robomech_HR/Eglantyne/simulation/install/champ:/home/hibiki/Robomech_HR/Eglantyne/microros/ros2_pub_test/install/vel_pub:/opt/ros/humble CMAKE_PREFIX_PATH=/home/hibiki/Robomech_HR/Eglantyne/simulation/install/ros2_control_demo_description:/home/hibiki/Robomech_HR/Eglantyne/simulation/install/simple_sim:/home/hibiki/Robomech_HR/Eglantyne/simulation/install/ros2_control_demos:/home/hibiki/Robomech_HR/Eglantyne/simulation/install/ros2_control_demo_example_9:/home/hibiki/Robomech_HR/Eglantyne/simulation/install/ros2_control_demo_example_8:/home/hibiki/Robomech_HR/Eglantyne/simulation/install/ros2_control_demo_example_7:/home/hibiki/Robomech_HR/Eglantyne/simulation/install/ros2_control_demo_example_6:/home/hibiki/Robomech_HR/Eglantyne/simulation/install/ros2_control_demo_example_15:/home/hibiki/Robomech_HR/Eglantyne/simulation/install/ros2_control_demo_example_5:/home/hibiki/Robomech_HR/Eglantyne/simulation/install/ros2_control_demo_example_4:/home/hibiki/Robomech_HR/Eglantyne/simulation/install/ros2_control_demo_example_3:/home/hibiki/Robomech_HR/Eglantyne/simulation/install/ros2_control_demo_example_2:/home/hibiki/Robomech_HR/Eglantyne/simulation/install/ros2_control_demo_example_14:/home/hibiki/Robomech_HR/Eglantyne/simulation/install/ros2_control_demo_example_12:/home/hibiki/Robomech_HR/Eglantyne/simulation/install/ros2_control_demo_example_11:/home/hibiki/Robomech_HR/Eglantyne/simulation/install/ros2_control_demo_example_10:/home/hibiki/Robomech_HR/Eglantyne/simulation/install/ros2_control_demo_example_1:/home/hibiki/Robomech_HR/Eglantyne/simulation/install/gazebo_ros2_control_demos:/home/hibiki/Robomech_HR/Eglantyne/simulation/install/champ_teleop:/home/hibiki/Robomech_HR/Eglantyne/simulation/install/champ_navigation:/home/hibiki/Robomech_HR/Eglantyne/simulation/install/champ_gazebo:/home/hibiki/Robomech_HR/Eglantyne/simulation/install/champ_bringup:/home/hibiki/Robomech_HR/Eglantyne/simulation/install/champ_base:/home/hibiki/Robomech_HR/Eglantyne/simulation/install/champ_msgs:/home/hibiki/Robomech_HR/Eglantyne/simulation/install/champ_description:/home/hibiki/Robomech_HR/Eglantyne/simulation/install/champ_config:/home/hibiki/Robomech_HR/Eglantyne/simulation/install/ros2_control_demo_testing:/opt/ros/humble:/home/hibiki/Robomech_HR/Eglantyne/simulation/install/champ:/home/hibiki/Robomech_HR/Eglantyne/microros/ros2_pub_test/install/vel_pub PYTHONPATH=/home/hibiki/Robomech_HR/Eglantyne/simulation/install/ros2_control_demo_testing/lib/python3.10/site-packages:/home/hibiki/Robomech_HR/Eglantyne/simulation/install/simple_sim/lib/python3.10/site-packages:/home/hibiki/Robomech_HR/Eglantyne/simulation/install/champ_bringup/lib/python3.10/site-packages:/home/hibiki/Robomech_HR/Eglantyne/simulation/install/champ_msgs/lib/python3.10/site-packages:/opt/ros/humble/lib/python3.10/site-packages:/opt/ros/humble/local/lib/python3.10/dist-packages /usr/bin/cmake --build /home/hibiki/Robomech_HR/Eglantyne/simulation/build/ros2_control_demo_example_14 -- -j16 -l16
[0.915s] DEBUG:colcon.colcon_core.event_handler.log_command:Invoking command in '/home/hibiki/Robomech_HR/Eglantyne/simulation/build/ros2_control_demo_example_2': AMENT_PREFIX_PATH=/home/hibiki/Robomech_HR/Eglantyne/simulation/install/ros2_control_demo_testing:/home/hibiki/Robomech_HR/Eglantyne/simulation/install/simple_sim:/home/hibiki/Robomech_HR/Eglantyne/simulation/install/ros2_control_demos:/home/hibiki/Robomech_HR/Eglantyne/simulation/install/ros2_control_demo_example_9:/home/hibiki/Robomech_HR/Eglantyne/simulation/install/ros2_control_demo_example_8:/home/hibiki/Robomech_HR/Eglantyne/simulation/install/ros2_control_demo_example_7:/home/hibiki/Robomech_HR/Eglantyne/simulation/install/ros2_control_demo_example_6:/home/hibiki/Robomech_HR/Eglantyne/simulation/install/ros2_control_demo_example_15:/home/hibiki/Robomech_HR/Eglantyne/simulation/install/ros2_control_demo_example_5:/home/hibiki/Robomech_HR/Eglantyne/simulation/install/ros2_control_demo_example_4:/home/hibiki/Robomech_HR/Eglantyne/simulation/install/ros2_control_demo_example_3:/home/hibiki/Robomech_HR/Eglantyne/simulation/install/ros2_control_demo_example_2:/home/hibiki/Robomech_HR/Eglantyne/simulation/install/ros2_control_demo_example_14:/home/hibiki/Robomech_HR/Eglantyne/simulation/install/ros2_control_demo_example_12:/home/hibiki/Robomech_HR/Eglantyne/simulation/install/ros2_control_demo_example_11:/home/hibiki/Robomech_HR/Eglantyne/simulation/install/ros2_control_demo_example_10:/home/hibiki/Robomech_HR/Eglantyne/simulation/install/ros2_control_demo_example_1:/home/hibiki/Robomech_HR/Eglantyne/simulation/install/ros2_control_demo_description:/home/hibiki/Robomech_HR/Eglantyne/simulation/install/gazebo_ros2_control_demos:/home/hibiki/Robomech_HR/Eglantyne/simulation/install/champ_teleop:/home/hibiki/Robomech_HR/Eglantyne/simulation/install/champ_navigation:/home/hibiki/Robomech_HR/Eglantyne/simulation/install/champ_gazebo:/home/hibiki/Robomech_HR/Eglantyne/simulation/install/champ_bringup:/home/hibiki/Robomech_HR/Eglantyne/simulation/install/champ_base:/home/hibiki/Robomech_HR/Eglantyne/simulation/install/champ_msgs:/home/hibiki/Robomech_HR/Eglantyne/simulation/install/champ_description:/home/hibiki/Robomech_HR/Eglantyne/simulation/install/champ_config:/home/hibiki/Robomech_HR/Eglantyne/simulation/install/champ:/home/hibiki/Robomech_HR/Eglantyne/microros/ros2_pub_test/install/vel_pub:/opt/ros/humble CMAKE_PREFIX_PATH=/home/hibiki/Robomech_HR/Eglantyne/simulation/install/ros2_control_demo_description:/home/hibiki/Robomech_HR/Eglantyne/simulation/install/simple_sim:/home/hibiki/Robomech_HR/Eglantyne/simulation/install/ros2_control_demos:/home/hibiki/Robomech_HR/Eglantyne/simulation/install/ros2_control_demo_example_9:/home/hibiki/Robomech_HR/Eglantyne/simulation/install/ros2_control_demo_example_8:/home/hibiki/Robomech_HR/Eglantyne/simulation/install/ros2_control_demo_example_7:/home/hibiki/Robomech_HR/Eglantyne/simulation/install/ros2_control_demo_example_6:/home/hibiki/Robomech_HR/Eglantyne/simulation/install/ros2_control_demo_example_15:/home/hibiki/Robomech_HR/Eglantyne/simulation/install/ros2_control_demo_example_5:/home/hibiki/Robomech_HR/Eglantyne/simulation/install/ros2_control_demo_example_4:/home/hibiki/Robomech_HR/Eglantyne/simulation/install/ros2_control_demo_example_3:/home/hibiki/Robomech_HR/Eglantyne/simulation/install/ros2_control_demo_example_2:/home/hibiki/Robomech_HR/Eglantyne/simulation/install/ros2_control_demo_example_14:/home/hibiki/Robomech_HR/Eglantyne/simulation/install/ros2_control_demo_example_12:/home/hibiki/Robomech_HR/Eglantyne/simulation/install/ros2_control_demo_example_11:/home/hibiki/Robomech_HR/Eglantyne/simulation/install/ros2_control_demo_example_10:/home/hibiki/Robomech_HR/Eglantyne/simulation/install/ros2_control_demo_example_1:/home/hibiki/Robomech_HR/Eglantyne/simulation/install/gazebo_ros2_control_demos:/home/hibiki/Robomech_HR/Eglantyne/simulation/install/champ_teleop:/home/hibiki/Robomech_HR/Eglantyne/simulation/install/champ_navigation:/home/hibiki/Robomech_HR/Eglantyne/simulation/install/champ_gazebo:/home/hibiki/Robomech_HR/Eglantyne/simulation/install/champ_bringup:/home/hibiki/Robomech_HR/Eglantyne/simulation/install/champ_base:/home/hibiki/Robomech_HR/Eglantyne/simulation/install/champ_msgs:/home/hibiki/Robomech_HR/Eglantyne/simulation/install/champ_description:/home/hibiki/Robomech_HR/Eglantyne/simulation/install/champ_config:/home/hibiki/Robomech_HR/Eglantyne/simulation/install/ros2_control_demo_testing:/opt/ros/humble:/home/hibiki/Robomech_HR/Eglantyne/simulation/install/champ:/home/hibiki/Robomech_HR/Eglantyne/microros/ros2_pub_test/install/vel_pub PYTHONPATH=/home/hibiki/Robomech_HR/Eglantyne/simulation/install/ros2_control_demo_testing/lib/python3.10/site-packages:/home/hibiki/Robomech_HR/Eglantyne/simulation/install/simple_sim/lib/python3.10/site-packages:/home/hibiki/Robomech_HR/Eglantyne/simulation/install/champ_bringup/lib/python3.10/site-packages:/home/hibiki/Robomech_HR/Eglantyne/simulation/install/champ_msgs/lib/python3.10/site-packages:/opt/ros/humble/lib/python3.10/site-packages:/opt/ros/humble/local/lib/python3.10/dist-packages /usr/bin/cmake --build /home/hibiki/Robomech_HR/Eglantyne/simulation/build/ros2_control_demo_example_2 -- -j16 -l16
[0.918s] DEBUG:colcon.colcon_core.event_handler.log_command:Invoking command in '/home/hibiki/Robomech_HR/Eglantyne/simulation/build/ros2_control_demo_example_3': AMENT_PREFIX_PATH=/home/hibiki/Robomech_HR/Eglantyne/simulation/install/ros2_control_demo_testing:/home/hibiki/Robomech_HR/Eglantyne/simulation/install/simple_sim:/home/hibiki/Robomech_HR/Eglantyne/simulation/install/ros2_control_demos:/home/hibiki/Robomech_HR/Eglantyne/simulation/install/ros2_control_demo_example_9:/home/hibiki/Robomech_HR/Eglantyne/simulation/install/ros2_control_demo_example_8:/home/hibiki/Robomech_HR/Eglantyne/simulation/install/ros2_control_demo_example_7:/home/hibiki/Robomech_HR/Eglantyne/simulation/install/ros2_control_demo_example_6:/home/hibiki/Robomech_HR/Eglantyne/simulation/install/ros2_control_demo_example_15:/home/hibiki/Robomech_HR/Eglantyne/simulation/install/ros2_control_demo_example_5:/home/hibiki/Robomech_HR/Eglantyne/simulation/install/ros2_control_demo_example_4:/home/hibiki/Robomech_HR/Eglantyne/simulation/install/ros2_control_demo_example_3:/home/hibiki/Robomech_HR/Eglantyne/simulation/install/ros2_control_demo_example_2:/home/hibiki/Robomech_HR/Eglantyne/simulation/install/ros2_control_demo_example_14:/home/hibiki/Robomech_HR/Eglantyne/simulation/install/ros2_control_demo_example_12:/home/hibiki/Robomech_HR/Eglantyne/simulation/install/ros2_control_demo_example_11:/home/hibiki/Robomech_HR/Eglantyne/simulation/install/ros2_control_demo_example_10:/home/hibiki/Robomech_HR/Eglantyne/simulation/install/ros2_control_demo_example_1:/home/hibiki/Robomech_HR/Eglantyne/simulation/install/ros2_control_demo_description:/home/hibiki/Robomech_HR/Eglantyne/simulation/install/gazebo_ros2_control_demos:/home/hibiki/Robomech_HR/Eglantyne/simulation/install/champ_teleop:/home/hibiki/Robomech_HR/Eglantyne/simulation/install/champ_navigation:/home/hibiki/Robomech_HR/Eglantyne/simulation/install/champ_gazebo:/home/hibiki/Robomech_HR/Eglantyne/simulation/install/champ_bringup:/home/hibiki/Robomech_HR/Eglantyne/simulation/install/champ_base:/home/hibiki/Robomech_HR/Eglantyne/simulation/install/champ_msgs:/home/hibiki/Robomech_HR/Eglantyne/simulation/install/champ_description:/home/hibiki/Robomech_HR/Eglantyne/simulation/install/champ_config:/home/hibiki/Robomech_HR/Eglantyne/simulation/install/champ:/home/hibiki/Robomech_HR/Eglantyne/microros/ros2_pub_test/install/vel_pub:/opt/ros/humble CMAKE_PREFIX_PATH=/home/hibiki/Robomech_HR/Eglantyne/simulation/install/ros2_control_demo_description:/home/hibiki/Robomech_HR/Eglantyne/simulation/install/simple_sim:/home/hibiki/Robomech_HR/Eglantyne/simulation/install/ros2_control_demos:/home/hibiki/Robomech_HR/Eglantyne/simulation/install/ros2_control_demo_example_9:/home/hibiki/Robomech_HR/Eglantyne/simulation/install/ros2_control_demo_example_8:/home/hibiki/Robomech_HR/Eglantyne/simulation/install/ros2_control_demo_example_7:/home/hibiki/Robomech_HR/Eglantyne/simulation/install/ros2_control_demo_example_6:/home/hibiki/Robomech_HR/Eglantyne/simulation/install/ros2_control_demo_example_15:/home/hibiki/Robomech_HR/Eglantyne/simulation/install/ros2_control_demo_example_5:/home/hibiki/Robomech_HR/Eglantyne/simulation/install/ros2_control_demo_example_4:/home/hibiki/Robomech_HR/Eglantyne/simulation/install/ros2_control_demo_example_3:/home/hibiki/Robomech_HR/Eglantyne/simulation/install/ros2_control_demo_example_2:/home/hibiki/Robomech_HR/Eglantyne/simulation/install/ros2_control_demo_example_14:/home/hibiki/Robomech_HR/Eglantyne/simulation/install/ros2_control_demo_example_12:/home/hibiki/Robomech_HR/Eglantyne/simulation/install/ros2_control_demo_example_11:/home/hibiki/Robomech_HR/Eglantyne/simulation/install/ros2_control_demo_example_10:/home/hibiki/Robomech_HR/Eglantyne/simulation/install/ros2_control_demo_example_1:/home/hibiki/Robomech_HR/Eglantyne/simulation/install/gazebo_ros2_control_demos:/home/hibiki/Robomech_HR/Eglantyne/simulation/install/champ_teleop:/home/hibiki/Robomech_HR/Eglantyne/simulation/install/champ_navigation:/home/hibiki/Robomech_HR/Eglantyne/simulation/install/champ_gazebo:/home/hibiki/Robomech_HR/Eglantyne/simulation/install/champ_bringup:/home/hibiki/Robomech_HR/Eglantyne/simulation/install/champ_base:/home/hibiki/Robomech_HR/Eglantyne/simulation/install/champ_msgs:/home/hibiki/Robomech_HR/Eglantyne/simulation/install/champ_description:/home/hibiki/Robomech_HR/Eglantyne/simulation/install/champ_config:/home/hibiki/Robomech_HR/Eglantyne/simulation/install/ros2_control_demo_testing:/opt/ros/humble:/home/hibiki/Robomech_HR/Eglantyne/simulation/install/champ:/home/hibiki/Robomech_HR/Eglantyne/microros/ros2_pub_test/install/vel_pub PYTHONPATH=/home/hibiki/Robomech_HR/Eglantyne/simulation/install/ros2_control_demo_testing/lib/python3.10/site-packages:/home/hibiki/Robomech_HR/Eglantyne/simulation/install/simple_sim/lib/python3.10/site-packages:/home/hibiki/Robomech_HR/Eglantyne/simulation/install/champ_bringup/lib/python3.10/site-packages:/home/hibiki/Robomech_HR/Eglantyne/simulation/install/champ_msgs/lib/python3.10/site-packages:/opt/ros/humble/lib/python3.10/site-packages:/opt/ros/humble/local/lib/python3.10/dist-packages /usr/bin/cmake --build /home/hibiki/Robomech_HR/Eglantyne/simulation/build/ros2_control_demo_example_3 -- -j16 -l16
[0.921s] DEBUG:colcon.colcon_core.event_handler.log_command:Invoking command in '/home/hibiki/Robomech_HR/Eglantyne/simulation/build/ros2_control_demo_example_4': AMENT_PREFIX_PATH=/home/hibiki/Robomech_HR/Eglantyne/simulation/install/ros2_control_demo_testing:/home/hibiki/Robomech_HR/Eglantyne/simulation/install/simple_sim:/home/hibiki/Robomech_HR/Eglantyne/simulation/install/ros2_control_demos:/home/hibiki/Robomech_HR/Eglantyne/simulation/install/ros2_control_demo_example_9:/home/hibiki/Robomech_HR/Eglantyne/simulation/install/ros2_control_demo_example_8:/home/hibiki/Robomech_HR/Eglantyne/simulation/install/ros2_control_demo_example_7:/home/hibiki/Robomech_HR/Eglantyne/simulation/install/ros2_control_demo_example_6:/home/hibiki/Robomech_HR/Eglantyne/simulation/install/ros2_control_demo_example_15:/home/hibiki/Robomech_HR/Eglantyne/simulation/install/ros2_control_demo_example_5:/home/hibiki/Robomech_HR/Eglantyne/simulation/install/ros2_control_demo_example_4:/home/hibiki/Robomech_HR/Eglantyne/simulation/install/ros2_control_demo_example_3:/home/hibiki/Robomech_HR/Eglantyne/simulation/install/ros2_control_demo_example_2:/home/hibiki/Robomech_HR/Eglantyne/simulation/install/ros2_control_demo_example_14:/home/hibiki/Robomech_HR/Eglantyne/simulation/install/ros2_control_demo_example_12:/home/hibiki/Robomech_HR/Eglantyne/simulation/install/ros2_control_demo_example_11:/home/hibiki/Robomech_HR/Eglantyne/simulation/install/ros2_control_demo_example_10:/home/hibiki/Robomech_HR/Eglantyne/simulation/install/ros2_control_demo_example_1:/home/hibiki/Robomech_HR/Eglantyne/simulation/install/ros2_control_demo_description:/home/hibiki/Robomech_HR/Eglantyne/simulation/install/gazebo_ros2_control_demos:/home/hibiki/Robomech_HR/Eglantyne/simulation/install/champ_teleop:/home/hibiki/Robomech_HR/Eglantyne/simulation/install/champ_navigation:/home/hibiki/Robomech_HR/Eglantyne/simulation/install/champ_gazebo:/home/hibiki/Robomech_HR/Eglantyne/simulation/install/champ_bringup:/home/hibiki/Robomech_HR/Eglantyne/simulation/install/champ_base:/home/hibiki/Robomech_HR/Eglantyne/simulation/install/champ_msgs:/home/hibiki/Robomech_HR/Eglantyne/simulation/install/champ_description:/home/hibiki/Robomech_HR/Eglantyne/simulation/install/champ_config:/home/hibiki/Robomech_HR/Eglantyne/simulation/install/champ:/home/hibiki/Robomech_HR/Eglantyne/microros/ros2_pub_test/install/vel_pub:/opt/ros/humble CMAKE_PREFIX_PATH=/home/hibiki/Robomech_HR/Eglantyne/simulation/install/ros2_control_demo_description:/home/hibiki/Robomech_HR/Eglantyne/simulation/install/simple_sim:/home/hibiki/Robomech_HR/Eglantyne/simulation/install/ros2_control_demos:/home/hibiki/Robomech_HR/Eglantyne/simulation/install/ros2_control_demo_example_9:/home/hibiki/Robomech_HR/Eglantyne/simulation/install/ros2_control_demo_example_8:/home/hibiki/Robomech_HR/Eglantyne/simulation/install/ros2_control_demo_example_7:/home/hibiki/Robomech_HR/Eglantyne/simulation/install/ros2_control_demo_example_6:/home/hibiki/Robomech_HR/Eglantyne/simulation/install/ros2_control_demo_example_15:/home/hibiki/Robomech_HR/Eglantyne/simulation/install/ros2_control_demo_example_5:/home/hibiki/Robomech_HR/Eglantyne/simulation/install/ros2_control_demo_example_4:/home/hibiki/Robomech_HR/Eglantyne/simulation/install/ros2_control_demo_example_3:/home/hibiki/Robomech_HR/Eglantyne/simulation/install/ros2_control_demo_example_2:/home/hibiki/Robomech_HR/Eglantyne/simulation/install/ros2_control_demo_example_14:/home/hibiki/Robomech_HR/Eglantyne/simulation/install/ros2_control_demo_example_12:/home/hibiki/Robomech_HR/Eglantyne/simulation/install/ros2_control_demo_example_11:/home/hibiki/Robomech_HR/Eglantyne/simulation/install/ros2_control_demo_example_10:/home/hibiki/Robomech_HR/Eglantyne/simulation/install/ros2_control_demo_example_1:/home/hibiki/Robomech_HR/Eglantyne/simulation/install/gazebo_ros2_control_demos:/home/hibiki/Robomech_HR/Eglantyne/simulation/install/champ_teleop:/home/hibiki/Robomech_HR/Eglantyne/simulation/install/champ_navigation:/home/hibiki/Robomech_HR/Eglantyne/simulation/install/champ_gazebo:/home/hibiki/Robomech_HR/Eglantyne/simulation/install/champ_bringup:/home/hibiki/Robomech_HR/Eglantyne/simulation/install/champ_base:/home/hibiki/Robomech_HR/Eglantyne/simulation/install/champ_msgs:/home/hibiki/Robomech_HR/Eglantyne/simulation/install/champ_description:/home/hibiki/Robomech_HR/Eglantyne/simulation/install/champ_config:/home/hibiki/Robomech_HR/Eglantyne/simulation/install/ros2_control_demo_testing:/opt/ros/humble:/home/hibiki/Robomech_HR/Eglantyne/simulation/install/champ:/home/hibiki/Robomech_HR/Eglantyne/microros/ros2_pub_test/install/vel_pub PYTHONPATH=/home/hibiki/Robomech_HR/Eglantyne/simulation/install/ros2_control_demo_testing/lib/python3.10/site-packages:/home/hibiki/Robomech_HR/Eglantyne/simulation/install/simple_sim/lib/python3.10/site-packages:/home/hibiki/Robomech_HR/Eglantyne/simulation/install/champ_bringup/lib/python3.10/site-packages:/home/hibiki/Robomech_HR/Eglantyne/simulation/install/champ_msgs/lib/python3.10/site-packages:/opt/ros/humble/lib/python3.10/site-packages:/opt/ros/humble/local/lib/python3.10/dist-packages /usr/bin/cmake --build /home/hibiki/Robomech_HR/Eglantyne/simulation/build/ros2_control_demo_example_4 -- -j16 -l16
[0.924s] DEBUG:colcon.colcon_core.event_handler.log_command:Invoking command in '/home/hibiki/Robomech_HR/Eglantyne/simulation/build/ros2_control_demo_example_6': AMENT_PREFIX_PATH=/home/hibiki/Robomech_HR/Eglantyne/simulation/install/ros2_control_demo_testing:/home/hibiki/Robomech_HR/Eglantyne/simulation/install/simple_sim:/home/hibiki/Robomech_HR/Eglantyne/simulation/install/ros2_control_demos:/home/hibiki/Robomech_HR/Eglantyne/simulation/install/ros2_control_demo_example_9:/home/hibiki/Robomech_HR/Eglantyne/simulation/install/ros2_control_demo_example_8:/home/hibiki/Robomech_HR/Eglantyne/simulation/install/ros2_control_demo_example_7:/home/hibiki/Robomech_HR/Eglantyne/simulation/install/ros2_control_demo_example_6:/home/hibiki/Robomech_HR/Eglantyne/simulation/install/ros2_control_demo_example_15:/home/hibiki/Robomech_HR/Eglantyne/simulation/install/ros2_control_demo_example_5:/home/hibiki/Robomech_HR/Eglantyne/simulation/install/ros2_control_demo_example_4:/home/hibiki/Robomech_HR/Eglantyne/simulation/install/ros2_control_demo_example_3:/home/hibiki/Robomech_HR/Eglantyne/simulation/install/ros2_control_demo_example_2:/home/hibiki/Robomech_HR/Eglantyne/simulation/install/ros2_control_demo_example_14:/home/hibiki/Robomech_HR/Eglantyne/simulation/install/ros2_control_demo_example_12:/home/hibiki/Robomech_HR/Eglantyne/simulation/install/ros2_control_demo_example_11:/home/hibiki/Robomech_HR/Eglantyne/simulation/install/ros2_control_demo_example_10:/home/hibiki/Robomech_HR/Eglantyne/simulation/install/ros2_control_demo_example_1:/home/hibiki/Robomech_HR/Eglantyne/simulation/install/ros2_control_demo_description:/home/hibiki/Robomech_HR/Eglantyne/simulation/install/gazebo_ros2_control_demos:/home/hibiki/Robomech_HR/Eglantyne/simulation/install/champ_teleop:/home/hibiki/Robomech_HR/Eglantyne/simulation/install/champ_navigation:/home/hibiki/Robomech_HR/Eglantyne/simulation/install/champ_gazebo:/home/hibiki/Robomech_HR/Eglantyne/simulation/install/champ_bringup:/home/hibiki/Robomech_HR/Eglantyne/simulation/install/champ_base:/home/hibiki/Robomech_HR/Eglantyne/simulation/install/champ_msgs:/home/hibiki/Robomech_HR/Eglantyne/simulation/install/champ_description:/home/hibiki/Robomech_HR/Eglantyne/simulation/install/champ_config:/home/hibiki/Robomech_HR/Eglantyne/simulation/install/champ:/home/hibiki/Robomech_HR/Eglantyne/microros/ros2_pub_test/install/vel_pub:/opt/ros/humble CMAKE_PREFIX_PATH=/home/hibiki/Robomech_HR/Eglantyne/simulation/install/ros2_control_demo_description:/home/hibiki/Robomech_HR/Eglantyne/simulation/install/simple_sim:/home/hibiki/Robomech_HR/Eglantyne/simulation/install/ros2_control_demos:/home/hibiki/Robomech_HR/Eglantyne/simulation/install/ros2_control_demo_example_9:/home/hibiki/Robomech_HR/Eglantyne/simulation/install/ros2_control_demo_example_8:/home/hibiki/Robomech_HR/Eglantyne/simulation/install/ros2_control_demo_example_7:/home/hibiki/Robomech_HR/Eglantyne/simulation/install/ros2_control_demo_example_6:/home/hibiki/Robomech_HR/Eglantyne/simulation/install/ros2_control_demo_example_15:/home/hibiki/Robomech_HR/Eglantyne/simulation/install/ros2_control_demo_example_5:/home/hibiki/Robomech_HR/Eglantyne/simulation/install/ros2_control_demo_example_4:/home/hibiki/Robomech_HR/Eglantyne/simulation/install/ros2_control_demo_example_3:/home/hibiki/Robomech_HR/Eglantyne/simulation/install/ros2_control_demo_example_2:/home/hibiki/Robomech_HR/Eglantyne/simulation/install/ros2_control_demo_example_14:/home/hibiki/Robomech_HR/Eglantyne/simulation/install/ros2_control_demo_example_12:/home/hibiki/Robomech_HR/Eglantyne/simulation/install/ros2_control_demo_example_11:/home/hibiki/Robomech_HR/Eglantyne/simulation/install/ros2_control_demo_example_10:/home/hibiki/Robomech_HR/Eglantyne/simulation/install/ros2_control_demo_example_1:/home/hibiki/Robomech_HR/Eglantyne/simulation/install/gazebo_ros2_control_demos:/home/hibiki/Robomech_HR/Eglantyne/simulation/install/champ_teleop:/home/hibiki/Robomech_HR/Eglantyne/simulation/install/champ_navigation:/home/hibiki/Robomech_HR/Eglantyne/simulation/install/champ_gazebo:/home/hibiki/Robomech_HR/Eglantyne/simulation/install/champ_bringup:/home/hibiki/Robomech_HR/Eglantyne/simulation/install/champ_base:/home/hibiki/Robomech_HR/Eglantyne/simulation/install/champ_msgs:/home/hibiki/Robomech_HR/Eglantyne/simulation/install/champ_description:/home/hibiki/Robomech_HR/Eglantyne/simulation/install/champ_config:/home/hibiki/Robomech_HR/Eglantyne/simulation/install/ros2_control_demo_testing:/opt/ros/humble:/home/hibiki/Robomech_HR/Eglantyne/simulation/install/champ:/home/hibiki/Robomech_HR/Eglantyne/microros/ros2_pub_test/install/vel_pub PYTHONPATH=/home/hibiki/Robomech_HR/Eglantyne/simulation/install/ros2_control_demo_testing/lib/python3.10/site-packages:/home/hibiki/Robomech_HR/Eglantyne/simulation/install/simple_sim/lib/python3.10/site-packages:/home/hibiki/Robomech_HR/Eglantyne/simulation/install/champ_bringup/lib/python3.10/site-packages:/home/hibiki/Robomech_HR/Eglantyne/simulation/install/champ_msgs/lib/python3.10/site-packages:/opt/ros/humble/lib/python3.10/site-packages:/opt/ros/humble/local/lib/python3.10/dist-packages /usr/bin/cmake --build /home/hibiki/Robomech_HR/Eglantyne/simulation/build/ros2_control_demo_example_6 -- -j16 -l16
[0.927s] DEBUG:colcon.colcon_core.event_handler.log_command:Invoking command in '/home/hibiki/Robomech_HR/Eglantyne/simulation/build/ros2_control_demo_example_7': AMENT_PREFIX_PATH=/home/hibiki/Robomech_HR/Eglantyne/simulation/install/ros2_control_demo_testing:/home/hibiki/Robomech_HR/Eglantyne/simulation/install/simple_sim:/home/hibiki/Robomech_HR/Eglantyne/simulation/install/ros2_control_demos:/home/hibiki/Robomech_HR/Eglantyne/simulation/install/ros2_control_demo_example_9:/home/hibiki/Robomech_HR/Eglantyne/simulation/install/ros2_control_demo_example_8:/home/hibiki/Robomech_HR/Eglantyne/simulation/install/ros2_control_demo_example_7:/home/hibiki/Robomech_HR/Eglantyne/simulation/install/ros2_control_demo_example_6:/home/hibiki/Robomech_HR/Eglantyne/simulation/install/ros2_control_demo_example_15:/home/hibiki/Robomech_HR/Eglantyne/simulation/install/ros2_control_demo_example_5:/home/hibiki/Robomech_HR/Eglantyne/simulation/install/ros2_control_demo_example_4:/home/hibiki/Robomech_HR/Eglantyne/simulation/install/ros2_control_demo_example_3:/home/hibiki/Robomech_HR/Eglantyne/simulation/install/ros2_control_demo_example_2:/home/hibiki/Robomech_HR/Eglantyne/simulation/install/ros2_control_demo_example_14:/home/hibiki/Robomech_HR/Eglantyne/simulation/install/ros2_control_demo_example_12:/home/hibiki/Robomech_HR/Eglantyne/simulation/install/ros2_control_demo_example_11:/home/hibiki/Robomech_HR/Eglantyne/simulation/install/ros2_control_demo_example_10:/home/hibiki/Robomech_HR/Eglantyne/simulation/install/ros2_control_demo_example_1:/home/hibiki/Robomech_HR/Eglantyne/simulation/install/ros2_control_demo_description:/home/hibiki/Robomech_HR/Eglantyne/simulation/install/gazebo_ros2_control_demos:/home/hibiki/Robomech_HR/Eglantyne/simulation/install/champ_teleop:/home/hibiki/Robomech_HR/Eglantyne/simulation/install/champ_navigation:/home/hibiki/Robomech_HR/Eglantyne/simulation/install/champ_gazebo:/home/hibiki/Robomech_HR/Eglantyne/simulation/install/champ_bringup:/home/hibiki/Robomech_HR/Eglantyne/simulation/install/champ_base:/home/hibiki/Robomech_HR/Eglantyne/simulation/install/champ_msgs:/home/hibiki/Robomech_HR/Eglantyne/simulation/install/champ_description:/home/hibiki/Robomech_HR/Eglantyne/simulation/install/champ_config:/home/hibiki/Robomech_HR/Eglantyne/simulation/install/champ:/home/hibiki/Robomech_HR/Eglantyne/microros/ros2_pub_test/install/vel_pub:/opt/ros/humble CMAKE_PREFIX_PATH=/home/hibiki/Robomech_HR/Eglantyne/simulation/install/ros2_control_demo_description:/home/hibiki/Robomech_HR/Eglantyne/simulation/install/simple_sim:/home/hibiki/Robomech_HR/Eglantyne/simulation/install/ros2_control_demos:/home/hibiki/Robomech_HR/Eglantyne/simulation/install/ros2_control_demo_example_9:/home/hibiki/Robomech_HR/Eglantyne/simulation/install/ros2_control_demo_example_8:/home/hibiki/Robomech_HR/Eglantyne/simulation/install/ros2_control_demo_example_7:/home/hibiki/Robomech_HR/Eglantyne/simulation/install/ros2_control_demo_example_6:/home/hibiki/Robomech_HR/Eglantyne/simulation/install/ros2_control_demo_example_15:/home/hibiki/Robomech_HR/Eglantyne/simulation/install/ros2_control_demo_example_5:/home/hibiki/Robomech_HR/Eglantyne/simulation/install/ros2_control_demo_example_4:/home/hibiki/Robomech_HR/Eglantyne/simulation/install/ros2_control_demo_example_3:/home/hibiki/Robomech_HR/Eglantyne/simulation/install/ros2_control_demo_example_2:/home/hibiki/Robomech_HR/Eglantyne/simulation/install/ros2_control_demo_example_14:/home/hibiki/Robomech_HR/Eglantyne/simulation/install/ros2_control_demo_example_12:/home/hibiki/Robomech_HR/Eglantyne/simulation/install/ros2_control_demo_example_11:/home/hibiki/Robomech_HR/Eglantyne/simulation/install/ros2_control_demo_example_10:/home/hibiki/Robomech_HR/Eglantyne/simulation/install/ros2_control_demo_example_1:/home/hibiki/Robomech_HR/Eglantyne/simulation/install/gazebo_ros2_control_demos:/home/hibiki/Robomech_HR/Eglantyne/simulation/install/champ_teleop:/home/hibiki/Robomech_HR/Eglantyne/simulation/install/champ_navigation:/home/hibiki/Robomech_HR/Eglantyne/simulation/install/champ_gazebo:/home/hibiki/Robomech_HR/Eglantyne/simulation/install/champ_bringup:/home/hibiki/Robomech_HR/Eglantyne/simulation/install/champ_base:/home/hibiki/Robomech_HR/Eglantyne/simulation/install/champ_msgs:/home/hibiki/Robomech_HR/Eglantyne/simulation/install/champ_description:/home/hibiki/Robomech_HR/Eglantyne/simulation/install/champ_config:/home/hibiki/Robomech_HR/Eglantyne/simulation/install/ros2_control_demo_testing:/opt/ros/humble:/home/hibiki/Robomech_HR/Eglantyne/simulation/install/champ:/home/hibiki/Robomech_HR/Eglantyne/microros/ros2_pub_test/install/vel_pub PYTHONPATH=/home/hibiki/Robomech_HR/Eglantyne/simulation/install/ros2_control_demo_testing/lib/python3.10/site-packages:/home/hibiki/Robomech_HR/Eglantyne/simulation/install/simple_sim/lib/python3.10/site-packages:/home/hibiki/Robomech_HR/Eglantyne/simulation/install/champ_bringup/lib/python3.10/site-packages:/home/hibiki/Robomech_HR/Eglantyne/simulation/install/champ_msgs/lib/python3.10/site-packages:/opt/ros/humble/lib/python3.10/site-packages:/opt/ros/humble/local/lib/python3.10/dist-packages /usr/bin/cmake --build /home/hibiki/Robomech_HR/Eglantyne/simulation/build/ros2_control_demo_example_7 -- -j16 -l16
[0.934s] DEBUG:colcon.colcon_core.event_handler.log_command:Invoking command in '/home/hibiki/Robomech_HR/Eglantyne/simulation/build/ros2_control_demo_example_8': AMENT_PREFIX_PATH=/home/hibiki/Robomech_HR/Eglantyne/simulation/install/ros2_control_demo_testing:/home/hibiki/Robomech_HR/Eglantyne/simulation/install/simple_sim:/home/hibiki/Robomech_HR/Eglantyne/simulation/install/ros2_control_demos:/home/hibiki/Robomech_HR/Eglantyne/simulation/install/ros2_control_demo_example_9:/home/hibiki/Robomech_HR/Eglantyne/simulation/install/ros2_control_demo_example_8:/home/hibiki/Robomech_HR/Eglantyne/simulation/install/ros2_control_demo_example_7:/home/hibiki/Robomech_HR/Eglantyne/simulation/install/ros2_control_demo_example_6:/home/hibiki/Robomech_HR/Eglantyne/simulation/install/ros2_control_demo_example_15:/home/hibiki/Robomech_HR/Eglantyne/simulation/install/ros2_control_demo_example_5:/home/hibiki/Robomech_HR/Eglantyne/simulation/install/ros2_control_demo_example_4:/home/hibiki/Robomech_HR/Eglantyne/simulation/install/ros2_control_demo_example_3:/home/hibiki/Robomech_HR/Eglantyne/simulation/install/ros2_control_demo_example_2:/home/hibiki/Robomech_HR/Eglantyne/simulation/install/ros2_control_demo_example_14:/home/hibiki/Robomech_HR/Eglantyne/simulation/install/ros2_control_demo_example_12:/home/hibiki/Robomech_HR/Eglantyne/simulation/install/ros2_control_demo_example_11:/home/hibiki/Robomech_HR/Eglantyne/simulation/install/ros2_control_demo_example_10:/home/hibiki/Robomech_HR/Eglantyne/simulation/install/ros2_control_demo_example_1:/home/hibiki/Robomech_HR/Eglantyne/simulation/install/ros2_control_demo_description:/home/hibiki/Robomech_HR/Eglantyne/simulation/install/gazebo_ros2_control_demos:/home/hibiki/Robomech_HR/Eglantyne/simulation/install/champ_teleop:/home/hibiki/Robomech_HR/Eglantyne/simulation/install/champ_navigation:/home/hibiki/Robomech_HR/Eglantyne/simulation/install/champ_gazebo:/home/hibiki/Robomech_HR/Eglantyne/simulation/install/champ_bringup:/home/hibiki/Robomech_HR/Eglantyne/simulation/install/champ_base:/home/hibiki/Robomech_HR/Eglantyne/simulation/install/champ_msgs:/home/hibiki/Robomech_HR/Eglantyne/simulation/install/champ_description:/home/hibiki/Robomech_HR/Eglantyne/simulation/install/champ_config:/home/hibiki/Robomech_HR/Eglantyne/simulation/install/champ:/home/hibiki/Robomech_HR/Eglantyne/microros/ros2_pub_test/install/vel_pub:/opt/ros/humble CMAKE_PREFIX_PATH=/home/hibiki/Robomech_HR/Eglantyne/simulation/install/ros2_control_demo_description:/home/hibiki/Robomech_HR/Eglantyne/simulation/install/simple_sim:/home/hibiki/Robomech_HR/Eglantyne/simulation/install/ros2_control_demos:/home/hibiki/Robomech_HR/Eglantyne/simulation/install/ros2_control_demo_example_9:/home/hibiki/Robomech_HR/Eglantyne/simulation/install/ros2_control_demo_example_8:/home/hibiki/Robomech_HR/Eglantyne/simulation/install/ros2_control_demo_example_7:/home/hibiki/Robomech_HR/Eglantyne/simulation/install/ros2_control_demo_example_6:/home/hibiki/Robomech_HR/Eglantyne/simulation/install/ros2_control_demo_example_15:/home/hibiki/Robomech_HR/Eglantyne/simulation/install/ros2_control_demo_example_5:/home/hibiki/Robomech_HR/Eglantyne/simulation/install/ros2_control_demo_example_4:/home/hibiki/Robomech_HR/Eglantyne/simulation/install/ros2_control_demo_example_3:/home/hibiki/Robomech_HR/Eglantyne/simulation/install/ros2_control_demo_example_2:/home/hibiki/Robomech_HR/Eglantyne/simulation/install/ros2_control_demo_example_14:/home/hibiki/Robomech_HR/Eglantyne/simulation/install/ros2_control_demo_example_12:/home/hibiki/Robomech_HR/Eglantyne/simulation/install/ros2_control_demo_example_11:/home/hibiki/Robomech_HR/Eglantyne/simulation/install/ros2_control_demo_example_10:/home/hibiki/Robomech_HR/Eglantyne/simulation/install/ros2_control_demo_example_1:/home/hibiki/Robomech_HR/Eglantyne/simulation/install/gazebo_ros2_control_demos:/home/hibiki/Robomech_HR/Eglantyne/simulation/install/champ_teleop:/home/hibiki/Robomech_HR/Eglantyne/simulation/install/champ_navigation:/home/hibiki/Robomech_HR/Eglantyne/simulation/install/champ_gazebo:/home/hibiki/Robomech_HR/Eglantyne/simulation/install/champ_bringup:/home/hibiki/Robomech_HR/Eglantyne/simulation/install/champ_base:/home/hibiki/Robomech_HR/Eglantyne/simulation/install/champ_msgs:/home/hibiki/Robomech_HR/Eglantyne/simulation/install/champ_description:/home/hibiki/Robomech_HR/Eglantyne/simulation/install/champ_config:/home/hibiki/Robomech_HR/Eglantyne/simulation/install/ros2_control_demo_testing:/opt/ros/humble:/home/hibiki/Robomech_HR/Eglantyne/simulation/install/champ:/home/hibiki/Robomech_HR/Eglantyne/microros/ros2_pub_test/install/vel_pub PYTHONPATH=/home/hibiki/Robomech_HR/Eglantyne/simulation/install/ros2_control_demo_testing/lib/python3.10/site-packages:/home/hibiki/Robomech_HR/Eglantyne/simulation/install/simple_sim/lib/python3.10/site-packages:/home/hibiki/Robomech_HR/Eglantyne/simulation/install/champ_bringup/lib/python3.10/site-packages:/home/hibiki/Robomech_HR/Eglantyne/simulation/install/champ_msgs/lib/python3.10/site-packages:/opt/ros/humble/lib/python3.10/site-packages:/opt/ros/humble/local/lib/python3.10/dist-packages /usr/bin/cmake --build /home/hibiki/Robomech_HR/Eglantyne/simulation/build/ros2_control_demo_example_8 -- -j16 -l16
[0.944s] DEBUG:colcon.colcon_core.event_handler.log_command:Invoking command in '/home/hibiki/Robomech_HR/Eglantyne/simulation/build/ros2_control_demo_example_9': AMENT_PREFIX_PATH=/home/hibiki/Robomech_HR/Eglantyne/simulation/install/ros2_control_demo_testing:/home/hibiki/Robomech_HR/Eglantyne/simulation/install/simple_sim:/home/hibiki/Robomech_HR/Eglantyne/simulation/install/ros2_control_demos:/home/hibiki/Robomech_HR/Eglantyne/simulation/install/ros2_control_demo_example_9:/home/hibiki/Robomech_HR/Eglantyne/simulation/install/ros2_control_demo_example_8:/home/hibiki/Robomech_HR/Eglantyne/simulation/install/ros2_control_demo_example_7:/home/hibiki/Robomech_HR/Eglantyne/simulation/install/ros2_control_demo_example_6:/home/hibiki/Robomech_HR/Eglantyne/simulation/install/ros2_control_demo_example_15:/home/hibiki/Robomech_HR/Eglantyne/simulation/install/ros2_control_demo_example_5:/home/hibiki/Robomech_HR/Eglantyne/simulation/install/ros2_control_demo_example_4:/home/hibiki/Robomech_HR/Eglantyne/simulation/install/ros2_control_demo_example_3:/home/hibiki/Robomech_HR/Eglantyne/simulation/install/ros2_control_demo_example_2:/home/hibiki/Robomech_HR/Eglantyne/simulation/install/ros2_control_demo_example_14:/home/hibiki/Robomech_HR/Eglantyne/simulation/install/ros2_control_demo_example_12:/home/hibiki/Robomech_HR/Eglantyne/simulation/install/ros2_control_demo_example_11:/home/hibiki/Robomech_HR/Eglantyne/simulation/install/ros2_control_demo_example_10:/home/hibiki/Robomech_HR/Eglantyne/simulation/install/ros2_control_demo_example_1:/home/hibiki/Robomech_HR/Eglantyne/simulation/install/ros2_control_demo_description:/home/hibiki/Robomech_HR/Eglantyne/simulation/install/gazebo_ros2_control_demos:/home/hibiki/Robomech_HR/Eglantyne/simulation/install/champ_teleop:/home/hibiki/Robomech_HR/Eglantyne/simulation/install/champ_navigation:/home/hibiki/Robomech_HR/Eglantyne/simulation/install/champ_gazebo:/home/hibiki/Robomech_HR/Eglantyne/simulation/install/champ_bringup:/home/hibiki/Robomech_HR/Eglantyne/simulation/install/champ_base:/home/hibiki/Robomech_HR/Eglantyne/simulation/install/champ_msgs:/home/hibiki/Robomech_HR/Eglantyne/simulation/install/champ_description:/home/hibiki/Robomech_HR/Eglantyne/simulation/install/champ_config:/home/hibiki/Robomech_HR/Eglantyne/simulation/install/champ:/home/hibiki/Robomech_HR/Eglantyne/microros/ros2_pub_test/install/vel_pub:/opt/ros/humble CMAKE_PREFIX_PATH=/home/hibiki/Robomech_HR/Eglantyne/simulation/install/ros2_control_demo_description:/home/hibiki/Robomech_HR/Eglantyne/simulation/install/simple_sim:/home/hibiki/Robomech_HR/Eglantyne/simulation/install/ros2_control_demos:/home/hibiki/Robomech_HR/Eglantyne/simulation/install/ros2_control_demo_example_9:/home/hibiki/Robomech_HR/Eglantyne/simulation/install/ros2_control_demo_example_8:/home/hibiki/Robomech_HR/Eglantyne/simulation/install/ros2_control_demo_example_7:/home/hibiki/Robomech_HR/Eglantyne/simulation/install/ros2_control_demo_example_6:/home/hibiki/Robomech_HR/Eglantyne/simulation/install/ros2_control_demo_example_15:/home/hibiki/Robomech_HR/Eglantyne/simulation/install/ros2_control_demo_example_5:/home/hibiki/Robomech_HR/Eglantyne/simulation/install/ros2_control_demo_example_4:/home/hibiki/Robomech_HR/Eglantyne/simulation/install/ros2_control_demo_example_3:/home/hibiki/Robomech_HR/Eglantyne/simulation/install/ros2_control_demo_example_2:/home/hibiki/Robomech_HR/Eglantyne/simulation/install/ros2_control_demo_example_14:/home/hibiki/Robomech_HR/Eglantyne/simulation/install/ros2_control_demo_example_12:/home/hibiki/Robomech_HR/Eglantyne/simulation/install/ros2_control_demo_example_11:/home/hibiki/Robomech_HR/Eglantyne/simulation/install/ros2_control_demo_example_10:/home/hibiki/Robomech_HR/Eglantyne/simulation/install/ros2_control_demo_example_1:/home/hibiki/Robomech_HR/Eglantyne/simulation/install/gazebo_ros2_control_demos:/home/hibiki/Robomech_HR/Eglantyne/simulation/install/champ_teleop:/home/hibiki/Robomech_HR/Eglantyne/simulation/install/champ_navigation:/home/hibiki/Robomech_HR/Eglantyne/simulation/install/champ_gazebo:/home/hibiki/Robomech_HR/Eglantyne/simulation/install/champ_bringup:/home/hibiki/Robomech_HR/Eglantyne/simulation/install/champ_base:/home/hibiki/Robomech_HR/Eglantyne/simulation/install/champ_msgs:/home/hibiki/Robomech_HR/Eglantyne/simulation/install/champ_description:/home/hibiki/Robomech_HR/Eglantyne/simulation/install/champ_config:/home/hibiki/Robomech_HR/Eglantyne/simulation/install/ros2_control_demo_testing:/opt/ros/humble:/home/hibiki/Robomech_HR/Eglantyne/simulation/install/champ:/home/hibiki/Robomech_HR/Eglantyne/microros/ros2_pub_test/install/vel_pub PYTHONPATH=/home/hibiki/Robomech_HR/Eglantyne/simulation/install/ros2_control_demo_testing/lib/python3.10/site-packages:/home/hibiki/Robomech_HR/Eglantyne/simulation/install/simple_sim/lib/python3.10/site-packages:/home/hibiki/Robomech_HR/Eglantyne/simulation/install/champ_bringup/lib/python3.10/site-packages:/home/hibiki/Robomech_HR/Eglantyne/simulation/install/champ_msgs/lib/python3.10/site-packages:/opt/ros/humble/lib/python3.10/site-packages:/opt/ros/humble/local/lib/python3.10/dist-packages /usr/bin/cmake --build /home/hibiki/Robomech_HR/Eglantyne/simulation/build/ros2_control_demo_example_9 -- -j16 -l16
[0.947s] DEBUG:colcon.colcon_core.event_handler.log_command:Invoked command in '/home/hibiki/Robomech_HR/Eglantyne/simulation/build/ros2_control_demo_example_10' returned '0': AMENT_PREFIX_PATH=/home/hibiki/Robomech_HR/Eglantyne/simulation/install/ros2_control_demo_testing:/home/hibiki/Robomech_HR/Eglantyne/simulation/install/simple_sim:/home/hibiki/Robomech_HR/Eglantyne/simulation/install/ros2_control_demos:/home/hibiki/Robomech_HR/Eglantyne/simulation/install/ros2_control_demo_example_9:/home/hibiki/Robomech_HR/Eglantyne/simulation/install/ros2_control_demo_example_8:/home/hibiki/Robomech_HR/Eglantyne/simulation/install/ros2_control_demo_example_7:/home/hibiki/Robomech_HR/Eglantyne/simulation/install/ros2_control_demo_example_6:/home/hibiki/Robomech_HR/Eglantyne/simulation/install/ros2_control_demo_example_15:/home/hibiki/Robomech_HR/Eglantyne/simulation/install/ros2_control_demo_example_5:/home/hibiki/Robomech_HR/Eglantyne/simulation/install/ros2_control_demo_example_4:/home/hibiki/Robomech_HR/Eglantyne/simulation/install/ros2_control_demo_example_3:/home/hibiki/Robomech_HR/Eglantyne/simulation/install/ros2_control_demo_example_2:/home/hibiki/Robomech_HR/Eglantyne/simulation/install/ros2_control_demo_example_14:/home/hibiki/Robomech_HR/Eglantyne/simulation/install/ros2_control_demo_example_12:/home/hibiki/Robomech_HR/Eglantyne/simulation/install/ros2_control_demo_example_11:/home/hibiki/Robomech_HR/Eglantyne/simulation/install/ros2_control_demo_example_10:/home/hibiki/Robomech_HR/Eglantyne/simulation/install/ros2_control_demo_example_1:/home/hibiki/Robomech_HR/Eglantyne/simulation/install/ros2_control_demo_description:/home/hibiki/Robomech_HR/Eglantyne/simulation/install/gazebo_ros2_control_demos:/home/hibiki/Robomech_HR/Eglantyne/simulation/install/champ_teleop:/home/hibiki/Robomech_HR/Eglantyne/simulation/install/champ_navigation:/home/hibiki/Robomech_HR/Eglantyne/simulation/install/champ_gazebo:/home/hibiki/Robomech_HR/Eglantyne/simulation/install/champ_bringup:/home/hibiki/Robomech_HR/Eglantyne/simulation/install/champ_base:/home/hibiki/Robomech_HR/Eglantyne/simulation/install/champ_msgs:/home/hibiki/Robomech_HR/Eglantyne/simulation/install/champ_description:/home/hibiki/Robomech_HR/Eglantyne/simulation/install/champ_config:/home/hibiki/Robomech_HR/Eglantyne/simulation/install/champ:/home/hibiki/Robomech_HR/Eglantyne/microros/ros2_pub_test/install/vel_pub:/opt/ros/humble CMAKE_PREFIX_PATH=/home/hibiki/Robomech_HR/Eglantyne/simulation/install/ros2_control_demo_description:/home/hibiki/Robomech_HR/Eglantyne/simulation/install/simple_sim:/home/hibiki/Robomech_HR/Eglantyne/simulation/install/ros2_control_demos:/home/hibiki/Robomech_HR/Eglantyne/simulation/install/ros2_control_demo_example_9:/home/hibiki/Robomech_HR/Eglantyne/simulation/install/ros2_control_demo_example_8:/home/hibiki/Robomech_HR/Eglantyne/simulation/install/ros2_control_demo_example_7:/home/hibiki/Robomech_HR/Eglantyne/simulation/install/ros2_control_demo_example_6:/home/hibiki/Robomech_HR/Eglantyne/simulation/install/ros2_control_demo_example_15:/home/hibiki/Robomech_HR/Eglantyne/simulation/install/ros2_control_demo_example_5:/home/hibiki/Robomech_HR/Eglantyne/simulation/install/ros2_control_demo_example_4:/home/hibiki/Robomech_HR/Eglantyne/simulation/install/ros2_control_demo_example_3:/home/hibiki/Robomech_HR/Eglantyne/simulation/install/ros2_control_demo_example_2:/home/hibiki/Robomech_HR/Eglantyne/simulation/install/ros2_control_demo_example_14:/home/hibiki/Robomech_HR/Eglantyne/simulation/install/ros2_control_demo_example_12:/home/hibiki/Robomech_HR/Eglantyne/simulation/install/ros2_control_demo_example_11:/home/hibiki/Robomech_HR/Eglantyne/simulation/install/ros2_control_demo_example_10:/home/hibiki/Robomech_HR/Eglantyne/simulation/install/ros2_control_demo_example_1:/home/hibiki/Robomech_HR/Eglantyne/simulation/install/gazebo_ros2_control_demos:/home/hibiki/Robomech_HR/Eglantyne/simulation/install/champ_teleop:/home/hibiki/Robomech_HR/Eglantyne/simulation/install/champ_navigation:/home/hibiki/Robomech_HR/Eglantyne/simulation/install/champ_gazebo:/home/hibiki/Robomech_HR/Eglantyne/simulation/install/champ_bringup:/home/hibiki/Robomech_HR/Eglantyne/simulation/install/champ_base:/home/hibiki/Robomech_HR/Eglantyne/simulation/install/champ_msgs:/home/hibiki/Robomech_HR/Eglantyne/simulation/install/champ_description:/home/hibiki/Robomech_HR/Eglantyne/simulation/install/champ_config:/home/hibiki/Robomech_HR/Eglantyne/simulation/install/ros2_control_demo_testing:/opt/ros/humble:/home/hibiki/Robomech_HR/Eglantyne/simulation/install/champ:/home/hibiki/Robomech_HR/Eglantyne/microros/ros2_pub_test/install/vel_pub PYTHONPATH=/home/hibiki/Robomech_HR/Eglantyne/simulation/install/ros2_control_demo_testing/lib/python3.10/site-packages:/home/hibiki/Robomech_HR/Eglantyne/simulation/install/simple_sim/lib/python3.10/site-packages:/home/hibiki/Robomech_HR/Eglantyne/simulation/install/champ_bringup/lib/python3.10/site-packages:/home/hibiki/Robomech_HR/Eglantyne/simulation/install/champ_msgs/lib/python3.10/site-packages:/opt/ros/humble/lib/python3.10/site-packages:/opt/ros/humble/local/lib/python3.10/dist-packages /usr/bin/cmake --build /home/hibiki/Robomech_HR/Eglantyne/simulation/build/ros2_control_demo_example_10 -- -j16 -l16
[0.948s] DEBUG:colcon.colcon_core.event_handler.log_command:Invoked command in '/home/hibiki/Robomech_HR/Eglantyne/simulation/build/ros2_control_demo_example_1' returned '0': AMENT_PREFIX_PATH=/home/hibiki/Robomech_HR/Eglantyne/simulation/install/ros2_control_demo_testing:/home/hibiki/Robomech_HR/Eglantyne/simulation/install/simple_sim:/home/hibiki/Robomech_HR/Eglantyne/simulation/install/ros2_control_demos:/home/hibiki/Robomech_HR/Eglantyne/simulation/install/ros2_control_demo_example_9:/home/hibiki/Robomech_HR/Eglantyne/simulation/install/ros2_control_demo_example_8:/home/hibiki/Robomech_HR/Eglantyne/simulation/install/ros2_control_demo_example_7:/home/hibiki/Robomech_HR/Eglantyne/simulation/install/ros2_control_demo_example_6:/home/hibiki/Robomech_HR/Eglantyne/simulation/install/ros2_control_demo_example_15:/home/hibiki/Robomech_HR/Eglantyne/simulation/install/ros2_control_demo_example_5:/home/hibiki/Robomech_HR/Eglantyne/simulation/install/ros2_control_demo_example_4:/home/hibiki/Robomech_HR/Eglantyne/simulation/install/ros2_control_demo_example_3:/home/hibiki/Robomech_HR/Eglantyne/simulation/install/ros2_control_demo_example_2:/home/hibiki/Robomech_HR/Eglantyne/simulation/install/ros2_control_demo_example_14:/home/hibiki/Robomech_HR/Eglantyne/simulation/install/ros2_control_demo_example_12:/home/hibiki/Robomech_HR/Eglantyne/simulation/install/ros2_control_demo_example_11:/home/hibiki/Robomech_HR/Eglantyne/simulation/install/ros2_control_demo_example_10:/home/hibiki/Robomech_HR/Eglantyne/simulation/install/ros2_control_demo_example_1:/home/hibiki/Robomech_HR/Eglantyne/simulation/install/ros2_control_demo_description:/home/hibiki/Robomech_HR/Eglantyne/simulation/install/gazebo_ros2_control_demos:/home/hibiki/Robomech_HR/Eglantyne/simulation/install/champ_teleop:/home/hibiki/Robomech_HR/Eglantyne/simulation/install/champ_navigation:/home/hibiki/Robomech_HR/Eglantyne/simulation/install/champ_gazebo:/home/hibiki/Robomech_HR/Eglantyne/simulation/install/champ_bringup:/home/hibiki/Robomech_HR/Eglantyne/simulation/install/champ_base:/home/hibiki/Robomech_HR/Eglantyne/simulation/install/champ_msgs:/home/hibiki/Robomech_HR/Eglantyne/simulation/install/champ_description:/home/hibiki/Robomech_HR/Eglantyne/simulation/install/champ_config:/home/hibiki/Robomech_HR/Eglantyne/simulation/install/champ:/home/hibiki/Robomech_HR/Eglantyne/microros/ros2_pub_test/install/vel_pub:/opt/ros/humble CMAKE_PREFIX_PATH=/home/hibiki/Robomech_HR/Eglantyne/simulation/install/ros2_control_demo_description:/home/hibiki/Robomech_HR/Eglantyne/simulation/install/simple_sim:/home/hibiki/Robomech_HR/Eglantyne/simulation/install/ros2_control_demos:/home/hibiki/Robomech_HR/Eglantyne/simulation/install/ros2_control_demo_example_9:/home/hibiki/Robomech_HR/Eglantyne/simulation/install/ros2_control_demo_example_8:/home/hibiki/Robomech_HR/Eglantyne/simulation/install/ros2_control_demo_example_7:/home/hibiki/Robomech_HR/Eglantyne/simulation/install/ros2_control_demo_example_6:/home/hibiki/Robomech_HR/Eglantyne/simulation/install/ros2_control_demo_example_15:/home/hibiki/Robomech_HR/Eglantyne/simulation/install/ros2_control_demo_example_5:/home/hibiki/Robomech_HR/Eglantyne/simulation/install/ros2_control_demo_example_4:/home/hibiki/Robomech_HR/Eglantyne/simulation/install/ros2_control_demo_example_3:/home/hibiki/Robomech_HR/Eglantyne/simulation/install/ros2_control_demo_example_2:/home/hibiki/Robomech_HR/Eglantyne/simulation/install/ros2_control_demo_example_14:/home/hibiki/Robomech_HR/Eglantyne/simulation/install/ros2_control_demo_example_12:/home/hibiki/Robomech_HR/Eglantyne/simulation/install/ros2_control_demo_example_11:/home/hibiki/Robomech_HR/Eglantyne/simulation/install/ros2_control_demo_example_10:/home/hibiki/Robomech_HR/Eglantyne/simulation/install/ros2_control_demo_example_1:/home/hibiki/Robomech_HR/Eglantyne/simulation/install/gazebo_ros2_control_demos:/home/hibiki/Robomech_HR/Eglantyne/simulation/install/champ_teleop:/home/hibiki/Robomech_HR/Eglantyne/simulation/install/champ_navigation:/home/hibiki/Robomech_HR/Eglantyne/simulation/install/champ_gazebo:/home/hibiki/Robomech_HR/Eglantyne/simulation/install/champ_bringup:/home/hibiki/Robomech_HR/Eglantyne/simulation/install/champ_base:/home/hibiki/Robomech_HR/Eglantyne/simulation/install/champ_msgs:/home/hibiki/Robomech_HR/Eglantyne/simulation/install/champ_description:/home/hibiki/Robomech_HR/Eglantyne/simulation/install/champ_config:/home/hibiki/Robomech_HR/Eglantyne/simulation/install/ros2_control_demo_testing:/opt/ros/humble:/home/hibiki/Robomech_HR/Eglantyne/simulation/install/champ:/home/hibiki/Robomech_HR/Eglantyne/microros/ros2_pub_test/install/vel_pub PYTHONPATH=/home/hibiki/Robomech_HR/Eglantyne/simulation/install/ros2_control_demo_testing/lib/python3.10/site-packages:/home/hibiki/Robomech_HR/Eglantyne/simulation/install/simple_sim/lib/python3.10/site-packages:/home/hibiki/Robomech_HR/Eglantyne/simulation/install/champ_bringup/lib/python3.10/site-packages:/home/hibiki/Robomech_HR/Eglantyne/simulation/install/champ_msgs/lib/python3.10/site-packages:/opt/ros/humble/lib/python3.10/site-packages:/opt/ros/humble/local/lib/python3.10/dist-packages /usr/bin/cmake --build /home/hibiki/Robomech_HR/Eglantyne/simulation/build/ros2_control_demo_example_1 -- -j16 -l16
[0.949s] DEBUG:colcon.colcon_core.event_handler.log_command:Invoked command in '/home/hibiki/Robomech_HR/Eglantyne/simulation/build/ros2_control_demo_example_11' returned '0': AMENT_PREFIX_PATH=/home/hibiki/Robomech_HR/Eglantyne/simulation/install/ros2_control_demo_testing:/home/hibiki/Robomech_HR/Eglantyne/simulation/install/simple_sim:/home/hibiki/Robomech_HR/Eglantyne/simulation/install/ros2_control_demos:/home/hibiki/Robomech_HR/Eglantyne/simulation/install/ros2_control_demo_example_9:/home/hibiki/Robomech_HR/Eglantyne/simulation/install/ros2_control_demo_example_8:/home/hibiki/Robomech_HR/Eglantyne/simulation/install/ros2_control_demo_example_7:/home/hibiki/Robomech_HR/Eglantyne/simulation/install/ros2_control_demo_example_6:/home/hibiki/Robomech_HR/Eglantyne/simulation/install/ros2_control_demo_example_15:/home/hibiki/Robomech_HR/Eglantyne/simulation/install/ros2_control_demo_example_5:/home/hibiki/Robomech_HR/Eglantyne/simulation/install/ros2_control_demo_example_4:/home/hibiki/Robomech_HR/Eglantyne/simulation/install/ros2_control_demo_example_3:/home/hibiki/Robomech_HR/Eglantyne/simulation/install/ros2_control_demo_example_2:/home/hibiki/Robomech_HR/Eglantyne/simulation/install/ros2_control_demo_example_14:/home/hibiki/Robomech_HR/Eglantyne/simulation/install/ros2_control_demo_example_12:/home/hibiki/Robomech_HR/Eglantyne/simulation/install/ros2_control_demo_example_11:/home/hibiki/Robomech_HR/Eglantyne/simulation/install/ros2_control_demo_example_10:/home/hibiki/Robomech_HR/Eglantyne/simulation/install/ros2_control_demo_example_1:/home/hibiki/Robomech_HR/Eglantyne/simulation/install/ros2_control_demo_description:/home/hibiki/Robomech_HR/Eglantyne/simulation/install/gazebo_ros2_control_demos:/home/hibiki/Robomech_HR/Eglantyne/simulation/install/champ_teleop:/home/hibiki/Robomech_HR/Eglantyne/simulation/install/champ_navigation:/home/hibiki/Robomech_HR/Eglantyne/simulation/install/champ_gazebo:/home/hibiki/Robomech_HR/Eglantyne/simulation/install/champ_bringup:/home/hibiki/Robomech_HR/Eglantyne/simulation/install/champ_base:/home/hibiki/Robomech_HR/Eglantyne/simulation/install/champ_msgs:/home/hibiki/Robomech_HR/Eglantyne/simulation/install/champ_description:/home/hibiki/Robomech_HR/Eglantyne/simulation/install/champ_config:/home/hibiki/Robomech_HR/Eglantyne/simulation/install/champ:/home/hibiki/Robomech_HR/Eglantyne/microros/ros2_pub_test/install/vel_pub:/opt/ros/humble CMAKE_PREFIX_PATH=/home/hibiki/Robomech_HR/Eglantyne/simulation/install/ros2_control_demo_description:/home/hibiki/Robomech_HR/Eglantyne/simulation/install/simple_sim:/home/hibiki/Robomech_HR/Eglantyne/simulation/install/ros2_control_demos:/home/hibiki/Robomech_HR/Eglantyne/simulation/install/ros2_control_demo_example_9:/home/hibiki/Robomech_HR/Eglantyne/simulation/install/ros2_control_demo_example_8:/home/hibiki/Robomech_HR/Eglantyne/simulation/install/ros2_control_demo_example_7:/home/hibiki/Robomech_HR/Eglantyne/simulation/install/ros2_control_demo_example_6:/home/hibiki/Robomech_HR/Eglantyne/simulation/install/ros2_control_demo_example_15:/home/hibiki/Robomech_HR/Eglantyne/simulation/install/ros2_control_demo_example_5:/home/hibiki/Robomech_HR/Eglantyne/simulation/install/ros2_control_demo_example_4:/home/hibiki/Robomech_HR/Eglantyne/simulation/install/ros2_control_demo_example_3:/home/hibiki/Robomech_HR/Eglantyne/simulation/install/ros2_control_demo_example_2:/home/hibiki/Robomech_HR/Eglantyne/simulation/install/ros2_control_demo_example_14:/home/hibiki/Robomech_HR/Eglantyne/simulation/install/ros2_control_demo_example_12:/home/hibiki/Robomech_HR/Eglantyne/simulation/install/ros2_control_demo_example_11:/home/hibiki/Robomech_HR/Eglantyne/simulation/install/ros2_control_demo_example_10:/home/hibiki/Robomech_HR/Eglantyne/simulation/install/ros2_control_demo_example_1:/home/hibiki/Robomech_HR/Eglantyne/simulation/install/gazebo_ros2_control_demos:/home/hibiki/Robomech_HR/Eglantyne/simulation/install/champ_teleop:/home/hibiki/Robomech_HR/Eglantyne/simulation/install/champ_navigation:/home/hibiki/Robomech_HR/Eglantyne/simulation/install/champ_gazebo:/home/hibiki/Robomech_HR/Eglantyne/simulation/install/champ_bringup:/home/hibiki/Robomech_HR/Eglantyne/simulation/install/champ_base:/home/hibiki/Robomech_HR/Eglantyne/simulation/install/champ_msgs:/home/hibiki/Robomech_HR/Eglantyne/simulation/install/champ_description:/home/hibiki/Robomech_HR/Eglantyne/simulation/install/champ_config:/home/hibiki/Robomech_HR/Eglantyne/simulation/install/ros2_control_demo_testing:/opt/ros/humble:/home/hibiki/Robomech_HR/Eglantyne/simulation/install/champ:/home/hibiki/Robomech_HR/Eglantyne/microros/ros2_pub_test/install/vel_pub PYTHONPATH=/home/hibiki/Robomech_HR/Eglantyne/simulation/install/ros2_control_demo_testing/lib/python3.10/site-packages:/home/hibiki/Robomech_HR/Eglantyne/simulation/install/simple_sim/lib/python3.10/site-packages:/home/hibiki/Robomech_HR/Eglantyne/simulation/install/champ_bringup/lib/python3.10/site-packages:/home/hibiki/Robomech_HR/Eglantyne/simulation/install/champ_msgs/lib/python3.10/site-packages:/opt/ros/humble/lib/python3.10/site-packages:/opt/ros/humble/local/lib/python3.10/dist-packages /usr/bin/cmake --build /home/hibiki/Robomech_HR/Eglantyne/simulation/build/ros2_control_demo_example_11 -- -j16 -l16
[0.951s] DEBUG:colcon.colcon_core.event_handler.log_command:Invoked command in '/home/hibiki/Robomech_HR/Eglantyne/simulation/build/ros2_control_demo_example_5' returned '0': AMENT_PREFIX_PATH=/home/hibiki/Robomech_HR/Eglantyne/simulation/install/ros2_control_demo_testing:/home/hibiki/Robomech_HR/Eglantyne/simulation/install/simple_sim:/home/hibiki/Robomech_HR/Eglantyne/simulation/install/ros2_control_demos:/home/hibiki/Robomech_HR/Eglantyne/simulation/install/ros2_control_demo_example_9:/home/hibiki/Robomech_HR/Eglantyne/simulation/install/ros2_control_demo_example_8:/home/hibiki/Robomech_HR/Eglantyne/simulation/install/ros2_control_demo_example_7:/home/hibiki/Robomech_HR/Eglantyne/simulation/install/ros2_control_demo_example_6:/home/hibiki/Robomech_HR/Eglantyne/simulation/install/ros2_control_demo_example_15:/home/hibiki/Robomech_HR/Eglantyne/simulation/install/ros2_control_demo_example_5:/home/hibiki/Robomech_HR/Eglantyne/simulation/install/ros2_control_demo_example_4:/home/hibiki/Robomech_HR/Eglantyne/simulation/install/ros2_control_demo_example_3:/home/hibiki/Robomech_HR/Eglantyne/simulation/install/ros2_control_demo_example_2:/home/hibiki/Robomech_HR/Eglantyne/simulation/install/ros2_control_demo_example_14:/home/hibiki/Robomech_HR/Eglantyne/simulation/install/ros2_control_demo_example_12:/home/hibiki/Robomech_HR/Eglantyne/simulation/install/ros2_control_demo_example_11:/home/hibiki/Robomech_HR/Eglantyne/simulation/install/ros2_control_demo_example_10:/home/hibiki/Robomech_HR/Eglantyne/simulation/install/ros2_control_demo_example_1:/home/hibiki/Robomech_HR/Eglantyne/simulation/install/ros2_control_demo_description:/home/hibiki/Robomech_HR/Eglantyne/simulation/install/gazebo_ros2_control_demos:/home/hibiki/Robomech_HR/Eglantyne/simulation/install/champ_teleop:/home/hibiki/Robomech_HR/Eglantyne/simulation/install/champ_navigation:/home/hibiki/Robomech_HR/Eglantyne/simulation/install/champ_gazebo:/home/hibiki/Robomech_HR/Eglantyne/simulation/install/champ_bringup:/home/hibiki/Robomech_HR/Eglantyne/simulation/install/champ_base:/home/hibiki/Robomech_HR/Eglantyne/simulation/install/champ_msgs:/home/hibiki/Robomech_HR/Eglantyne/simulation/install/champ_description:/home/hibiki/Robomech_HR/Eglantyne/simulation/install/champ_config:/home/hibiki/Robomech_HR/Eglantyne/simulation/install/champ:/home/hibiki/Robomech_HR/Eglantyne/microros/ros2_pub_test/install/vel_pub:/opt/ros/humble CMAKE_PREFIX_PATH=/home/hibiki/Robomech_HR/Eglantyne/simulation/install/ros2_control_demo_description:/home/hibiki/Robomech_HR/Eglantyne/simulation/install/simple_sim:/home/hibiki/Robomech_HR/Eglantyne/simulation/install/ros2_control_demos:/home/hibiki/Robomech_HR/Eglantyne/simulation/install/ros2_control_demo_example_9:/home/hibiki/Robomech_HR/Eglantyne/simulation/install/ros2_control_demo_example_8:/home/hibiki/Robomech_HR/Eglantyne/simulation/install/ros2_control_demo_example_7:/home/hibiki/Robomech_HR/Eglantyne/simulation/install/ros2_control_demo_example_6:/home/hibiki/Robomech_HR/Eglantyne/simulation/install/ros2_control_demo_example_15:/home/hibiki/Robomech_HR/Eglantyne/simulation/install/ros2_control_demo_example_5:/home/hibiki/Robomech_HR/Eglantyne/simulation/install/ros2_control_demo_example_4:/home/hibiki/Robomech_HR/Eglantyne/simulation/install/ros2_control_demo_example_3:/home/hibiki/Robomech_HR/Eglantyne/simulation/install/ros2_control_demo_example_2:/home/hibiki/Robomech_HR/Eglantyne/simulation/install/ros2_control_demo_example_14:/home/hibiki/Robomech_HR/Eglantyne/simulation/install/ros2_control_demo_example_12:/home/hibiki/Robomech_HR/Eglantyne/simulation/install/ros2_control_demo_example_11:/home/hibiki/Robomech_HR/Eglantyne/simulation/install/ros2_control_demo_example_10:/home/hibiki/Robomech_HR/Eglantyne/simulation/install/ros2_control_demo_example_1:/home/hibiki/Robomech_HR/Eglantyne/simulation/install/gazebo_ros2_control_demos:/home/hibiki/Robomech_HR/Eglantyne/simulation/install/champ_teleop:/home/hibiki/Robomech_HR/Eglantyne/simulation/install/champ_navigation:/home/hibiki/Robomech_HR/Eglantyne/simulation/install/champ_gazebo:/home/hibiki/Robomech_HR/Eglantyne/simulation/install/champ_bringup:/home/hibiki/Robomech_HR/Eglantyne/simulation/install/champ_base:/home/hibiki/Robomech_HR/Eglantyne/simulation/install/champ_msgs:/home/hibiki/Robomech_HR/Eglantyne/simulation/install/champ_description:/home/hibiki/Robomech_HR/Eglantyne/simulation/install/champ_config:/home/hibiki/Robomech_HR/Eglantyne/simulation/install/ros2_control_demo_testing:/opt/ros/humble:/home/hibiki/Robomech_HR/Eglantyne/simulation/install/champ:/home/hibiki/Robomech_HR/Eglantyne/microros/ros2_pub_test/install/vel_pub PYTHONPATH=/home/hibiki/Robomech_HR/Eglantyne/simulation/install/ros2_control_demo_testing/lib/python3.10/site-packages:/home/hibiki/Robomech_HR/Eglantyne/simulation/install/simple_sim/lib/python3.10/site-packages:/home/hibiki/Robomech_HR/Eglantyne/simulation/install/champ_bringup/lib/python3.10/site-packages:/home/hibiki/Robomech_HR/Eglantyne/simulation/install/champ_msgs/lib/python3.10/site-packages:/opt/ros/humble/lib/python3.10/site-packages:/opt/ros/humble/local/lib/python3.10/dist-packages /usr/bin/cmake --build /home/hibiki/Robomech_HR/Eglantyne/simulation/build/ros2_control_demo_example_5 -- -j16 -l16
[0.953s] DEBUG:colcon.colcon_core.event_handler.log_command:Invoked command in '/home/hibiki/Robomech_HR/Eglantyne/simulation/build/ros2_control_demo_example_14' returned '0': AMENT_PREFIX_PATH=/home/hibiki/Robomech_HR/Eglantyne/simulation/install/ros2_control_demo_testing:/home/hibiki/Robomech_HR/Eglantyne/simulation/install/simple_sim:/home/hibiki/Robomech_HR/Eglantyne/simulation/install/ros2_control_demos:/home/hibiki/Robomech_HR/Eglantyne/simulation/install/ros2_control_demo_example_9:/home/hibiki/Robomech_HR/Eglantyne/simulation/install/ros2_control_demo_example_8:/home/hibiki/Robomech_HR/Eglantyne/simulation/install/ros2_control_demo_example_7:/home/hibiki/Robomech_HR/Eglantyne/simulation/install/ros2_control_demo_example_6:/home/hibiki/Robomech_HR/Eglantyne/simulation/install/ros2_control_demo_example_15:/home/hibiki/Robomech_HR/Eglantyne/simulation/install/ros2_control_demo_example_5:/home/hibiki/Robomech_HR/Eglantyne/simulation/install/ros2_control_demo_example_4:/home/hibiki/Robomech_HR/Eglantyne/simulation/install/ros2_control_demo_example_3:/home/hibiki/Robomech_HR/Eglantyne/simulation/install/ros2_control_demo_example_2:/home/hibiki/Robomech_HR/Eglantyne/simulation/install/ros2_control_demo_example_14:/home/hibiki/Robomech_HR/Eglantyne/simulation/install/ros2_control_demo_example_12:/home/hibiki/Robomech_HR/Eglantyne/simulation/install/ros2_control_demo_example_11:/home/hibiki/Robomech_HR/Eglantyne/simulation/install/ros2_control_demo_example_10:/home/hibiki/Robomech_HR/Eglantyne/simulation/install/ros2_control_demo_example_1:/home/hibiki/Robomech_HR/Eglantyne/simulation/install/ros2_control_demo_description:/home/hibiki/Robomech_HR/Eglantyne/simulation/install/gazebo_ros2_control_demos:/home/hibiki/Robomech_HR/Eglantyne/simulation/install/champ_teleop:/home/hibiki/Robomech_HR/Eglantyne/simulation/install/champ_navigation:/home/hibiki/Robomech_HR/Eglantyne/simulation/install/champ_gazebo:/home/hibiki/Robomech_HR/Eglantyne/simulation/install/champ_bringup:/home/hibiki/Robomech_HR/Eglantyne/simulation/install/champ_base:/home/hibiki/Robomech_HR/Eglantyne/simulation/install/champ_msgs:/home/hibiki/Robomech_HR/Eglantyne/simulation/install/champ_description:/home/hibiki/Robomech_HR/Eglantyne/simulation/install/champ_config:/home/hibiki/Robomech_HR/Eglantyne/simulation/install/champ:/home/hibiki/Robomech_HR/Eglantyne/microros/ros2_pub_test/install/vel_pub:/opt/ros/humble CMAKE_PREFIX_PATH=/home/hibiki/Robomech_HR/Eglantyne/simulation/install/ros2_control_demo_description:/home/hibiki/Robomech_HR/Eglantyne/simulation/install/simple_sim:/home/hibiki/Robomech_HR/Eglantyne/simulation/install/ros2_control_demos:/home/hibiki/Robomech_HR/Eglantyne/simulation/install/ros2_control_demo_example_9:/home/hibiki/Robomech_HR/Eglantyne/simulation/install/ros2_control_demo_example_8:/home/hibiki/Robomech_HR/Eglantyne/simulation/install/ros2_control_demo_example_7:/home/hibiki/Robomech_HR/Eglantyne/simulation/install/ros2_control_demo_example_6:/home/hibiki/Robomech_HR/Eglantyne/simulation/install/ros2_control_demo_example_15:/home/hibiki/Robomech_HR/Eglantyne/simulation/install/ros2_control_demo_example_5:/home/hibiki/Robomech_HR/Eglantyne/simulation/install/ros2_control_demo_example_4:/home/hibiki/Robomech_HR/Eglantyne/simulation/install/ros2_control_demo_example_3:/home/hibiki/Robomech_HR/Eglantyne/simulation/install/ros2_control_demo_example_2:/home/hibiki/Robomech_HR/Eglantyne/simulation/install/ros2_control_demo_example_14:/home/hibiki/Robomech_HR/Eglantyne/simulation/install/ros2_control_demo_example_12:/home/hibiki/Robomech_HR/Eglantyne/simulation/install/ros2_control_demo_example_11:/home/hibiki/Robomech_HR/Eglantyne/simulation/install/ros2_control_demo_example_10:/home/hibiki/Robomech_HR/Eglantyne/simulation/install/ros2_control_demo_example_1:/home/hibiki/Robomech_HR/Eglantyne/simulation/install/gazebo_ros2_control_demos:/home/hibiki/Robomech_HR/Eglantyne/simulation/install/champ_teleop:/home/hibiki/Robomech_HR/Eglantyne/simulation/install/champ_navigation:/home/hibiki/Robomech_HR/Eglantyne/simulation/install/champ_gazebo:/home/hibiki/Robomech_HR/Eglantyne/simulation/install/champ_bringup:/home/hibiki/Robomech_HR/Eglantyne/simulation/install/champ_base:/home/hibiki/Robomech_HR/Eglantyne/simulation/install/champ_msgs:/home/hibiki/Robomech_HR/Eglantyne/simulation/install/champ_description:/home/hibiki/Robomech_HR/Eglantyne/simulation/install/champ_config:/home/hibiki/Robomech_HR/Eglantyne/simulation/install/ros2_control_demo_testing:/opt/ros/humble:/home/hibiki/Robomech_HR/Eglantyne/simulation/install/champ:/home/hibiki/Robomech_HR/Eglantyne/microros/ros2_pub_test/install/vel_pub PYTHONPATH=/home/hibiki/Robomech_HR/Eglantyne/simulation/install/ros2_control_demo_testing/lib/python3.10/site-packages:/home/hibiki/Robomech_HR/Eglantyne/simulation/install/simple_sim/lib/python3.10/site-packages:/home/hibiki/Robomech_HR/Eglantyne/simulation/install/champ_bringup/lib/python3.10/site-packages:/home/hibiki/Robomech_HR/Eglantyne/simulation/install/champ_msgs/lib/python3.10/site-packages:/opt/ros/humble/lib/python3.10/site-packages:/opt/ros/humble/local/lib/python3.10/dist-packages /usr/bin/cmake --build /home/hibiki/Robomech_HR/Eglantyne/simulation/build/ros2_control_demo_example_14 -- -j16 -l16
[0.955s] DEBUG:colcon.colcon_core.event_handler.log_command:Invoked command in '/home/hibiki/Robomech_HR/Eglantyne/simulation/build/ros2_control_demo_example_2' returned '0': AMENT_PREFIX_PATH=/home/hibiki/Robomech_HR/Eglantyne/simulation/install/ros2_control_demo_testing:/home/hibiki/Robomech_HR/Eglantyne/simulation/install/simple_sim:/home/hibiki/Robomech_HR/Eglantyne/simulation/install/ros2_control_demos:/home/hibiki/Robomech_HR/Eglantyne/simulation/install/ros2_control_demo_example_9:/home/hibiki/Robomech_HR/Eglantyne/simulation/install/ros2_control_demo_example_8:/home/hibiki/Robomech_HR/Eglantyne/simulation/install/ros2_control_demo_example_7:/home/hibiki/Robomech_HR/Eglantyne/simulation/install/ros2_control_demo_example_6:/home/hibiki/Robomech_HR/Eglantyne/simulation/install/ros2_control_demo_example_15:/home/hibiki/Robomech_HR/Eglantyne/simulation/install/ros2_control_demo_example_5:/home/hibiki/Robomech_HR/Eglantyne/simulation/install/ros2_control_demo_example_4:/home/hibiki/Robomech_HR/Eglantyne/simulation/install/ros2_control_demo_example_3:/home/hibiki/Robomech_HR/Eglantyne/simulation/install/ros2_control_demo_example_2:/home/hibiki/Robomech_HR/Eglantyne/simulation/install/ros2_control_demo_example_14:/home/hibiki/Robomech_HR/Eglantyne/simulation/install/ros2_control_demo_example_12:/home/hibiki/Robomech_HR/Eglantyne/simulation/install/ros2_control_demo_example_11:/home/hibiki/Robomech_HR/Eglantyne/simulation/install/ros2_control_demo_example_10:/home/hibiki/Robomech_HR/Eglantyne/simulation/install/ros2_control_demo_example_1:/home/hibiki/Robomech_HR/Eglantyne/simulation/install/ros2_control_demo_description:/home/hibiki/Robomech_HR/Eglantyne/simulation/install/gazebo_ros2_control_demos:/home/hibiki/Robomech_HR/Eglantyne/simulation/install/champ_teleop:/home/hibiki/Robomech_HR/Eglantyne/simulation/install/champ_navigation:/home/hibiki/Robomech_HR/Eglantyne/simulation/install/champ_gazebo:/home/hibiki/Robomech_HR/Eglantyne/simulation/install/champ_bringup:/home/hibiki/Robomech_HR/Eglantyne/simulation/install/champ_base:/home/hibiki/Robomech_HR/Eglantyne/simulation/install/champ_msgs:/home/hibiki/Robomech_HR/Eglantyne/simulation/install/champ_description:/home/hibiki/Robomech_HR/Eglantyne/simulation/install/champ_config:/home/hibiki/Robomech_HR/Eglantyne/simulation/install/champ:/home/hibiki/Robomech_HR/Eglantyne/microros/ros2_pub_test/install/vel_pub:/opt/ros/humble CMAKE_PREFIX_PATH=/home/hibiki/Robomech_HR/Eglantyne/simulation/install/ros2_control_demo_description:/home/hibiki/Robomech_HR/Eglantyne/simulation/install/simple_sim:/home/hibiki/Robomech_HR/Eglantyne/simulation/install/ros2_control_demos:/home/hibiki/Robomech_HR/Eglantyne/simulation/install/ros2_control_demo_example_9:/home/hibiki/Robomech_HR/Eglantyne/simulation/install/ros2_control_demo_example_8:/home/hibiki/Robomech_HR/Eglantyne/simulation/install/ros2_control_demo_example_7:/home/hibiki/Robomech_HR/Eglantyne/simulation/install/ros2_control_demo_example_6:/home/hibiki/Robomech_HR/Eglantyne/simulation/install/ros2_control_demo_example_15:/home/hibiki/Robomech_HR/Eglantyne/simulation/install/ros2_control_demo_example_5:/home/hibiki/Robomech_HR/Eglantyne/simulation/install/ros2_control_demo_example_4:/home/hibiki/Robomech_HR/Eglantyne/simulation/install/ros2_control_demo_example_3:/home/hibiki/Robomech_HR/Eglantyne/simulation/install/ros2_control_demo_example_2:/home/hibiki/Robomech_HR/Eglantyne/simulation/install/ros2_control_demo_example_14:/home/hibiki/Robomech_HR/Eglantyne/simulation/install/ros2_control_demo_example_12:/home/hibiki/Robomech_HR/Eglantyne/simulation/install/ros2_control_demo_example_11:/home/hibiki/Robomech_HR/Eglantyne/simulation/install/ros2_control_demo_example_10:/home/hibiki/Robomech_HR/Eglantyne/simulation/install/ros2_control_demo_example_1:/home/hibiki/Robomech_HR/Eglantyne/simulation/install/gazebo_ros2_control_demos:/home/hibiki/Robomech_HR/Eglantyne/simulation/install/champ_teleop:/home/hibiki/Robomech_HR/Eglantyne/simulation/install/champ_navigation:/home/hibiki/Robomech_HR/Eglantyne/simulation/install/champ_gazebo:/home/hibiki/Robomech_HR/Eglantyne/simulation/install/champ_bringup:/home/hibiki/Robomech_HR/Eglantyne/simulation/install/champ_base:/home/hibiki/Robomech_HR/Eglantyne/simulation/install/champ_msgs:/home/hibiki/Robomech_HR/Eglantyne/simulation/install/champ_description:/home/hibiki/Robomech_HR/Eglantyne/simulation/install/champ_config:/home/hibiki/Robomech_HR/Eglantyne/simulation/install/ros2_control_demo_testing:/opt/ros/humble:/home/hibiki/Robomech_HR/Eglantyne/simulation/install/champ:/home/hibiki/Robomech_HR/Eglantyne/microros/ros2_pub_test/install/vel_pub PYTHONPATH=/home/hibiki/Robomech_HR/Eglantyne/simulation/install/ros2_control_demo_testing/lib/python3.10/site-packages:/home/hibiki/Robomech_HR/Eglantyne/simulation/install/simple_sim/lib/python3.10/site-packages:/home/hibiki/Robomech_HR/Eglantyne/simulation/install/champ_bringup/lib/python3.10/site-packages:/home/hibiki/Robomech_HR/Eglantyne/simulation/install/champ_msgs/lib/python3.10/site-packages:/opt/ros/humble/lib/python3.10/site-packages:/opt/ros/humble/local/lib/python3.10/dist-packages /usr/bin/cmake --build /home/hibiki/Robomech_HR/Eglantyne/simulation/build/ros2_control_demo_example_2 -- -j16 -l16
[0.957s] DEBUG:colcon.colcon_core.event_handler.log_command:Invoked command in '/home/hibiki/Robomech_HR/Eglantyne/simulation/build/ros2_control_demo_example_3' returned '0': AMENT_PREFIX_PATH=/home/hibiki/Robomech_HR/Eglantyne/simulation/install/ros2_control_demo_testing:/home/hibiki/Robomech_HR/Eglantyne/simulation/install/simple_sim:/home/hibiki/Robomech_HR/Eglantyne/simulation/install/ros2_control_demos:/home/hibiki/Robomech_HR/Eglantyne/simulation/install/ros2_control_demo_example_9:/home/hibiki/Robomech_HR/Eglantyne/simulation/install/ros2_control_demo_example_8:/home/hibiki/Robomech_HR/Eglantyne/simulation/install/ros2_control_demo_example_7:/home/hibiki/Robomech_HR/Eglantyne/simulation/install/ros2_control_demo_example_6:/home/hibiki/Robomech_HR/Eglantyne/simulation/install/ros2_control_demo_example_15:/home/hibiki/Robomech_HR/Eglantyne/simulation/install/ros2_control_demo_example_5:/home/hibiki/Robomech_HR/Eglantyne/simulation/install/ros2_control_demo_example_4:/home/hibiki/Robomech_HR/Eglantyne/simulation/install/ros2_control_demo_example_3:/home/hibiki/Robomech_HR/Eglantyne/simulation/install/ros2_control_demo_example_2:/home/hibiki/Robomech_HR/Eglantyne/simulation/install/ros2_control_demo_example_14:/home/hibiki/Robomech_HR/Eglantyne/simulation/install/ros2_control_demo_example_12:/home/hibiki/Robomech_HR/Eglantyne/simulation/install/ros2_control_demo_example_11:/home/hibiki/Robomech_HR/Eglantyne/simulation/install/ros2_control_demo_example_10:/home/hibiki/Robomech_HR/Eglantyne/simulation/install/ros2_control_demo_example_1:/home/hibiki/Robomech_HR/Eglantyne/simulation/install/ros2_control_demo_description:/home/hibiki/Robomech_HR/Eglantyne/simulation/install/gazebo_ros2_control_demos:/home/hibiki/Robomech_HR/Eglantyne/simulation/install/champ_teleop:/home/hibiki/Robomech_HR/Eglantyne/simulation/install/champ_navigation:/home/hibiki/Robomech_HR/Eglantyne/simulation/install/champ_gazebo:/home/hibiki/Robomech_HR/Eglantyne/simulation/install/champ_bringup:/home/hibiki/Robomech_HR/Eglantyne/simulation/install/champ_base:/home/hibiki/Robomech_HR/Eglantyne/simulation/install/champ_msgs:/home/hibiki/Robomech_HR/Eglantyne/simulation/install/champ_description:/home/hibiki/Robomech_HR/Eglantyne/simulation/install/champ_config:/home/hibiki/Robomech_HR/Eglantyne/simulation/install/champ:/home/hibiki/Robomech_HR/Eglantyne/microros/ros2_pub_test/install/vel_pub:/opt/ros/humble CMAKE_PREFIX_PATH=/home/hibiki/Robomech_HR/Eglantyne/simulation/install/ros2_control_demo_description:/home/hibiki/Robomech_HR/Eglantyne/simulation/install/simple_sim:/home/hibiki/Robomech_HR/Eglantyne/simulation/install/ros2_control_demos:/home/hibiki/Robomech_HR/Eglantyne/simulation/install/ros2_control_demo_example_9:/home/hibiki/Robomech_HR/Eglantyne/simulation/install/ros2_control_demo_example_8:/home/hibiki/Robomech_HR/Eglantyne/simulation/install/ros2_control_demo_example_7:/home/hibiki/Robomech_HR/Eglantyne/simulation/install/ros2_control_demo_example_6:/home/hibiki/Robomech_HR/Eglantyne/simulation/install/ros2_control_demo_example_15:/home/hibiki/Robomech_HR/Eglantyne/simulation/install/ros2_control_demo_example_5:/home/hibiki/Robomech_HR/Eglantyne/simulation/install/ros2_control_demo_example_4:/home/hibiki/Robomech_HR/Eglantyne/simulation/install/ros2_control_demo_example_3:/home/hibiki/Robomech_HR/Eglantyne/simulation/install/ros2_control_demo_example_2:/home/hibiki/Robomech_HR/Eglantyne/simulation/install/ros2_control_demo_example_14:/home/hibiki/Robomech_HR/Eglantyne/simulation/install/ros2_control_demo_example_12:/home/hibiki/Robomech_HR/Eglantyne/simulation/install/ros2_control_demo_example_11:/home/hibiki/Robomech_HR/Eglantyne/simulation/install/ros2_control_demo_example_10:/home/hibiki/Robomech_HR/Eglantyne/simulation/install/ros2_control_demo_example_1:/home/hibiki/Robomech_HR/Eglantyne/simulation/install/gazebo_ros2_control_demos:/home/hibiki/Robomech_HR/Eglantyne/simulation/install/champ_teleop:/home/hibiki/Robomech_HR/Eglantyne/simulation/install/champ_navigation:/home/hibiki/Robomech_HR/Eglantyne/simulation/install/champ_gazebo:/home/hibiki/Robomech_HR/Eglantyne/simulation/install/champ_bringup:/home/hibiki/Robomech_HR/Eglantyne/simulation/install/champ_base:/home/hibiki/Robomech_HR/Eglantyne/simulation/install/champ_msgs:/home/hibiki/Robomech_HR/Eglantyne/simulation/install/champ_description:/home/hibiki/Robomech_HR/Eglantyne/simulation/install/champ_config:/home/hibiki/Robomech_HR/Eglantyne/simulation/install/ros2_control_demo_testing:/opt/ros/humble:/home/hibiki/Robomech_HR/Eglantyne/simulation/install/champ:/home/hibiki/Robomech_HR/Eglantyne/microros/ros2_pub_test/install/vel_pub PYTHONPATH=/home/hibiki/Robomech_HR/Eglantyne/simulation/install/ros2_control_demo_testing/lib/python3.10/site-packages:/home/hibiki/Robomech_HR/Eglantyne/simulation/install/simple_sim/lib/python3.10/site-packages:/home/hibiki/Robomech_HR/Eglantyne/simulation/install/champ_bringup/lib/python3.10/site-packages:/home/hibiki/Robomech_HR/Eglantyne/simulation/install/champ_msgs/lib/python3.10/site-packages:/opt/ros/humble/lib/python3.10/site-packages:/opt/ros/humble/local/lib/python3.10/dist-packages /usr/bin/cmake --build /home/hibiki/Robomech_HR/Eglantyne/simulation/build/ros2_control_demo_example_3 -- -j16 -l16
[0.961s] DEBUG:colcon.colcon_core.event_handler.log_command:Invoked command in '/home/hibiki/Robomech_HR/Eglantyne/simulation/build/ros2_control_demo_example_12' returned '0': AMENT_PREFIX_PATH=/home/hibiki/Robomech_HR/Eglantyne/simulation/install/ros2_control_demo_testing:/home/hibiki/Robomech_HR/Eglantyne/simulation/install/simple_sim:/home/hibiki/Robomech_HR/Eglantyne/simulation/install/ros2_control_demos:/home/hibiki/Robomech_HR/Eglantyne/simulation/install/ros2_control_demo_example_9:/home/hibiki/Robomech_HR/Eglantyne/simulation/install/ros2_control_demo_example_8:/home/hibiki/Robomech_HR/Eglantyne/simulation/install/ros2_control_demo_example_7:/home/hibiki/Robomech_HR/Eglantyne/simulation/install/ros2_control_demo_example_6:/home/hibiki/Robomech_HR/Eglantyne/simulation/install/ros2_control_demo_example_15:/home/hibiki/Robomech_HR/Eglantyne/simulation/install/ros2_control_demo_example_5:/home/hibiki/Robomech_HR/Eglantyne/simulation/install/ros2_control_demo_example_4:/home/hibiki/Robomech_HR/Eglantyne/simulation/install/ros2_control_demo_example_3:/home/hibiki/Robomech_HR/Eglantyne/simulation/install/ros2_control_demo_example_2:/home/hibiki/Robomech_HR/Eglantyne/simulation/install/ros2_control_demo_example_14:/home/hibiki/Robomech_HR/Eglantyne/simulation/install/ros2_control_demo_example_12:/home/hibiki/Robomech_HR/Eglantyne/simulation/install/ros2_control_demo_example_11:/home/hibiki/Robomech_HR/Eglantyne/simulation/install/ros2_control_demo_example_10:/home/hibiki/Robomech_HR/Eglantyne/simulation/install/ros2_control_demo_example_1:/home/hibiki/Robomech_HR/Eglantyne/simulation/install/ros2_control_demo_description:/home/hibiki/Robomech_HR/Eglantyne/simulation/install/gazebo_ros2_control_demos:/home/hibiki/Robomech_HR/Eglantyne/simulation/install/champ_teleop:/home/hibiki/Robomech_HR/Eglantyne/simulation/install/champ_navigation:/home/hibiki/Robomech_HR/Eglantyne/simulation/install/champ_gazebo:/home/hibiki/Robomech_HR/Eglantyne/simulation/install/champ_bringup:/home/hibiki/Robomech_HR/Eglantyne/simulation/install/champ_base:/home/hibiki/Robomech_HR/Eglantyne/simulation/install/champ_msgs:/home/hibiki/Robomech_HR/Eglantyne/simulation/install/champ_description:/home/hibiki/Robomech_HR/Eglantyne/simulation/install/champ_config:/home/hibiki/Robomech_HR/Eglantyne/simulation/install/champ:/home/hibiki/Robomech_HR/Eglantyne/microros/ros2_pub_test/install/vel_pub:/opt/ros/humble CMAKE_PREFIX_PATH=/home/hibiki/Robomech_HR/Eglantyne/simulation/install/ros2_control_demo_description:/home/hibiki/Robomech_HR/Eglantyne/simulation/install/simple_sim:/home/hibiki/Robomech_HR/Eglantyne/simulation/install/ros2_control_demos:/home/hibiki/Robomech_HR/Eglantyne/simulation/install/ros2_control_demo_example_9:/home/hibiki/Robomech_HR/Eglantyne/simulation/install/ros2_control_demo_example_8:/home/hibiki/Robomech_HR/Eglantyne/simulation/install/ros2_control_demo_example_7:/home/hibiki/Robomech_HR/Eglantyne/simulation/install/ros2_control_demo_example_6:/home/hibiki/Robomech_HR/Eglantyne/simulation/install/ros2_control_demo_example_15:/home/hibiki/Robomech_HR/Eglantyne/simulation/install/ros2_control_demo_example_5:/home/hibiki/Robomech_HR/Eglantyne/simulation/install/ros2_control_demo_example_4:/home/hibiki/Robomech_HR/Eglantyne/simulation/install/ros2_control_demo_example_3:/home/hibiki/Robomech_HR/Eglantyne/simulation/install/ros2_control_demo_example_2:/home/hibiki/Robomech_HR/Eglantyne/simulation/install/ros2_control_demo_example_14:/home/hibiki/Robomech_HR/Eglantyne/simulation/install/ros2_control_demo_example_12:/home/hibiki/Robomech_HR/Eglantyne/simulation/install/ros2_control_demo_example_11:/home/hibiki/Robomech_HR/Eglantyne/simulation/install/ros2_control_demo_example_10:/home/hibiki/Robomech_HR/Eglantyne/simulation/install/ros2_control_demo_example_1:/home/hibiki/Robomech_HR/Eglantyne/simulation/install/gazebo_ros2_control_demos:/home/hibiki/Robomech_HR/Eglantyne/simulation/install/champ_teleop:/home/hibiki/Robomech_HR/Eglantyne/simulation/install/champ_navigation:/home/hibiki/Robomech_HR/Eglantyne/simulation/install/champ_gazebo:/home/hibiki/Robomech_HR/Eglantyne/simulation/install/champ_bringup:/home/hibiki/Robomech_HR/Eglantyne/simulation/install/champ_base:/home/hibiki/Robomech_HR/Eglantyne/simulation/install/champ_msgs:/home/hibiki/Robomech_HR/Eglantyne/simulation/install/champ_description:/home/hibiki/Robomech_HR/Eglantyne/simulation/install/champ_config:/home/hibiki/Robomech_HR/Eglantyne/simulation/install/ros2_control_demo_testing:/opt/ros/humble:/home/hibiki/Robomech_HR/Eglantyne/simulation/install/champ:/home/hibiki/Robomech_HR/Eglantyne/microros/ros2_pub_test/install/vel_pub PYTHONPATH=/home/hibiki/Robomech_HR/Eglantyne/simulation/install/ros2_control_demo_testing/lib/python3.10/site-packages:/home/hibiki/Robomech_HR/Eglantyne/simulation/install/simple_sim/lib/python3.10/site-packages:/home/hibiki/Robomech_HR/Eglantyne/simulation/install/champ_bringup/lib/python3.10/site-packages:/home/hibiki/Robomech_HR/Eglantyne/simulation/install/champ_msgs/lib/python3.10/site-packages:/opt/ros/humble/lib/python3.10/site-packages:/opt/ros/humble/local/lib/python3.10/dist-packages /usr/bin/cmake --build /home/hibiki/Robomech_HR/Eglantyne/simulation/build/ros2_control_demo_example_12 -- -j16 -l16
[0.965s] DEBUG:colcon.colcon_core.event_handler.log_command:Invoked command in '/home/hibiki/Robomech_HR/Eglantyne/simulation/build/ros2_control_demo_example_6' returned '0': AMENT_PREFIX_PATH=/home/hibiki/Robomech_HR/Eglantyne/simulation/install/ros2_control_demo_testing:/home/hibiki/Robomech_HR/Eglantyne/simulation/install/simple_sim:/home/hibiki/Robomech_HR/Eglantyne/simulation/install/ros2_control_demos:/home/hibiki/Robomech_HR/Eglantyne/simulation/install/ros2_control_demo_example_9:/home/hibiki/Robomech_HR/Eglantyne/simulation/install/ros2_control_demo_example_8:/home/hibiki/Robomech_HR/Eglantyne/simulation/install/ros2_control_demo_example_7:/home/hibiki/Robomech_HR/Eglantyne/simulation/install/ros2_control_demo_example_6:/home/hibiki/Robomech_HR/Eglantyne/simulation/install/ros2_control_demo_example_15:/home/hibiki/Robomech_HR/Eglantyne/simulation/install/ros2_control_demo_example_5:/home/hibiki/Robomech_HR/Eglantyne/simulation/install/ros2_control_demo_example_4:/home/hibiki/Robomech_HR/Eglantyne/simulation/install/ros2_control_demo_example_3:/home/hibiki/Robomech_HR/Eglantyne/simulation/install/ros2_control_demo_example_2:/home/hibiki/Robomech_HR/Eglantyne/simulation/install/ros2_control_demo_example_14:/home/hibiki/Robomech_HR/Eglantyne/simulation/install/ros2_control_demo_example_12:/home/hibiki/Robomech_HR/Eglantyne/simulation/install/ros2_control_demo_example_11:/home/hibiki/Robomech_HR/Eglantyne/simulation/install/ros2_control_demo_example_10:/home/hibiki/Robomech_HR/Eglantyne/simulation/install/ros2_control_demo_example_1:/home/hibiki/Robomech_HR/Eglantyne/simulation/install/ros2_control_demo_description:/home/hibiki/Robomech_HR/Eglantyne/simulation/install/gazebo_ros2_control_demos:/home/hibiki/Robomech_HR/Eglantyne/simulation/install/champ_teleop:/home/hibiki/Robomech_HR/Eglantyne/simulation/install/champ_navigation:/home/hibiki/Robomech_HR/Eglantyne/simulation/install/champ_gazebo:/home/hibiki/Robomech_HR/Eglantyne/simulation/install/champ_bringup:/home/hibiki/Robomech_HR/Eglantyne/simulation/install/champ_base:/home/hibiki/Robomech_HR/Eglantyne/simulation/install/champ_msgs:/home/hibiki/Robomech_HR/Eglantyne/simulation/install/champ_description:/home/hibiki/Robomech_HR/Eglantyne/simulation/install/champ_config:/home/hibiki/Robomech_HR/Eglantyne/simulation/install/champ:/home/hibiki/Robomech_HR/Eglantyne/microros/ros2_pub_test/install/vel_pub:/opt/ros/humble CMAKE_PREFIX_PATH=/home/hibiki/Robomech_HR/Eglantyne/simulation/install/ros2_control_demo_description:/home/hibiki/Robomech_HR/Eglantyne/simulation/install/simple_sim:/home/hibiki/Robomech_HR/Eglantyne/simulation/install/ros2_control_demos:/home/hibiki/Robomech_HR/Eglantyne/simulation/install/ros2_control_demo_example_9:/home/hibiki/Robomech_HR/Eglantyne/simulation/install/ros2_control_demo_example_8:/home/hibiki/Robomech_HR/Eglantyne/simulation/install/ros2_control_demo_example_7:/home/hibiki/Robomech_HR/Eglantyne/simulation/install/ros2_control_demo_example_6:/home/hibiki/Robomech_HR/Eglantyne/simulation/install/ros2_control_demo_example_15:/home/hibiki/Robomech_HR/Eglantyne/simulation/install/ros2_control_demo_example_5:/home/hibiki/Robomech_HR/Eglantyne/simulation/install/ros2_control_demo_example_4:/home/hibiki/Robomech_HR/Eglantyne/simulation/install/ros2_control_demo_example_3:/home/hibiki/Robomech_HR/Eglantyne/simulation/install/ros2_control_demo_example_2:/home/hibiki/Robomech_HR/Eglantyne/simulation/install/ros2_control_demo_example_14:/home/hibiki/Robomech_HR/Eglantyne/simulation/install/ros2_control_demo_example_12:/home/hibiki/Robomech_HR/Eglantyne/simulation/install/ros2_control_demo_example_11:/home/hibiki/Robomech_HR/Eglantyne/simulation/install/ros2_control_demo_example_10:/home/hibiki/Robomech_HR/Eglantyne/simulation/install/ros2_control_demo_example_1:/home/hibiki/Robomech_HR/Eglantyne/simulation/install/gazebo_ros2_control_demos:/home/hibiki/Robomech_HR/Eglantyne/simulation/install/champ_teleop:/home/hibiki/Robomech_HR/Eglantyne/simulation/install/champ_navigation:/home/hibiki/Robomech_HR/Eglantyne/simulation/install/champ_gazebo:/home/hibiki/Robomech_HR/Eglantyne/simulation/install/champ_bringup:/home/hibiki/Robomech_HR/Eglantyne/simulation/install/champ_base:/home/hibiki/Robomech_HR/Eglantyne/simulation/install/champ_msgs:/home/hibiki/Robomech_HR/Eglantyne/simulation/install/champ_description:/home/hibiki/Robomech_HR/Eglantyne/simulation/install/champ_config:/home/hibiki/Robomech_HR/Eglantyne/simulation/install/ros2_control_demo_testing:/opt/ros/humble:/home/hibiki/Robomech_HR/Eglantyne/simulation/install/champ:/home/hibiki/Robomech_HR/Eglantyne/microros/ros2_pub_test/install/vel_pub PYTHONPATH=/home/hibiki/Robomech_HR/Eglantyne/simulation/install/ros2_control_demo_testing/lib/python3.10/site-packages:/home/hibiki/Robomech_HR/Eglantyne/simulation/install/simple_sim/lib/python3.10/site-packages:/home/hibiki/Robomech_HR/Eglantyne/simulation/install/champ_bringup/lib/python3.10/site-packages:/home/hibiki/Robomech_HR/Eglantyne/simulation/install/champ_msgs/lib/python3.10/site-packages:/opt/ros/humble/lib/python3.10/site-packages:/opt/ros/humble/local/lib/python3.10/dist-packages /usr/bin/cmake --build /home/hibiki/Robomech_HR/Eglantyne/simulation/build/ros2_control_demo_example_6 -- -j16 -l16
[0.967s] DEBUG:colcon.colcon_core.event_handler.log_command:Invoked command in '/home/hibiki/Robomech_HR/Eglantyne/simulation/build/ros2_control_demo_example_4' returned '0': AMENT_PREFIX_PATH=/home/hibiki/Robomech_HR/Eglantyne/simulation/install/ros2_control_demo_testing:/home/hibiki/Robomech_HR/Eglantyne/simulation/install/simple_sim:/home/hibiki/Robomech_HR/Eglantyne/simulation/install/ros2_control_demos:/home/hibiki/Robomech_HR/Eglantyne/simulation/install/ros2_control_demo_example_9:/home/hibiki/Robomech_HR/Eglantyne/simulation/install/ros2_control_demo_example_8:/home/hibiki/Robomech_HR/Eglantyne/simulation/install/ros2_control_demo_example_7:/home/hibiki/Robomech_HR/Eglantyne/simulation/install/ros2_control_demo_example_6:/home/hibiki/Robomech_HR/Eglantyne/simulation/install/ros2_control_demo_example_15:/home/hibiki/Robomech_HR/Eglantyne/simulation/install/ros2_control_demo_example_5:/home/hibiki/Robomech_HR/Eglantyne/simulation/install/ros2_control_demo_example_4:/home/hibiki/Robomech_HR/Eglantyne/simulation/install/ros2_control_demo_example_3:/home/hibiki/Robomech_HR/Eglantyne/simulation/install/ros2_control_demo_example_2:/home/hibiki/Robomech_HR/Eglantyne/simulation/install/ros2_control_demo_example_14:/home/hibiki/Robomech_HR/Eglantyne/simulation/install/ros2_control_demo_example_12:/home/hibiki/Robomech_HR/Eglantyne/simulation/install/ros2_control_demo_example_11:/home/hibiki/Robomech_HR/Eglantyne/simulation/install/ros2_control_demo_example_10:/home/hibiki/Robomech_HR/Eglantyne/simulation/install/ros2_control_demo_example_1:/home/hibiki/Robomech_HR/Eglantyne/simulation/install/ros2_control_demo_description:/home/hibiki/Robomech_HR/Eglantyne/simulation/install/gazebo_ros2_control_demos:/home/hibiki/Robomech_HR/Eglantyne/simulation/install/champ_teleop:/home/hibiki/Robomech_HR/Eglantyne/simulation/install/champ_navigation:/home/hibiki/Robomech_HR/Eglantyne/simulation/install/champ_gazebo:/home/hibiki/Robomech_HR/Eglantyne/simulation/install/champ_bringup:/home/hibiki/Robomech_HR/Eglantyne/simulation/install/champ_base:/home/hibiki/Robomech_HR/Eglantyne/simulation/install/champ_msgs:/home/hibiki/Robomech_HR/Eglantyne/simulation/install/champ_description:/home/hibiki/Robomech_HR/Eglantyne/simulation/install/champ_config:/home/hibiki/Robomech_HR/Eglantyne/simulation/install/champ:/home/hibiki/Robomech_HR/Eglantyne/microros/ros2_pub_test/install/vel_pub:/opt/ros/humble CMAKE_PREFIX_PATH=/home/hibiki/Robomech_HR/Eglantyne/simulation/install/ros2_control_demo_description:/home/hibiki/Robomech_HR/Eglantyne/simulation/install/simple_sim:/home/hibiki/Robomech_HR/Eglantyne/simulation/install/ros2_control_demos:/home/hibiki/Robomech_HR/Eglantyne/simulation/install/ros2_control_demo_example_9:/home/hibiki/Robomech_HR/Eglantyne/simulation/install/ros2_control_demo_example_8:/home/hibiki/Robomech_HR/Eglantyne/simulation/install/ros2_control_demo_example_7:/home/hibiki/Robomech_HR/Eglantyne/simulation/install/ros2_control_demo_example_6:/home/hibiki/Robomech_HR/Eglantyne/simulation/install/ros2_control_demo_example_15:/home/hibiki/Robomech_HR/Eglantyne/simulation/install/ros2_control_demo_example_5:/home/hibiki/Robomech_HR/Eglantyne/simulation/install/ros2_control_demo_example_4:/home/hibiki/Robomech_HR/Eglantyne/simulation/install/ros2_control_demo_example_3:/home/hibiki/Robomech_HR/Eglantyne/simulation/install/ros2_control_demo_example_2:/home/hibiki/Robomech_HR/Eglantyne/simulation/install/ros2_control_demo_example_14:/home/hibiki/Robomech_HR/Eglantyne/simulation/install/ros2_control_demo_example_12:/home/hibiki/Robomech_HR/Eglantyne/simulation/install/ros2_control_demo_example_11:/home/hibiki/Robomech_HR/Eglantyne/simulation/install/ros2_control_demo_example_10:/home/hibiki/Robomech_HR/Eglantyne/simulation/install/ros2_control_demo_example_1:/home/hibiki/Robomech_HR/Eglantyne/simulation/install/gazebo_ros2_control_demos:/home/hibiki/Robomech_HR/Eglantyne/simulation/install/champ_teleop:/home/hibiki/Robomech_HR/Eglantyne/simulation/install/champ_navigation:/home/hibiki/Robomech_HR/Eglantyne/simulation/install/champ_gazebo:/home/hibiki/Robomech_HR/Eglantyne/simulation/install/champ_bringup:/home/hibiki/Robomech_HR/Eglantyne/simulation/install/champ_base:/home/hibiki/Robomech_HR/Eglantyne/simulation/install/champ_msgs:/home/hibiki/Robomech_HR/Eglantyne/simulation/install/champ_description:/home/hibiki/Robomech_HR/Eglantyne/simulation/install/champ_config:/home/hibiki/Robomech_HR/Eglantyne/simulation/install/ros2_control_demo_testing:/opt/ros/humble:/home/hibiki/Robomech_HR/Eglantyne/simulation/install/champ:/home/hibiki/Robomech_HR/Eglantyne/microros/ros2_pub_test/install/vel_pub PYTHONPATH=/home/hibiki/Robomech_HR/Eglantyne/simulation/install/ros2_control_demo_testing/lib/python3.10/site-packages:/home/hibiki/Robomech_HR/Eglantyne/simulation/install/simple_sim/lib/python3.10/site-packages:/home/hibiki/Robomech_HR/Eglantyne/simulation/install/champ_bringup/lib/python3.10/site-packages:/home/hibiki/Robomech_HR/Eglantyne/simulation/install/champ_msgs/lib/python3.10/site-packages:/opt/ros/humble/lib/python3.10/site-packages:/opt/ros/humble/local/lib/python3.10/dist-packages /usr/bin/cmake --build /home/hibiki/Robomech_HR/Eglantyne/simulation/build/ros2_control_demo_example_4 -- -j16 -l16
[0.969s] DEBUG:colcon.colcon_core.event_handler.log_command:Invoked command in '/home/hibiki/Robomech_HR/Eglantyne/simulation/build/ros2_control_demo_example_8' returned '0': AMENT_PREFIX_PATH=/home/hibiki/Robomech_HR/Eglantyne/simulation/install/ros2_control_demo_testing:/home/hibiki/Robomech_HR/Eglantyne/simulation/install/simple_sim:/home/hibiki/Robomech_HR/Eglantyne/simulation/install/ros2_control_demos:/home/hibiki/Robomech_HR/Eglantyne/simulation/install/ros2_control_demo_example_9:/home/hibiki/Robomech_HR/Eglantyne/simulation/install/ros2_control_demo_example_8:/home/hibiki/Robomech_HR/Eglantyne/simulation/install/ros2_control_demo_example_7:/home/hibiki/Robomech_HR/Eglantyne/simulation/install/ros2_control_demo_example_6:/home/hibiki/Robomech_HR/Eglantyne/simulation/install/ros2_control_demo_example_15:/home/hibiki/Robomech_HR/Eglantyne/simulation/install/ros2_control_demo_example_5:/home/hibiki/Robomech_HR/Eglantyne/simulation/install/ros2_control_demo_example_4:/home/hibiki/Robomech_HR/Eglantyne/simulation/install/ros2_control_demo_example_3:/home/hibiki/Robomech_HR/Eglantyne/simulation/install/ros2_control_demo_example_2:/home/hibiki/Robomech_HR/Eglantyne/simulation/install/ros2_control_demo_example_14:/home/hibiki/Robomech_HR/Eglantyne/simulation/install/ros2_control_demo_example_12:/home/hibiki/Robomech_HR/Eglantyne/simulation/install/ros2_control_demo_example_11:/home/hibiki/Robomech_HR/Eglantyne/simulation/install/ros2_control_demo_example_10:/home/hibiki/Robomech_HR/Eglantyne/simulation/install/ros2_control_demo_example_1:/home/hibiki/Robomech_HR/Eglantyne/simulation/install/ros2_control_demo_description:/home/hibiki/Robomech_HR/Eglantyne/simulation/install/gazebo_ros2_control_demos:/home/hibiki/Robomech_HR/Eglantyne/simulation/install/champ_teleop:/home/hibiki/Robomech_HR/Eglantyne/simulation/install/champ_navigation:/home/hibiki/Robomech_HR/Eglantyne/simulation/install/champ_gazebo:/home/hibiki/Robomech_HR/Eglantyne/simulation/install/champ_bringup:/home/hibiki/Robomech_HR/Eglantyne/simulation/install/champ_base:/home/hibiki/Robomech_HR/Eglantyne/simulation/install/champ_msgs:/home/hibiki/Robomech_HR/Eglantyne/simulation/install/champ_description:/home/hibiki/Robomech_HR/Eglantyne/simulation/install/champ_config:/home/hibiki/Robomech_HR/Eglantyne/simulation/install/champ:/home/hibiki/Robomech_HR/Eglantyne/microros/ros2_pub_test/install/vel_pub:/opt/ros/humble CMAKE_PREFIX_PATH=/home/hibiki/Robomech_HR/Eglantyne/simulation/install/ros2_control_demo_description:/home/hibiki/Robomech_HR/Eglantyne/simulation/install/simple_sim:/home/hibiki/Robomech_HR/Eglantyne/simulation/install/ros2_control_demos:/home/hibiki/Robomech_HR/Eglantyne/simulation/install/ros2_control_demo_example_9:/home/hibiki/Robomech_HR/Eglantyne/simulation/install/ros2_control_demo_example_8:/home/hibiki/Robomech_HR/Eglantyne/simulation/install/ros2_control_demo_example_7:/home/hibiki/Robomech_HR/Eglantyne/simulation/install/ros2_control_demo_example_6:/home/hibiki/Robomech_HR/Eglantyne/simulation/install/ros2_control_demo_example_15:/home/hibiki/Robomech_HR/Eglantyne/simulation/install/ros2_control_demo_example_5:/home/hibiki/Robomech_HR/Eglantyne/simulation/install/ros2_control_demo_example_4:/home/hibiki/Robomech_HR/Eglantyne/simulation/install/ros2_control_demo_example_3:/home/hibiki/Robomech_HR/Eglantyne/simulation/install/ros2_control_demo_example_2:/home/hibiki/Robomech_HR/Eglantyne/simulation/install/ros2_control_demo_example_14:/home/hibiki/Robomech_HR/Eglantyne/simulation/install/ros2_control_demo_example_12:/home/hibiki/Robomech_HR/Eglantyne/simulation/install/ros2_control_demo_example_11:/home/hibiki/Robomech_HR/Eglantyne/simulation/install/ros2_control_demo_example_10:/home/hibiki/Robomech_HR/Eglantyne/simulation/install/ros2_control_demo_example_1:/home/hibiki/Robomech_HR/Eglantyne/simulation/install/gazebo_ros2_control_demos:/home/hibiki/Robomech_HR/Eglantyne/simulation/install/champ_teleop:/home/hibiki/Robomech_HR/Eglantyne/simulation/install/champ_navigation:/home/hibiki/Robomech_HR/Eglantyne/simulation/install/champ_gazebo:/home/hibiki/Robomech_HR/Eglantyne/simulation/install/champ_bringup:/home/hibiki/Robomech_HR/Eglantyne/simulation/install/champ_base:/home/hibiki/Robomech_HR/Eglantyne/simulation/install/champ_msgs:/home/hibiki/Robomech_HR/Eglantyne/simulation/install/champ_description:/home/hibiki/Robomech_HR/Eglantyne/simulation/install/champ_config:/home/hibiki/Robomech_HR/Eglantyne/simulation/install/ros2_control_demo_testing:/opt/ros/humble:/home/hibiki/Robomech_HR/Eglantyne/simulation/install/champ:/home/hibiki/Robomech_HR/Eglantyne/microros/ros2_pub_test/install/vel_pub PYTHONPATH=/home/hibiki/Robomech_HR/Eglantyne/simulation/install/ros2_control_demo_testing/lib/python3.10/site-packages:/home/hibiki/Robomech_HR/Eglantyne/simulation/install/simple_sim/lib/python3.10/site-packages:/home/hibiki/Robomech_HR/Eglantyne/simulation/install/champ_bringup/lib/python3.10/site-packages:/home/hibiki/Robomech_HR/Eglantyne/simulation/install/champ_msgs/lib/python3.10/site-packages:/opt/ros/humble/lib/python3.10/site-packages:/opt/ros/humble/local/lib/python3.10/dist-packages /usr/bin/cmake --build /home/hibiki/Robomech_HR/Eglantyne/simulation/build/ros2_control_demo_example_8 -- -j16 -l16
[0.971s] DEBUG:colcon.colcon_core.event_handler.log_command:Invoked command in '/home/hibiki/Robomech_HR/Eglantyne/simulation/build/ros2_control_demo_example_7' returned '0': AMENT_PREFIX_PATH=/home/hibiki/Robomech_HR/Eglantyne/simulation/install/ros2_control_demo_testing:/home/hibiki/Robomech_HR/Eglantyne/simulation/install/simple_sim:/home/hibiki/Robomech_HR/Eglantyne/simulation/install/ros2_control_demos:/home/hibiki/Robomech_HR/Eglantyne/simulation/install/ros2_control_demo_example_9:/home/hibiki/Robomech_HR/Eglantyne/simulation/install/ros2_control_demo_example_8:/home/hibiki/Robomech_HR/Eglantyne/simulation/install/ros2_control_demo_example_7:/home/hibiki/Robomech_HR/Eglantyne/simulation/install/ros2_control_demo_example_6:/home/hibiki/Robomech_HR/Eglantyne/simulation/install/ros2_control_demo_example_15:/home/hibiki/Robomech_HR/Eglantyne/simulation/install/ros2_control_demo_example_5:/home/hibiki/Robomech_HR/Eglantyne/simulation/install/ros2_control_demo_example_4:/home/hibiki/Robomech_HR/Eglantyne/simulation/install/ros2_control_demo_example_3:/home/hibiki/Robomech_HR/Eglantyne/simulation/install/ros2_control_demo_example_2:/home/hibiki/Robomech_HR/Eglantyne/simulation/install/ros2_control_demo_example_14:/home/hibiki/Robomech_HR/Eglantyne/simulation/install/ros2_control_demo_example_12:/home/hibiki/Robomech_HR/Eglantyne/simulation/install/ros2_control_demo_example_11:/home/hibiki/Robomech_HR/Eglantyne/simulation/install/ros2_control_demo_example_10:/home/hibiki/Robomech_HR/Eglantyne/simulation/install/ros2_control_demo_example_1:/home/hibiki/Robomech_HR/Eglantyne/simulation/install/ros2_control_demo_description:/home/hibiki/Robomech_HR/Eglantyne/simulation/install/gazebo_ros2_control_demos:/home/hibiki/Robomech_HR/Eglantyne/simulation/install/champ_teleop:/home/hibiki/Robomech_HR/Eglantyne/simulation/install/champ_navigation:/home/hibiki/Robomech_HR/Eglantyne/simulation/install/champ_gazebo:/home/hibiki/Robomech_HR/Eglantyne/simulation/install/champ_bringup:/home/hibiki/Robomech_HR/Eglantyne/simulation/install/champ_base:/home/hibiki/Robomech_HR/Eglantyne/simulation/install/champ_msgs:/home/hibiki/Robomech_HR/Eglantyne/simulation/install/champ_description:/home/hibiki/Robomech_HR/Eglantyne/simulation/install/champ_config:/home/hibiki/Robomech_HR/Eglantyne/simulation/install/champ:/home/hibiki/Robomech_HR/Eglantyne/microros/ros2_pub_test/install/vel_pub:/opt/ros/humble CMAKE_PREFIX_PATH=/home/hibiki/Robomech_HR/Eglantyne/simulation/install/ros2_control_demo_description:/home/hibiki/Robomech_HR/Eglantyne/simulation/install/simple_sim:/home/hibiki/Robomech_HR/Eglantyne/simulation/install/ros2_control_demos:/home/hibiki/Robomech_HR/Eglantyne/simulation/install/ros2_control_demo_example_9:/home/hibiki/Robomech_HR/Eglantyne/simulation/install/ros2_control_demo_example_8:/home/hibiki/Robomech_HR/Eglantyne/simulation/install/ros2_control_demo_example_7:/home/hibiki/Robomech_HR/Eglantyne/simulation/install/ros2_control_demo_example_6:/home/hibiki/Robomech_HR/Eglantyne/simulation/install/ros2_control_demo_example_15:/home/hibiki/Robomech_HR/Eglantyne/simulation/install/ros2_control_demo_example_5:/home/hibiki/Robomech_HR/Eglantyne/simulation/install/ros2_control_demo_example_4:/home/hibiki/Robomech_HR/Eglantyne/simulation/install/ros2_control_demo_example_3:/home/hibiki/Robomech_HR/Eglantyne/simulation/install/ros2_control_demo_example_2:/home/hibiki/Robomech_HR/Eglantyne/simulation/install/ros2_control_demo_example_14:/home/hibiki/Robomech_HR/Eglantyne/simulation/install/ros2_control_demo_example_12:/home/hibiki/Robomech_HR/Eglantyne/simulation/install/ros2_control_demo_example_11:/home/hibiki/Robomech_HR/Eglantyne/simulation/install/ros2_control_demo_example_10:/home/hibiki/Robomech_HR/Eglantyne/simulation/install/ros2_control_demo_example_1:/home/hibiki/Robomech_HR/Eglantyne/simulation/install/gazebo_ros2_control_demos:/home/hibiki/Robomech_HR/Eglantyne/simulation/install/champ_teleop:/home/hibiki/Robomech_HR/Eglantyne/simulation/install/champ_navigation:/home/hibiki/Robomech_HR/Eglantyne/simulation/install/champ_gazebo:/home/hibiki/Robomech_HR/Eglantyne/simulation/install/champ_bringup:/home/hibiki/Robomech_HR/Eglantyne/simulation/install/champ_base:/home/hibiki/Robomech_HR/Eglantyne/simulation/install/champ_msgs:/home/hibiki/Robomech_HR/Eglantyne/simulation/install/champ_description:/home/hibiki/Robomech_HR/Eglantyne/simulation/install/champ_config:/home/hibiki/Robomech_HR/Eglantyne/simulation/install/ros2_control_demo_testing:/opt/ros/humble:/home/hibiki/Robomech_HR/Eglantyne/simulation/install/champ:/home/hibiki/Robomech_HR/Eglantyne/microros/ros2_pub_test/install/vel_pub PYTHONPATH=/home/hibiki/Robomech_HR/Eglantyne/simulation/install/ros2_control_demo_testing/lib/python3.10/site-packages:/home/hibiki/Robomech_HR/Eglantyne/simulation/install/simple_sim/lib/python3.10/site-packages:/home/hibiki/Robomech_HR/Eglantyne/simulation/install/champ_bringup/lib/python3.10/site-packages:/home/hibiki/Robomech_HR/Eglantyne/simulation/install/champ_msgs/lib/python3.10/site-packages:/opt/ros/humble/lib/python3.10/site-packages:/opt/ros/humble/local/lib/python3.10/dist-packages /usr/bin/cmake --build /home/hibiki/Robomech_HR/Eglantyne/simulation/build/ros2_control_demo_example_7 -- -j16 -l16
[0.974s] DEBUG:colcon.colcon_core.event_handler.log_command:Invoking command in '/home/hibiki/Robomech_HR/Eglantyne/simulation/build/ros2_control_demo_example_1': AMENT_PREFIX_PATH=/home/hibiki/Robomech_HR/Eglantyne/simulation/install/ros2_control_demo_testing:/home/hibiki/Robomech_HR/Eglantyne/simulation/install/simple_sim:/home/hibiki/Robomech_HR/Eglantyne/simulation/install/ros2_control_demos:/home/hibiki/Robomech_HR/Eglantyne/simulation/install/ros2_control_demo_example_9:/home/hibiki/Robomech_HR/Eglantyne/simulation/install/ros2_control_demo_example_8:/home/hibiki/Robomech_HR/Eglantyne/simulation/install/ros2_control_demo_example_7:/home/hibiki/Robomech_HR/Eglantyne/simulation/install/ros2_control_demo_example_6:/home/hibiki/Robomech_HR/Eglantyne/simulation/install/ros2_control_demo_example_15:/home/hibiki/Robomech_HR/Eglantyne/simulation/install/ros2_control_demo_example_5:/home/hibiki/Robomech_HR/Eglantyne/simulation/install/ros2_control_demo_example_4:/home/hibiki/Robomech_HR/Eglantyne/simulation/install/ros2_control_demo_example_3:/home/hibiki/Robomech_HR/Eglantyne/simulation/install/ros2_control_demo_example_2:/home/hibiki/Robomech_HR/Eglantyne/simulation/install/ros2_control_demo_example_14:/home/hibiki/Robomech_HR/Eglantyne/simulation/install/ros2_control_demo_example_12:/home/hibiki/Robomech_HR/Eglantyne/simulation/install/ros2_control_demo_example_11:/home/hibiki/Robomech_HR/Eglantyne/simulation/install/ros2_control_demo_example_10:/home/hibiki/Robomech_HR/Eglantyne/simulation/install/ros2_control_demo_example_1:/home/hibiki/Robomech_HR/Eglantyne/simulation/install/ros2_control_demo_description:/home/hibiki/Robomech_HR/Eglantyne/simulation/install/gazebo_ros2_control_demos:/home/hibiki/Robomech_HR/Eglantyne/simulation/install/champ_teleop:/home/hibiki/Robomech_HR/Eglantyne/simulation/install/champ_navigation:/home/hibiki/Robomech_HR/Eglantyne/simulation/install/champ_gazebo:/home/hibiki/Robomech_HR/Eglantyne/simulation/install/champ_bringup:/home/hibiki/Robomech_HR/Eglantyne/simulation/install/champ_base:/home/hibiki/Robomech_HR/Eglantyne/simulation/install/champ_msgs:/home/hibiki/Robomech_HR/Eglantyne/simulation/install/champ_description:/home/hibiki/Robomech_HR/Eglantyne/simulation/install/champ_config:/home/hibiki/Robomech_HR/Eglantyne/simulation/install/champ:/home/hibiki/Robomech_HR/Eglantyne/microros/ros2_pub_test/install/vel_pub:/opt/ros/humble CMAKE_PREFIX_PATH=/home/hibiki/Robomech_HR/Eglantyne/simulation/install/ros2_control_demo_description:/home/hibiki/Robomech_HR/Eglantyne/simulation/install/simple_sim:/home/hibiki/Robomech_HR/Eglantyne/simulation/install/ros2_control_demos:/home/hibiki/Robomech_HR/Eglantyne/simulation/install/ros2_control_demo_example_9:/home/hibiki/Robomech_HR/Eglantyne/simulation/install/ros2_control_demo_example_8:/home/hibiki/Robomech_HR/Eglantyne/simulation/install/ros2_control_demo_example_7:/home/hibiki/Robomech_HR/Eglantyne/simulation/install/ros2_control_demo_example_6:/home/hibiki/Robomech_HR/Eglantyne/simulation/install/ros2_control_demo_example_15:/home/hibiki/Robomech_HR/Eglantyne/simulation/install/ros2_control_demo_example_5:/home/hibiki/Robomech_HR/Eglantyne/simulation/install/ros2_control_demo_example_4:/home/hibiki/Robomech_HR/Eglantyne/simulation/install/ros2_control_demo_example_3:/home/hibiki/Robomech_HR/Eglantyne/simulation/install/ros2_control_demo_example_2:/home/hibiki/Robomech_HR/Eglantyne/simulation/install/ros2_control_demo_example_14:/home/hibiki/Robomech_HR/Eglantyne/simulation/install/ros2_control_demo_example_12:/home/hibiki/Robomech_HR/Eglantyne/simulation/install/ros2_control_demo_example_11:/home/hibiki/Robomech_HR/Eglantyne/simulation/install/ros2_control_demo_example_10:/home/hibiki/Robomech_HR/Eglantyne/simulation/install/ros2_control_demo_example_1:/home/hibiki/Robomech_HR/Eglantyne/simulation/install/gazebo_ros2_control_demos:/home/hibiki/Robomech_HR/Eglantyne/simulation/install/champ_teleop:/home/hibiki/Robomech_HR/Eglantyne/simulation/install/champ_navigation:/home/hibiki/Robomech_HR/Eglantyne/simulation/install/champ_gazebo:/home/hibiki/Robomech_HR/Eglantyne/simulation/install/champ_bringup:/home/hibiki/Robomech_HR/Eglantyne/simulation/install/champ_base:/home/hibiki/Robomech_HR/Eglantyne/simulation/install/champ_msgs:/home/hibiki/Robomech_HR/Eglantyne/simulation/install/champ_description:/home/hibiki/Robomech_HR/Eglantyne/simulation/install/champ_config:/home/hibiki/Robomech_HR/Eglantyne/simulation/install/ros2_control_demo_testing:/opt/ros/humble:/home/hibiki/Robomech_HR/Eglantyne/simulation/install/champ:/home/hibiki/Robomech_HR/Eglantyne/microros/ros2_pub_test/install/vel_pub PYTHONPATH=/home/hibiki/Robomech_HR/Eglantyne/simulation/install/ros2_control_demo_testing/lib/python3.10/site-packages:/home/hibiki/Robomech_HR/Eglantyne/simulation/install/simple_sim/lib/python3.10/site-packages:/home/hibiki/Robomech_HR/Eglantyne/simulation/install/champ_bringup/lib/python3.10/site-packages:/home/hibiki/Robomech_HR/Eglantyne/simulation/install/champ_msgs/lib/python3.10/site-packages:/opt/ros/humble/lib/python3.10/site-packages:/opt/ros/humble/local/lib/python3.10/dist-packages /usr/bin/cmake --install /home/hibiki/Robomech_HR/Eglantyne/simulation/build/ros2_control_demo_example_1
[0.976s] DEBUG:colcon.colcon_core.event_handler.log_command:Invoking command in '/home/hibiki/Robomech_HR/Eglantyne/simulation/build/ros2_control_demo_example_10': AMENT_PREFIX_PATH=/home/hibiki/Robomech_HR/Eglantyne/simulation/install/ros2_control_demo_testing:/home/hibiki/Robomech_HR/Eglantyne/simulation/install/simple_sim:/home/hibiki/Robomech_HR/Eglantyne/simulation/install/ros2_control_demos:/home/hibiki/Robomech_HR/Eglantyne/simulation/install/ros2_control_demo_example_9:/home/hibiki/Robomech_HR/Eglantyne/simulation/install/ros2_control_demo_example_8:/home/hibiki/Robomech_HR/Eglantyne/simulation/install/ros2_control_demo_example_7:/home/hibiki/Robomech_HR/Eglantyne/simulation/install/ros2_control_demo_example_6:/home/hibiki/Robomech_HR/Eglantyne/simulation/install/ros2_control_demo_example_15:/home/hibiki/Robomech_HR/Eglantyne/simulation/install/ros2_control_demo_example_5:/home/hibiki/Robomech_HR/Eglantyne/simulation/install/ros2_control_demo_example_4:/home/hibiki/Robomech_HR/Eglantyne/simulation/install/ros2_control_demo_example_3:/home/hibiki/Robomech_HR/Eglantyne/simulation/install/ros2_control_demo_example_2:/home/hibiki/Robomech_HR/Eglantyne/simulation/install/ros2_control_demo_example_14:/home/hibiki/Robomech_HR/Eglantyne/simulation/install/ros2_control_demo_example_12:/home/hibiki/Robomech_HR/Eglantyne/simulation/install/ros2_control_demo_example_11:/home/hibiki/Robomech_HR/Eglantyne/simulation/install/ros2_control_demo_example_10:/home/hibiki/Robomech_HR/Eglantyne/simulation/install/ros2_control_demo_example_1:/home/hibiki/Robomech_HR/Eglantyne/simulation/install/ros2_control_demo_description:/home/hibiki/Robomech_HR/Eglantyne/simulation/install/gazebo_ros2_control_demos:/home/hibiki/Robomech_HR/Eglantyne/simulation/install/champ_teleop:/home/hibiki/Robomech_HR/Eglantyne/simulation/install/champ_navigation:/home/hibiki/Robomech_HR/Eglantyne/simulation/install/champ_gazebo:/home/hibiki/Robomech_HR/Eglantyne/simulation/install/champ_bringup:/home/hibiki/Robomech_HR/Eglantyne/simulation/install/champ_base:/home/hibiki/Robomech_HR/Eglantyne/simulation/install/champ_msgs:/home/hibiki/Robomech_HR/Eglantyne/simulation/install/champ_description:/home/hibiki/Robomech_HR/Eglantyne/simulation/install/champ_config:/home/hibiki/Robomech_HR/Eglantyne/simulation/install/champ:/home/hibiki/Robomech_HR/Eglantyne/microros/ros2_pub_test/install/vel_pub:/opt/ros/humble CMAKE_PREFIX_PATH=/home/hibiki/Robomech_HR/Eglantyne/simulation/install/ros2_control_demo_description:/home/hibiki/Robomech_HR/Eglantyne/simulation/install/simple_sim:/home/hibiki/Robomech_HR/Eglantyne/simulation/install/ros2_control_demos:/home/hibiki/Robomech_HR/Eglantyne/simulation/install/ros2_control_demo_example_9:/home/hibiki/Robomech_HR/Eglantyne/simulation/install/ros2_control_demo_example_8:/home/hibiki/Robomech_HR/Eglantyne/simulation/install/ros2_control_demo_example_7:/home/hibiki/Robomech_HR/Eglantyne/simulation/install/ros2_control_demo_example_6:/home/hibiki/Robomech_HR/Eglantyne/simulation/install/ros2_control_demo_example_15:/home/hibiki/Robomech_HR/Eglantyne/simulation/install/ros2_control_demo_example_5:/home/hibiki/Robomech_HR/Eglantyne/simulation/install/ros2_control_demo_example_4:/home/hibiki/Robomech_HR/Eglantyne/simulation/install/ros2_control_demo_example_3:/home/hibiki/Robomech_HR/Eglantyne/simulation/install/ros2_control_demo_example_2:/home/hibiki/Robomech_HR/Eglantyne/simulation/install/ros2_control_demo_example_14:/home/hibiki/Robomech_HR/Eglantyne/simulation/install/ros2_control_demo_example_12:/home/hibiki/Robomech_HR/Eglantyne/simulation/install/ros2_control_demo_example_11:/home/hibiki/Robomech_HR/Eglantyne/simulation/install/ros2_control_demo_example_10:/home/hibiki/Robomech_HR/Eglantyne/simulation/install/ros2_control_demo_example_1:/home/hibiki/Robomech_HR/Eglantyne/simulation/install/gazebo_ros2_control_demos:/home/hibiki/Robomech_HR/Eglantyne/simulation/install/champ_teleop:/home/hibiki/Robomech_HR/Eglantyne/simulation/install/champ_navigation:/home/hibiki/Robomech_HR/Eglantyne/simulation/install/champ_gazebo:/home/hibiki/Robomech_HR/Eglantyne/simulation/install/champ_bringup:/home/hibiki/Robomech_HR/Eglantyne/simulation/install/champ_base:/home/hibiki/Robomech_HR/Eglantyne/simulation/install/champ_msgs:/home/hibiki/Robomech_HR/Eglantyne/simulation/install/champ_description:/home/hibiki/Robomech_HR/Eglantyne/simulation/install/champ_config:/home/hibiki/Robomech_HR/Eglantyne/simulation/install/ros2_control_demo_testing:/opt/ros/humble:/home/hibiki/Robomech_HR/Eglantyne/simulation/install/champ:/home/hibiki/Robomech_HR/Eglantyne/microros/ros2_pub_test/install/vel_pub PYTHONPATH=/home/hibiki/Robomech_HR/Eglantyne/simulation/install/ros2_control_demo_testing/lib/python3.10/site-packages:/home/hibiki/Robomech_HR/Eglantyne/simulation/install/simple_sim/lib/python3.10/site-packages:/home/hibiki/Robomech_HR/Eglantyne/simulation/install/champ_bringup/lib/python3.10/site-packages:/home/hibiki/Robomech_HR/Eglantyne/simulation/install/champ_msgs/lib/python3.10/site-packages:/opt/ros/humble/lib/python3.10/site-packages:/opt/ros/humble/local/lib/python3.10/dist-packages /usr/bin/cmake --install /home/hibiki/Robomech_HR/Eglantyne/simulation/build/ros2_control_demo_example_10
[0.980s] DEBUG:colcon.colcon_core.event_handler.log_command:Invoking command in '/home/hibiki/Robomech_HR/Eglantyne/simulation/build/ros2_control_demo_example_11': AMENT_PREFIX_PATH=/home/hibiki/Robomech_HR/Eglantyne/simulation/install/ros2_control_demo_testing:/home/hibiki/Robomech_HR/Eglantyne/simulation/install/simple_sim:/home/hibiki/Robomech_HR/Eglantyne/simulation/install/ros2_control_demos:/home/hibiki/Robomech_HR/Eglantyne/simulation/install/ros2_control_demo_example_9:/home/hibiki/Robomech_HR/Eglantyne/simulation/install/ros2_control_demo_example_8:/home/hibiki/Robomech_HR/Eglantyne/simulation/install/ros2_control_demo_example_7:/home/hibiki/Robomech_HR/Eglantyne/simulation/install/ros2_control_demo_example_6:/home/hibiki/Robomech_HR/Eglantyne/simulation/install/ros2_control_demo_example_15:/home/hibiki/Robomech_HR/Eglantyne/simulation/install/ros2_control_demo_example_5:/home/hibiki/Robomech_HR/Eglantyne/simulation/install/ros2_control_demo_example_4:/home/hibiki/Robomech_HR/Eglantyne/simulation/install/ros2_control_demo_example_3:/home/hibiki/Robomech_HR/Eglantyne/simulation/install/ros2_control_demo_example_2:/home/hibiki/Robomech_HR/Eglantyne/simulation/install/ros2_control_demo_example_14:/home/hibiki/Robomech_HR/Eglantyne/simulation/install/ros2_control_demo_example_12:/home/hibiki/Robomech_HR/Eglantyne/simulation/install/ros2_control_demo_example_11:/home/hibiki/Robomech_HR/Eglantyne/simulation/install/ros2_control_demo_example_10:/home/hibiki/Robomech_HR/Eglantyne/simulation/install/ros2_control_demo_example_1:/home/hibiki/Robomech_HR/Eglantyne/simulation/install/ros2_control_demo_description:/home/hibiki/Robomech_HR/Eglantyne/simulation/install/gazebo_ros2_control_demos:/home/hibiki/Robomech_HR/Eglantyne/simulation/install/champ_teleop:/home/hibiki/Robomech_HR/Eglantyne/simulation/install/champ_navigation:/home/hibiki/Robomech_HR/Eglantyne/simulation/install/champ_gazebo:/home/hibiki/Robomech_HR/Eglantyne/simulation/install/champ_bringup:/home/hibiki/Robomech_HR/Eglantyne/simulation/install/champ_base:/home/hibiki/Robomech_HR/Eglantyne/simulation/install/champ_msgs:/home/hibiki/Robomech_HR/Eglantyne/simulation/install/champ_description:/home/hibiki/Robomech_HR/Eglantyne/simulation/install/champ_config:/home/hibiki/Robomech_HR/Eglantyne/simulation/install/champ:/home/hibiki/Robomech_HR/Eglantyne/microros/ros2_pub_test/install/vel_pub:/opt/ros/humble CMAKE_PREFIX_PATH=/home/hibiki/Robomech_HR/Eglantyne/simulation/install/ros2_control_demo_description:/home/hibiki/Robomech_HR/Eglantyne/simulation/install/simple_sim:/home/hibiki/Robomech_HR/Eglantyne/simulation/install/ros2_control_demos:/home/hibiki/Robomech_HR/Eglantyne/simulation/install/ros2_control_demo_example_9:/home/hibiki/Robomech_HR/Eglantyne/simulation/install/ros2_control_demo_example_8:/home/hibiki/Robomech_HR/Eglantyne/simulation/install/ros2_control_demo_example_7:/home/hibiki/Robomech_HR/Eglantyne/simulation/install/ros2_control_demo_example_6:/home/hibiki/Robomech_HR/Eglantyne/simulation/install/ros2_control_demo_example_15:/home/hibiki/Robomech_HR/Eglantyne/simulation/install/ros2_control_demo_example_5:/home/hibiki/Robomech_HR/Eglantyne/simulation/install/ros2_control_demo_example_4:/home/hibiki/Robomech_HR/Eglantyne/simulation/install/ros2_control_demo_example_3:/home/hibiki/Robomech_HR/Eglantyne/simulation/install/ros2_control_demo_example_2:/home/hibiki/Robomech_HR/Eglantyne/simulation/install/ros2_control_demo_example_14:/home/hibiki/Robomech_HR/Eglantyne/simulation/install/ros2_control_demo_example_12:/home/hibiki/Robomech_HR/Eglantyne/simulation/install/ros2_control_demo_example_11:/home/hibiki/Robomech_HR/Eglantyne/simulation/install/ros2_control_demo_example_10:/home/hibiki/Robomech_HR/Eglantyne/simulation/install/ros2_control_demo_example_1:/home/hibiki/Robomech_HR/Eglantyne/simulation/install/gazebo_ros2_control_demos:/home/hibiki/Robomech_HR/Eglantyne/simulation/install/champ_teleop:/home/hibiki/Robomech_HR/Eglantyne/simulation/install/champ_navigation:/home/hibiki/Robomech_HR/Eglantyne/simulation/install/champ_gazebo:/home/hibiki/Robomech_HR/Eglantyne/simulation/install/champ_bringup:/home/hibiki/Robomech_HR/Eglantyne/simulation/install/champ_base:/home/hibiki/Robomech_HR/Eglantyne/simulation/install/champ_msgs:/home/hibiki/Robomech_HR/Eglantyne/simulation/install/champ_description:/home/hibiki/Robomech_HR/Eglantyne/simulation/install/champ_config:/home/hibiki/Robomech_HR/Eglantyne/simulation/install/ros2_control_demo_testing:/opt/ros/humble:/home/hibiki/Robomech_HR/Eglantyne/simulation/install/champ:/home/hibiki/Robomech_HR/Eglantyne/microros/ros2_pub_test/install/vel_pub PYTHONPATH=/home/hibiki/Robomech_HR/Eglantyne/simulation/install/ros2_control_demo_testing/lib/python3.10/site-packages:/home/hibiki/Robomech_HR/Eglantyne/simulation/install/simple_sim/lib/python3.10/site-packages:/home/hibiki/Robomech_HR/Eglantyne/simulation/install/champ_bringup/lib/python3.10/site-packages:/home/hibiki/Robomech_HR/Eglantyne/simulation/install/champ_msgs/lib/python3.10/site-packages:/opt/ros/humble/lib/python3.10/site-packages:/opt/ros/humble/local/lib/python3.10/dist-packages /usr/bin/cmake --install /home/hibiki/Robomech_HR/Eglantyne/simulation/build/ros2_control_demo_example_11
[0.995s] Level 1:colcon.colcon_core.environment:create_environment_scripts_only(ros2_control_demo_example_1)
[0.995s] Level 1:colcon.colcon_core.environment:checking '/home/hibiki/Robomech_HR/Eglantyne/simulation/install/ros2_control_demo_example_1' for CMake module files
[0.997s] DEBUG:colcon.colcon_core.event_handler.log_command:Invoking command in '/home/hibiki/Robomech_HR/Eglantyne/simulation/build/ros2_control_demo_example_5': AMENT_PREFIX_PATH=/home/hibiki/Robomech_HR/Eglantyne/simulation/install/ros2_control_demo_testing:/home/hibiki/Robomech_HR/Eglantyne/simulation/install/simple_sim:/home/hibiki/Robomech_HR/Eglantyne/simulation/install/ros2_control_demos:/home/hibiki/Robomech_HR/Eglantyne/simulation/install/ros2_control_demo_example_9:/home/hibiki/Robomech_HR/Eglantyne/simulation/install/ros2_control_demo_example_8:/home/hibiki/Robomech_HR/Eglantyne/simulation/install/ros2_control_demo_example_7:/home/hibiki/Robomech_HR/Eglantyne/simulation/install/ros2_control_demo_example_6:/home/hibiki/Robomech_HR/Eglantyne/simulation/install/ros2_control_demo_example_15:/home/hibiki/Robomech_HR/Eglantyne/simulation/install/ros2_control_demo_example_5:/home/hibiki/Robomech_HR/Eglantyne/simulation/install/ros2_control_demo_example_4:/home/hibiki/Robomech_HR/Eglantyne/simulation/install/ros2_control_demo_example_3:/home/hibiki/Robomech_HR/Eglantyne/simulation/install/ros2_control_demo_example_2:/home/hibiki/Robomech_HR/Eglantyne/simulation/install/ros2_control_demo_example_14:/home/hibiki/Robomech_HR/Eglantyne/simulation/install/ros2_control_demo_example_12:/home/hibiki/Robomech_HR/Eglantyne/simulation/install/ros2_control_demo_example_11:/home/hibiki/Robomech_HR/Eglantyne/simulation/install/ros2_control_demo_example_10:/home/hibiki/Robomech_HR/Eglantyne/simulation/install/ros2_control_demo_example_1:/home/hibiki/Robomech_HR/Eglantyne/simulation/install/ros2_control_demo_description:/home/hibiki/Robomech_HR/Eglantyne/simulation/install/gazebo_ros2_control_demos:/home/hibiki/Robomech_HR/Eglantyne/simulation/install/champ_teleop:/home/hibiki/Robomech_HR/Eglantyne/simulation/install/champ_navigation:/home/hibiki/Robomech_HR/Eglantyne/simulation/install/champ_gazebo:/home/hibiki/Robomech_HR/Eglantyne/simulation/install/champ_bringup:/home/hibiki/Robomech_HR/Eglantyne/simulation/install/champ_base:/home/hibiki/Robomech_HR/Eglantyne/simulation/install/champ_msgs:/home/hibiki/Robomech_HR/Eglantyne/simulation/install/champ_description:/home/hibiki/Robomech_HR/Eglantyne/simulation/install/champ_config:/home/hibiki/Robomech_HR/Eglantyne/simulation/install/champ:/home/hibiki/Robomech_HR/Eglantyne/microros/ros2_pub_test/install/vel_pub:/opt/ros/humble CMAKE_PREFIX_PATH=/home/hibiki/Robomech_HR/Eglantyne/simulation/install/ros2_control_demo_description:/home/hibiki/Robomech_HR/Eglantyne/simulation/install/simple_sim:/home/hibiki/Robomech_HR/Eglantyne/simulation/install/ros2_control_demos:/home/hibiki/Robomech_HR/Eglantyne/simulation/install/ros2_control_demo_example_9:/home/hibiki/Robomech_HR/Eglantyne/simulation/install/ros2_control_demo_example_8:/home/hibiki/Robomech_HR/Eglantyne/simulation/install/ros2_control_demo_example_7:/home/hibiki/Robomech_HR/Eglantyne/simulation/install/ros2_control_demo_example_6:/home/hibiki/Robomech_HR/Eglantyne/simulation/install/ros2_control_demo_example_15:/home/hibiki/Robomech_HR/Eglantyne/simulation/install/ros2_control_demo_example_5:/home/hibiki/Robomech_HR/Eglantyne/simulation/install/ros2_control_demo_example_4:/home/hibiki/Robomech_HR/Eglantyne/simulation/install/ros2_control_demo_example_3:/home/hibiki/Robomech_HR/Eglantyne/simulation/install/ros2_control_demo_example_2:/home/hibiki/Robomech_HR/Eglantyne/simulation/install/ros2_control_demo_example_14:/home/hibiki/Robomech_HR/Eglantyne/simulation/install/ros2_control_demo_example_12:/home/hibiki/Robomech_HR/Eglantyne/simulation/install/ros2_control_demo_example_11:/home/hibiki/Robomech_HR/Eglantyne/simulation/install/ros2_control_demo_example_10:/home/hibiki/Robomech_HR/Eglantyne/simulation/install/ros2_control_demo_example_1:/home/hibiki/Robomech_HR/Eglantyne/simulation/install/gazebo_ros2_control_demos:/home/hibiki/Robomech_HR/Eglantyne/simulation/install/champ_teleop:/home/hibiki/Robomech_HR/Eglantyne/simulation/install/champ_navigation:/home/hibiki/Robomech_HR/Eglantyne/simulation/install/champ_gazebo:/home/hibiki/Robomech_HR/Eglantyne/simulation/install/champ_bringup:/home/hibiki/Robomech_HR/Eglantyne/simulation/install/champ_base:/home/hibiki/Robomech_HR/Eglantyne/simulation/install/champ_msgs:/home/hibiki/Robomech_HR/Eglantyne/simulation/install/champ_description:/home/hibiki/Robomech_HR/Eglantyne/simulation/install/champ_config:/home/hibiki/Robomech_HR/Eglantyne/simulation/install/ros2_control_demo_testing:/opt/ros/humble:/home/hibiki/Robomech_HR/Eglantyne/simulation/install/champ:/home/hibiki/Robomech_HR/Eglantyne/microros/ros2_pub_test/install/vel_pub PYTHONPATH=/home/hibiki/Robomech_HR/Eglantyne/simulation/install/ros2_control_demo_testing/lib/python3.10/site-packages:/home/hibiki/Robomech_HR/Eglantyne/simulation/install/simple_sim/lib/python3.10/site-packages:/home/hibiki/Robomech_HR/Eglantyne/simulation/install/champ_bringup/lib/python3.10/site-packages:/home/hibiki/Robomech_HR/Eglantyne/simulation/install/champ_msgs/lib/python3.10/site-packages:/opt/ros/humble/lib/python3.10/site-packages:/opt/ros/humble/local/lib/python3.10/dist-packages /usr/bin/cmake --install /home/hibiki/Robomech_HR/Eglantyne/simulation/build/ros2_control_demo_example_5
[0.998s] DEBUG:colcon.colcon_core.event_handler.log_command:Invoking command in '/home/hibiki/Robomech_HR/Eglantyne/simulation/build/ros2_control_demo_example_2': AMENT_PREFIX_PATH=/home/hibiki/Robomech_HR/Eglantyne/simulation/install/ros2_control_demo_testing:/home/hibiki/Robomech_HR/Eglantyne/simulation/install/simple_sim:/home/hibiki/Robomech_HR/Eglantyne/simulation/install/ros2_control_demos:/home/hibiki/Robomech_HR/Eglantyne/simulation/install/ros2_control_demo_example_9:/home/hibiki/Robomech_HR/Eglantyne/simulation/install/ros2_control_demo_example_8:/home/hibiki/Robomech_HR/Eglantyne/simulation/install/ros2_control_demo_example_7:/home/hibiki/Robomech_HR/Eglantyne/simulation/install/ros2_control_demo_example_6:/home/hibiki/Robomech_HR/Eglantyne/simulation/install/ros2_control_demo_example_15:/home/hibiki/Robomech_HR/Eglantyne/simulation/install/ros2_control_demo_example_5:/home/hibiki/Robomech_HR/Eglantyne/simulation/install/ros2_control_demo_example_4:/home/hibiki/Robomech_HR/Eglantyne/simulation/install/ros2_control_demo_example_3:/home/hibiki/Robomech_HR/Eglantyne/simulation/install/ros2_control_demo_example_2:/home/hibiki/Robomech_HR/Eglantyne/simulation/install/ros2_control_demo_example_14:/home/hibiki/Robomech_HR/Eglantyne/simulation/install/ros2_control_demo_example_12:/home/hibiki/Robomech_HR/Eglantyne/simulation/install/ros2_control_demo_example_11:/home/hibiki/Robomech_HR/Eglantyne/simulation/install/ros2_control_demo_example_10:/home/hibiki/Robomech_HR/Eglantyne/simulation/install/ros2_control_demo_example_1:/home/hibiki/Robomech_HR/Eglantyne/simulation/install/ros2_control_demo_description:/home/hibiki/Robomech_HR/Eglantyne/simulation/install/gazebo_ros2_control_demos:/home/hibiki/Robomech_HR/Eglantyne/simulation/install/champ_teleop:/home/hibiki/Robomech_HR/Eglantyne/simulation/install/champ_navigation:/home/hibiki/Robomech_HR/Eglantyne/simulation/install/champ_gazebo:/home/hibiki/Robomech_HR/Eglantyne/simulation/install/champ_bringup:/home/hibiki/Robomech_HR/Eglantyne/simulation/install/champ_base:/home/hibiki/Robomech_HR/Eglantyne/simulation/install/champ_msgs:/home/hibiki/Robomech_HR/Eglantyne/simulation/install/champ_description:/home/hibiki/Robomech_HR/Eglantyne/simulation/install/champ_config:/home/hibiki/Robomech_HR/Eglantyne/simulation/install/champ:/home/hibiki/Robomech_HR/Eglantyne/microros/ros2_pub_test/install/vel_pub:/opt/ros/humble CMAKE_PREFIX_PATH=/home/hibiki/Robomech_HR/Eglantyne/simulation/install/ros2_control_demo_description:/home/hibiki/Robomech_HR/Eglantyne/simulation/install/simple_sim:/home/hibiki/Robomech_HR/Eglantyne/simulation/install/ros2_control_demos:/home/hibiki/Robomech_HR/Eglantyne/simulation/install/ros2_control_demo_example_9:/home/hibiki/Robomech_HR/Eglantyne/simulation/install/ros2_control_demo_example_8:/home/hibiki/Robomech_HR/Eglantyne/simulation/install/ros2_control_demo_example_7:/home/hibiki/Robomech_HR/Eglantyne/simulation/install/ros2_control_demo_example_6:/home/hibiki/Robomech_HR/Eglantyne/simulation/install/ros2_control_demo_example_15:/home/hibiki/Robomech_HR/Eglantyne/simulation/install/ros2_control_demo_example_5:/home/hibiki/Robomech_HR/Eglantyne/simulation/install/ros2_control_demo_example_4:/home/hibiki/Robomech_HR/Eglantyne/simulation/install/ros2_control_demo_example_3:/home/hibiki/Robomech_HR/Eglantyne/simulation/install/ros2_control_demo_example_2:/home/hibiki/Robomech_HR/Eglantyne/simulation/install/ros2_control_demo_example_14:/home/hibiki/Robomech_HR/Eglantyne/simulation/install/ros2_control_demo_example_12:/home/hibiki/Robomech_HR/Eglantyne/simulation/install/ros2_control_demo_example_11:/home/hibiki/Robomech_HR/Eglantyne/simulation/install/ros2_control_demo_example_10:/home/hibiki/Robomech_HR/Eglantyne/simulation/install/ros2_control_demo_example_1:/home/hibiki/Robomech_HR/Eglantyne/simulation/install/gazebo_ros2_control_demos:/home/hibiki/Robomech_HR/Eglantyne/simulation/install/champ_teleop:/home/hibiki/Robomech_HR/Eglantyne/simulation/install/champ_navigation:/home/hibiki/Robomech_HR/Eglantyne/simulation/install/champ_gazebo:/home/hibiki/Robomech_HR/Eglantyne/simulation/install/champ_bringup:/home/hibiki/Robomech_HR/Eglantyne/simulation/install/champ_base:/home/hibiki/Robomech_HR/Eglantyne/simulation/install/champ_msgs:/home/hibiki/Robomech_HR/Eglantyne/simulation/install/champ_description:/home/hibiki/Robomech_HR/Eglantyne/simulation/install/champ_config:/home/hibiki/Robomech_HR/Eglantyne/simulation/install/ros2_control_demo_testing:/opt/ros/humble:/home/hibiki/Robomech_HR/Eglantyne/simulation/install/champ:/home/hibiki/Robomech_HR/Eglantyne/microros/ros2_pub_test/install/vel_pub PYTHONPATH=/home/hibiki/Robomech_HR/Eglantyne/simulation/install/ros2_control_demo_testing/lib/python3.10/site-packages:/home/hibiki/Robomech_HR/Eglantyne/simulation/install/simple_sim/lib/python3.10/site-packages:/home/hibiki/Robomech_HR/Eglantyne/simulation/install/champ_bringup/lib/python3.10/site-packages:/home/hibiki/Robomech_HR/Eglantyne/simulation/install/champ_msgs/lib/python3.10/site-packages:/opt/ros/humble/lib/python3.10/site-packages:/opt/ros/humble/local/lib/python3.10/dist-packages /usr/bin/cmake --install /home/hibiki/Robomech_HR/Eglantyne/simulation/build/ros2_control_demo_example_2
[0.998s] Level 1:colcon.colcon_core.environment:checking '/home/hibiki/Robomech_HR/Eglantyne/simulation/install/ros2_control_demo_example_1' for CMake config files
[0.998s] DEBUG:colcon.colcon_core.event_handler.log_command:Invoking command in '/home/hibiki/Robomech_HR/Eglantyne/simulation/build/ros2_control_demo_example_3': AMENT_PREFIX_PATH=/home/hibiki/Robomech_HR/Eglantyne/simulation/install/ros2_control_demo_testing:/home/hibiki/Robomech_HR/Eglantyne/simulation/install/simple_sim:/home/hibiki/Robomech_HR/Eglantyne/simulation/install/ros2_control_demos:/home/hibiki/Robomech_HR/Eglantyne/simulation/install/ros2_control_demo_example_9:/home/hibiki/Robomech_HR/Eglantyne/simulation/install/ros2_control_demo_example_8:/home/hibiki/Robomech_HR/Eglantyne/simulation/install/ros2_control_demo_example_7:/home/hibiki/Robomech_HR/Eglantyne/simulation/install/ros2_control_demo_example_6:/home/hibiki/Robomech_HR/Eglantyne/simulation/install/ros2_control_demo_example_15:/home/hibiki/Robomech_HR/Eglantyne/simulation/install/ros2_control_demo_example_5:/home/hibiki/Robomech_HR/Eglantyne/simulation/install/ros2_control_demo_example_4:/home/hibiki/Robomech_HR/Eglantyne/simulation/install/ros2_control_demo_example_3:/home/hibiki/Robomech_HR/Eglantyne/simulation/install/ros2_control_demo_example_2:/home/hibiki/Robomech_HR/Eglantyne/simulation/install/ros2_control_demo_example_14:/home/hibiki/Robomech_HR/Eglantyne/simulation/install/ros2_control_demo_example_12:/home/hibiki/Robomech_HR/Eglantyne/simulation/install/ros2_control_demo_example_11:/home/hibiki/Robomech_HR/Eglantyne/simulation/install/ros2_control_demo_example_10:/home/hibiki/Robomech_HR/Eglantyne/simulation/install/ros2_control_demo_example_1:/home/hibiki/Robomech_HR/Eglantyne/simulation/install/ros2_control_demo_description:/home/hibiki/Robomech_HR/Eglantyne/simulation/install/gazebo_ros2_control_demos:/home/hibiki/Robomech_HR/Eglantyne/simulation/install/champ_teleop:/home/hibiki/Robomech_HR/Eglantyne/simulation/install/champ_navigation:/home/hibiki/Robomech_HR/Eglantyne/simulation/install/champ_gazebo:/home/hibiki/Robomech_HR/Eglantyne/simulation/install/champ_bringup:/home/hibiki/Robomech_HR/Eglantyne/simulation/install/champ_base:/home/hibiki/Robomech_HR/Eglantyne/simulation/install/champ_msgs:/home/hibiki/Robomech_HR/Eglantyne/simulation/install/champ_description:/home/hibiki/Robomech_HR/Eglantyne/simulation/install/champ_config:/home/hibiki/Robomech_HR/Eglantyne/simulation/install/champ:/home/hibiki/Robomech_HR/Eglantyne/microros/ros2_pub_test/install/vel_pub:/opt/ros/humble CMAKE_PREFIX_PATH=/home/hibiki/Robomech_HR/Eglantyne/simulation/install/ros2_control_demo_description:/home/hibiki/Robomech_HR/Eglantyne/simulation/install/simple_sim:/home/hibiki/Robomech_HR/Eglantyne/simulation/install/ros2_control_demos:/home/hibiki/Robomech_HR/Eglantyne/simulation/install/ros2_control_demo_example_9:/home/hibiki/Robomech_HR/Eglantyne/simulation/install/ros2_control_demo_example_8:/home/hibiki/Robomech_HR/Eglantyne/simulation/install/ros2_control_demo_example_7:/home/hibiki/Robomech_HR/Eglantyne/simulation/install/ros2_control_demo_example_6:/home/hibiki/Robomech_HR/Eglantyne/simulation/install/ros2_control_demo_example_15:/home/hibiki/Robomech_HR/Eglantyne/simulation/install/ros2_control_demo_example_5:/home/hibiki/Robomech_HR/Eglantyne/simulation/install/ros2_control_demo_example_4:/home/hibiki/Robomech_HR/Eglantyne/simulation/install/ros2_control_demo_example_3:/home/hibiki/Robomech_HR/Eglantyne/simulation/install/ros2_control_demo_example_2:/home/hibiki/Robomech_HR/Eglantyne/simulation/install/ros2_control_demo_example_14:/home/hibiki/Robomech_HR/Eglantyne/simulation/install/ros2_control_demo_example_12:/home/hibiki/Robomech_HR/Eglantyne/simulation/install/ros2_control_demo_example_11:/home/hibiki/Robomech_HR/Eglantyne/simulation/install/ros2_control_demo_example_10:/home/hibiki/Robomech_HR/Eglantyne/simulation/install/ros2_control_demo_example_1:/home/hibiki/Robomech_HR/Eglantyne/simulation/install/gazebo_ros2_control_demos:/home/hibiki/Robomech_HR/Eglantyne/simulation/install/champ_teleop:/home/hibiki/Robomech_HR/Eglantyne/simulation/install/champ_navigation:/home/hibiki/Robomech_HR/Eglantyne/simulation/install/champ_gazebo:/home/hibiki/Robomech_HR/Eglantyne/simulation/install/champ_bringup:/home/hibiki/Robomech_HR/Eglantyne/simulation/install/champ_base:/home/hibiki/Robomech_HR/Eglantyne/simulation/install/champ_msgs:/home/hibiki/Robomech_HR/Eglantyne/simulation/install/champ_description:/home/hibiki/Robomech_HR/Eglantyne/simulation/install/champ_config:/home/hibiki/Robomech_HR/Eglantyne/simulation/install/ros2_control_demo_testing:/opt/ros/humble:/home/hibiki/Robomech_HR/Eglantyne/simulation/install/champ:/home/hibiki/Robomech_HR/Eglantyne/microros/ros2_pub_test/install/vel_pub PYTHONPATH=/home/hibiki/Robomech_HR/Eglantyne/simulation/install/ros2_control_demo_testing/lib/python3.10/site-packages:/home/hibiki/Robomech_HR/Eglantyne/simulation/install/simple_sim/lib/python3.10/site-packages:/home/hibiki/Robomech_HR/Eglantyne/simulation/install/champ_bringup/lib/python3.10/site-packages:/home/hibiki/Robomech_HR/Eglantyne/simulation/install/champ_msgs/lib/python3.10/site-packages:/opt/ros/humble/lib/python3.10/site-packages:/opt/ros/humble/local/lib/python3.10/dist-packages /usr/bin/cmake --install /home/hibiki/Robomech_HR/Eglantyne/simulation/build/ros2_control_demo_example_3
[0.998s] DEBUG:colcon.colcon_core.event_handler.log_command:Invoking command in '/home/hibiki/Robomech_HR/Eglantyne/simulation/build/ros2_control_demo_example_14': AMENT_PREFIX_PATH=/home/hibiki/Robomech_HR/Eglantyne/simulation/install/ros2_control_demo_testing:/home/hibiki/Robomech_HR/Eglantyne/simulation/install/simple_sim:/home/hibiki/Robomech_HR/Eglantyne/simulation/install/ros2_control_demos:/home/hibiki/Robomech_HR/Eglantyne/simulation/install/ros2_control_demo_example_9:/home/hibiki/Robomech_HR/Eglantyne/simulation/install/ros2_control_demo_example_8:/home/hibiki/Robomech_HR/Eglantyne/simulation/install/ros2_control_demo_example_7:/home/hibiki/Robomech_HR/Eglantyne/simulation/install/ros2_control_demo_example_6:/home/hibiki/Robomech_HR/Eglantyne/simulation/install/ros2_control_demo_example_15:/home/hibiki/Robomech_HR/Eglantyne/simulation/install/ros2_control_demo_example_5:/home/hibiki/Robomech_HR/Eglantyne/simulation/install/ros2_control_demo_example_4:/home/hibiki/Robomech_HR/Eglantyne/simulation/install/ros2_control_demo_example_3:/home/hibiki/Robomech_HR/Eglantyne/simulation/install/ros2_control_demo_example_2:/home/hibiki/Robomech_HR/Eglantyne/simulation/install/ros2_control_demo_example_14:/home/hibiki/Robomech_HR/Eglantyne/simulation/install/ros2_control_demo_example_12:/home/hibiki/Robomech_HR/Eglantyne/simulation/install/ros2_control_demo_example_11:/home/hibiki/Robomech_HR/Eglantyne/simulation/install/ros2_control_demo_example_10:/home/hibiki/Robomech_HR/Eglantyne/simulation/install/ros2_control_demo_example_1:/home/hibiki/Robomech_HR/Eglantyne/simulation/install/ros2_control_demo_description:/home/hibiki/Robomech_HR/Eglantyne/simulation/install/gazebo_ros2_control_demos:/home/hibiki/Robomech_HR/Eglantyne/simulation/install/champ_teleop:/home/hibiki/Robomech_HR/Eglantyne/simulation/install/champ_navigation:/home/hibiki/Robomech_HR/Eglantyne/simulation/install/champ_gazebo:/home/hibiki/Robomech_HR/Eglantyne/simulation/install/champ_bringup:/home/hibiki/Robomech_HR/Eglantyne/simulation/install/champ_base:/home/hibiki/Robomech_HR/Eglantyne/simulation/install/champ_msgs:/home/hibiki/Robomech_HR/Eglantyne/simulation/install/champ_description:/home/hibiki/Robomech_HR/Eglantyne/simulation/install/champ_config:/home/hibiki/Robomech_HR/Eglantyne/simulation/install/champ:/home/hibiki/Robomech_HR/Eglantyne/microros/ros2_pub_test/install/vel_pub:/opt/ros/humble CMAKE_PREFIX_PATH=/home/hibiki/Robomech_HR/Eglantyne/simulation/install/ros2_control_demo_description:/home/hibiki/Robomech_HR/Eglantyne/simulation/install/simple_sim:/home/hibiki/Robomech_HR/Eglantyne/simulation/install/ros2_control_demos:/home/hibiki/Robomech_HR/Eglantyne/simulation/install/ros2_control_demo_example_9:/home/hibiki/Robomech_HR/Eglantyne/simulation/install/ros2_control_demo_example_8:/home/hibiki/Robomech_HR/Eglantyne/simulation/install/ros2_control_demo_example_7:/home/hibiki/Robomech_HR/Eglantyne/simulation/install/ros2_control_demo_example_6:/home/hibiki/Robomech_HR/Eglantyne/simulation/install/ros2_control_demo_example_15:/home/hibiki/Robomech_HR/Eglantyne/simulation/install/ros2_control_demo_example_5:/home/hibiki/Robomech_HR/Eglantyne/simulation/install/ros2_control_demo_example_4:/home/hibiki/Robomech_HR/Eglantyne/simulation/install/ros2_control_demo_example_3:/home/hibiki/Robomech_HR/Eglantyne/simulation/install/ros2_control_demo_example_2:/home/hibiki/Robomech_HR/Eglantyne/simulation/install/ros2_control_demo_example_14:/home/hibiki/Robomech_HR/Eglantyne/simulation/install/ros2_control_demo_example_12:/home/hibiki/Robomech_HR/Eglantyne/simulation/install/ros2_control_demo_example_11:/home/hibiki/Robomech_HR/Eglantyne/simulation/install/ros2_control_demo_example_10:/home/hibiki/Robomech_HR/Eglantyne/simulation/install/ros2_control_demo_example_1:/home/hibiki/Robomech_HR/Eglantyne/simulation/install/gazebo_ros2_control_demos:/home/hibiki/Robomech_HR/Eglantyne/simulation/install/champ_teleop:/home/hibiki/Robomech_HR/Eglantyne/simulation/install/champ_navigation:/home/hibiki/Robomech_HR/Eglantyne/simulation/install/champ_gazebo:/home/hibiki/Robomech_HR/Eglantyne/simulation/install/champ_bringup:/home/hibiki/Robomech_HR/Eglantyne/simulation/install/champ_base:/home/hibiki/Robomech_HR/Eglantyne/simulation/install/champ_msgs:/home/hibiki/Robomech_HR/Eglantyne/simulation/install/champ_description:/home/hibiki/Robomech_HR/Eglantyne/simulation/install/champ_config:/home/hibiki/Robomech_HR/Eglantyne/simulation/install/ros2_control_demo_testing:/opt/ros/humble:/home/hibiki/Robomech_HR/Eglantyne/simulation/install/champ:/home/hibiki/Robomech_HR/Eglantyne/microros/ros2_pub_test/install/vel_pub PYTHONPATH=/home/hibiki/Robomech_HR/Eglantyne/simulation/install/ros2_control_demo_testing/lib/python3.10/site-packages:/home/hibiki/Robomech_HR/Eglantyne/simulation/install/simple_sim/lib/python3.10/site-packages:/home/hibiki/Robomech_HR/Eglantyne/simulation/install/champ_bringup/lib/python3.10/site-packages:/home/hibiki/Robomech_HR/Eglantyne/simulation/install/champ_msgs/lib/python3.10/site-packages:/opt/ros/humble/lib/python3.10/site-packages:/opt/ros/humble/local/lib/python3.10/dist-packages /usr/bin/cmake --install /home/hibiki/Robomech_HR/Eglantyne/simulation/build/ros2_control_demo_example_14
[0.999s] DEBUG:colcon.colcon_core.event_handler.log_command:Invoked command in '/home/hibiki/Robomech_HR/Eglantyne/simulation/build/ros2_control_demo_example_1' returned '0': AMENT_PREFIX_PATH=/home/hibiki/Robomech_HR/Eglantyne/simulation/install/ros2_control_demo_testing:/home/hibiki/Robomech_HR/Eglantyne/simulation/install/simple_sim:/home/hibiki/Robomech_HR/Eglantyne/simulation/install/ros2_control_demos:/home/hibiki/Robomech_HR/Eglantyne/simulation/install/ros2_control_demo_example_9:/home/hibiki/Robomech_HR/Eglantyne/simulation/install/ros2_control_demo_example_8:/home/hibiki/Robomech_HR/Eglantyne/simulation/install/ros2_control_demo_example_7:/home/hibiki/Robomech_HR/Eglantyne/simulation/install/ros2_control_demo_example_6:/home/hibiki/Robomech_HR/Eglantyne/simulation/install/ros2_control_demo_example_15:/home/hibiki/Robomech_HR/Eglantyne/simulation/install/ros2_control_demo_example_5:/home/hibiki/Robomech_HR/Eglantyne/simulation/install/ros2_control_demo_example_4:/home/hibiki/Robomech_HR/Eglantyne/simulation/install/ros2_control_demo_example_3:/home/hibiki/Robomech_HR/Eglantyne/simulation/install/ros2_control_demo_example_2:/home/hibiki/Robomech_HR/Eglantyne/simulation/install/ros2_control_demo_example_14:/home/hibiki/Robomech_HR/Eglantyne/simulation/install/ros2_control_demo_example_12:/home/hibiki/Robomech_HR/Eglantyne/simulation/install/ros2_control_demo_example_11:/home/hibiki/Robomech_HR/Eglantyne/simulation/install/ros2_control_demo_example_10:/home/hibiki/Robomech_HR/Eglantyne/simulation/install/ros2_control_demo_example_1:/home/hibiki/Robomech_HR/Eglantyne/simulation/install/ros2_control_demo_description:/home/hibiki/Robomech_HR/Eglantyne/simulation/install/gazebo_ros2_control_demos:/home/hibiki/Robomech_HR/Eglantyne/simulation/install/champ_teleop:/home/hibiki/Robomech_HR/Eglantyne/simulation/install/champ_navigation:/home/hibiki/Robomech_HR/Eglantyne/simulation/install/champ_gazebo:/home/hibiki/Robomech_HR/Eglantyne/simulation/install/champ_bringup:/home/hibiki/Robomech_HR/Eglantyne/simulation/install/champ_base:/home/hibiki/Robomech_HR/Eglantyne/simulation/install/champ_msgs:/home/hibiki/Robomech_HR/Eglantyne/simulation/install/champ_description:/home/hibiki/Robomech_HR/Eglantyne/simulation/install/champ_config:/home/hibiki/Robomech_HR/Eglantyne/simulation/install/champ:/home/hibiki/Robomech_HR/Eglantyne/microros/ros2_pub_test/install/vel_pub:/opt/ros/humble CMAKE_PREFIX_PATH=/home/hibiki/Robomech_HR/Eglantyne/simulation/install/ros2_control_demo_description:/home/hibiki/Robomech_HR/Eglantyne/simulation/install/simple_sim:/home/hibiki/Robomech_HR/Eglantyne/simulation/install/ros2_control_demos:/home/hibiki/Robomech_HR/Eglantyne/simulation/install/ros2_control_demo_example_9:/home/hibiki/Robomech_HR/Eglantyne/simulation/install/ros2_control_demo_example_8:/home/hibiki/Robomech_HR/Eglantyne/simulation/install/ros2_control_demo_example_7:/home/hibiki/Robomech_HR/Eglantyne/simulation/install/ros2_control_demo_example_6:/home/hibiki/Robomech_HR/Eglantyne/simulation/install/ros2_control_demo_example_15:/home/hibiki/Robomech_HR/Eglantyne/simulation/install/ros2_control_demo_example_5:/home/hibiki/Robomech_HR/Eglantyne/simulation/install/ros2_control_demo_example_4:/home/hibiki/Robomech_HR/Eglantyne/simulation/install/ros2_control_demo_example_3:/home/hibiki/Robomech_HR/Eglantyne/simulation/install/ros2_control_demo_example_2:/home/hibiki/Robomech_HR/Eglantyne/simulation/install/ros2_control_demo_example_14:/home/hibiki/Robomech_HR/Eglantyne/simulation/install/ros2_control_demo_example_12:/home/hibiki/Robomech_HR/Eglantyne/simulation/install/ros2_control_demo_example_11:/home/hibiki/Robomech_HR/Eglantyne/simulation/install/ros2_control_demo_example_10:/home/hibiki/Robomech_HR/Eglantyne/simulation/install/ros2_control_demo_example_1:/home/hibiki/Robomech_HR/Eglantyne/simulation/install/gazebo_ros2_control_demos:/home/hibiki/Robomech_HR/Eglantyne/simulation/install/champ_teleop:/home/hibiki/Robomech_HR/Eglantyne/simulation/install/champ_navigation:/home/hibiki/Robomech_HR/Eglantyne/simulation/install/champ_gazebo:/home/hibiki/Robomech_HR/Eglantyne/simulation/install/champ_bringup:/home/hibiki/Robomech_HR/Eglantyne/simulation/install/champ_base:/home/hibiki/Robomech_HR/Eglantyne/simulation/install/champ_msgs:/home/hibiki/Robomech_HR/Eglantyne/simulation/install/champ_description:/home/hibiki/Robomech_HR/Eglantyne/simulation/install/champ_config:/home/hibiki/Robomech_HR/Eglantyne/simulation/install/ros2_control_demo_testing:/opt/ros/humble:/home/hibiki/Robomech_HR/Eglantyne/simulation/install/champ:/home/hibiki/Robomech_HR/Eglantyne/microros/ros2_pub_test/install/vel_pub PYTHONPATH=/home/hibiki/Robomech_HR/Eglantyne/simulation/install/ros2_control_demo_testing/lib/python3.10/site-packages:/home/hibiki/Robomech_HR/Eglantyne/simulation/install/simple_sim/lib/python3.10/site-packages:/home/hibiki/Robomech_HR/Eglantyne/simulation/install/champ_bringup/lib/python3.10/site-packages:/home/hibiki/Robomech_HR/Eglantyne/simulation/install/champ_msgs/lib/python3.10/site-packages:/opt/ros/humble/lib/python3.10/site-packages:/opt/ros/humble/local/lib/python3.10/dist-packages /usr/bin/cmake --install /home/hibiki/Robomech_HR/Eglantyne/simulation/build/ros2_control_demo_example_1
[1.002s] Level 1:colcon.colcon_core.shell:create_environment_hook('ros2_control_demo_example_1', 'cmake_prefix_path')
[1.002s] INFO:colcon.colcon_core.shell:Creating environment hook '/home/hibiki/Robomech_HR/Eglantyne/simulation/install/ros2_control_demo_example_1/share/ros2_control_demo_example_1/hook/cmake_prefix_path.ps1'
[1.002s] INFO:colcon.colcon_core.shell:Creating environment descriptor '/home/hibiki/Robomech_HR/Eglantyne/simulation/install/ros2_control_demo_example_1/share/ros2_control_demo_example_1/hook/cmake_prefix_path.dsv'
[1.003s] INFO:colcon.colcon_core.shell:Creating environment hook '/home/hibiki/Robomech_HR/Eglantyne/simulation/install/ros2_control_demo_example_1/share/ros2_control_demo_example_1/hook/cmake_prefix_path.sh'
[1.003s] Level 1:colcon.colcon_core.environment:checking '/home/hibiki/Robomech_HR/Eglantyne/simulation/install/ros2_control_demo_example_1/lib'
[1.003s] Level 1:colcon.colcon_core.shell:create_environment_hook('ros2_control_demo_example_1', 'ld_library_path_lib')
[1.003s] INFO:colcon.colcon_core.shell:Creating environment hook '/home/hibiki/Robomech_HR/Eglantyne/simulation/install/ros2_control_demo_example_1/share/ros2_control_demo_example_1/hook/ld_library_path_lib.ps1'
[1.003s] INFO:colcon.colcon_core.shell:Creating environment descriptor '/home/hibiki/Robomech_HR/Eglantyne/simulation/install/ros2_control_demo_example_1/share/ros2_control_demo_example_1/hook/ld_library_path_lib.dsv'
[1.003s] INFO:colcon.colcon_core.shell:Creating environment hook '/home/hibiki/Robomech_HR/Eglantyne/simulation/install/ros2_control_demo_example_1/share/ros2_control_demo_example_1/hook/ld_library_path_lib.sh'
[1.003s] Level 1:colcon.colcon_core.environment:checking '/home/hibiki/Robomech_HR/Eglantyne/simulation/install/ros2_control_demo_example_1/bin'
[1.004s] Level 1:colcon.colcon_core.environment:checking '/home/hibiki/Robomech_HR/Eglantyne/simulation/install/ros2_control_demo_example_1/lib/pkgconfig/ros2_control_demo_example_1.pc'
[1.004s] Level 1:colcon.colcon_core.environment:checking '/home/hibiki/Robomech_HR/Eglantyne/simulation/install/ros2_control_demo_example_1/lib/python3.10/site-packages'
[1.004s] Level 1:colcon.colcon_core.environment:checking '/home/hibiki/Robomech_HR/Eglantyne/simulation/install/ros2_control_demo_example_1/bin'
[1.004s] INFO:colcon.colcon_core.shell:Creating package script '/home/hibiki/Robomech_HR/Eglantyne/simulation/install/ros2_control_demo_example_1/share/ros2_control_demo_example_1/package.ps1'
[1.004s] INFO:colcon.colcon_core.shell:Creating package descriptor '/home/hibiki/Robomech_HR/Eglantyne/simulation/install/ros2_control_demo_example_1/share/ros2_control_demo_example_1/package.dsv'
[1.004s] INFO:colcon.colcon_core.shell:Creating package script '/home/hibiki/Robomech_HR/Eglantyne/simulation/install/ros2_control_demo_example_1/share/ros2_control_demo_example_1/package.sh'
[1.005s] INFO:colcon.colcon_core.shell:Creating package script '/home/hibiki/Robomech_HR/Eglantyne/simulation/install/ros2_control_demo_example_1/share/ros2_control_demo_example_1/package.bash'
[1.005s] INFO:colcon.colcon_core.shell:Creating package script '/home/hibiki/Robomech_HR/Eglantyne/simulation/install/ros2_control_demo_example_1/share/ros2_control_demo_example_1/package.zsh'
[1.005s] Level 1:colcon.colcon_core.environment:create_file_with_runtime_dependencies(/home/hibiki/Robomech_HR/Eglantyne/simulation/install/ros2_control_demo_example_1/share/colcon-core/packages/ros2_control_demo_example_1)
[1.007s] DEBUG:colcon.colcon_core.event_handler.log_command:Invoked command in '/home/hibiki/Robomech_HR/Eglantyne/simulation/build/ros2_control_demo_example_9' returned '0': AMENT_PREFIX_PATH=/home/hibiki/Robomech_HR/Eglantyne/simulation/install/ros2_control_demo_testing:/home/hibiki/Robomech_HR/Eglantyne/simulation/install/simple_sim:/home/hibiki/Robomech_HR/Eglantyne/simulation/install/ros2_control_demos:/home/hibiki/Robomech_HR/Eglantyne/simulation/install/ros2_control_demo_example_9:/home/hibiki/Robomech_HR/Eglantyne/simulation/install/ros2_control_demo_example_8:/home/hibiki/Robomech_HR/Eglantyne/simulation/install/ros2_control_demo_example_7:/home/hibiki/Robomech_HR/Eglantyne/simulation/install/ros2_control_demo_example_6:/home/hibiki/Robomech_HR/Eglantyne/simulation/install/ros2_control_demo_example_15:/home/hibiki/Robomech_HR/Eglantyne/simulation/install/ros2_control_demo_example_5:/home/hibiki/Robomech_HR/Eglantyne/simulation/install/ros2_control_demo_example_4:/home/hibiki/Robomech_HR/Eglantyne/simulation/install/ros2_control_demo_example_3:/home/hibiki/Robomech_HR/Eglantyne/simulation/install/ros2_control_demo_example_2:/home/hibiki/Robomech_HR/Eglantyne/simulation/install/ros2_control_demo_example_14:/home/hibiki/Robomech_HR/Eglantyne/simulation/install/ros2_control_demo_example_12:/home/hibiki/Robomech_HR/Eglantyne/simulation/install/ros2_control_demo_example_11:/home/hibiki/Robomech_HR/Eglantyne/simulation/install/ros2_control_demo_example_10:/home/hibiki/Robomech_HR/Eglantyne/simulation/install/ros2_control_demo_example_1:/home/hibiki/Robomech_HR/Eglantyne/simulation/install/ros2_control_demo_description:/home/hibiki/Robomech_HR/Eglantyne/simulation/install/gazebo_ros2_control_demos:/home/hibiki/Robomech_HR/Eglantyne/simulation/install/champ_teleop:/home/hibiki/Robomech_HR/Eglantyne/simulation/install/champ_navigation:/home/hibiki/Robomech_HR/Eglantyne/simulation/install/champ_gazebo:/home/hibiki/Robomech_HR/Eglantyne/simulation/install/champ_bringup:/home/hibiki/Robomech_HR/Eglantyne/simulation/install/champ_base:/home/hibiki/Robomech_HR/Eglantyne/simulation/install/champ_msgs:/home/hibiki/Robomech_HR/Eglantyne/simulation/install/champ_description:/home/hibiki/Robomech_HR/Eglantyne/simulation/install/champ_config:/home/hibiki/Robomech_HR/Eglantyne/simulation/install/champ:/home/hibiki/Robomech_HR/Eglantyne/microros/ros2_pub_test/install/vel_pub:/opt/ros/humble CMAKE_PREFIX_PATH=/home/hibiki/Robomech_HR/Eglantyne/simulation/install/ros2_control_demo_description:/home/hibiki/Robomech_HR/Eglantyne/simulation/install/simple_sim:/home/hibiki/Robomech_HR/Eglantyne/simulation/install/ros2_control_demos:/home/hibiki/Robomech_HR/Eglantyne/simulation/install/ros2_control_demo_example_9:/home/hibiki/Robomech_HR/Eglantyne/simulation/install/ros2_control_demo_example_8:/home/hibiki/Robomech_HR/Eglantyne/simulation/install/ros2_control_demo_example_7:/home/hibiki/Robomech_HR/Eglantyne/simulation/install/ros2_control_demo_example_6:/home/hibiki/Robomech_HR/Eglantyne/simulation/install/ros2_control_demo_example_15:/home/hibiki/Robomech_HR/Eglantyne/simulation/install/ros2_control_demo_example_5:/home/hibiki/Robomech_HR/Eglantyne/simulation/install/ros2_control_demo_example_4:/home/hibiki/Robomech_HR/Eglantyne/simulation/install/ros2_control_demo_example_3:/home/hibiki/Robomech_HR/Eglantyne/simulation/install/ros2_control_demo_example_2:/home/hibiki/Robomech_HR/Eglantyne/simulation/install/ros2_control_demo_example_14:/home/hibiki/Robomech_HR/Eglantyne/simulation/install/ros2_control_demo_example_12:/home/hibiki/Robomech_HR/Eglantyne/simulation/install/ros2_control_demo_example_11:/home/hibiki/Robomech_HR/Eglantyne/simulation/install/ros2_control_demo_example_10:/home/hibiki/Robomech_HR/Eglantyne/simulation/install/ros2_control_demo_example_1:/home/hibiki/Robomech_HR/Eglantyne/simulation/install/gazebo_ros2_control_demos:/home/hibiki/Robomech_HR/Eglantyne/simulation/install/champ_teleop:/home/hibiki/Robomech_HR/Eglantyne/simulation/install/champ_navigation:/home/hibiki/Robomech_HR/Eglantyne/simulation/install/champ_gazebo:/home/hibiki/Robomech_HR/Eglantyne/simulation/install/champ_bringup:/home/hibiki/Robomech_HR/Eglantyne/simulation/install/champ_base:/home/hibiki/Robomech_HR/Eglantyne/simulation/install/champ_msgs:/home/hibiki/Robomech_HR/Eglantyne/simulation/install/champ_description:/home/hibiki/Robomech_HR/Eglantyne/simulation/install/champ_config:/home/hibiki/Robomech_HR/Eglantyne/simulation/install/ros2_control_demo_testing:/opt/ros/humble:/home/hibiki/Robomech_HR/Eglantyne/simulation/install/champ:/home/hibiki/Robomech_HR/Eglantyne/microros/ros2_pub_test/install/vel_pub PYTHONPATH=/home/hibiki/Robomech_HR/Eglantyne/simulation/install/ros2_control_demo_testing/lib/python3.10/site-packages:/home/hibiki/Robomech_HR/Eglantyne/simulation/install/simple_sim/lib/python3.10/site-packages:/home/hibiki/Robomech_HR/Eglantyne/simulation/install/champ_bringup/lib/python3.10/site-packages:/home/hibiki/Robomech_HR/Eglantyne/simulation/install/champ_msgs/lib/python3.10/site-packages:/opt/ros/humble/lib/python3.10/site-packages:/opt/ros/humble/local/lib/python3.10/dist-packages /usr/bin/cmake --build /home/hibiki/Robomech_HR/Eglantyne/simulation/build/ros2_control_demo_example_9 -- -j16 -l16
[1.007s] Level 1:colcon.colcon_core.environment:create_environment_scripts_only(ros2_control_demo_example_10)
[1.008s] Level 1:colcon.colcon_core.environment:checking '/home/hibiki/Robomech_HR/Eglantyne/simulation/install/ros2_control_demo_example_10' for CMake module files
[1.008s] DEBUG:colcon.colcon_core.event_handler.log_command:Invoked command in '/home/hibiki/Robomech_HR/Eglantyne/simulation/build/ros2_control_demo_example_10' returned '0': AMENT_PREFIX_PATH=/home/hibiki/Robomech_HR/Eglantyne/simulation/install/ros2_control_demo_testing:/home/hibiki/Robomech_HR/Eglantyne/simulation/install/simple_sim:/home/hibiki/Robomech_HR/Eglantyne/simulation/install/ros2_control_demos:/home/hibiki/Robomech_HR/Eglantyne/simulation/install/ros2_control_demo_example_9:/home/hibiki/Robomech_HR/Eglantyne/simulation/install/ros2_control_demo_example_8:/home/hibiki/Robomech_HR/Eglantyne/simulation/install/ros2_control_demo_example_7:/home/hibiki/Robomech_HR/Eglantyne/simulation/install/ros2_control_demo_example_6:/home/hibiki/Robomech_HR/Eglantyne/simulation/install/ros2_control_demo_example_15:/home/hibiki/Robomech_HR/Eglantyne/simulation/install/ros2_control_demo_example_5:/home/hibiki/Robomech_HR/Eglantyne/simulation/install/ros2_control_demo_example_4:/home/hibiki/Robomech_HR/Eglantyne/simulation/install/ros2_control_demo_example_3:/home/hibiki/Robomech_HR/Eglantyne/simulation/install/ros2_control_demo_example_2:/home/hibiki/Robomech_HR/Eglantyne/simulation/install/ros2_control_demo_example_14:/home/hibiki/Robomech_HR/Eglantyne/simulation/install/ros2_control_demo_example_12:/home/hibiki/Robomech_HR/Eglantyne/simulation/install/ros2_control_demo_example_11:/home/hibiki/Robomech_HR/Eglantyne/simulation/install/ros2_control_demo_example_10:/home/hibiki/Robomech_HR/Eglantyne/simulation/install/ros2_control_demo_example_1:/home/hibiki/Robomech_HR/Eglantyne/simulation/install/ros2_control_demo_description:/home/hibiki/Robomech_HR/Eglantyne/simulation/install/gazebo_ros2_control_demos:/home/hibiki/Robomech_HR/Eglantyne/simulation/install/champ_teleop:/home/hibiki/Robomech_HR/Eglantyne/simulation/install/champ_navigation:/home/hibiki/Robomech_HR/Eglantyne/simulation/install/champ_gazebo:/home/hibiki/Robomech_HR/Eglantyne/simulation/install/champ_bringup:/home/hibiki/Robomech_HR/Eglantyne/simulation/install/champ_base:/home/hibiki/Robomech_HR/Eglantyne/simulation/install/champ_msgs:/home/hibiki/Robomech_HR/Eglantyne/simulation/install/champ_description:/home/hibiki/Robomech_HR/Eglantyne/simulation/install/champ_config:/home/hibiki/Robomech_HR/Eglantyne/simulation/install/champ:/home/hibiki/Robomech_HR/Eglantyne/microros/ros2_pub_test/install/vel_pub:/opt/ros/humble CMAKE_PREFIX_PATH=/home/hibiki/Robomech_HR/Eglantyne/simulation/install/ros2_control_demo_description:/home/hibiki/Robomech_HR/Eglantyne/simulation/install/simple_sim:/home/hibiki/Robomech_HR/Eglantyne/simulation/install/ros2_control_demos:/home/hibiki/Robomech_HR/Eglantyne/simulation/install/ros2_control_demo_example_9:/home/hibiki/Robomech_HR/Eglantyne/simulation/install/ros2_control_demo_example_8:/home/hibiki/Robomech_HR/Eglantyne/simulation/install/ros2_control_demo_example_7:/home/hibiki/Robomech_HR/Eglantyne/simulation/install/ros2_control_demo_example_6:/home/hibiki/Robomech_HR/Eglantyne/simulation/install/ros2_control_demo_example_15:/home/hibiki/Robomech_HR/Eglantyne/simulation/install/ros2_control_demo_example_5:/home/hibiki/Robomech_HR/Eglantyne/simulation/install/ros2_control_demo_example_4:/home/hibiki/Robomech_HR/Eglantyne/simulation/install/ros2_control_demo_example_3:/home/hibiki/Robomech_HR/Eglantyne/simulation/install/ros2_control_demo_example_2:/home/hibiki/Robomech_HR/Eglantyne/simulation/install/ros2_control_demo_example_14:/home/hibiki/Robomech_HR/Eglantyne/simulation/install/ros2_control_demo_example_12:/home/hibiki/Robomech_HR/Eglantyne/simulation/install/ros2_control_demo_example_11:/home/hibiki/Robomech_HR/Eglantyne/simulation/install/ros2_control_demo_example_10:/home/hibiki/Robomech_HR/Eglantyne/simulation/install/ros2_control_demo_example_1:/home/hibiki/Robomech_HR/Eglantyne/simulation/install/gazebo_ros2_control_demos:/home/hibiki/Robomech_HR/Eglantyne/simulation/install/champ_teleop:/home/hibiki/Robomech_HR/Eglantyne/simulation/install/champ_navigation:/home/hibiki/Robomech_HR/Eglantyne/simulation/install/champ_gazebo:/home/hibiki/Robomech_HR/Eglantyne/simulation/install/champ_bringup:/home/hibiki/Robomech_HR/Eglantyne/simulation/install/champ_base:/home/hibiki/Robomech_HR/Eglantyne/simulation/install/champ_msgs:/home/hibiki/Robomech_HR/Eglantyne/simulation/install/champ_description:/home/hibiki/Robomech_HR/Eglantyne/simulation/install/champ_config:/home/hibiki/Robomech_HR/Eglantyne/simulation/install/ros2_control_demo_testing:/opt/ros/humble:/home/hibiki/Robomech_HR/Eglantyne/simulation/install/champ:/home/hibiki/Robomech_HR/Eglantyne/microros/ros2_pub_test/install/vel_pub PYTHONPATH=/home/hibiki/Robomech_HR/Eglantyne/simulation/install/ros2_control_demo_testing/lib/python3.10/site-packages:/home/hibiki/Robomech_HR/Eglantyne/simulation/install/simple_sim/lib/python3.10/site-packages:/home/hibiki/Robomech_HR/Eglantyne/simulation/install/champ_bringup/lib/python3.10/site-packages:/home/hibiki/Robomech_HR/Eglantyne/simulation/install/champ_msgs/lib/python3.10/site-packages:/opt/ros/humble/lib/python3.10/site-packages:/opt/ros/humble/local/lib/python3.10/dist-packages /usr/bin/cmake --install /home/hibiki/Robomech_HR/Eglantyne/simulation/build/ros2_control_demo_example_10
[1.008s] Level 1:colcon.colcon_core.environment:checking '/home/hibiki/Robomech_HR/Eglantyne/simulation/install/ros2_control_demo_example_10' for CMake config files
[1.009s] Level 1:colcon.colcon_core.shell:create_environment_hook('ros2_control_demo_example_10', 'cmake_prefix_path')
[1.009s] INFO:colcon.colcon_core.shell:Creating environment hook '/home/hibiki/Robomech_HR/Eglantyne/simulation/install/ros2_control_demo_example_10/share/ros2_control_demo_example_10/hook/cmake_prefix_path.ps1'
[1.009s] INFO:colcon.colcon_core.shell:Creating environment descriptor '/home/hibiki/Robomech_HR/Eglantyne/simulation/install/ros2_control_demo_example_10/share/ros2_control_demo_example_10/hook/cmake_prefix_path.dsv'
[1.010s] INFO:colcon.colcon_core.shell:Creating environment hook '/home/hibiki/Robomech_HR/Eglantyne/simulation/install/ros2_control_demo_example_10/share/ros2_control_demo_example_10/hook/cmake_prefix_path.sh'
[1.010s] Level 1:colcon.colcon_core.environment:checking '/home/hibiki/Robomech_HR/Eglantyne/simulation/install/ros2_control_demo_example_10/lib'
[1.010s] Level 1:colcon.colcon_core.shell:create_environment_hook('ros2_control_demo_example_10', 'ld_library_path_lib')
[1.011s] INFO:colcon.colcon_core.shell:Creating environment hook '/home/hibiki/Robomech_HR/Eglantyne/simulation/install/ros2_control_demo_example_10/share/ros2_control_demo_example_10/hook/ld_library_path_lib.ps1'
[1.011s] INFO:colcon.colcon_core.shell:Creating environment descriptor '/home/hibiki/Robomech_HR/Eglantyne/simulation/install/ros2_control_demo_example_10/share/ros2_control_demo_example_10/hook/ld_library_path_lib.dsv'
[1.011s] INFO:colcon.colcon_core.shell:Creating environment hook '/home/hibiki/Robomech_HR/Eglantyne/simulation/install/ros2_control_demo_example_10/share/ros2_control_demo_example_10/hook/ld_library_path_lib.sh'
[1.012s] Level 1:colcon.colcon_core.environment:checking '/home/hibiki/Robomech_HR/Eglantyne/simulation/install/ros2_control_demo_example_10/bin'
[1.012s] Level 1:colcon.colcon_core.environment:checking '/home/hibiki/Robomech_HR/Eglantyne/simulation/install/ros2_control_demo_example_10/lib/pkgconfig/ros2_control_demo_example_10.pc'
[1.012s] Level 1:colcon.colcon_core.environment:checking '/home/hibiki/Robomech_HR/Eglantyne/simulation/install/ros2_control_demo_example_10/lib/python3.10/site-packages'
[1.012s] Level 1:colcon.colcon_core.environment:checking '/home/hibiki/Robomech_HR/Eglantyne/simulation/install/ros2_control_demo_example_10/bin'
[1.012s] INFO:colcon.colcon_core.shell:Creating package script '/home/hibiki/Robomech_HR/Eglantyne/simulation/install/ros2_control_demo_example_10/share/ros2_control_demo_example_10/package.ps1'
[1.013s] INFO:colcon.colcon_core.shell:Creating package descriptor '/home/hibiki/Robomech_HR/Eglantyne/simulation/install/ros2_control_demo_example_10/share/ros2_control_demo_example_10/package.dsv'
[1.013s] INFO:colcon.colcon_core.shell:Creating package script '/home/hibiki/Robomech_HR/Eglantyne/simulation/install/ros2_control_demo_example_10/share/ros2_control_demo_example_10/package.sh'
[1.014s] INFO:colcon.colcon_core.shell:Creating package script '/home/hibiki/Robomech_HR/Eglantyne/simulation/install/ros2_control_demo_example_10/share/ros2_control_demo_example_10/package.bash'
[1.014s] INFO:colcon.colcon_core.shell:Creating package script '/home/hibiki/Robomech_HR/Eglantyne/simulation/install/ros2_control_demo_example_10/share/ros2_control_demo_example_10/package.zsh'
[1.014s] Level 1:colcon.colcon_core.environment:create_file_with_runtime_dependencies(/home/hibiki/Robomech_HR/Eglantyne/simulation/install/ros2_control_demo_example_10/share/colcon-core/packages/ros2_control_demo_example_10)
[1.020s] Level 1:colcon.colcon_core.environment:create_environment_scripts_only(ros2_control_demo_example_11)
[1.020s] Level 1:colcon.colcon_core.environment:checking '/home/hibiki/Robomech_HR/Eglantyne/simulation/install/ros2_control_demo_example_11' for CMake module files
[1.022s] DEBUG:colcon.colcon_core.event_handler.log_command:Invoked command in '/home/hibiki/Robomech_HR/Eglantyne/simulation/build/ros2_control_demo_example_11' returned '0': AMENT_PREFIX_PATH=/home/hibiki/Robomech_HR/Eglantyne/simulation/install/ros2_control_demo_testing:/home/hibiki/Robomech_HR/Eglantyne/simulation/install/simple_sim:/home/hibiki/Robomech_HR/Eglantyne/simulation/install/ros2_control_demos:/home/hibiki/Robomech_HR/Eglantyne/simulation/install/ros2_control_demo_example_9:/home/hibiki/Robomech_HR/Eglantyne/simulation/install/ros2_control_demo_example_8:/home/hibiki/Robomech_HR/Eglantyne/simulation/install/ros2_control_demo_example_7:/home/hibiki/Robomech_HR/Eglantyne/simulation/install/ros2_control_demo_example_6:/home/hibiki/Robomech_HR/Eglantyne/simulation/install/ros2_control_demo_example_15:/home/hibiki/Robomech_HR/Eglantyne/simulation/install/ros2_control_demo_example_5:/home/hibiki/Robomech_HR/Eglantyne/simulation/install/ros2_control_demo_example_4:/home/hibiki/Robomech_HR/Eglantyne/simulation/install/ros2_control_demo_example_3:/home/hibiki/Robomech_HR/Eglantyne/simulation/install/ros2_control_demo_example_2:/home/hibiki/Robomech_HR/Eglantyne/simulation/install/ros2_control_demo_example_14:/home/hibiki/Robomech_HR/Eglantyne/simulation/install/ros2_control_demo_example_12:/home/hibiki/Robomech_HR/Eglantyne/simulation/install/ros2_control_demo_example_11:/home/hibiki/Robomech_HR/Eglantyne/simulation/install/ros2_control_demo_example_10:/home/hibiki/Robomech_HR/Eglantyne/simulation/install/ros2_control_demo_example_1:/home/hibiki/Robomech_HR/Eglantyne/simulation/install/ros2_control_demo_description:/home/hibiki/Robomech_HR/Eglantyne/simulation/install/gazebo_ros2_control_demos:/home/hibiki/Robomech_HR/Eglantyne/simulation/install/champ_teleop:/home/hibiki/Robomech_HR/Eglantyne/simulation/install/champ_navigation:/home/hibiki/Robomech_HR/Eglantyne/simulation/install/champ_gazebo:/home/hibiki/Robomech_HR/Eglantyne/simulation/install/champ_bringup:/home/hibiki/Robomech_HR/Eglantyne/simulation/install/champ_base:/home/hibiki/Robomech_HR/Eglantyne/simulation/install/champ_msgs:/home/hibiki/Robomech_HR/Eglantyne/simulation/install/champ_description:/home/hibiki/Robomech_HR/Eglantyne/simulation/install/champ_config:/home/hibiki/Robomech_HR/Eglantyne/simulation/install/champ:/home/hibiki/Robomech_HR/Eglantyne/microros/ros2_pub_test/install/vel_pub:/opt/ros/humble CMAKE_PREFIX_PATH=/home/hibiki/Robomech_HR/Eglantyne/simulation/install/ros2_control_demo_description:/home/hibiki/Robomech_HR/Eglantyne/simulation/install/simple_sim:/home/hibiki/Robomech_HR/Eglantyne/simulation/install/ros2_control_demos:/home/hibiki/Robomech_HR/Eglantyne/simulation/install/ros2_control_demo_example_9:/home/hibiki/Robomech_HR/Eglantyne/simulation/install/ros2_control_demo_example_8:/home/hibiki/Robomech_HR/Eglantyne/simulation/install/ros2_control_demo_example_7:/home/hibiki/Robomech_HR/Eglantyne/simulation/install/ros2_control_demo_example_6:/home/hibiki/Robomech_HR/Eglantyne/simulation/install/ros2_control_demo_example_15:/home/hibiki/Robomech_HR/Eglantyne/simulation/install/ros2_control_demo_example_5:/home/hibiki/Robomech_HR/Eglantyne/simulation/install/ros2_control_demo_example_4:/home/hibiki/Robomech_HR/Eglantyne/simulation/install/ros2_control_demo_example_3:/home/hibiki/Robomech_HR/Eglantyne/simulation/install/ros2_control_demo_example_2:/home/hibiki/Robomech_HR/Eglantyne/simulation/install/ros2_control_demo_example_14:/home/hibiki/Robomech_HR/Eglantyne/simulation/install/ros2_control_demo_example_12:/home/hibiki/Robomech_HR/Eglantyne/simulation/install/ros2_control_demo_example_11:/home/hibiki/Robomech_HR/Eglantyne/simulation/install/ros2_control_demo_example_10:/home/hibiki/Robomech_HR/Eglantyne/simulation/install/ros2_control_demo_example_1:/home/hibiki/Robomech_HR/Eglantyne/simulation/install/gazebo_ros2_control_demos:/home/hibiki/Robomech_HR/Eglantyne/simulation/install/champ_teleop:/home/hibiki/Robomech_HR/Eglantyne/simulation/install/champ_navigation:/home/hibiki/Robomech_HR/Eglantyne/simulation/install/champ_gazebo:/home/hibiki/Robomech_HR/Eglantyne/simulation/install/champ_bringup:/home/hibiki/Robomech_HR/Eglantyne/simulation/install/champ_base:/home/hibiki/Robomech_HR/Eglantyne/simulation/install/champ_msgs:/home/hibiki/Robomech_HR/Eglantyne/simulation/install/champ_description:/home/hibiki/Robomech_HR/Eglantyne/simulation/install/champ_config:/home/hibiki/Robomech_HR/Eglantyne/simulation/install/ros2_control_demo_testing:/opt/ros/humble:/home/hibiki/Robomech_HR/Eglantyne/simulation/install/champ:/home/hibiki/Robomech_HR/Eglantyne/microros/ros2_pub_test/install/vel_pub PYTHONPATH=/home/hibiki/Robomech_HR/Eglantyne/simulation/install/ros2_control_demo_testing/lib/python3.10/site-packages:/home/hibiki/Robomech_HR/Eglantyne/simulation/install/simple_sim/lib/python3.10/site-packages:/home/hibiki/Robomech_HR/Eglantyne/simulation/install/champ_bringup/lib/python3.10/site-packages:/home/hibiki/Robomech_HR/Eglantyne/simulation/install/champ_msgs/lib/python3.10/site-packages:/opt/ros/humble/lib/python3.10/site-packages:/opt/ros/humble/local/lib/python3.10/dist-packages /usr/bin/cmake --install /home/hibiki/Robomech_HR/Eglantyne/simulation/build/ros2_control_demo_example_11
[1.022s] Level 1:colcon.colcon_core.environment:checking '/home/hibiki/Robomech_HR/Eglantyne/simulation/install/ros2_control_demo_example_11' for CMake config files
[1.022s] Level 1:colcon.colcon_core.shell:create_environment_hook('ros2_control_demo_example_11', 'cmake_prefix_path')
[1.022s] INFO:colcon.colcon_core.shell:Creating environment hook '/home/hibiki/Robomech_HR/Eglantyne/simulation/install/ros2_control_demo_example_11/share/ros2_control_demo_example_11/hook/cmake_prefix_path.ps1'
[1.023s] INFO:colcon.colcon_core.shell:Creating environment descriptor '/home/hibiki/Robomech_HR/Eglantyne/simulation/install/ros2_control_demo_example_11/share/ros2_control_demo_example_11/hook/cmake_prefix_path.dsv'
[1.023s] INFO:colcon.colcon_core.shell:Creating environment hook '/home/hibiki/Robomech_HR/Eglantyne/simulation/install/ros2_control_demo_example_11/share/ros2_control_demo_example_11/hook/cmake_prefix_path.sh'
[1.024s] Level 1:colcon.colcon_core.environment:checking '/home/hibiki/Robomech_HR/Eglantyne/simulation/install/ros2_control_demo_example_11/lib'
[1.024s] Level 1:colcon.colcon_core.shell:create_environment_hook('ros2_control_demo_example_11', 'ld_library_path_lib')
[1.024s] INFO:colcon.colcon_core.shell:Creating environment hook '/home/hibiki/Robomech_HR/Eglantyne/simulation/install/ros2_control_demo_example_11/share/ros2_control_demo_example_11/hook/ld_library_path_lib.ps1'
[1.024s] INFO:colcon.colcon_core.shell:Creating environment descriptor '/home/hibiki/Robomech_HR/Eglantyne/simulation/install/ros2_control_demo_example_11/share/ros2_control_demo_example_11/hook/ld_library_path_lib.dsv'
[1.025s] INFO:colcon.colcon_core.shell:Creating environment hook '/home/hibiki/Robomech_HR/Eglantyne/simulation/install/ros2_control_demo_example_11/share/ros2_control_demo_example_11/hook/ld_library_path_lib.sh'
[1.025s] Level 1:colcon.colcon_core.environment:checking '/home/hibiki/Robomech_HR/Eglantyne/simulation/install/ros2_control_demo_example_11/bin'
[1.025s] Level 1:colcon.colcon_core.environment:checking '/home/hibiki/Robomech_HR/Eglantyne/simulation/install/ros2_control_demo_example_11/lib/pkgconfig/ros2_control_demo_example_11.pc'
[1.025s] Level 1:colcon.colcon_core.environment:checking '/home/hibiki/Robomech_HR/Eglantyne/simulation/install/ros2_control_demo_example_11/lib/python3.10/site-packages'
[1.026s] Level 1:colcon.colcon_core.environment:checking '/home/hibiki/Robomech_HR/Eglantyne/simulation/install/ros2_control_demo_example_11/bin'
[1.026s] INFO:colcon.colcon_core.shell:Creating package script '/home/hibiki/Robomech_HR/Eglantyne/simulation/install/ros2_control_demo_example_11/share/ros2_control_demo_example_11/package.ps1'
[1.026s] INFO:colcon.colcon_core.shell:Creating package descriptor '/home/hibiki/Robomech_HR/Eglantyne/simulation/install/ros2_control_demo_example_11/share/ros2_control_demo_example_11/package.dsv'
[1.027s] INFO:colcon.colcon_core.shell:Creating package script '/home/hibiki/Robomech_HR/Eglantyne/simulation/install/ros2_control_demo_example_11/share/ros2_control_demo_example_11/package.sh'
[1.027s] INFO:colcon.colcon_core.shell:Creating package script '/home/hibiki/Robomech_HR/Eglantyne/simulation/install/ros2_control_demo_example_11/share/ros2_control_demo_example_11/package.bash'
[1.028s] INFO:colcon.colcon_core.shell:Creating package script '/home/hibiki/Robomech_HR/Eglantyne/simulation/install/ros2_control_demo_example_11/share/ros2_control_demo_example_11/package.zsh'
[1.028s] Level 1:colcon.colcon_core.environment:create_file_with_runtime_dependencies(/home/hibiki/Robomech_HR/Eglantyne/simulation/install/ros2_control_demo_example_11/share/colcon-core/packages/ros2_control_demo_example_11)
[1.030s] DEBUG:colcon.colcon_core.event_handler.log_command:Invoking command in '/home/hibiki/Robomech_HR/Eglantyne/simulation/build/ros2_control_demo_example_6': AMENT_PREFIX_PATH=/home/hibiki/Robomech_HR/Eglantyne/simulation/install/ros2_control_demo_testing:/home/hibiki/Robomech_HR/Eglantyne/simulation/install/simple_sim:/home/hibiki/Robomech_HR/Eglantyne/simulation/install/ros2_control_demos:/home/hibiki/Robomech_HR/Eglantyne/simulation/install/ros2_control_demo_example_9:/home/hibiki/Robomech_HR/Eglantyne/simulation/install/ros2_control_demo_example_8:/home/hibiki/Robomech_HR/Eglantyne/simulation/install/ros2_control_demo_example_7:/home/hibiki/Robomech_HR/Eglantyne/simulation/install/ros2_control_demo_example_6:/home/hibiki/Robomech_HR/Eglantyne/simulation/install/ros2_control_demo_example_15:/home/hibiki/Robomech_HR/Eglantyne/simulation/install/ros2_control_demo_example_5:/home/hibiki/Robomech_HR/Eglantyne/simulation/install/ros2_control_demo_example_4:/home/hibiki/Robomech_HR/Eglantyne/simulation/install/ros2_control_demo_example_3:/home/hibiki/Robomech_HR/Eglantyne/simulation/install/ros2_control_demo_example_2:/home/hibiki/Robomech_HR/Eglantyne/simulation/install/ros2_control_demo_example_14:/home/hibiki/Robomech_HR/Eglantyne/simulation/install/ros2_control_demo_example_12:/home/hibiki/Robomech_HR/Eglantyne/simulation/install/ros2_control_demo_example_11:/home/hibiki/Robomech_HR/Eglantyne/simulation/install/ros2_control_demo_example_10:/home/hibiki/Robomech_HR/Eglantyne/simulation/install/ros2_control_demo_example_1:/home/hibiki/Robomech_HR/Eglantyne/simulation/install/ros2_control_demo_description:/home/hibiki/Robomech_HR/Eglantyne/simulation/install/gazebo_ros2_control_demos:/home/hibiki/Robomech_HR/Eglantyne/simulation/install/champ_teleop:/home/hibiki/Robomech_HR/Eglantyne/simulation/install/champ_navigation:/home/hibiki/Robomech_HR/Eglantyne/simulation/install/champ_gazebo:/home/hibiki/Robomech_HR/Eglantyne/simulation/install/champ_bringup:/home/hibiki/Robomech_HR/Eglantyne/simulation/install/champ_base:/home/hibiki/Robomech_HR/Eglantyne/simulation/install/champ_msgs:/home/hibiki/Robomech_HR/Eglantyne/simulation/install/champ_description:/home/hibiki/Robomech_HR/Eglantyne/simulation/install/champ_config:/home/hibiki/Robomech_HR/Eglantyne/simulation/install/champ:/home/hibiki/Robomech_HR/Eglantyne/microros/ros2_pub_test/install/vel_pub:/opt/ros/humble CMAKE_PREFIX_PATH=/home/hibiki/Robomech_HR/Eglantyne/simulation/install/ros2_control_demo_description:/home/hibiki/Robomech_HR/Eglantyne/simulation/install/simple_sim:/home/hibiki/Robomech_HR/Eglantyne/simulation/install/ros2_control_demos:/home/hibiki/Robomech_HR/Eglantyne/simulation/install/ros2_control_demo_example_9:/home/hibiki/Robomech_HR/Eglantyne/simulation/install/ros2_control_demo_example_8:/home/hibiki/Robomech_HR/Eglantyne/simulation/install/ros2_control_demo_example_7:/home/hibiki/Robomech_HR/Eglantyne/simulation/install/ros2_control_demo_example_6:/home/hibiki/Robomech_HR/Eglantyne/simulation/install/ros2_control_demo_example_15:/home/hibiki/Robomech_HR/Eglantyne/simulation/install/ros2_control_demo_example_5:/home/hibiki/Robomech_HR/Eglantyne/simulation/install/ros2_control_demo_example_4:/home/hibiki/Robomech_HR/Eglantyne/simulation/install/ros2_control_demo_example_3:/home/hibiki/Robomech_HR/Eglantyne/simulation/install/ros2_control_demo_example_2:/home/hibiki/Robomech_HR/Eglantyne/simulation/install/ros2_control_demo_example_14:/home/hibiki/Robomech_HR/Eglantyne/simulation/install/ros2_control_demo_example_12:/home/hibiki/Robomech_HR/Eglantyne/simulation/install/ros2_control_demo_example_11:/home/hibiki/Robomech_HR/Eglantyne/simulation/install/ros2_control_demo_example_10:/home/hibiki/Robomech_HR/Eglantyne/simulation/install/ros2_control_demo_example_1:/home/hibiki/Robomech_HR/Eglantyne/simulation/install/gazebo_ros2_control_demos:/home/hibiki/Robomech_HR/Eglantyne/simulation/install/champ_teleop:/home/hibiki/Robomech_HR/Eglantyne/simulation/install/champ_navigation:/home/hibiki/Robomech_HR/Eglantyne/simulation/install/champ_gazebo:/home/hibiki/Robomech_HR/Eglantyne/simulation/install/champ_bringup:/home/hibiki/Robomech_HR/Eglantyne/simulation/install/champ_base:/home/hibiki/Robomech_HR/Eglantyne/simulation/install/champ_msgs:/home/hibiki/Robomech_HR/Eglantyne/simulation/install/champ_description:/home/hibiki/Robomech_HR/Eglantyne/simulation/install/champ_config:/home/hibiki/Robomech_HR/Eglantyne/simulation/install/ros2_control_demo_testing:/opt/ros/humble:/home/hibiki/Robomech_HR/Eglantyne/simulation/install/champ:/home/hibiki/Robomech_HR/Eglantyne/microros/ros2_pub_test/install/vel_pub PYTHONPATH=/home/hibiki/Robomech_HR/Eglantyne/simulation/install/ros2_control_demo_testing/lib/python3.10/site-packages:/home/hibiki/Robomech_HR/Eglantyne/simulation/install/simple_sim/lib/python3.10/site-packages:/home/hibiki/Robomech_HR/Eglantyne/simulation/install/champ_bringup/lib/python3.10/site-packages:/home/hibiki/Robomech_HR/Eglantyne/simulation/install/champ_msgs/lib/python3.10/site-packages:/opt/ros/humble/lib/python3.10/site-packages:/opt/ros/humble/local/lib/python3.10/dist-packages /usr/bin/cmake --install /home/hibiki/Robomech_HR/Eglantyne/simulation/build/ros2_control_demo_example_6
[1.032s] DEBUG:colcon.colcon_core.event_handler.log_command:Invoking command in '/home/hibiki/Robomech_HR/Eglantyne/simulation/build/ros2_control_demo_example_12': AMENT_PREFIX_PATH=/home/hibiki/Robomech_HR/Eglantyne/simulation/install/ros2_control_demo_testing:/home/hibiki/Robomech_HR/Eglantyne/simulation/install/simple_sim:/home/hibiki/Robomech_HR/Eglantyne/simulation/install/ros2_control_demos:/home/hibiki/Robomech_HR/Eglantyne/simulation/install/ros2_control_demo_example_9:/home/hibiki/Robomech_HR/Eglantyne/simulation/install/ros2_control_demo_example_8:/home/hibiki/Robomech_HR/Eglantyne/simulation/install/ros2_control_demo_example_7:/home/hibiki/Robomech_HR/Eglantyne/simulation/install/ros2_control_demo_example_6:/home/hibiki/Robomech_HR/Eglantyne/simulation/install/ros2_control_demo_example_15:/home/hibiki/Robomech_HR/Eglantyne/simulation/install/ros2_control_demo_example_5:/home/hibiki/Robomech_HR/Eglantyne/simulation/install/ros2_control_demo_example_4:/home/hibiki/Robomech_HR/Eglantyne/simulation/install/ros2_control_demo_example_3:/home/hibiki/Robomech_HR/Eglantyne/simulation/install/ros2_control_demo_example_2:/home/hibiki/Robomech_HR/Eglantyne/simulation/install/ros2_control_demo_example_14:/home/hibiki/Robomech_HR/Eglantyne/simulation/install/ros2_control_demo_example_12:/home/hibiki/Robomech_HR/Eglantyne/simulation/install/ros2_control_demo_example_11:/home/hibiki/Robomech_HR/Eglantyne/simulation/install/ros2_control_demo_example_10:/home/hibiki/Robomech_HR/Eglantyne/simulation/install/ros2_control_demo_example_1:/home/hibiki/Robomech_HR/Eglantyne/simulation/install/ros2_control_demo_description:/home/hibiki/Robomech_HR/Eglantyne/simulation/install/gazebo_ros2_control_demos:/home/hibiki/Robomech_HR/Eglantyne/simulation/install/champ_teleop:/home/hibiki/Robomech_HR/Eglantyne/simulation/install/champ_navigation:/home/hibiki/Robomech_HR/Eglantyne/simulation/install/champ_gazebo:/home/hibiki/Robomech_HR/Eglantyne/simulation/install/champ_bringup:/home/hibiki/Robomech_HR/Eglantyne/simulation/install/champ_base:/home/hibiki/Robomech_HR/Eglantyne/simulation/install/champ_msgs:/home/hibiki/Robomech_HR/Eglantyne/simulation/install/champ_description:/home/hibiki/Robomech_HR/Eglantyne/simulation/install/champ_config:/home/hibiki/Robomech_HR/Eglantyne/simulation/install/champ:/home/hibiki/Robomech_HR/Eglantyne/microros/ros2_pub_test/install/vel_pub:/opt/ros/humble CMAKE_PREFIX_PATH=/home/hibiki/Robomech_HR/Eglantyne/simulation/install/ros2_control_demo_description:/home/hibiki/Robomech_HR/Eglantyne/simulation/install/simple_sim:/home/hibiki/Robomech_HR/Eglantyne/simulation/install/ros2_control_demos:/home/hibiki/Robomech_HR/Eglantyne/simulation/install/ros2_control_demo_example_9:/home/hibiki/Robomech_HR/Eglantyne/simulation/install/ros2_control_demo_example_8:/home/hibiki/Robomech_HR/Eglantyne/simulation/install/ros2_control_demo_example_7:/home/hibiki/Robomech_HR/Eglantyne/simulation/install/ros2_control_demo_example_6:/home/hibiki/Robomech_HR/Eglantyne/simulation/install/ros2_control_demo_example_15:/home/hibiki/Robomech_HR/Eglantyne/simulation/install/ros2_control_demo_example_5:/home/hibiki/Robomech_HR/Eglantyne/simulation/install/ros2_control_demo_example_4:/home/hibiki/Robomech_HR/Eglantyne/simulation/install/ros2_control_demo_example_3:/home/hibiki/Robomech_HR/Eglantyne/simulation/install/ros2_control_demo_example_2:/home/hibiki/Robomech_HR/Eglantyne/simulation/install/ros2_control_demo_example_14:/home/hibiki/Robomech_HR/Eglantyne/simulation/install/ros2_control_demo_example_12:/home/hibiki/Robomech_HR/Eglantyne/simulation/install/ros2_control_demo_example_11:/home/hibiki/Robomech_HR/Eglantyne/simulation/install/ros2_control_demo_example_10:/home/hibiki/Robomech_HR/Eglantyne/simulation/install/ros2_control_demo_example_1:/home/hibiki/Robomech_HR/Eglantyne/simulation/install/gazebo_ros2_control_demos:/home/hibiki/Robomech_HR/Eglantyne/simulation/install/champ_teleop:/home/hibiki/Robomech_HR/Eglantyne/simulation/install/champ_navigation:/home/hibiki/Robomech_HR/Eglantyne/simulation/install/champ_gazebo:/home/hibiki/Robomech_HR/Eglantyne/simulation/install/champ_bringup:/home/hibiki/Robomech_HR/Eglantyne/simulation/install/champ_base:/home/hibiki/Robomech_HR/Eglantyne/simulation/install/champ_msgs:/home/hibiki/Robomech_HR/Eglantyne/simulation/install/champ_description:/home/hibiki/Robomech_HR/Eglantyne/simulation/install/champ_config:/home/hibiki/Robomech_HR/Eglantyne/simulation/install/ros2_control_demo_testing:/opt/ros/humble:/home/hibiki/Robomech_HR/Eglantyne/simulation/install/champ:/home/hibiki/Robomech_HR/Eglantyne/microros/ros2_pub_test/install/vel_pub PYTHONPATH=/home/hibiki/Robomech_HR/Eglantyne/simulation/install/ros2_control_demo_testing/lib/python3.10/site-packages:/home/hibiki/Robomech_HR/Eglantyne/simulation/install/simple_sim/lib/python3.10/site-packages:/home/hibiki/Robomech_HR/Eglantyne/simulation/install/champ_bringup/lib/python3.10/site-packages:/home/hibiki/Robomech_HR/Eglantyne/simulation/install/champ_msgs/lib/python3.10/site-packages:/opt/ros/humble/lib/python3.10/site-packages:/opt/ros/humble/local/lib/python3.10/dist-packages /usr/bin/cmake --install /home/hibiki/Robomech_HR/Eglantyne/simulation/build/ros2_control_demo_example_12
[1.033s] DEBUG:colcon.colcon_core.event_handler.log_command:Invoking command in '/home/hibiki/Robomech_HR/Eglantyne/simulation/build/ros2_control_demo_example_4': AMENT_PREFIX_PATH=/home/hibiki/Robomech_HR/Eglantyne/simulation/install/ros2_control_demo_testing:/home/hibiki/Robomech_HR/Eglantyne/simulation/install/simple_sim:/home/hibiki/Robomech_HR/Eglantyne/simulation/install/ros2_control_demos:/home/hibiki/Robomech_HR/Eglantyne/simulation/install/ros2_control_demo_example_9:/home/hibiki/Robomech_HR/Eglantyne/simulation/install/ros2_control_demo_example_8:/home/hibiki/Robomech_HR/Eglantyne/simulation/install/ros2_control_demo_example_7:/home/hibiki/Robomech_HR/Eglantyne/simulation/install/ros2_control_demo_example_6:/home/hibiki/Robomech_HR/Eglantyne/simulation/install/ros2_control_demo_example_15:/home/hibiki/Robomech_HR/Eglantyne/simulation/install/ros2_control_demo_example_5:/home/hibiki/Robomech_HR/Eglantyne/simulation/install/ros2_control_demo_example_4:/home/hibiki/Robomech_HR/Eglantyne/simulation/install/ros2_control_demo_example_3:/home/hibiki/Robomech_HR/Eglantyne/simulation/install/ros2_control_demo_example_2:/home/hibiki/Robomech_HR/Eglantyne/simulation/install/ros2_control_demo_example_14:/home/hibiki/Robomech_HR/Eglantyne/simulation/install/ros2_control_demo_example_12:/home/hibiki/Robomech_HR/Eglantyne/simulation/install/ros2_control_demo_example_11:/home/hibiki/Robomech_HR/Eglantyne/simulation/install/ros2_control_demo_example_10:/home/hibiki/Robomech_HR/Eglantyne/simulation/install/ros2_control_demo_example_1:/home/hibiki/Robomech_HR/Eglantyne/simulation/install/ros2_control_demo_description:/home/hibiki/Robomech_HR/Eglantyne/simulation/install/gazebo_ros2_control_demos:/home/hibiki/Robomech_HR/Eglantyne/simulation/install/champ_teleop:/home/hibiki/Robomech_HR/Eglantyne/simulation/install/champ_navigation:/home/hibiki/Robomech_HR/Eglantyne/simulation/install/champ_gazebo:/home/hibiki/Robomech_HR/Eglantyne/simulation/install/champ_bringup:/home/hibiki/Robomech_HR/Eglantyne/simulation/install/champ_base:/home/hibiki/Robomech_HR/Eglantyne/simulation/install/champ_msgs:/home/hibiki/Robomech_HR/Eglantyne/simulation/install/champ_description:/home/hibiki/Robomech_HR/Eglantyne/simulation/install/champ_config:/home/hibiki/Robomech_HR/Eglantyne/simulation/install/champ:/home/hibiki/Robomech_HR/Eglantyne/microros/ros2_pub_test/install/vel_pub:/opt/ros/humble CMAKE_PREFIX_PATH=/home/hibiki/Robomech_HR/Eglantyne/simulation/install/ros2_control_demo_description:/home/hibiki/Robomech_HR/Eglantyne/simulation/install/simple_sim:/home/hibiki/Robomech_HR/Eglantyne/simulation/install/ros2_control_demos:/home/hibiki/Robomech_HR/Eglantyne/simulation/install/ros2_control_demo_example_9:/home/hibiki/Robomech_HR/Eglantyne/simulation/install/ros2_control_demo_example_8:/home/hibiki/Robomech_HR/Eglantyne/simulation/install/ros2_control_demo_example_7:/home/hibiki/Robomech_HR/Eglantyne/simulation/install/ros2_control_demo_example_6:/home/hibiki/Robomech_HR/Eglantyne/simulation/install/ros2_control_demo_example_15:/home/hibiki/Robomech_HR/Eglantyne/simulation/install/ros2_control_demo_example_5:/home/hibiki/Robomech_HR/Eglantyne/simulation/install/ros2_control_demo_example_4:/home/hibiki/Robomech_HR/Eglantyne/simulation/install/ros2_control_demo_example_3:/home/hibiki/Robomech_HR/Eglantyne/simulation/install/ros2_control_demo_example_2:/home/hibiki/Robomech_HR/Eglantyne/simulation/install/ros2_control_demo_example_14:/home/hibiki/Robomech_HR/Eglantyne/simulation/install/ros2_control_demo_example_12:/home/hibiki/Robomech_HR/Eglantyne/simulation/install/ros2_control_demo_example_11:/home/hibiki/Robomech_HR/Eglantyne/simulation/install/ros2_control_demo_example_10:/home/hibiki/Robomech_HR/Eglantyne/simulation/install/ros2_control_demo_example_1:/home/hibiki/Robomech_HR/Eglantyne/simulation/install/gazebo_ros2_control_demos:/home/hibiki/Robomech_HR/Eglantyne/simulation/install/champ_teleop:/home/hibiki/Robomech_HR/Eglantyne/simulation/install/champ_navigation:/home/hibiki/Robomech_HR/Eglantyne/simulation/install/champ_gazebo:/home/hibiki/Robomech_HR/Eglantyne/simulation/install/champ_bringup:/home/hibiki/Robomech_HR/Eglantyne/simulation/install/champ_base:/home/hibiki/Robomech_HR/Eglantyne/simulation/install/champ_msgs:/home/hibiki/Robomech_HR/Eglantyne/simulation/install/champ_description:/home/hibiki/Robomech_HR/Eglantyne/simulation/install/champ_config:/home/hibiki/Robomech_HR/Eglantyne/simulation/install/ros2_control_demo_testing:/opt/ros/humble:/home/hibiki/Robomech_HR/Eglantyne/simulation/install/champ:/home/hibiki/Robomech_HR/Eglantyne/microros/ros2_pub_test/install/vel_pub PYTHONPATH=/home/hibiki/Robomech_HR/Eglantyne/simulation/install/ros2_control_demo_testing/lib/python3.10/site-packages:/home/hibiki/Robomech_HR/Eglantyne/simulation/install/simple_sim/lib/python3.10/site-packages:/home/hibiki/Robomech_HR/Eglantyne/simulation/install/champ_bringup/lib/python3.10/site-packages:/home/hibiki/Robomech_HR/Eglantyne/simulation/install/champ_msgs/lib/python3.10/site-packages:/opt/ros/humble/lib/python3.10/site-packages:/opt/ros/humble/local/lib/python3.10/dist-packages /usr/bin/cmake --install /home/hibiki/Robomech_HR/Eglantyne/simulation/build/ros2_control_demo_example_4
[1.034s] Level 1:colcon.colcon_core.environment:create_environment_scripts_only(ros2_control_demo_example_2)
[1.034s] Level 1:colcon.colcon_core.environment:checking '/home/hibiki/Robomech_HR/Eglantyne/simulation/install/ros2_control_demo_example_2' for CMake module files
[1.035s] DEBUG:colcon.colcon_core.event_handler.log_command:Invoked command in '/home/hibiki/Robomech_HR/Eglantyne/simulation/build/ros2_control_demo_example_2' returned '0': AMENT_PREFIX_PATH=/home/hibiki/Robomech_HR/Eglantyne/simulation/install/ros2_control_demo_testing:/home/hibiki/Robomech_HR/Eglantyne/simulation/install/simple_sim:/home/hibiki/Robomech_HR/Eglantyne/simulation/install/ros2_control_demos:/home/hibiki/Robomech_HR/Eglantyne/simulation/install/ros2_control_demo_example_9:/home/hibiki/Robomech_HR/Eglantyne/simulation/install/ros2_control_demo_example_8:/home/hibiki/Robomech_HR/Eglantyne/simulation/install/ros2_control_demo_example_7:/home/hibiki/Robomech_HR/Eglantyne/simulation/install/ros2_control_demo_example_6:/home/hibiki/Robomech_HR/Eglantyne/simulation/install/ros2_control_demo_example_15:/home/hibiki/Robomech_HR/Eglantyne/simulation/install/ros2_control_demo_example_5:/home/hibiki/Robomech_HR/Eglantyne/simulation/install/ros2_control_demo_example_4:/home/hibiki/Robomech_HR/Eglantyne/simulation/install/ros2_control_demo_example_3:/home/hibiki/Robomech_HR/Eglantyne/simulation/install/ros2_control_demo_example_2:/home/hibiki/Robomech_HR/Eglantyne/simulation/install/ros2_control_demo_example_14:/home/hibiki/Robomech_HR/Eglantyne/simulation/install/ros2_control_demo_example_12:/home/hibiki/Robomech_HR/Eglantyne/simulation/install/ros2_control_demo_example_11:/home/hibiki/Robomech_HR/Eglantyne/simulation/install/ros2_control_demo_example_10:/home/hibiki/Robomech_HR/Eglantyne/simulation/install/ros2_control_demo_example_1:/home/hibiki/Robomech_HR/Eglantyne/simulation/install/ros2_control_demo_description:/home/hibiki/Robomech_HR/Eglantyne/simulation/install/gazebo_ros2_control_demos:/home/hibiki/Robomech_HR/Eglantyne/simulation/install/champ_teleop:/home/hibiki/Robomech_HR/Eglantyne/simulation/install/champ_navigation:/home/hibiki/Robomech_HR/Eglantyne/simulation/install/champ_gazebo:/home/hibiki/Robomech_HR/Eglantyne/simulation/install/champ_bringup:/home/hibiki/Robomech_HR/Eglantyne/simulation/install/champ_base:/home/hibiki/Robomech_HR/Eglantyne/simulation/install/champ_msgs:/home/hibiki/Robomech_HR/Eglantyne/simulation/install/champ_description:/home/hibiki/Robomech_HR/Eglantyne/simulation/install/champ_config:/home/hibiki/Robomech_HR/Eglantyne/simulation/install/champ:/home/hibiki/Robomech_HR/Eglantyne/microros/ros2_pub_test/install/vel_pub:/opt/ros/humble CMAKE_PREFIX_PATH=/home/hibiki/Robomech_HR/Eglantyne/simulation/install/ros2_control_demo_description:/home/hibiki/Robomech_HR/Eglantyne/simulation/install/simple_sim:/home/hibiki/Robomech_HR/Eglantyne/simulation/install/ros2_control_demos:/home/hibiki/Robomech_HR/Eglantyne/simulation/install/ros2_control_demo_example_9:/home/hibiki/Robomech_HR/Eglantyne/simulation/install/ros2_control_demo_example_8:/home/hibiki/Robomech_HR/Eglantyne/simulation/install/ros2_control_demo_example_7:/home/hibiki/Robomech_HR/Eglantyne/simulation/install/ros2_control_demo_example_6:/home/hibiki/Robomech_HR/Eglantyne/simulation/install/ros2_control_demo_example_15:/home/hibiki/Robomech_HR/Eglantyne/simulation/install/ros2_control_demo_example_5:/home/hibiki/Robomech_HR/Eglantyne/simulation/install/ros2_control_demo_example_4:/home/hibiki/Robomech_HR/Eglantyne/simulation/install/ros2_control_demo_example_3:/home/hibiki/Robomech_HR/Eglantyne/simulation/install/ros2_control_demo_example_2:/home/hibiki/Robomech_HR/Eglantyne/simulation/install/ros2_control_demo_example_14:/home/hibiki/Robomech_HR/Eglantyne/simulation/install/ros2_control_demo_example_12:/home/hibiki/Robomech_HR/Eglantyne/simulation/install/ros2_control_demo_example_11:/home/hibiki/Robomech_HR/Eglantyne/simulation/install/ros2_control_demo_example_10:/home/hibiki/Robomech_HR/Eglantyne/simulation/install/ros2_control_demo_example_1:/home/hibiki/Robomech_HR/Eglantyne/simulation/install/gazebo_ros2_control_demos:/home/hibiki/Robomech_HR/Eglantyne/simulation/install/champ_teleop:/home/hibiki/Robomech_HR/Eglantyne/simulation/install/champ_navigation:/home/hibiki/Robomech_HR/Eglantyne/simulation/install/champ_gazebo:/home/hibiki/Robomech_HR/Eglantyne/simulation/install/champ_bringup:/home/hibiki/Robomech_HR/Eglantyne/simulation/install/champ_base:/home/hibiki/Robomech_HR/Eglantyne/simulation/install/champ_msgs:/home/hibiki/Robomech_HR/Eglantyne/simulation/install/champ_description:/home/hibiki/Robomech_HR/Eglantyne/simulation/install/champ_config:/home/hibiki/Robomech_HR/Eglantyne/simulation/install/ros2_control_demo_testing:/opt/ros/humble:/home/hibiki/Robomech_HR/Eglantyne/simulation/install/champ:/home/hibiki/Robomech_HR/Eglantyne/microros/ros2_pub_test/install/vel_pub PYTHONPATH=/home/hibiki/Robomech_HR/Eglantyne/simulation/install/ros2_control_demo_testing/lib/python3.10/site-packages:/home/hibiki/Robomech_HR/Eglantyne/simulation/install/simple_sim/lib/python3.10/site-packages:/home/hibiki/Robomech_HR/Eglantyne/simulation/install/champ_bringup/lib/python3.10/site-packages:/home/hibiki/Robomech_HR/Eglantyne/simulation/install/champ_msgs/lib/python3.10/site-packages:/opt/ros/humble/lib/python3.10/site-packages:/opt/ros/humble/local/lib/python3.10/dist-packages /usr/bin/cmake --install /home/hibiki/Robomech_HR/Eglantyne/simulation/build/ros2_control_demo_example_2
[1.035s] Level 1:colcon.colcon_core.environment:checking '/home/hibiki/Robomech_HR/Eglantyne/simulation/install/ros2_control_demo_example_2' for CMake config files
[1.036s] Level 1:colcon.colcon_core.shell:create_environment_hook('ros2_control_demo_example_2', 'cmake_prefix_path')
[1.036s] INFO:colcon.colcon_core.shell:Creating environment hook '/home/hibiki/Robomech_HR/Eglantyne/simulation/install/ros2_control_demo_example_2/share/ros2_control_demo_example_2/hook/cmake_prefix_path.ps1'
[1.036s] INFO:colcon.colcon_core.shell:Creating environment descriptor '/home/hibiki/Robomech_HR/Eglantyne/simulation/install/ros2_control_demo_example_2/share/ros2_control_demo_example_2/hook/cmake_prefix_path.dsv'
[1.037s] INFO:colcon.colcon_core.shell:Creating environment hook '/home/hibiki/Robomech_HR/Eglantyne/simulation/install/ros2_control_demo_example_2/share/ros2_control_demo_example_2/hook/cmake_prefix_path.sh'
[1.037s] Level 1:colcon.colcon_core.environment:checking '/home/hibiki/Robomech_HR/Eglantyne/simulation/install/ros2_control_demo_example_2/lib'
[1.037s] Level 1:colcon.colcon_core.shell:create_environment_hook('ros2_control_demo_example_2', 'ld_library_path_lib')
[1.037s] INFO:colcon.colcon_core.shell:Creating environment hook '/home/hibiki/Robomech_HR/Eglantyne/simulation/install/ros2_control_demo_example_2/share/ros2_control_demo_example_2/hook/ld_library_path_lib.ps1'
[1.038s] INFO:colcon.colcon_core.shell:Creating environment descriptor '/home/hibiki/Robomech_HR/Eglantyne/simulation/install/ros2_control_demo_example_2/share/ros2_control_demo_example_2/hook/ld_library_path_lib.dsv'
[1.038s] INFO:colcon.colcon_core.shell:Creating environment hook '/home/hibiki/Robomech_HR/Eglantyne/simulation/install/ros2_control_demo_example_2/share/ros2_control_demo_example_2/hook/ld_library_path_lib.sh'
[1.038s] Level 1:colcon.colcon_core.environment:checking '/home/hibiki/Robomech_HR/Eglantyne/simulation/install/ros2_control_demo_example_2/bin'
[1.038s] Level 1:colcon.colcon_core.environment:checking '/home/hibiki/Robomech_HR/Eglantyne/simulation/install/ros2_control_demo_example_2/lib/pkgconfig/ros2_control_demo_example_2.pc'
[1.038s] Level 1:colcon.colcon_core.environment:checking '/home/hibiki/Robomech_HR/Eglantyne/simulation/install/ros2_control_demo_example_2/lib/python3.10/site-packages'
[1.038s] Level 1:colcon.colcon_core.environment:checking '/home/hibiki/Robomech_HR/Eglantyne/simulation/install/ros2_control_demo_example_2/bin'
[1.039s] INFO:colcon.colcon_core.shell:Creating package script '/home/hibiki/Robomech_HR/Eglantyne/simulation/install/ros2_control_demo_example_2/share/ros2_control_demo_example_2/package.ps1'
[1.039s] INFO:colcon.colcon_core.shell:Creating package descriptor '/home/hibiki/Robomech_HR/Eglantyne/simulation/install/ros2_control_demo_example_2/share/ros2_control_demo_example_2/package.dsv'
[1.039s] INFO:colcon.colcon_core.shell:Creating package script '/home/hibiki/Robomech_HR/Eglantyne/simulation/install/ros2_control_demo_example_2/share/ros2_control_demo_example_2/package.sh'
[1.039s] INFO:colcon.colcon_core.shell:Creating package script '/home/hibiki/Robomech_HR/Eglantyne/simulation/install/ros2_control_demo_example_2/share/ros2_control_demo_example_2/package.bash'
[1.040s] INFO:colcon.colcon_core.shell:Creating package script '/home/hibiki/Robomech_HR/Eglantyne/simulation/install/ros2_control_demo_example_2/share/ros2_control_demo_example_2/package.zsh'
[1.040s] Level 1:colcon.colcon_core.environment:create_file_with_runtime_dependencies(/home/hibiki/Robomech_HR/Eglantyne/simulation/install/ros2_control_demo_example_2/share/colcon-core/packages/ros2_control_demo_example_2)
[1.044s] Level 1:colcon.colcon_core.environment:create_environment_scripts_only(ros2_control_demo_example_5)
[1.044s] Level 1:colcon.colcon_core.environment:checking '/home/hibiki/Robomech_HR/Eglantyne/simulation/install/ros2_control_demo_example_5' for CMake module files
[1.044s] DEBUG:colcon.colcon_core.event_handler.log_command:Invoking command in '/home/hibiki/Robomech_HR/Eglantyne/simulation/build/ros2_control_demo_example_8': AMENT_PREFIX_PATH=/home/hibiki/Robomech_HR/Eglantyne/simulation/install/ros2_control_demo_testing:/home/hibiki/Robomech_HR/Eglantyne/simulation/install/simple_sim:/home/hibiki/Robomech_HR/Eglantyne/simulation/install/ros2_control_demos:/home/hibiki/Robomech_HR/Eglantyne/simulation/install/ros2_control_demo_example_9:/home/hibiki/Robomech_HR/Eglantyne/simulation/install/ros2_control_demo_example_8:/home/hibiki/Robomech_HR/Eglantyne/simulation/install/ros2_control_demo_example_7:/home/hibiki/Robomech_HR/Eglantyne/simulation/install/ros2_control_demo_example_6:/home/hibiki/Robomech_HR/Eglantyne/simulation/install/ros2_control_demo_example_15:/home/hibiki/Robomech_HR/Eglantyne/simulation/install/ros2_control_demo_example_5:/home/hibiki/Robomech_HR/Eglantyne/simulation/install/ros2_control_demo_example_4:/home/hibiki/Robomech_HR/Eglantyne/simulation/install/ros2_control_demo_example_3:/home/hibiki/Robomech_HR/Eglantyne/simulation/install/ros2_control_demo_example_2:/home/hibiki/Robomech_HR/Eglantyne/simulation/install/ros2_control_demo_example_14:/home/hibiki/Robomech_HR/Eglantyne/simulation/install/ros2_control_demo_example_12:/home/hibiki/Robomech_HR/Eglantyne/simulation/install/ros2_control_demo_example_11:/home/hibiki/Robomech_HR/Eglantyne/simulation/install/ros2_control_demo_example_10:/home/hibiki/Robomech_HR/Eglantyne/simulation/install/ros2_control_demo_example_1:/home/hibiki/Robomech_HR/Eglantyne/simulation/install/ros2_control_demo_description:/home/hibiki/Robomech_HR/Eglantyne/simulation/install/gazebo_ros2_control_demos:/home/hibiki/Robomech_HR/Eglantyne/simulation/install/champ_teleop:/home/hibiki/Robomech_HR/Eglantyne/simulation/install/champ_navigation:/home/hibiki/Robomech_HR/Eglantyne/simulation/install/champ_gazebo:/home/hibiki/Robomech_HR/Eglantyne/simulation/install/champ_bringup:/home/hibiki/Robomech_HR/Eglantyne/simulation/install/champ_base:/home/hibiki/Robomech_HR/Eglantyne/simulation/install/champ_msgs:/home/hibiki/Robomech_HR/Eglantyne/simulation/install/champ_description:/home/hibiki/Robomech_HR/Eglantyne/simulation/install/champ_config:/home/hibiki/Robomech_HR/Eglantyne/simulation/install/champ:/home/hibiki/Robomech_HR/Eglantyne/microros/ros2_pub_test/install/vel_pub:/opt/ros/humble CMAKE_PREFIX_PATH=/home/hibiki/Robomech_HR/Eglantyne/simulation/install/ros2_control_demo_description:/home/hibiki/Robomech_HR/Eglantyne/simulation/install/simple_sim:/home/hibiki/Robomech_HR/Eglantyne/simulation/install/ros2_control_demos:/home/hibiki/Robomech_HR/Eglantyne/simulation/install/ros2_control_demo_example_9:/home/hibiki/Robomech_HR/Eglantyne/simulation/install/ros2_control_demo_example_8:/home/hibiki/Robomech_HR/Eglantyne/simulation/install/ros2_control_demo_example_7:/home/hibiki/Robomech_HR/Eglantyne/simulation/install/ros2_control_demo_example_6:/home/hibiki/Robomech_HR/Eglantyne/simulation/install/ros2_control_demo_example_15:/home/hibiki/Robomech_HR/Eglantyne/simulation/install/ros2_control_demo_example_5:/home/hibiki/Robomech_HR/Eglantyne/simulation/install/ros2_control_demo_example_4:/home/hibiki/Robomech_HR/Eglantyne/simulation/install/ros2_control_demo_example_3:/home/hibiki/Robomech_HR/Eglantyne/simulation/install/ros2_control_demo_example_2:/home/hibiki/Robomech_HR/Eglantyne/simulation/install/ros2_control_demo_example_14:/home/hibiki/Robomech_HR/Eglantyne/simulation/install/ros2_control_demo_example_12:/home/hibiki/Robomech_HR/Eglantyne/simulation/install/ros2_control_demo_example_11:/home/hibiki/Robomech_HR/Eglantyne/simulation/install/ros2_control_demo_example_10:/home/hibiki/Robomech_HR/Eglantyne/simulation/install/ros2_control_demo_example_1:/home/hibiki/Robomech_HR/Eglantyne/simulation/install/gazebo_ros2_control_demos:/home/hibiki/Robomech_HR/Eglantyne/simulation/install/champ_teleop:/home/hibiki/Robomech_HR/Eglantyne/simulation/install/champ_navigation:/home/hibiki/Robomech_HR/Eglantyne/simulation/install/champ_gazebo:/home/hibiki/Robomech_HR/Eglantyne/simulation/install/champ_bringup:/home/hibiki/Robomech_HR/Eglantyne/simulation/install/champ_base:/home/hibiki/Robomech_HR/Eglantyne/simulation/install/champ_msgs:/home/hibiki/Robomech_HR/Eglantyne/simulation/install/champ_description:/home/hibiki/Robomech_HR/Eglantyne/simulation/install/champ_config:/home/hibiki/Robomech_HR/Eglantyne/simulation/install/ros2_control_demo_testing:/opt/ros/humble:/home/hibiki/Robomech_HR/Eglantyne/simulation/install/champ:/home/hibiki/Robomech_HR/Eglantyne/microros/ros2_pub_test/install/vel_pub PYTHONPATH=/home/hibiki/Robomech_HR/Eglantyne/simulation/install/ros2_control_demo_testing/lib/python3.10/site-packages:/home/hibiki/Robomech_HR/Eglantyne/simulation/install/simple_sim/lib/python3.10/site-packages:/home/hibiki/Robomech_HR/Eglantyne/simulation/install/champ_bringup/lib/python3.10/site-packages:/home/hibiki/Robomech_HR/Eglantyne/simulation/install/champ_msgs/lib/python3.10/site-packages:/opt/ros/humble/lib/python3.10/site-packages:/opt/ros/humble/local/lib/python3.10/dist-packages /usr/bin/cmake --install /home/hibiki/Robomech_HR/Eglantyne/simulation/build/ros2_control_demo_example_8
[1.045s] Level 1:colcon.colcon_core.environment:checking '/home/hibiki/Robomech_HR/Eglantyne/simulation/install/ros2_control_demo_example_5' for CMake config files
[1.046s] DEBUG:colcon.colcon_core.event_handler.log_command:Invoking command in '/home/hibiki/Robomech_HR/Eglantyne/simulation/build/ros2_control_demo_example_7': AMENT_PREFIX_PATH=/home/hibiki/Robomech_HR/Eglantyne/simulation/install/ros2_control_demo_testing:/home/hibiki/Robomech_HR/Eglantyne/simulation/install/simple_sim:/home/hibiki/Robomech_HR/Eglantyne/simulation/install/ros2_control_demos:/home/hibiki/Robomech_HR/Eglantyne/simulation/install/ros2_control_demo_example_9:/home/hibiki/Robomech_HR/Eglantyne/simulation/install/ros2_control_demo_example_8:/home/hibiki/Robomech_HR/Eglantyne/simulation/install/ros2_control_demo_example_7:/home/hibiki/Robomech_HR/Eglantyne/simulation/install/ros2_control_demo_example_6:/home/hibiki/Robomech_HR/Eglantyne/simulation/install/ros2_control_demo_example_15:/home/hibiki/Robomech_HR/Eglantyne/simulation/install/ros2_control_demo_example_5:/home/hibiki/Robomech_HR/Eglantyne/simulation/install/ros2_control_demo_example_4:/home/hibiki/Robomech_HR/Eglantyne/simulation/install/ros2_control_demo_example_3:/home/hibiki/Robomech_HR/Eglantyne/simulation/install/ros2_control_demo_example_2:/home/hibiki/Robomech_HR/Eglantyne/simulation/install/ros2_control_demo_example_14:/home/hibiki/Robomech_HR/Eglantyne/simulation/install/ros2_control_demo_example_12:/home/hibiki/Robomech_HR/Eglantyne/simulation/install/ros2_control_demo_example_11:/home/hibiki/Robomech_HR/Eglantyne/simulation/install/ros2_control_demo_example_10:/home/hibiki/Robomech_HR/Eglantyne/simulation/install/ros2_control_demo_example_1:/home/hibiki/Robomech_HR/Eglantyne/simulation/install/ros2_control_demo_description:/home/hibiki/Robomech_HR/Eglantyne/simulation/install/gazebo_ros2_control_demos:/home/hibiki/Robomech_HR/Eglantyne/simulation/install/champ_teleop:/home/hibiki/Robomech_HR/Eglantyne/simulation/install/champ_navigation:/home/hibiki/Robomech_HR/Eglantyne/simulation/install/champ_gazebo:/home/hibiki/Robomech_HR/Eglantyne/simulation/install/champ_bringup:/home/hibiki/Robomech_HR/Eglantyne/simulation/install/champ_base:/home/hibiki/Robomech_HR/Eglantyne/simulation/install/champ_msgs:/home/hibiki/Robomech_HR/Eglantyne/simulation/install/champ_description:/home/hibiki/Robomech_HR/Eglantyne/simulation/install/champ_config:/home/hibiki/Robomech_HR/Eglantyne/simulation/install/champ:/home/hibiki/Robomech_HR/Eglantyne/microros/ros2_pub_test/install/vel_pub:/opt/ros/humble CMAKE_PREFIX_PATH=/home/hibiki/Robomech_HR/Eglantyne/simulation/install/ros2_control_demo_description:/home/hibiki/Robomech_HR/Eglantyne/simulation/install/simple_sim:/home/hibiki/Robomech_HR/Eglantyne/simulation/install/ros2_control_demos:/home/hibiki/Robomech_HR/Eglantyne/simulation/install/ros2_control_demo_example_9:/home/hibiki/Robomech_HR/Eglantyne/simulation/install/ros2_control_demo_example_8:/home/hibiki/Robomech_HR/Eglantyne/simulation/install/ros2_control_demo_example_7:/home/hibiki/Robomech_HR/Eglantyne/simulation/install/ros2_control_demo_example_6:/home/hibiki/Robomech_HR/Eglantyne/simulation/install/ros2_control_demo_example_15:/home/hibiki/Robomech_HR/Eglantyne/simulation/install/ros2_control_demo_example_5:/home/hibiki/Robomech_HR/Eglantyne/simulation/install/ros2_control_demo_example_4:/home/hibiki/Robomech_HR/Eglantyne/simulation/install/ros2_control_demo_example_3:/home/hibiki/Robomech_HR/Eglantyne/simulation/install/ros2_control_demo_example_2:/home/hibiki/Robomech_HR/Eglantyne/simulation/install/ros2_control_demo_example_14:/home/hibiki/Robomech_HR/Eglantyne/simulation/install/ros2_control_demo_example_12:/home/hibiki/Robomech_HR/Eglantyne/simulation/install/ros2_control_demo_example_11:/home/hibiki/Robomech_HR/Eglantyne/simulation/install/ros2_control_demo_example_10:/home/hibiki/Robomech_HR/Eglantyne/simulation/install/ros2_control_demo_example_1:/home/hibiki/Robomech_HR/Eglantyne/simulation/install/gazebo_ros2_control_demos:/home/hibiki/Robomech_HR/Eglantyne/simulation/install/champ_teleop:/home/hibiki/Robomech_HR/Eglantyne/simulation/install/champ_navigation:/home/hibiki/Robomech_HR/Eglantyne/simulation/install/champ_gazebo:/home/hibiki/Robomech_HR/Eglantyne/simulation/install/champ_bringup:/home/hibiki/Robomech_HR/Eglantyne/simulation/install/champ_base:/home/hibiki/Robomech_HR/Eglantyne/simulation/install/champ_msgs:/home/hibiki/Robomech_HR/Eglantyne/simulation/install/champ_description:/home/hibiki/Robomech_HR/Eglantyne/simulation/install/champ_config:/home/hibiki/Robomech_HR/Eglantyne/simulation/install/ros2_control_demo_testing:/opt/ros/humble:/home/hibiki/Robomech_HR/Eglantyne/simulation/install/champ:/home/hibiki/Robomech_HR/Eglantyne/microros/ros2_pub_test/install/vel_pub PYTHONPATH=/home/hibiki/Robomech_HR/Eglantyne/simulation/install/ros2_control_demo_testing/lib/python3.10/site-packages:/home/hibiki/Robomech_HR/Eglantyne/simulation/install/simple_sim/lib/python3.10/site-packages:/home/hibiki/Robomech_HR/Eglantyne/simulation/install/champ_bringup/lib/python3.10/site-packages:/home/hibiki/Robomech_HR/Eglantyne/simulation/install/champ_msgs/lib/python3.10/site-packages:/opt/ros/humble/lib/python3.10/site-packages:/opt/ros/humble/local/lib/python3.10/dist-packages /usr/bin/cmake --install /home/hibiki/Robomech_HR/Eglantyne/simulation/build/ros2_control_demo_example_7
[1.046s] DEBUG:colcon.colcon_core.event_handler.log_command:Invoked command in '/home/hibiki/Robomech_HR/Eglantyne/simulation/build/ros2_control_demo_example_5' returned '0': AMENT_PREFIX_PATH=/home/hibiki/Robomech_HR/Eglantyne/simulation/install/ros2_control_demo_testing:/home/hibiki/Robomech_HR/Eglantyne/simulation/install/simple_sim:/home/hibiki/Robomech_HR/Eglantyne/simulation/install/ros2_control_demos:/home/hibiki/Robomech_HR/Eglantyne/simulation/install/ros2_control_demo_example_9:/home/hibiki/Robomech_HR/Eglantyne/simulation/install/ros2_control_demo_example_8:/home/hibiki/Robomech_HR/Eglantyne/simulation/install/ros2_control_demo_example_7:/home/hibiki/Robomech_HR/Eglantyne/simulation/install/ros2_control_demo_example_6:/home/hibiki/Robomech_HR/Eglantyne/simulation/install/ros2_control_demo_example_15:/home/hibiki/Robomech_HR/Eglantyne/simulation/install/ros2_control_demo_example_5:/home/hibiki/Robomech_HR/Eglantyne/simulation/install/ros2_control_demo_example_4:/home/hibiki/Robomech_HR/Eglantyne/simulation/install/ros2_control_demo_example_3:/home/hibiki/Robomech_HR/Eglantyne/simulation/install/ros2_control_demo_example_2:/home/hibiki/Robomech_HR/Eglantyne/simulation/install/ros2_control_demo_example_14:/home/hibiki/Robomech_HR/Eglantyne/simulation/install/ros2_control_demo_example_12:/home/hibiki/Robomech_HR/Eglantyne/simulation/install/ros2_control_demo_example_11:/home/hibiki/Robomech_HR/Eglantyne/simulation/install/ros2_control_demo_example_10:/home/hibiki/Robomech_HR/Eglantyne/simulation/install/ros2_control_demo_example_1:/home/hibiki/Robomech_HR/Eglantyne/simulation/install/ros2_control_demo_description:/home/hibiki/Robomech_HR/Eglantyne/simulation/install/gazebo_ros2_control_demos:/home/hibiki/Robomech_HR/Eglantyne/simulation/install/champ_teleop:/home/hibiki/Robomech_HR/Eglantyne/simulation/install/champ_navigation:/home/hibiki/Robomech_HR/Eglantyne/simulation/install/champ_gazebo:/home/hibiki/Robomech_HR/Eglantyne/simulation/install/champ_bringup:/home/hibiki/Robomech_HR/Eglantyne/simulation/install/champ_base:/home/hibiki/Robomech_HR/Eglantyne/simulation/install/champ_msgs:/home/hibiki/Robomech_HR/Eglantyne/simulation/install/champ_description:/home/hibiki/Robomech_HR/Eglantyne/simulation/install/champ_config:/home/hibiki/Robomech_HR/Eglantyne/simulation/install/champ:/home/hibiki/Robomech_HR/Eglantyne/microros/ros2_pub_test/install/vel_pub:/opt/ros/humble CMAKE_PREFIX_PATH=/home/hibiki/Robomech_HR/Eglantyne/simulation/install/ros2_control_demo_description:/home/hibiki/Robomech_HR/Eglantyne/simulation/install/simple_sim:/home/hibiki/Robomech_HR/Eglantyne/simulation/install/ros2_control_demos:/home/hibiki/Robomech_HR/Eglantyne/simulation/install/ros2_control_demo_example_9:/home/hibiki/Robomech_HR/Eglantyne/simulation/install/ros2_control_demo_example_8:/home/hibiki/Robomech_HR/Eglantyne/simulation/install/ros2_control_demo_example_7:/home/hibiki/Robomech_HR/Eglantyne/simulation/install/ros2_control_demo_example_6:/home/hibiki/Robomech_HR/Eglantyne/simulation/install/ros2_control_demo_example_15:/home/hibiki/Robomech_HR/Eglantyne/simulation/install/ros2_control_demo_example_5:/home/hibiki/Robomech_HR/Eglantyne/simulation/install/ros2_control_demo_example_4:/home/hibiki/Robomech_HR/Eglantyne/simulation/install/ros2_control_demo_example_3:/home/hibiki/Robomech_HR/Eglantyne/simulation/install/ros2_control_demo_example_2:/home/hibiki/Robomech_HR/Eglantyne/simulation/install/ros2_control_demo_example_14:/home/hibiki/Robomech_HR/Eglantyne/simulation/install/ros2_control_demo_example_12:/home/hibiki/Robomech_HR/Eglantyne/simulation/install/ros2_control_demo_example_11:/home/hibiki/Robomech_HR/Eglantyne/simulation/install/ros2_control_demo_example_10:/home/hibiki/Robomech_HR/Eglantyne/simulation/install/ros2_control_demo_example_1:/home/hibiki/Robomech_HR/Eglantyne/simulation/install/gazebo_ros2_control_demos:/home/hibiki/Robomech_HR/Eglantyne/simulation/install/champ_teleop:/home/hibiki/Robomech_HR/Eglantyne/simulation/install/champ_navigation:/home/hibiki/Robomech_HR/Eglantyne/simulation/install/champ_gazebo:/home/hibiki/Robomech_HR/Eglantyne/simulation/install/champ_bringup:/home/hibiki/Robomech_HR/Eglantyne/simulation/install/champ_base:/home/hibiki/Robomech_HR/Eglantyne/simulation/install/champ_msgs:/home/hibiki/Robomech_HR/Eglantyne/simulation/install/champ_description:/home/hibiki/Robomech_HR/Eglantyne/simulation/install/champ_config:/home/hibiki/Robomech_HR/Eglantyne/simulation/install/ros2_control_demo_testing:/opt/ros/humble:/home/hibiki/Robomech_HR/Eglantyne/simulation/install/champ:/home/hibiki/Robomech_HR/Eglantyne/microros/ros2_pub_test/install/vel_pub PYTHONPATH=/home/hibiki/Robomech_HR/Eglantyne/simulation/install/ros2_control_demo_testing/lib/python3.10/site-packages:/home/hibiki/Robomech_HR/Eglantyne/simulation/install/simple_sim/lib/python3.10/site-packages:/home/hibiki/Robomech_HR/Eglantyne/simulation/install/champ_bringup/lib/python3.10/site-packages:/home/hibiki/Robomech_HR/Eglantyne/simulation/install/champ_msgs/lib/python3.10/site-packages:/opt/ros/humble/lib/python3.10/site-packages:/opt/ros/humble/local/lib/python3.10/dist-packages /usr/bin/cmake --install /home/hibiki/Robomech_HR/Eglantyne/simulation/build/ros2_control_demo_example_5
[1.046s] Level 1:colcon.colcon_core.shell:create_environment_hook('ros2_control_demo_example_5', 'cmake_prefix_path')
[1.046s] INFO:colcon.colcon_core.shell:Creating environment hook '/home/hibiki/Robomech_HR/Eglantyne/simulation/install/ros2_control_demo_example_5/share/ros2_control_demo_example_5/hook/cmake_prefix_path.ps1'
[1.047s] INFO:colcon.colcon_core.shell:Creating environment descriptor '/home/hibiki/Robomech_HR/Eglantyne/simulation/install/ros2_control_demo_example_5/share/ros2_control_demo_example_5/hook/cmake_prefix_path.dsv'
[1.047s] INFO:colcon.colcon_core.shell:Creating environment hook '/home/hibiki/Robomech_HR/Eglantyne/simulation/install/ros2_control_demo_example_5/share/ros2_control_demo_example_5/hook/cmake_prefix_path.sh'
[1.047s] Level 1:colcon.colcon_core.environment:checking '/home/hibiki/Robomech_HR/Eglantyne/simulation/install/ros2_control_demo_example_5/lib'
[1.047s] Level 1:colcon.colcon_core.shell:create_environment_hook('ros2_control_demo_example_5', 'ld_library_path_lib')
[1.047s] INFO:colcon.colcon_core.shell:Creating environment hook '/home/hibiki/Robomech_HR/Eglantyne/simulation/install/ros2_control_demo_example_5/share/ros2_control_demo_example_5/hook/ld_library_path_lib.ps1'
[1.048s] INFO:colcon.colcon_core.shell:Creating environment descriptor '/home/hibiki/Robomech_HR/Eglantyne/simulation/install/ros2_control_demo_example_5/share/ros2_control_demo_example_5/hook/ld_library_path_lib.dsv'
[1.048s] INFO:colcon.colcon_core.shell:Creating environment hook '/home/hibiki/Robomech_HR/Eglantyne/simulation/install/ros2_control_demo_example_5/share/ros2_control_demo_example_5/hook/ld_library_path_lib.sh'
[1.048s] Level 1:colcon.colcon_core.environment:checking '/home/hibiki/Robomech_HR/Eglantyne/simulation/install/ros2_control_demo_example_5/bin'
[1.048s] Level 1:colcon.colcon_core.environment:checking '/home/hibiki/Robomech_HR/Eglantyne/simulation/install/ros2_control_demo_example_5/lib/pkgconfig/ros2_control_demo_example_5.pc'
[1.048s] Level 1:colcon.colcon_core.environment:checking '/home/hibiki/Robomech_HR/Eglantyne/simulation/install/ros2_control_demo_example_5/lib/python3.10/site-packages'
[1.048s] Level 1:colcon.colcon_core.environment:checking '/home/hibiki/Robomech_HR/Eglantyne/simulation/install/ros2_control_demo_example_5/bin'
[1.049s] INFO:colcon.colcon_core.shell:Creating package script '/home/hibiki/Robomech_HR/Eglantyne/simulation/install/ros2_control_demo_example_5/share/ros2_control_demo_example_5/package.ps1'
[1.049s] INFO:colcon.colcon_core.shell:Creating package descriptor '/home/hibiki/Robomech_HR/Eglantyne/simulation/install/ros2_control_demo_example_5/share/ros2_control_demo_example_5/package.dsv'
[1.049s] INFO:colcon.colcon_core.shell:Creating package script '/home/hibiki/Robomech_HR/Eglantyne/simulation/install/ros2_control_demo_example_5/share/ros2_control_demo_example_5/package.sh'
[1.049s] INFO:colcon.colcon_core.shell:Creating package script '/home/hibiki/Robomech_HR/Eglantyne/simulation/install/ros2_control_demo_example_5/share/ros2_control_demo_example_5/package.bash'
[1.050s] INFO:colcon.colcon_core.shell:Creating package script '/home/hibiki/Robomech_HR/Eglantyne/simulation/install/ros2_control_demo_example_5/share/ros2_control_demo_example_5/package.zsh'
[1.050s] Level 1:colcon.colcon_core.environment:create_file_with_runtime_dependencies(/home/hibiki/Robomech_HR/Eglantyne/simulation/install/ros2_control_demo_example_5/share/colcon-core/packages/ros2_control_demo_example_5)
[1.051s] Level 1:colcon.colcon_core.environment:create_environment_scripts_only(ros2_control_demo_example_3)
[1.051s] Level 1:colcon.colcon_core.environment:checking '/home/hibiki/Robomech_HR/Eglantyne/simulation/install/ros2_control_demo_example_3' for CMake module files
[1.051s] DEBUG:colcon.colcon_core.event_handler.log_command:Invoked command in '/home/hibiki/Robomech_HR/Eglantyne/simulation/build/ros2_control_demo_example_3' returned '0': AMENT_PREFIX_PATH=/home/hibiki/Robomech_HR/Eglantyne/simulation/install/ros2_control_demo_testing:/home/hibiki/Robomech_HR/Eglantyne/simulation/install/simple_sim:/home/hibiki/Robomech_HR/Eglantyne/simulation/install/ros2_control_demos:/home/hibiki/Robomech_HR/Eglantyne/simulation/install/ros2_control_demo_example_9:/home/hibiki/Robomech_HR/Eglantyne/simulation/install/ros2_control_demo_example_8:/home/hibiki/Robomech_HR/Eglantyne/simulation/install/ros2_control_demo_example_7:/home/hibiki/Robomech_HR/Eglantyne/simulation/install/ros2_control_demo_example_6:/home/hibiki/Robomech_HR/Eglantyne/simulation/install/ros2_control_demo_example_15:/home/hibiki/Robomech_HR/Eglantyne/simulation/install/ros2_control_demo_example_5:/home/hibiki/Robomech_HR/Eglantyne/simulation/install/ros2_control_demo_example_4:/home/hibiki/Robomech_HR/Eglantyne/simulation/install/ros2_control_demo_example_3:/home/hibiki/Robomech_HR/Eglantyne/simulation/install/ros2_control_demo_example_2:/home/hibiki/Robomech_HR/Eglantyne/simulation/install/ros2_control_demo_example_14:/home/hibiki/Robomech_HR/Eglantyne/simulation/install/ros2_control_demo_example_12:/home/hibiki/Robomech_HR/Eglantyne/simulation/install/ros2_control_demo_example_11:/home/hibiki/Robomech_HR/Eglantyne/simulation/install/ros2_control_demo_example_10:/home/hibiki/Robomech_HR/Eglantyne/simulation/install/ros2_control_demo_example_1:/home/hibiki/Robomech_HR/Eglantyne/simulation/install/ros2_control_demo_description:/home/hibiki/Robomech_HR/Eglantyne/simulation/install/gazebo_ros2_control_demos:/home/hibiki/Robomech_HR/Eglantyne/simulation/install/champ_teleop:/home/hibiki/Robomech_HR/Eglantyne/simulation/install/champ_navigation:/home/hibiki/Robomech_HR/Eglantyne/simulation/install/champ_gazebo:/home/hibiki/Robomech_HR/Eglantyne/simulation/install/champ_bringup:/home/hibiki/Robomech_HR/Eglantyne/simulation/install/champ_base:/home/hibiki/Robomech_HR/Eglantyne/simulation/install/champ_msgs:/home/hibiki/Robomech_HR/Eglantyne/simulation/install/champ_description:/home/hibiki/Robomech_HR/Eglantyne/simulation/install/champ_config:/home/hibiki/Robomech_HR/Eglantyne/simulation/install/champ:/home/hibiki/Robomech_HR/Eglantyne/microros/ros2_pub_test/install/vel_pub:/opt/ros/humble CMAKE_PREFIX_PATH=/home/hibiki/Robomech_HR/Eglantyne/simulation/install/ros2_control_demo_description:/home/hibiki/Robomech_HR/Eglantyne/simulation/install/simple_sim:/home/hibiki/Robomech_HR/Eglantyne/simulation/install/ros2_control_demos:/home/hibiki/Robomech_HR/Eglantyne/simulation/install/ros2_control_demo_example_9:/home/hibiki/Robomech_HR/Eglantyne/simulation/install/ros2_control_demo_example_8:/home/hibiki/Robomech_HR/Eglantyne/simulation/install/ros2_control_demo_example_7:/home/hibiki/Robomech_HR/Eglantyne/simulation/install/ros2_control_demo_example_6:/home/hibiki/Robomech_HR/Eglantyne/simulation/install/ros2_control_demo_example_15:/home/hibiki/Robomech_HR/Eglantyne/simulation/install/ros2_control_demo_example_5:/home/hibiki/Robomech_HR/Eglantyne/simulation/install/ros2_control_demo_example_4:/home/hibiki/Robomech_HR/Eglantyne/simulation/install/ros2_control_demo_example_3:/home/hibiki/Robomech_HR/Eglantyne/simulation/install/ros2_control_demo_example_2:/home/hibiki/Robomech_HR/Eglantyne/simulation/install/ros2_control_demo_example_14:/home/hibiki/Robomech_HR/Eglantyne/simulation/install/ros2_control_demo_example_12:/home/hibiki/Robomech_HR/Eglantyne/simulation/install/ros2_control_demo_example_11:/home/hibiki/Robomech_HR/Eglantyne/simulation/install/ros2_control_demo_example_10:/home/hibiki/Robomech_HR/Eglantyne/simulation/install/ros2_control_demo_example_1:/home/hibiki/Robomech_HR/Eglantyne/simulation/install/gazebo_ros2_control_demos:/home/hibiki/Robomech_HR/Eglantyne/simulation/install/champ_teleop:/home/hibiki/Robomech_HR/Eglantyne/simulation/install/champ_navigation:/home/hibiki/Robomech_HR/Eglantyne/simulation/install/champ_gazebo:/home/hibiki/Robomech_HR/Eglantyne/simulation/install/champ_bringup:/home/hibiki/Robomech_HR/Eglantyne/simulation/install/champ_base:/home/hibiki/Robomech_HR/Eglantyne/simulation/install/champ_msgs:/home/hibiki/Robomech_HR/Eglantyne/simulation/install/champ_description:/home/hibiki/Robomech_HR/Eglantyne/simulation/install/champ_config:/home/hibiki/Robomech_HR/Eglantyne/simulation/install/ros2_control_demo_testing:/opt/ros/humble:/home/hibiki/Robomech_HR/Eglantyne/simulation/install/champ:/home/hibiki/Robomech_HR/Eglantyne/microros/ros2_pub_test/install/vel_pub PYTHONPATH=/home/hibiki/Robomech_HR/Eglantyne/simulation/install/ros2_control_demo_testing/lib/python3.10/site-packages:/home/hibiki/Robomech_HR/Eglantyne/simulation/install/simple_sim/lib/python3.10/site-packages:/home/hibiki/Robomech_HR/Eglantyne/simulation/install/champ_bringup/lib/python3.10/site-packages:/home/hibiki/Robomech_HR/Eglantyne/simulation/install/champ_msgs/lib/python3.10/site-packages:/opt/ros/humble/lib/python3.10/site-packages:/opt/ros/humble/local/lib/python3.10/dist-packages /usr/bin/cmake --install /home/hibiki/Robomech_HR/Eglantyne/simulation/build/ros2_control_demo_example_3
[1.051s] Level 1:colcon.colcon_core.environment:checking '/home/hibiki/Robomech_HR/Eglantyne/simulation/install/ros2_control_demo_example_3' for CMake config files
[1.051s] Level 1:colcon.colcon_core.shell:create_environment_hook('ros2_control_demo_example_3', 'cmake_prefix_path')
[1.052s] INFO:colcon.colcon_core.shell:Creating environment hook '/home/hibiki/Robomech_HR/Eglantyne/simulation/install/ros2_control_demo_example_3/share/ros2_control_demo_example_3/hook/cmake_prefix_path.ps1'
[1.052s] INFO:colcon.colcon_core.shell:Creating environment descriptor '/home/hibiki/Robomech_HR/Eglantyne/simulation/install/ros2_control_demo_example_3/share/ros2_control_demo_example_3/hook/cmake_prefix_path.dsv'
[1.053s] INFO:colcon.colcon_core.shell:Creating environment hook '/home/hibiki/Robomech_HR/Eglantyne/simulation/install/ros2_control_demo_example_3/share/ros2_control_demo_example_3/hook/cmake_prefix_path.sh'
[1.053s] Level 1:colcon.colcon_core.environment:checking '/home/hibiki/Robomech_HR/Eglantyne/simulation/install/ros2_control_demo_example_3/lib'
[1.053s] Level 1:colcon.colcon_core.shell:create_environment_hook('ros2_control_demo_example_3', 'ld_library_path_lib')
[1.053s] INFO:colcon.colcon_core.shell:Creating environment hook '/home/hibiki/Robomech_HR/Eglantyne/simulation/install/ros2_control_demo_example_3/share/ros2_control_demo_example_3/hook/ld_library_path_lib.ps1'
[1.054s] INFO:colcon.colcon_core.shell:Creating environment descriptor '/home/hibiki/Robomech_HR/Eglantyne/simulation/install/ros2_control_demo_example_3/share/ros2_control_demo_example_3/hook/ld_library_path_lib.dsv'
[1.054s] INFO:colcon.colcon_core.shell:Creating environment hook '/home/hibiki/Robomech_HR/Eglantyne/simulation/install/ros2_control_demo_example_3/share/ros2_control_demo_example_3/hook/ld_library_path_lib.sh'
[1.054s] Level 1:colcon.colcon_core.environment:checking '/home/hibiki/Robomech_HR/Eglantyne/simulation/install/ros2_control_demo_example_3/bin'
[1.054s] Level 1:colcon.colcon_core.environment:checking '/home/hibiki/Robomech_HR/Eglantyne/simulation/install/ros2_control_demo_example_3/lib/pkgconfig/ros2_control_demo_example_3.pc'
[1.055s] Level 1:colcon.colcon_core.environment:checking '/home/hibiki/Robomech_HR/Eglantyne/simulation/install/ros2_control_demo_example_3/lib/python3.10/site-packages'
[1.055s] Level 1:colcon.colcon_core.environment:checking '/home/hibiki/Robomech_HR/Eglantyne/simulation/install/ros2_control_demo_example_3/bin'
[1.055s] INFO:colcon.colcon_core.shell:Creating package script '/home/hibiki/Robomech_HR/Eglantyne/simulation/install/ros2_control_demo_example_3/share/ros2_control_demo_example_3/package.ps1'
[1.056s] INFO:colcon.colcon_core.shell:Creating package descriptor '/home/hibiki/Robomech_HR/Eglantyne/simulation/install/ros2_control_demo_example_3/share/ros2_control_demo_example_3/package.dsv'
[1.057s] INFO:colcon.colcon_core.shell:Creating package script '/home/hibiki/Robomech_HR/Eglantyne/simulation/install/ros2_control_demo_example_3/share/ros2_control_demo_example_3/package.sh'
[1.057s] INFO:colcon.colcon_core.shell:Creating package script '/home/hibiki/Robomech_HR/Eglantyne/simulation/install/ros2_control_demo_example_3/share/ros2_control_demo_example_3/package.bash'
[1.057s] INFO:colcon.colcon_core.shell:Creating package script '/home/hibiki/Robomech_HR/Eglantyne/simulation/install/ros2_control_demo_example_3/share/ros2_control_demo_example_3/package.zsh'
[1.058s] Level 1:colcon.colcon_core.environment:create_file_with_runtime_dependencies(/home/hibiki/Robomech_HR/Eglantyne/simulation/install/ros2_control_demo_example_3/share/colcon-core/packages/ros2_control_demo_example_3)
[1.059s] Level 1:colcon.colcon_core.environment:create_environment_scripts_only(ros2_control_demo_example_14)
[1.059s] Level 1:colcon.colcon_core.environment:checking '/home/hibiki/Robomech_HR/Eglantyne/simulation/install/ros2_control_demo_example_14' for CMake module files
[1.059s] DEBUG:colcon.colcon_core.event_handler.log_command:Invoked command in '/home/hibiki/Robomech_HR/Eglantyne/simulation/build/ros2_control_demo_example_14' returned '0': AMENT_PREFIX_PATH=/home/hibiki/Robomech_HR/Eglantyne/simulation/install/ros2_control_demo_testing:/home/hibiki/Robomech_HR/Eglantyne/simulation/install/simple_sim:/home/hibiki/Robomech_HR/Eglantyne/simulation/install/ros2_control_demos:/home/hibiki/Robomech_HR/Eglantyne/simulation/install/ros2_control_demo_example_9:/home/hibiki/Robomech_HR/Eglantyne/simulation/install/ros2_control_demo_example_8:/home/hibiki/Robomech_HR/Eglantyne/simulation/install/ros2_control_demo_example_7:/home/hibiki/Robomech_HR/Eglantyne/simulation/install/ros2_control_demo_example_6:/home/hibiki/Robomech_HR/Eglantyne/simulation/install/ros2_control_demo_example_15:/home/hibiki/Robomech_HR/Eglantyne/simulation/install/ros2_control_demo_example_5:/home/hibiki/Robomech_HR/Eglantyne/simulation/install/ros2_control_demo_example_4:/home/hibiki/Robomech_HR/Eglantyne/simulation/install/ros2_control_demo_example_3:/home/hibiki/Robomech_HR/Eglantyne/simulation/install/ros2_control_demo_example_2:/home/hibiki/Robomech_HR/Eglantyne/simulation/install/ros2_control_demo_example_14:/home/hibiki/Robomech_HR/Eglantyne/simulation/install/ros2_control_demo_example_12:/home/hibiki/Robomech_HR/Eglantyne/simulation/install/ros2_control_demo_example_11:/home/hibiki/Robomech_HR/Eglantyne/simulation/install/ros2_control_demo_example_10:/home/hibiki/Robomech_HR/Eglantyne/simulation/install/ros2_control_demo_example_1:/home/hibiki/Robomech_HR/Eglantyne/simulation/install/ros2_control_demo_description:/home/hibiki/Robomech_HR/Eglantyne/simulation/install/gazebo_ros2_control_demos:/home/hibiki/Robomech_HR/Eglantyne/simulation/install/champ_teleop:/home/hibiki/Robomech_HR/Eglantyne/simulation/install/champ_navigation:/home/hibiki/Robomech_HR/Eglantyne/simulation/install/champ_gazebo:/home/hibiki/Robomech_HR/Eglantyne/simulation/install/champ_bringup:/home/hibiki/Robomech_HR/Eglantyne/simulation/install/champ_base:/home/hibiki/Robomech_HR/Eglantyne/simulation/install/champ_msgs:/home/hibiki/Robomech_HR/Eglantyne/simulation/install/champ_description:/home/hibiki/Robomech_HR/Eglantyne/simulation/install/champ_config:/home/hibiki/Robomech_HR/Eglantyne/simulation/install/champ:/home/hibiki/Robomech_HR/Eglantyne/microros/ros2_pub_test/install/vel_pub:/opt/ros/humble CMAKE_PREFIX_PATH=/home/hibiki/Robomech_HR/Eglantyne/simulation/install/ros2_control_demo_description:/home/hibiki/Robomech_HR/Eglantyne/simulation/install/simple_sim:/home/hibiki/Robomech_HR/Eglantyne/simulation/install/ros2_control_demos:/home/hibiki/Robomech_HR/Eglantyne/simulation/install/ros2_control_demo_example_9:/home/hibiki/Robomech_HR/Eglantyne/simulation/install/ros2_control_demo_example_8:/home/hibiki/Robomech_HR/Eglantyne/simulation/install/ros2_control_demo_example_7:/home/hibiki/Robomech_HR/Eglantyne/simulation/install/ros2_control_demo_example_6:/home/hibiki/Robomech_HR/Eglantyne/simulation/install/ros2_control_demo_example_15:/home/hibiki/Robomech_HR/Eglantyne/simulation/install/ros2_control_demo_example_5:/home/hibiki/Robomech_HR/Eglantyne/simulation/install/ros2_control_demo_example_4:/home/hibiki/Robomech_HR/Eglantyne/simulation/install/ros2_control_demo_example_3:/home/hibiki/Robomech_HR/Eglantyne/simulation/install/ros2_control_demo_example_2:/home/hibiki/Robomech_HR/Eglantyne/simulation/install/ros2_control_demo_example_14:/home/hibiki/Robomech_HR/Eglantyne/simulation/install/ros2_control_demo_example_12:/home/hibiki/Robomech_HR/Eglantyne/simulation/install/ros2_control_demo_example_11:/home/hibiki/Robomech_HR/Eglantyne/simulation/install/ros2_control_demo_example_10:/home/hibiki/Robomech_HR/Eglantyne/simulation/install/ros2_control_demo_example_1:/home/hibiki/Robomech_HR/Eglantyne/simulation/install/gazebo_ros2_control_demos:/home/hibiki/Robomech_HR/Eglantyne/simulation/install/champ_teleop:/home/hibiki/Robomech_HR/Eglantyne/simulation/install/champ_navigation:/home/hibiki/Robomech_HR/Eglantyne/simulation/install/champ_gazebo:/home/hibiki/Robomech_HR/Eglantyne/simulation/install/champ_bringup:/home/hibiki/Robomech_HR/Eglantyne/simulation/install/champ_base:/home/hibiki/Robomech_HR/Eglantyne/simulation/install/champ_msgs:/home/hibiki/Robomech_HR/Eglantyne/simulation/install/champ_description:/home/hibiki/Robomech_HR/Eglantyne/simulation/install/champ_config:/home/hibiki/Robomech_HR/Eglantyne/simulation/install/ros2_control_demo_testing:/opt/ros/humble:/home/hibiki/Robomech_HR/Eglantyne/simulation/install/champ:/home/hibiki/Robomech_HR/Eglantyne/microros/ros2_pub_test/install/vel_pub PYTHONPATH=/home/hibiki/Robomech_HR/Eglantyne/simulation/install/ros2_control_demo_testing/lib/python3.10/site-packages:/home/hibiki/Robomech_HR/Eglantyne/simulation/install/simple_sim/lib/python3.10/site-packages:/home/hibiki/Robomech_HR/Eglantyne/simulation/install/champ_bringup/lib/python3.10/site-packages:/home/hibiki/Robomech_HR/Eglantyne/simulation/install/champ_msgs/lib/python3.10/site-packages:/opt/ros/humble/lib/python3.10/site-packages:/opt/ros/humble/local/lib/python3.10/dist-packages /usr/bin/cmake --install /home/hibiki/Robomech_HR/Eglantyne/simulation/build/ros2_control_demo_example_14
[1.060s] Level 1:colcon.colcon_core.environment:checking '/home/hibiki/Robomech_HR/Eglantyne/simulation/install/ros2_control_demo_example_14' for CMake config files
[1.060s] Level 1:colcon.colcon_core.shell:create_environment_hook('ros2_control_demo_example_14', 'cmake_prefix_path')
[1.060s] INFO:colcon.colcon_core.shell:Creating environment hook '/home/hibiki/Robomech_HR/Eglantyne/simulation/install/ros2_control_demo_example_14/share/ros2_control_demo_example_14/hook/cmake_prefix_path.ps1'
[1.061s] INFO:colcon.colcon_core.shell:Creating environment descriptor '/home/hibiki/Robomech_HR/Eglantyne/simulation/install/ros2_control_demo_example_14/share/ros2_control_demo_example_14/hook/cmake_prefix_path.dsv'
[1.061s] INFO:colcon.colcon_core.shell:Creating environment hook '/home/hibiki/Robomech_HR/Eglantyne/simulation/install/ros2_control_demo_example_14/share/ros2_control_demo_example_14/hook/cmake_prefix_path.sh'
[1.061s] Level 1:colcon.colcon_core.environment:checking '/home/hibiki/Robomech_HR/Eglantyne/simulation/install/ros2_control_demo_example_14/lib'
[1.062s] Level 1:colcon.colcon_core.shell:create_environment_hook('ros2_control_demo_example_14', 'ld_library_path_lib')
[1.062s] INFO:colcon.colcon_core.shell:Creating environment hook '/home/hibiki/Robomech_HR/Eglantyne/simulation/install/ros2_control_demo_example_14/share/ros2_control_demo_example_14/hook/ld_library_path_lib.ps1'
[1.062s] INFO:colcon.colcon_core.shell:Creating environment descriptor '/home/hibiki/Robomech_HR/Eglantyne/simulation/install/ros2_control_demo_example_14/share/ros2_control_demo_example_14/hook/ld_library_path_lib.dsv'
[1.062s] INFO:colcon.colcon_core.shell:Creating environment hook '/home/hibiki/Robomech_HR/Eglantyne/simulation/install/ros2_control_demo_example_14/share/ros2_control_demo_example_14/hook/ld_library_path_lib.sh'
[1.063s] Level 1:colcon.colcon_core.environment:checking '/home/hibiki/Robomech_HR/Eglantyne/simulation/install/ros2_control_demo_example_14/bin'
[1.063s] Level 1:colcon.colcon_core.environment:checking '/home/hibiki/Robomech_HR/Eglantyne/simulation/install/ros2_control_demo_example_14/lib/pkgconfig/ros2_control_demo_example_14.pc'
[1.063s] Level 1:colcon.colcon_core.environment:checking '/home/hibiki/Robomech_HR/Eglantyne/simulation/install/ros2_control_demo_example_14/lib/python3.10/site-packages'
[1.063s] Level 1:colcon.colcon_core.environment:checking '/home/hibiki/Robomech_HR/Eglantyne/simulation/install/ros2_control_demo_example_14/bin'
[1.064s] INFO:colcon.colcon_core.shell:Creating package script '/home/hibiki/Robomech_HR/Eglantyne/simulation/install/ros2_control_demo_example_14/share/ros2_control_demo_example_14/package.ps1'
[1.064s] INFO:colcon.colcon_core.shell:Creating package descriptor '/home/hibiki/Robomech_HR/Eglantyne/simulation/install/ros2_control_demo_example_14/share/ros2_control_demo_example_14/package.dsv'
[1.064s] INFO:colcon.colcon_core.shell:Creating package script '/home/hibiki/Robomech_HR/Eglantyne/simulation/install/ros2_control_demo_example_14/share/ros2_control_demo_example_14/package.sh'
[1.065s] INFO:colcon.colcon_core.shell:Creating package script '/home/hibiki/Robomech_HR/Eglantyne/simulation/install/ros2_control_demo_example_14/share/ros2_control_demo_example_14/package.bash'
[1.065s] INFO:colcon.colcon_core.shell:Creating package script '/home/hibiki/Robomech_HR/Eglantyne/simulation/install/ros2_control_demo_example_14/share/ros2_control_demo_example_14/package.zsh'
[1.065s] Level 1:colcon.colcon_core.environment:create_file_with_runtime_dependencies(/home/hibiki/Robomech_HR/Eglantyne/simulation/install/ros2_control_demo_example_14/share/colcon-core/packages/ros2_control_demo_example_14)
[1.074s] Level 1:colcon.colcon_core.environment:create_environment_scripts_only(ros2_control_demo_example_1)
[1.074s] Level 1:colcon.colcon_core.environment:checking '/home/hibiki/Robomech_HR/Eglantyne/simulation/install/ros2_control_demo_example_1' for CMake module files
[1.075s] Level 1:colcon.colcon_core.environment:checking '/home/hibiki/Robomech_HR/Eglantyne/simulation/install/ros2_control_demo_example_1' for CMake config files
[1.079s] DEBUG:colcon.colcon_core.event_handler.log_command:Invoking command in '/home/hibiki/Robomech_HR/Eglantyne/simulation/build/ros2_control_demo_example_9': AMENT_PREFIX_PATH=/home/hibiki/Robomech_HR/Eglantyne/simulation/install/ros2_control_demo_testing:/home/hibiki/Robomech_HR/Eglantyne/simulation/install/simple_sim:/home/hibiki/Robomech_HR/Eglantyne/simulation/install/ros2_control_demos:/home/hibiki/Robomech_HR/Eglantyne/simulation/install/ros2_control_demo_example_9:/home/hibiki/Robomech_HR/Eglantyne/simulation/install/ros2_control_demo_example_8:/home/hibiki/Robomech_HR/Eglantyne/simulation/install/ros2_control_demo_example_7:/home/hibiki/Robomech_HR/Eglantyne/simulation/install/ros2_control_demo_example_6:/home/hibiki/Robomech_HR/Eglantyne/simulation/install/ros2_control_demo_example_15:/home/hibiki/Robomech_HR/Eglantyne/simulation/install/ros2_control_demo_example_5:/home/hibiki/Robomech_HR/Eglantyne/simulation/install/ros2_control_demo_example_4:/home/hibiki/Robomech_HR/Eglantyne/simulation/install/ros2_control_demo_example_3:/home/hibiki/Robomech_HR/Eglantyne/simulation/install/ros2_control_demo_example_2:/home/hibiki/Robomech_HR/Eglantyne/simulation/install/ros2_control_demo_example_14:/home/hibiki/Robomech_HR/Eglantyne/simulation/install/ros2_control_demo_example_12:/home/hibiki/Robomech_HR/Eglantyne/simulation/install/ros2_control_demo_example_11:/home/hibiki/Robomech_HR/Eglantyne/simulation/install/ros2_control_demo_example_10:/home/hibiki/Robomech_HR/Eglantyne/simulation/install/ros2_control_demo_example_1:/home/hibiki/Robomech_HR/Eglantyne/simulation/install/ros2_control_demo_description:/home/hibiki/Robomech_HR/Eglantyne/simulation/install/gazebo_ros2_control_demos:/home/hibiki/Robomech_HR/Eglantyne/simulation/install/champ_teleop:/home/hibiki/Robomech_HR/Eglantyne/simulation/install/champ_navigation:/home/hibiki/Robomech_HR/Eglantyne/simulation/install/champ_gazebo:/home/hibiki/Robomech_HR/Eglantyne/simulation/install/champ_bringup:/home/hibiki/Robomech_HR/Eglantyne/simulation/install/champ_base:/home/hibiki/Robomech_HR/Eglantyne/simulation/install/champ_msgs:/home/hibiki/Robomech_HR/Eglantyne/simulation/install/champ_description:/home/hibiki/Robomech_HR/Eglantyne/simulation/install/champ_config:/home/hibiki/Robomech_HR/Eglantyne/simulation/install/champ:/home/hibiki/Robomech_HR/Eglantyne/microros/ros2_pub_test/install/vel_pub:/opt/ros/humble CMAKE_PREFIX_PATH=/home/hibiki/Robomech_HR/Eglantyne/simulation/install/ros2_control_demo_description:/home/hibiki/Robomech_HR/Eglantyne/simulation/install/simple_sim:/home/hibiki/Robomech_HR/Eglantyne/simulation/install/ros2_control_demos:/home/hibiki/Robomech_HR/Eglantyne/simulation/install/ros2_control_demo_example_9:/home/hibiki/Robomech_HR/Eglantyne/simulation/install/ros2_control_demo_example_8:/home/hibiki/Robomech_HR/Eglantyne/simulation/install/ros2_control_demo_example_7:/home/hibiki/Robomech_HR/Eglantyne/simulation/install/ros2_control_demo_example_6:/home/hibiki/Robomech_HR/Eglantyne/simulation/install/ros2_control_demo_example_15:/home/hibiki/Robomech_HR/Eglantyne/simulation/install/ros2_control_demo_example_5:/home/hibiki/Robomech_HR/Eglantyne/simulation/install/ros2_control_demo_example_4:/home/hibiki/Robomech_HR/Eglantyne/simulation/install/ros2_control_demo_example_3:/home/hibiki/Robomech_HR/Eglantyne/simulation/install/ros2_control_demo_example_2:/home/hibiki/Robomech_HR/Eglantyne/simulation/install/ros2_control_demo_example_14:/home/hibiki/Robomech_HR/Eglantyne/simulation/install/ros2_control_demo_example_12:/home/hibiki/Robomech_HR/Eglantyne/simulation/install/ros2_control_demo_example_11:/home/hibiki/Robomech_HR/Eglantyne/simulation/install/ros2_control_demo_example_10:/home/hibiki/Robomech_HR/Eglantyne/simulation/install/ros2_control_demo_example_1:/home/hibiki/Robomech_HR/Eglantyne/simulation/install/gazebo_ros2_control_demos:/home/hibiki/Robomech_HR/Eglantyne/simulation/install/champ_teleop:/home/hibiki/Robomech_HR/Eglantyne/simulation/install/champ_navigation:/home/hibiki/Robomech_HR/Eglantyne/simulation/install/champ_gazebo:/home/hibiki/Robomech_HR/Eglantyne/simulation/install/champ_bringup:/home/hibiki/Robomech_HR/Eglantyne/simulation/install/champ_base:/home/hibiki/Robomech_HR/Eglantyne/simulation/install/champ_msgs:/home/hibiki/Robomech_HR/Eglantyne/simulation/install/champ_description:/home/hibiki/Robomech_HR/Eglantyne/simulation/install/champ_config:/home/hibiki/Robomech_HR/Eglantyne/simulation/install/ros2_control_demo_testing:/opt/ros/humble:/home/hibiki/Robomech_HR/Eglantyne/simulation/install/champ:/home/hibiki/Robomech_HR/Eglantyne/microros/ros2_pub_test/install/vel_pub PYTHONPATH=/home/hibiki/Robomech_HR/Eglantyne/simulation/install/ros2_control_demo_testing/lib/python3.10/site-packages:/home/hibiki/Robomech_HR/Eglantyne/simulation/install/simple_sim/lib/python3.10/site-packages:/home/hibiki/Robomech_HR/Eglantyne/simulation/install/champ_bringup/lib/python3.10/site-packages:/home/hibiki/Robomech_HR/Eglantyne/simulation/install/champ_msgs/lib/python3.10/site-packages:/opt/ros/humble/lib/python3.10/site-packages:/opt/ros/humble/local/lib/python3.10/dist-packages /usr/bin/cmake --install /home/hibiki/Robomech_HR/Eglantyne/simulation/build/ros2_control_demo_example_9
[1.079s] Level 1:colcon.colcon_core.shell:create_environment_hook('ros2_control_demo_example_1', 'cmake_prefix_path')
[1.079s] INFO:colcon.colcon_core.shell:Creating environment hook '/home/hibiki/Robomech_HR/Eglantyne/simulation/install/ros2_control_demo_example_1/share/ros2_control_demo_example_1/hook/cmake_prefix_path.ps1'
[1.079s] INFO:colcon.colcon_core.shell:Creating environment descriptor '/home/hibiki/Robomech_HR/Eglantyne/simulation/install/ros2_control_demo_example_1/share/ros2_control_demo_example_1/hook/cmake_prefix_path.dsv'
[1.079s] INFO:colcon.colcon_core.shell:Creating environment hook '/home/hibiki/Robomech_HR/Eglantyne/simulation/install/ros2_control_demo_example_1/share/ros2_control_demo_example_1/hook/cmake_prefix_path.sh'
[1.080s] Level 1:colcon.colcon_core.environment:checking '/home/hibiki/Robomech_HR/Eglantyne/simulation/install/ros2_control_demo_example_1/lib'
[1.080s] Level 1:colcon.colcon_core.shell:create_environment_hook('ros2_control_demo_example_1', 'ld_library_path_lib')
[1.080s] INFO:colcon.colcon_core.shell:Creating environment hook '/home/hibiki/Robomech_HR/Eglantyne/simulation/install/ros2_control_demo_example_1/share/ros2_control_demo_example_1/hook/ld_library_path_lib.ps1'
[1.080s] INFO:colcon.colcon_core.shell:Creating environment descriptor '/home/hibiki/Robomech_HR/Eglantyne/simulation/install/ros2_control_demo_example_1/share/ros2_control_demo_example_1/hook/ld_library_path_lib.dsv'
[1.080s] INFO:colcon.colcon_core.shell:Creating environment hook '/home/hibiki/Robomech_HR/Eglantyne/simulation/install/ros2_control_demo_example_1/share/ros2_control_demo_example_1/hook/ld_library_path_lib.sh'
[1.081s] Level 1:colcon.colcon_core.environment:checking '/home/hibiki/Robomech_HR/Eglantyne/simulation/install/ros2_control_demo_example_1/bin'
[1.081s] Level 1:colcon.colcon_core.environment:checking '/home/hibiki/Robomech_HR/Eglantyne/simulation/install/ros2_control_demo_example_1/lib/pkgconfig/ros2_control_demo_example_1.pc'
[1.081s] Level 1:colcon.colcon_core.environment:checking '/home/hibiki/Robomech_HR/Eglantyne/simulation/install/ros2_control_demo_example_1/lib/python3.10/site-packages'
[1.081s] Level 1:colcon.colcon_core.environment:checking '/home/hibiki/Robomech_HR/Eglantyne/simulation/install/ros2_control_demo_example_1/bin'
[1.081s] INFO:colcon.colcon_core.shell:Creating package script '/home/hibiki/Robomech_HR/Eglantyne/simulation/install/ros2_control_demo_example_1/share/ros2_control_demo_example_1/package.ps1'
[1.081s] INFO:colcon.colcon_core.shell:Creating package descriptor '/home/hibiki/Robomech_HR/Eglantyne/simulation/install/ros2_control_demo_example_1/share/ros2_control_demo_example_1/package.dsv'
[1.082s] INFO:colcon.colcon_core.shell:Creating package script '/home/hibiki/Robomech_HR/Eglantyne/simulation/install/ros2_control_demo_example_1/share/ros2_control_demo_example_1/package.sh'
[1.082s] INFO:colcon.colcon_core.shell:Creating package script '/home/hibiki/Robomech_HR/Eglantyne/simulation/install/ros2_control_demo_example_1/share/ros2_control_demo_example_1/package.bash'
[1.082s] INFO:colcon.colcon_core.shell:Creating package script '/home/hibiki/Robomech_HR/Eglantyne/simulation/install/ros2_control_demo_example_1/share/ros2_control_demo_example_1/package.zsh'
[1.082s] Level 1:colcon.colcon_core.environment:create_file_with_runtime_dependencies(/home/hibiki/Robomech_HR/Eglantyne/simulation/install/ros2_control_demo_example_1/share/colcon-core/packages/ros2_control_demo_example_1)
[1.083s] Level 1:colcon.colcon_core.environment:create_environment_scripts_only(ros2_control_demo_example_6)
[1.083s] Level 1:colcon.colcon_core.environment:checking '/home/hibiki/Robomech_HR/Eglantyne/simulation/install/ros2_control_demo_example_6' for CMake module files
[1.084s] DEBUG:colcon.colcon_core.event_handler.log_command:Invoked command in '/home/hibiki/Robomech_HR/Eglantyne/simulation/build/ros2_control_demo_example_6' returned '0': AMENT_PREFIX_PATH=/home/hibiki/Robomech_HR/Eglantyne/simulation/install/ros2_control_demo_testing:/home/hibiki/Robomech_HR/Eglantyne/simulation/install/simple_sim:/home/hibiki/Robomech_HR/Eglantyne/simulation/install/ros2_control_demos:/home/hibiki/Robomech_HR/Eglantyne/simulation/install/ros2_control_demo_example_9:/home/hibiki/Robomech_HR/Eglantyne/simulation/install/ros2_control_demo_example_8:/home/hibiki/Robomech_HR/Eglantyne/simulation/install/ros2_control_demo_example_7:/home/hibiki/Robomech_HR/Eglantyne/simulation/install/ros2_control_demo_example_6:/home/hibiki/Robomech_HR/Eglantyne/simulation/install/ros2_control_demo_example_15:/home/hibiki/Robomech_HR/Eglantyne/simulation/install/ros2_control_demo_example_5:/home/hibiki/Robomech_HR/Eglantyne/simulation/install/ros2_control_demo_example_4:/home/hibiki/Robomech_HR/Eglantyne/simulation/install/ros2_control_demo_example_3:/home/hibiki/Robomech_HR/Eglantyne/simulation/install/ros2_control_demo_example_2:/home/hibiki/Robomech_HR/Eglantyne/simulation/install/ros2_control_demo_example_14:/home/hibiki/Robomech_HR/Eglantyne/simulation/install/ros2_control_demo_example_12:/home/hibiki/Robomech_HR/Eglantyne/simulation/install/ros2_control_demo_example_11:/home/hibiki/Robomech_HR/Eglantyne/simulation/install/ros2_control_demo_example_10:/home/hibiki/Robomech_HR/Eglantyne/simulation/install/ros2_control_demo_example_1:/home/hibiki/Robomech_HR/Eglantyne/simulation/install/ros2_control_demo_description:/home/hibiki/Robomech_HR/Eglantyne/simulation/install/gazebo_ros2_control_demos:/home/hibiki/Robomech_HR/Eglantyne/simulation/install/champ_teleop:/home/hibiki/Robomech_HR/Eglantyne/simulation/install/champ_navigation:/home/hibiki/Robomech_HR/Eglantyne/simulation/install/champ_gazebo:/home/hibiki/Robomech_HR/Eglantyne/simulation/install/champ_bringup:/home/hibiki/Robomech_HR/Eglantyne/simulation/install/champ_base:/home/hibiki/Robomech_HR/Eglantyne/simulation/install/champ_msgs:/home/hibiki/Robomech_HR/Eglantyne/simulation/install/champ_description:/home/hibiki/Robomech_HR/Eglantyne/simulation/install/champ_config:/home/hibiki/Robomech_HR/Eglantyne/simulation/install/champ:/home/hibiki/Robomech_HR/Eglantyne/microros/ros2_pub_test/install/vel_pub:/opt/ros/humble CMAKE_PREFIX_PATH=/home/hibiki/Robomech_HR/Eglantyne/simulation/install/ros2_control_demo_description:/home/hibiki/Robomech_HR/Eglantyne/simulation/install/simple_sim:/home/hibiki/Robomech_HR/Eglantyne/simulation/install/ros2_control_demos:/home/hibiki/Robomech_HR/Eglantyne/simulation/install/ros2_control_demo_example_9:/home/hibiki/Robomech_HR/Eglantyne/simulation/install/ros2_control_demo_example_8:/home/hibiki/Robomech_HR/Eglantyne/simulation/install/ros2_control_demo_example_7:/home/hibiki/Robomech_HR/Eglantyne/simulation/install/ros2_control_demo_example_6:/home/hibiki/Robomech_HR/Eglantyne/simulation/install/ros2_control_demo_example_15:/home/hibiki/Robomech_HR/Eglantyne/simulation/install/ros2_control_demo_example_5:/home/hibiki/Robomech_HR/Eglantyne/simulation/install/ros2_control_demo_example_4:/home/hibiki/Robomech_HR/Eglantyne/simulation/install/ros2_control_demo_example_3:/home/hibiki/Robomech_HR/Eglantyne/simulation/install/ros2_control_demo_example_2:/home/hibiki/Robomech_HR/Eglantyne/simulation/install/ros2_control_demo_example_14:/home/hibiki/Robomech_HR/Eglantyne/simulation/install/ros2_control_demo_example_12:/home/hibiki/Robomech_HR/Eglantyne/simulation/install/ros2_control_demo_example_11:/home/hibiki/Robomech_HR/Eglantyne/simulation/install/ros2_control_demo_example_10:/home/hibiki/Robomech_HR/Eglantyne/simulation/install/ros2_control_demo_example_1:/home/hibiki/Robomech_HR/Eglantyne/simulation/install/gazebo_ros2_control_demos:/home/hibiki/Robomech_HR/Eglantyne/simulation/install/champ_teleop:/home/hibiki/Robomech_HR/Eglantyne/simulation/install/champ_navigation:/home/hibiki/Robomech_HR/Eglantyne/simulation/install/champ_gazebo:/home/hibiki/Robomech_HR/Eglantyne/simulation/install/champ_bringup:/home/hibiki/Robomech_HR/Eglantyne/simulation/install/champ_base:/home/hibiki/Robomech_HR/Eglantyne/simulation/install/champ_msgs:/home/hibiki/Robomech_HR/Eglantyne/simulation/install/champ_description:/home/hibiki/Robomech_HR/Eglantyne/simulation/install/champ_config:/home/hibiki/Robomech_HR/Eglantyne/simulation/install/ros2_control_demo_testing:/opt/ros/humble:/home/hibiki/Robomech_HR/Eglantyne/simulation/install/champ:/home/hibiki/Robomech_HR/Eglantyne/microros/ros2_pub_test/install/vel_pub PYTHONPATH=/home/hibiki/Robomech_HR/Eglantyne/simulation/install/ros2_control_demo_testing/lib/python3.10/site-packages:/home/hibiki/Robomech_HR/Eglantyne/simulation/install/simple_sim/lib/python3.10/site-packages:/home/hibiki/Robomech_HR/Eglantyne/simulation/install/champ_bringup/lib/python3.10/site-packages:/home/hibiki/Robomech_HR/Eglantyne/simulation/install/champ_msgs/lib/python3.10/site-packages:/opt/ros/humble/lib/python3.10/site-packages:/opt/ros/humble/local/lib/python3.10/dist-packages /usr/bin/cmake --install /home/hibiki/Robomech_HR/Eglantyne/simulation/build/ros2_control_demo_example_6
[1.084s] Level 1:colcon.colcon_core.environment:checking '/home/hibiki/Robomech_HR/Eglantyne/simulation/install/ros2_control_demo_example_6' for CMake config files
[1.084s] Level 1:colcon.colcon_core.shell:create_environment_hook('ros2_control_demo_example_6', 'cmake_prefix_path')
[1.084s] INFO:colcon.colcon_core.shell:Creating environment hook '/home/hibiki/Robomech_HR/Eglantyne/simulation/install/ros2_control_demo_example_6/share/ros2_control_demo_example_6/hook/cmake_prefix_path.ps1'
[1.084s] INFO:colcon.colcon_core.shell:Creating environment descriptor '/home/hibiki/Robomech_HR/Eglantyne/simulation/install/ros2_control_demo_example_6/share/ros2_control_demo_example_6/hook/cmake_prefix_path.dsv'
[1.084s] INFO:colcon.colcon_core.shell:Creating environment hook '/home/hibiki/Robomech_HR/Eglantyne/simulation/install/ros2_control_demo_example_6/share/ros2_control_demo_example_6/hook/cmake_prefix_path.sh'
[1.085s] Level 1:colcon.colcon_core.environment:checking '/home/hibiki/Robomech_HR/Eglantyne/simulation/install/ros2_control_demo_example_6/lib'
[1.085s] Level 1:colcon.colcon_core.shell:create_environment_hook('ros2_control_demo_example_6', 'ld_library_path_lib')
[1.085s] INFO:colcon.colcon_core.shell:Creating environment hook '/home/hibiki/Robomech_HR/Eglantyne/simulation/install/ros2_control_demo_example_6/share/ros2_control_demo_example_6/hook/ld_library_path_lib.ps1'
[1.085s] INFO:colcon.colcon_core.shell:Creating environment descriptor '/home/hibiki/Robomech_HR/Eglantyne/simulation/install/ros2_control_demo_example_6/share/ros2_control_demo_example_6/hook/ld_library_path_lib.dsv'
[1.085s] INFO:colcon.colcon_core.shell:Creating environment hook '/home/hibiki/Robomech_HR/Eglantyne/simulation/install/ros2_control_demo_example_6/share/ros2_control_demo_example_6/hook/ld_library_path_lib.sh'
[1.085s] Level 1:colcon.colcon_core.environment:checking '/home/hibiki/Robomech_HR/Eglantyne/simulation/install/ros2_control_demo_example_6/bin'
[1.086s] Level 1:colcon.colcon_core.environment:checking '/home/hibiki/Robomech_HR/Eglantyne/simulation/install/ros2_control_demo_example_6/lib/pkgconfig/ros2_control_demo_example_6.pc'
[1.086s] Level 1:colcon.colcon_core.environment:checking '/home/hibiki/Robomech_HR/Eglantyne/simulation/install/ros2_control_demo_example_6/lib/python3.10/site-packages'
[1.086s] Level 1:colcon.colcon_core.environment:checking '/home/hibiki/Robomech_HR/Eglantyne/simulation/install/ros2_control_demo_example_6/bin'
[1.086s] INFO:colcon.colcon_core.shell:Creating package script '/home/hibiki/Robomech_HR/Eglantyne/simulation/install/ros2_control_demo_example_6/share/ros2_control_demo_example_6/package.ps1'
[1.086s] INFO:colcon.colcon_core.shell:Creating package descriptor '/home/hibiki/Robomech_HR/Eglantyne/simulation/install/ros2_control_demo_example_6/share/ros2_control_demo_example_6/package.dsv'
[1.086s] INFO:colcon.colcon_core.shell:Creating package script '/home/hibiki/Robomech_HR/Eglantyne/simulation/install/ros2_control_demo_example_6/share/ros2_control_demo_example_6/package.sh'
[1.087s] INFO:colcon.colcon_core.shell:Creating package script '/home/hibiki/Robomech_HR/Eglantyne/simulation/install/ros2_control_demo_example_6/share/ros2_control_demo_example_6/package.bash'
[1.087s] INFO:colcon.colcon_core.shell:Creating package script '/home/hibiki/Robomech_HR/Eglantyne/simulation/install/ros2_control_demo_example_6/share/ros2_control_demo_example_6/package.zsh'
[1.087s] Level 1:colcon.colcon_core.environment:create_file_with_runtime_dependencies(/home/hibiki/Robomech_HR/Eglantyne/simulation/install/ros2_control_demo_example_6/share/colcon-core/packages/ros2_control_demo_example_6)
[1.088s] Level 1:colcon.colcon_core.environment:create_environment_scripts_only(ros2_control_demo_example_10)
[1.088s] Level 1:colcon.colcon_core.environment:checking '/home/hibiki/Robomech_HR/Eglantyne/simulation/install/ros2_control_demo_example_10' for CMake module files
[1.088s] Level 1:colcon.colcon_core.environment:checking '/home/hibiki/Robomech_HR/Eglantyne/simulation/install/ros2_control_demo_example_10' for CMake config files
[1.089s] Level 1:colcon.colcon_core.shell:create_environment_hook('ros2_control_demo_example_10', 'cmake_prefix_path')
[1.089s] INFO:colcon.colcon_core.shell:Creating environment hook '/home/hibiki/Robomech_HR/Eglantyne/simulation/install/ros2_control_demo_example_10/share/ros2_control_demo_example_10/hook/cmake_prefix_path.ps1'
[1.089s] INFO:colcon.colcon_core.shell:Creating environment descriptor '/home/hibiki/Robomech_HR/Eglantyne/simulation/install/ros2_control_demo_example_10/share/ros2_control_demo_example_10/hook/cmake_prefix_path.dsv'
[1.089s] INFO:colcon.colcon_core.shell:Creating environment hook '/home/hibiki/Robomech_HR/Eglantyne/simulation/install/ros2_control_demo_example_10/share/ros2_control_demo_example_10/hook/cmake_prefix_path.sh'
[1.089s] Level 1:colcon.colcon_core.environment:checking '/home/hibiki/Robomech_HR/Eglantyne/simulation/install/ros2_control_demo_example_10/lib'
[1.089s] Level 1:colcon.colcon_core.shell:create_environment_hook('ros2_control_demo_example_10', 'ld_library_path_lib')
[1.089s] INFO:colcon.colcon_core.shell:Creating environment hook '/home/hibiki/Robomech_HR/Eglantyne/simulation/install/ros2_control_demo_example_10/share/ros2_control_demo_example_10/hook/ld_library_path_lib.ps1'
[1.090s] INFO:colcon.colcon_core.shell:Creating environment descriptor '/home/hibiki/Robomech_HR/Eglantyne/simulation/install/ros2_control_demo_example_10/share/ros2_control_demo_example_10/hook/ld_library_path_lib.dsv'
[1.090s] INFO:colcon.colcon_core.shell:Creating environment hook '/home/hibiki/Robomech_HR/Eglantyne/simulation/install/ros2_control_demo_example_10/share/ros2_control_demo_example_10/hook/ld_library_path_lib.sh'
[1.090s] Level 1:colcon.colcon_core.environment:checking '/home/hibiki/Robomech_HR/Eglantyne/simulation/install/ros2_control_demo_example_10/bin'
[1.090s] Level 1:colcon.colcon_core.environment:checking '/home/hibiki/Robomech_HR/Eglantyne/simulation/install/ros2_control_demo_example_10/lib/pkgconfig/ros2_control_demo_example_10.pc'
[1.090s] Level 1:colcon.colcon_core.environment:checking '/home/hibiki/Robomech_HR/Eglantyne/simulation/install/ros2_control_demo_example_10/lib/python3.10/site-packages'
[1.090s] Level 1:colcon.colcon_core.environment:checking '/home/hibiki/Robomech_HR/Eglantyne/simulation/install/ros2_control_demo_example_10/bin'
[1.090s] INFO:colcon.colcon_core.shell:Creating package script '/home/hibiki/Robomech_HR/Eglantyne/simulation/install/ros2_control_demo_example_10/share/ros2_control_demo_example_10/package.ps1'
[1.091s] INFO:colcon.colcon_core.shell:Creating package descriptor '/home/hibiki/Robomech_HR/Eglantyne/simulation/install/ros2_control_demo_example_10/share/ros2_control_demo_example_10/package.dsv'
[1.091s] INFO:colcon.colcon_core.shell:Creating package script '/home/hibiki/Robomech_HR/Eglantyne/simulation/install/ros2_control_demo_example_10/share/ros2_control_demo_example_10/package.sh'
[1.091s] INFO:colcon.colcon_core.shell:Creating package script '/home/hibiki/Robomech_HR/Eglantyne/simulation/install/ros2_control_demo_example_10/share/ros2_control_demo_example_10/package.bash'
[1.091s] INFO:colcon.colcon_core.shell:Creating package script '/home/hibiki/Robomech_HR/Eglantyne/simulation/install/ros2_control_demo_example_10/share/ros2_control_demo_example_10/package.zsh'
[1.092s] Level 1:colcon.colcon_core.environment:create_file_with_runtime_dependencies(/home/hibiki/Robomech_HR/Eglantyne/simulation/install/ros2_control_demo_example_10/share/colcon-core/packages/ros2_control_demo_example_10)
[1.092s] Level 1:colcon.colcon_core.environment:create_environment_scripts_only(ros2_control_demo_example_12)
[1.092s] Level 1:colcon.colcon_core.environment:checking '/home/hibiki/Robomech_HR/Eglantyne/simulation/install/ros2_control_demo_example_12' for CMake module files
[1.092s] Level 1:colcon.colcon_core.environment:checking '/home/hibiki/Robomech_HR/Eglantyne/simulation/install/ros2_control_demo_example_12' for CMake config files
[1.093s] DEBUG:colcon.colcon_core.event_handler.log_command:Invoked command in '/home/hibiki/Robomech_HR/Eglantyne/simulation/build/ros2_control_demo_example_12' returned '0': AMENT_PREFIX_PATH=/home/hibiki/Robomech_HR/Eglantyne/simulation/install/ros2_control_demo_testing:/home/hibiki/Robomech_HR/Eglantyne/simulation/install/simple_sim:/home/hibiki/Robomech_HR/Eglantyne/simulation/install/ros2_control_demos:/home/hibiki/Robomech_HR/Eglantyne/simulation/install/ros2_control_demo_example_9:/home/hibiki/Robomech_HR/Eglantyne/simulation/install/ros2_control_demo_example_8:/home/hibiki/Robomech_HR/Eglantyne/simulation/install/ros2_control_demo_example_7:/home/hibiki/Robomech_HR/Eglantyne/simulation/install/ros2_control_demo_example_6:/home/hibiki/Robomech_HR/Eglantyne/simulation/install/ros2_control_demo_example_15:/home/hibiki/Robomech_HR/Eglantyne/simulation/install/ros2_control_demo_example_5:/home/hibiki/Robomech_HR/Eglantyne/simulation/install/ros2_control_demo_example_4:/home/hibiki/Robomech_HR/Eglantyne/simulation/install/ros2_control_demo_example_3:/home/hibiki/Robomech_HR/Eglantyne/simulation/install/ros2_control_demo_example_2:/home/hibiki/Robomech_HR/Eglantyne/simulation/install/ros2_control_demo_example_14:/home/hibiki/Robomech_HR/Eglantyne/simulation/install/ros2_control_demo_example_12:/home/hibiki/Robomech_HR/Eglantyne/simulation/install/ros2_control_demo_example_11:/home/hibiki/Robomech_HR/Eglantyne/simulation/install/ros2_control_demo_example_10:/home/hibiki/Robomech_HR/Eglantyne/simulation/install/ros2_control_demo_example_1:/home/hibiki/Robomech_HR/Eglantyne/simulation/install/ros2_control_demo_description:/home/hibiki/Robomech_HR/Eglantyne/simulation/install/gazebo_ros2_control_demos:/home/hibiki/Robomech_HR/Eglantyne/simulation/install/champ_teleop:/home/hibiki/Robomech_HR/Eglantyne/simulation/install/champ_navigation:/home/hibiki/Robomech_HR/Eglantyne/simulation/install/champ_gazebo:/home/hibiki/Robomech_HR/Eglantyne/simulation/install/champ_bringup:/home/hibiki/Robomech_HR/Eglantyne/simulation/install/champ_base:/home/hibiki/Robomech_HR/Eglantyne/simulation/install/champ_msgs:/home/hibiki/Robomech_HR/Eglantyne/simulation/install/champ_description:/home/hibiki/Robomech_HR/Eglantyne/simulation/install/champ_config:/home/hibiki/Robomech_HR/Eglantyne/simulation/install/champ:/home/hibiki/Robomech_HR/Eglantyne/microros/ros2_pub_test/install/vel_pub:/opt/ros/humble CMAKE_PREFIX_PATH=/home/hibiki/Robomech_HR/Eglantyne/simulation/install/ros2_control_demo_description:/home/hibiki/Robomech_HR/Eglantyne/simulation/install/simple_sim:/home/hibiki/Robomech_HR/Eglantyne/simulation/install/ros2_control_demos:/home/hibiki/Robomech_HR/Eglantyne/simulation/install/ros2_control_demo_example_9:/home/hibiki/Robomech_HR/Eglantyne/simulation/install/ros2_control_demo_example_8:/home/hibiki/Robomech_HR/Eglantyne/simulation/install/ros2_control_demo_example_7:/home/hibiki/Robomech_HR/Eglantyne/simulation/install/ros2_control_demo_example_6:/home/hibiki/Robomech_HR/Eglantyne/simulation/install/ros2_control_demo_example_15:/home/hibiki/Robomech_HR/Eglantyne/simulation/install/ros2_control_demo_example_5:/home/hibiki/Robomech_HR/Eglantyne/simulation/install/ros2_control_demo_example_4:/home/hibiki/Robomech_HR/Eglantyne/simulation/install/ros2_control_demo_example_3:/home/hibiki/Robomech_HR/Eglantyne/simulation/install/ros2_control_demo_example_2:/home/hibiki/Robomech_HR/Eglantyne/simulation/install/ros2_control_demo_example_14:/home/hibiki/Robomech_HR/Eglantyne/simulation/install/ros2_control_demo_example_12:/home/hibiki/Robomech_HR/Eglantyne/simulation/install/ros2_control_demo_example_11:/home/hibiki/Robomech_HR/Eglantyne/simulation/install/ros2_control_demo_example_10:/home/hibiki/Robomech_HR/Eglantyne/simulation/install/ros2_control_demo_example_1:/home/hibiki/Robomech_HR/Eglantyne/simulation/install/gazebo_ros2_control_demos:/home/hibiki/Robomech_HR/Eglantyne/simulation/install/champ_teleop:/home/hibiki/Robomech_HR/Eglantyne/simulation/install/champ_navigation:/home/hibiki/Robomech_HR/Eglantyne/simulation/install/champ_gazebo:/home/hibiki/Robomech_HR/Eglantyne/simulation/install/champ_bringup:/home/hibiki/Robomech_HR/Eglantyne/simulation/install/champ_base:/home/hibiki/Robomech_HR/Eglantyne/simulation/install/champ_msgs:/home/hibiki/Robomech_HR/Eglantyne/simulation/install/champ_description:/home/hibiki/Robomech_HR/Eglantyne/simulation/install/champ_config:/home/hibiki/Robomech_HR/Eglantyne/simulation/install/ros2_control_demo_testing:/opt/ros/humble:/home/hibiki/Robomech_HR/Eglantyne/simulation/install/champ:/home/hibiki/Robomech_HR/Eglantyne/microros/ros2_pub_test/install/vel_pub PYTHONPATH=/home/hibiki/Robomech_HR/Eglantyne/simulation/install/ros2_control_demo_testing/lib/python3.10/site-packages:/home/hibiki/Robomech_HR/Eglantyne/simulation/install/simple_sim/lib/python3.10/site-packages:/home/hibiki/Robomech_HR/Eglantyne/simulation/install/champ_bringup/lib/python3.10/site-packages:/home/hibiki/Robomech_HR/Eglantyne/simulation/install/champ_msgs/lib/python3.10/site-packages:/opt/ros/humble/lib/python3.10/site-packages:/opt/ros/humble/local/lib/python3.10/dist-packages /usr/bin/cmake --install /home/hibiki/Robomech_HR/Eglantyne/simulation/build/ros2_control_demo_example_12
[1.093s] Level 1:colcon.colcon_core.shell:create_environment_hook('ros2_control_demo_example_12', 'cmake_prefix_path')
[1.093s] INFO:colcon.colcon_core.shell:Creating environment hook '/home/hibiki/Robomech_HR/Eglantyne/simulation/install/ros2_control_demo_example_12/share/ros2_control_demo_example_12/hook/cmake_prefix_path.ps1'
[1.093s] INFO:colcon.colcon_core.shell:Creating environment descriptor '/home/hibiki/Robomech_HR/Eglantyne/simulation/install/ros2_control_demo_example_12/share/ros2_control_demo_example_12/hook/cmake_prefix_path.dsv'
[1.094s] INFO:colcon.colcon_core.shell:Creating environment hook '/home/hibiki/Robomech_HR/Eglantyne/simulation/install/ros2_control_demo_example_12/share/ros2_control_demo_example_12/hook/cmake_prefix_path.sh'
[1.094s] Level 1:colcon.colcon_core.environment:checking '/home/hibiki/Robomech_HR/Eglantyne/simulation/install/ros2_control_demo_example_12/lib'
[1.094s] Level 1:colcon.colcon_core.shell:create_environment_hook('ros2_control_demo_example_12', 'ld_library_path_lib')
[1.094s] INFO:colcon.colcon_core.shell:Creating environment hook '/home/hibiki/Robomech_HR/Eglantyne/simulation/install/ros2_control_demo_example_12/share/ros2_control_demo_example_12/hook/ld_library_path_lib.ps1'
[1.094s] INFO:colcon.colcon_core.shell:Creating environment descriptor '/home/hibiki/Robomech_HR/Eglantyne/simulation/install/ros2_control_demo_example_12/share/ros2_control_demo_example_12/hook/ld_library_path_lib.dsv'
[1.095s] INFO:colcon.colcon_core.shell:Creating environment hook '/home/hibiki/Robomech_HR/Eglantyne/simulation/install/ros2_control_demo_example_12/share/ros2_control_demo_example_12/hook/ld_library_path_lib.sh'
[1.095s] Level 1:colcon.colcon_core.environment:checking '/home/hibiki/Robomech_HR/Eglantyne/simulation/install/ros2_control_demo_example_12/bin'
[1.095s] Level 1:colcon.colcon_core.environment:checking '/home/hibiki/Robomech_HR/Eglantyne/simulation/install/ros2_control_demo_example_12/lib/pkgconfig/ros2_control_demo_example_12.pc'
[1.095s] Level 1:colcon.colcon_core.environment:checking '/home/hibiki/Robomech_HR/Eglantyne/simulation/install/ros2_control_demo_example_12/lib/python3.10/site-packages'
[1.095s] Level 1:colcon.colcon_core.environment:checking '/home/hibiki/Robomech_HR/Eglantyne/simulation/install/ros2_control_demo_example_12/bin'
[1.095s] INFO:colcon.colcon_core.shell:Creating package script '/home/hibiki/Robomech_HR/Eglantyne/simulation/install/ros2_control_demo_example_12/share/ros2_control_demo_example_12/package.ps1'
[1.096s] INFO:colcon.colcon_core.shell:Creating package descriptor '/home/hibiki/Robomech_HR/Eglantyne/simulation/install/ros2_control_demo_example_12/share/ros2_control_demo_example_12/package.dsv'
[1.096s] INFO:colcon.colcon_core.shell:Creating package script '/home/hibiki/Robomech_HR/Eglantyne/simulation/install/ros2_control_demo_example_12/share/ros2_control_demo_example_12/package.sh'
[1.096s] INFO:colcon.colcon_core.shell:Creating package script '/home/hibiki/Robomech_HR/Eglantyne/simulation/install/ros2_control_demo_example_12/share/ros2_control_demo_example_12/package.bash'
[1.096s] INFO:colcon.colcon_core.shell:Creating package script '/home/hibiki/Robomech_HR/Eglantyne/simulation/install/ros2_control_demo_example_12/share/ros2_control_demo_example_12/package.zsh'
[1.096s] Level 1:colcon.colcon_core.environment:create_file_with_runtime_dependencies(/home/hibiki/Robomech_HR/Eglantyne/simulation/install/ros2_control_demo_example_12/share/colcon-core/packages/ros2_control_demo_example_12)
[1.097s] Level 1:colcon.colcon_core.environment:create_environment_scripts_only(ros2_control_demo_example_4)
[1.097s] Level 1:colcon.colcon_core.environment:checking '/home/hibiki/Robomech_HR/Eglantyne/simulation/install/ros2_control_demo_example_4' for CMake module files
[1.098s] DEBUG:colcon.colcon_core.event_handler.log_command:Invoked command in '/home/hibiki/Robomech_HR/Eglantyne/simulation/build/ros2_control_demo_example_4' returned '0': AMENT_PREFIX_PATH=/home/hibiki/Robomech_HR/Eglantyne/simulation/install/ros2_control_demo_testing:/home/hibiki/Robomech_HR/Eglantyne/simulation/install/simple_sim:/home/hibiki/Robomech_HR/Eglantyne/simulation/install/ros2_control_demos:/home/hibiki/Robomech_HR/Eglantyne/simulation/install/ros2_control_demo_example_9:/home/hibiki/Robomech_HR/Eglantyne/simulation/install/ros2_control_demo_example_8:/home/hibiki/Robomech_HR/Eglantyne/simulation/install/ros2_control_demo_example_7:/home/hibiki/Robomech_HR/Eglantyne/simulation/install/ros2_control_demo_example_6:/home/hibiki/Robomech_HR/Eglantyne/simulation/install/ros2_control_demo_example_15:/home/hibiki/Robomech_HR/Eglantyne/simulation/install/ros2_control_demo_example_5:/home/hibiki/Robomech_HR/Eglantyne/simulation/install/ros2_control_demo_example_4:/home/hibiki/Robomech_HR/Eglantyne/simulation/install/ros2_control_demo_example_3:/home/hibiki/Robomech_HR/Eglantyne/simulation/install/ros2_control_demo_example_2:/home/hibiki/Robomech_HR/Eglantyne/simulation/install/ros2_control_demo_example_14:/home/hibiki/Robomech_HR/Eglantyne/simulation/install/ros2_control_demo_example_12:/home/hibiki/Robomech_HR/Eglantyne/simulation/install/ros2_control_demo_example_11:/home/hibiki/Robomech_HR/Eglantyne/simulation/install/ros2_control_demo_example_10:/home/hibiki/Robomech_HR/Eglantyne/simulation/install/ros2_control_demo_example_1:/home/hibiki/Robomech_HR/Eglantyne/simulation/install/ros2_control_demo_description:/home/hibiki/Robomech_HR/Eglantyne/simulation/install/gazebo_ros2_control_demos:/home/hibiki/Robomech_HR/Eglantyne/simulation/install/champ_teleop:/home/hibiki/Robomech_HR/Eglantyne/simulation/install/champ_navigation:/home/hibiki/Robomech_HR/Eglantyne/simulation/install/champ_gazebo:/home/hibiki/Robomech_HR/Eglantyne/simulation/install/champ_bringup:/home/hibiki/Robomech_HR/Eglantyne/simulation/install/champ_base:/home/hibiki/Robomech_HR/Eglantyne/simulation/install/champ_msgs:/home/hibiki/Robomech_HR/Eglantyne/simulation/install/champ_description:/home/hibiki/Robomech_HR/Eglantyne/simulation/install/champ_config:/home/hibiki/Robomech_HR/Eglantyne/simulation/install/champ:/home/hibiki/Robomech_HR/Eglantyne/microros/ros2_pub_test/install/vel_pub:/opt/ros/humble CMAKE_PREFIX_PATH=/home/hibiki/Robomech_HR/Eglantyne/simulation/install/ros2_control_demo_description:/home/hibiki/Robomech_HR/Eglantyne/simulation/install/simple_sim:/home/hibiki/Robomech_HR/Eglantyne/simulation/install/ros2_control_demos:/home/hibiki/Robomech_HR/Eglantyne/simulation/install/ros2_control_demo_example_9:/home/hibiki/Robomech_HR/Eglantyne/simulation/install/ros2_control_demo_example_8:/home/hibiki/Robomech_HR/Eglantyne/simulation/install/ros2_control_demo_example_7:/home/hibiki/Robomech_HR/Eglantyne/simulation/install/ros2_control_demo_example_6:/home/hibiki/Robomech_HR/Eglantyne/simulation/install/ros2_control_demo_example_15:/home/hibiki/Robomech_HR/Eglantyne/simulation/install/ros2_control_demo_example_5:/home/hibiki/Robomech_HR/Eglantyne/simulation/install/ros2_control_demo_example_4:/home/hibiki/Robomech_HR/Eglantyne/simulation/install/ros2_control_demo_example_3:/home/hibiki/Robomech_HR/Eglantyne/simulation/install/ros2_control_demo_example_2:/home/hibiki/Robomech_HR/Eglantyne/simulation/install/ros2_control_demo_example_14:/home/hibiki/Robomech_HR/Eglantyne/simulation/install/ros2_control_demo_example_12:/home/hibiki/Robomech_HR/Eglantyne/simulation/install/ros2_control_demo_example_11:/home/hibiki/Robomech_HR/Eglantyne/simulation/install/ros2_control_demo_example_10:/home/hibiki/Robomech_HR/Eglantyne/simulation/install/ros2_control_demo_example_1:/home/hibiki/Robomech_HR/Eglantyne/simulation/install/gazebo_ros2_control_demos:/home/hibiki/Robomech_HR/Eglantyne/simulation/install/champ_teleop:/home/hibiki/Robomech_HR/Eglantyne/simulation/install/champ_navigation:/home/hibiki/Robomech_HR/Eglantyne/simulation/install/champ_gazebo:/home/hibiki/Robomech_HR/Eglantyne/simulation/install/champ_bringup:/home/hibiki/Robomech_HR/Eglantyne/simulation/install/champ_base:/home/hibiki/Robomech_HR/Eglantyne/simulation/install/champ_msgs:/home/hibiki/Robomech_HR/Eglantyne/simulation/install/champ_description:/home/hibiki/Robomech_HR/Eglantyne/simulation/install/champ_config:/home/hibiki/Robomech_HR/Eglantyne/simulation/install/ros2_control_demo_testing:/opt/ros/humble:/home/hibiki/Robomech_HR/Eglantyne/simulation/install/champ:/home/hibiki/Robomech_HR/Eglantyne/microros/ros2_pub_test/install/vel_pub PYTHONPATH=/home/hibiki/Robomech_HR/Eglantyne/simulation/install/ros2_control_demo_testing/lib/python3.10/site-packages:/home/hibiki/Robomech_HR/Eglantyne/simulation/install/simple_sim/lib/python3.10/site-packages:/home/hibiki/Robomech_HR/Eglantyne/simulation/install/champ_bringup/lib/python3.10/site-packages:/home/hibiki/Robomech_HR/Eglantyne/simulation/install/champ_msgs/lib/python3.10/site-packages:/opt/ros/humble/lib/python3.10/site-packages:/opt/ros/humble/local/lib/python3.10/dist-packages /usr/bin/cmake --install /home/hibiki/Robomech_HR/Eglantyne/simulation/build/ros2_control_demo_example_4
[1.098s] Level 1:colcon.colcon_core.environment:checking '/home/hibiki/Robomech_HR/Eglantyne/simulation/install/ros2_control_demo_example_4' for CMake config files
[1.098s] Level 1:colcon.colcon_core.shell:create_environment_hook('ros2_control_demo_example_4', 'cmake_prefix_path')
[1.099s] INFO:colcon.colcon_core.shell:Creating environment hook '/home/hibiki/Robomech_HR/Eglantyne/simulation/install/ros2_control_demo_example_4/share/ros2_control_demo_example_4/hook/cmake_prefix_path.ps1'
[1.099s] INFO:colcon.colcon_core.shell:Creating environment descriptor '/home/hibiki/Robomech_HR/Eglantyne/simulation/install/ros2_control_demo_example_4/share/ros2_control_demo_example_4/hook/cmake_prefix_path.dsv'
[1.099s] INFO:colcon.colcon_core.shell:Creating environment hook '/home/hibiki/Robomech_HR/Eglantyne/simulation/install/ros2_control_demo_example_4/share/ros2_control_demo_example_4/hook/cmake_prefix_path.sh'
[1.100s] Level 1:colcon.colcon_core.environment:checking '/home/hibiki/Robomech_HR/Eglantyne/simulation/install/ros2_control_demo_example_4/lib'
[1.100s] Level 1:colcon.colcon_core.shell:create_environment_hook('ros2_control_demo_example_4', 'ld_library_path_lib')
[1.100s] INFO:colcon.colcon_core.shell:Creating environment hook '/home/hibiki/Robomech_HR/Eglantyne/simulation/install/ros2_control_demo_example_4/share/ros2_control_demo_example_4/hook/ld_library_path_lib.ps1'
[1.100s] INFO:colcon.colcon_core.shell:Creating environment descriptor '/home/hibiki/Robomech_HR/Eglantyne/simulation/install/ros2_control_demo_example_4/share/ros2_control_demo_example_4/hook/ld_library_path_lib.dsv'
[1.101s] INFO:colcon.colcon_core.shell:Creating environment hook '/home/hibiki/Robomech_HR/Eglantyne/simulation/install/ros2_control_demo_example_4/share/ros2_control_demo_example_4/hook/ld_library_path_lib.sh'
[1.101s] Level 1:colcon.colcon_core.environment:checking '/home/hibiki/Robomech_HR/Eglantyne/simulation/install/ros2_control_demo_example_4/bin'
[1.101s] Level 1:colcon.colcon_core.environment:checking '/home/hibiki/Robomech_HR/Eglantyne/simulation/install/ros2_control_demo_example_4/lib/pkgconfig/ros2_control_demo_example_4.pc'
[1.101s] Level 1:colcon.colcon_core.environment:checking '/home/hibiki/Robomech_HR/Eglantyne/simulation/install/ros2_control_demo_example_4/lib/python3.10/site-packages'
[1.101s] Level 1:colcon.colcon_core.environment:checking '/home/hibiki/Robomech_HR/Eglantyne/simulation/install/ros2_control_demo_example_4/bin'
[1.102s] INFO:colcon.colcon_core.shell:Creating package script '/home/hibiki/Robomech_HR/Eglantyne/simulation/install/ros2_control_demo_example_4/share/ros2_control_demo_example_4/package.ps1'
[1.102s] INFO:colcon.colcon_core.shell:Creating package descriptor '/home/hibiki/Robomech_HR/Eglantyne/simulation/install/ros2_control_demo_example_4/share/ros2_control_demo_example_4/package.dsv'
[1.103s] INFO:colcon.colcon_core.shell:Creating package script '/home/hibiki/Robomech_HR/Eglantyne/simulation/install/ros2_control_demo_example_4/share/ros2_control_demo_example_4/package.sh'
[1.103s] INFO:colcon.colcon_core.shell:Creating package script '/home/hibiki/Robomech_HR/Eglantyne/simulation/install/ros2_control_demo_example_4/share/ros2_control_demo_example_4/package.bash'
[1.103s] INFO:colcon.colcon_core.shell:Creating package script '/home/hibiki/Robomech_HR/Eglantyne/simulation/install/ros2_control_demo_example_4/share/ros2_control_demo_example_4/package.zsh'
[1.104s] Level 1:colcon.colcon_core.environment:create_file_with_runtime_dependencies(/home/hibiki/Robomech_HR/Eglantyne/simulation/install/ros2_control_demo_example_4/share/colcon-core/packages/ros2_control_demo_example_4)
[1.105s] Level 1:colcon.colcon_core.environment:create_environment_scripts_only(champ_msgs)
[1.106s] Level 1:colcon.colcon_core.environment:checking '/home/hibiki/Robomech_HR/Eglantyne/simulation/install/champ_msgs' for CMake module files
[1.109s] Level 1:colcon.colcon_core.environment:checking '/home/hibiki/Robomech_HR/Eglantyne/simulation/install/champ_msgs' for CMake config files
[1.109s] Level 1:colcon.colcon_core.shell:create_environment_hook('champ_msgs', 'cmake_prefix_path')
[1.110s] INFO:colcon.colcon_core.shell:Creating environment hook '/home/hibiki/Robomech_HR/Eglantyne/simulation/install/champ_msgs/share/champ_msgs/hook/cmake_prefix_path.ps1'
[1.110s] INFO:colcon.colcon_core.shell:Creating environment descriptor '/home/hibiki/Robomech_HR/Eglantyne/simulation/install/champ_msgs/share/champ_msgs/hook/cmake_prefix_path.dsv'
[1.110s] INFO:colcon.colcon_core.shell:Creating environment hook '/home/hibiki/Robomech_HR/Eglantyne/simulation/install/champ_msgs/share/champ_msgs/hook/cmake_prefix_path.sh'
[1.111s] Level 1:colcon.colcon_core.environment:checking '/home/hibiki/Robomech_HR/Eglantyne/simulation/install/champ_msgs/lib'
[1.111s] Level 1:colcon.colcon_core.shell:create_environment_hook('champ_msgs', 'ld_library_path_lib')
[1.111s] INFO:colcon.colcon_core.shell:Creating environment hook '/home/hibiki/Robomech_HR/Eglantyne/simulation/install/champ_msgs/share/champ_msgs/hook/ld_library_path_lib.ps1'
[1.112s] INFO:colcon.colcon_core.shell:Creating environment descriptor '/home/hibiki/Robomech_HR/Eglantyne/simulation/install/champ_msgs/share/champ_msgs/hook/ld_library_path_lib.dsv'
[1.112s] INFO:colcon.colcon_core.shell:Creating environment hook '/home/hibiki/Robomech_HR/Eglantyne/simulation/install/champ_msgs/share/champ_msgs/hook/ld_library_path_lib.sh'
[1.112s] Level 1:colcon.colcon_core.environment:checking '/home/hibiki/Robomech_HR/Eglantyne/simulation/install/champ_msgs/bin'
[1.112s] Level 1:colcon.colcon_core.environment:checking '/home/hibiki/Robomech_HR/Eglantyne/simulation/install/champ_msgs/lib/pkgconfig/champ_msgs.pc'
[1.113s] Level 1:colcon.colcon_core.environment:checking '/home/hibiki/Robomech_HR/Eglantyne/simulation/install/champ_msgs/lib/python3.10/site-packages'
[1.113s] Level 1:colcon.colcon_core.shell:create_environment_hook('champ_msgs', 'pythonpath')
[1.113s] INFO:colcon.colcon_core.shell:Creating environment hook '/home/hibiki/Robomech_HR/Eglantyne/simulation/install/champ_msgs/share/champ_msgs/hook/pythonpath.ps1'
[1.113s] INFO:colcon.colcon_core.shell:Creating environment descriptor '/home/hibiki/Robomech_HR/Eglantyne/simulation/install/champ_msgs/share/champ_msgs/hook/pythonpath.dsv'
[1.113s] INFO:colcon.colcon_core.shell:Creating environment hook '/home/hibiki/Robomech_HR/Eglantyne/simulation/install/champ_msgs/share/champ_msgs/hook/pythonpath.sh'
[1.114s] Level 1:colcon.colcon_core.environment:checking '/home/hibiki/Robomech_HR/Eglantyne/simulation/install/champ_msgs/bin'
[1.114s] INFO:colcon.colcon_core.shell:Creating package script '/home/hibiki/Robomech_HR/Eglantyne/simulation/install/champ_msgs/share/champ_msgs/package.ps1'
[1.115s] INFO:colcon.colcon_core.shell:Creating package descriptor '/home/hibiki/Robomech_HR/Eglantyne/simulation/install/champ_msgs/share/champ_msgs/package.dsv'
[1.115s] INFO:colcon.colcon_core.shell:Creating package script '/home/hibiki/Robomech_HR/Eglantyne/simulation/install/champ_msgs/share/champ_msgs/package.sh'
[1.116s] INFO:colcon.colcon_core.shell:Creating package script '/home/hibiki/Robomech_HR/Eglantyne/simulation/install/champ_msgs/share/champ_msgs/package.bash'
[1.116s] INFO:colcon.colcon_core.shell:Creating package script '/home/hibiki/Robomech_HR/Eglantyne/simulation/install/champ_msgs/share/champ_msgs/package.zsh'
[1.117s] Level 1:colcon.colcon_core.environment:create_file_with_runtime_dependencies(/home/hibiki/Robomech_HR/Eglantyne/simulation/install/champ_msgs/share/colcon-core/packages/champ_msgs)
[1.117s] Level 1:colcon.colcon_core.environment:create_environment_scripts_only(ros2_control_demo_example_8)
[1.117s] Level 1:colcon.colcon_core.environment:checking '/home/hibiki/Robomech_HR/Eglantyne/simulation/install/ros2_control_demo_example_8' for CMake module files
[1.118s] DEBUG:colcon.colcon_core.event_handler.log_command:Invoked command in '/home/hibiki/Robomech_HR/Eglantyne/simulation/build/ros2_control_demo_example_8' returned '0': AMENT_PREFIX_PATH=/home/hibiki/Robomech_HR/Eglantyne/simulation/install/ros2_control_demo_testing:/home/hibiki/Robomech_HR/Eglantyne/simulation/install/simple_sim:/home/hibiki/Robomech_HR/Eglantyne/simulation/install/ros2_control_demos:/home/hibiki/Robomech_HR/Eglantyne/simulation/install/ros2_control_demo_example_9:/home/hibiki/Robomech_HR/Eglantyne/simulation/install/ros2_control_demo_example_8:/home/hibiki/Robomech_HR/Eglantyne/simulation/install/ros2_control_demo_example_7:/home/hibiki/Robomech_HR/Eglantyne/simulation/install/ros2_control_demo_example_6:/home/hibiki/Robomech_HR/Eglantyne/simulation/install/ros2_control_demo_example_15:/home/hibiki/Robomech_HR/Eglantyne/simulation/install/ros2_control_demo_example_5:/home/hibiki/Robomech_HR/Eglantyne/simulation/install/ros2_control_demo_example_4:/home/hibiki/Robomech_HR/Eglantyne/simulation/install/ros2_control_demo_example_3:/home/hibiki/Robomech_HR/Eglantyne/simulation/install/ros2_control_demo_example_2:/home/hibiki/Robomech_HR/Eglantyne/simulation/install/ros2_control_demo_example_14:/home/hibiki/Robomech_HR/Eglantyne/simulation/install/ros2_control_demo_example_12:/home/hibiki/Robomech_HR/Eglantyne/simulation/install/ros2_control_demo_example_11:/home/hibiki/Robomech_HR/Eglantyne/simulation/install/ros2_control_demo_example_10:/home/hibiki/Robomech_HR/Eglantyne/simulation/install/ros2_control_demo_example_1:/home/hibiki/Robomech_HR/Eglantyne/simulation/install/ros2_control_demo_description:/home/hibiki/Robomech_HR/Eglantyne/simulation/install/gazebo_ros2_control_demos:/home/hibiki/Robomech_HR/Eglantyne/simulation/install/champ_teleop:/home/hibiki/Robomech_HR/Eglantyne/simulation/install/champ_navigation:/home/hibiki/Robomech_HR/Eglantyne/simulation/install/champ_gazebo:/home/hibiki/Robomech_HR/Eglantyne/simulation/install/champ_bringup:/home/hibiki/Robomech_HR/Eglantyne/simulation/install/champ_base:/home/hibiki/Robomech_HR/Eglantyne/simulation/install/champ_msgs:/home/hibiki/Robomech_HR/Eglantyne/simulation/install/champ_description:/home/hibiki/Robomech_HR/Eglantyne/simulation/install/champ_config:/home/hibiki/Robomech_HR/Eglantyne/simulation/install/champ:/home/hibiki/Robomech_HR/Eglantyne/microros/ros2_pub_test/install/vel_pub:/opt/ros/humble CMAKE_PREFIX_PATH=/home/hibiki/Robomech_HR/Eglantyne/simulation/install/ros2_control_demo_description:/home/hibiki/Robomech_HR/Eglantyne/simulation/install/simple_sim:/home/hibiki/Robomech_HR/Eglantyne/simulation/install/ros2_control_demos:/home/hibiki/Robomech_HR/Eglantyne/simulation/install/ros2_control_demo_example_9:/home/hibiki/Robomech_HR/Eglantyne/simulation/install/ros2_control_demo_example_8:/home/hibiki/Robomech_HR/Eglantyne/simulation/install/ros2_control_demo_example_7:/home/hibiki/Robomech_HR/Eglantyne/simulation/install/ros2_control_demo_example_6:/home/hibiki/Robomech_HR/Eglantyne/simulation/install/ros2_control_demo_example_15:/home/hibiki/Robomech_HR/Eglantyne/simulation/install/ros2_control_demo_example_5:/home/hibiki/Robomech_HR/Eglantyne/simulation/install/ros2_control_demo_example_4:/home/hibiki/Robomech_HR/Eglantyne/simulation/install/ros2_control_demo_example_3:/home/hibiki/Robomech_HR/Eglantyne/simulation/install/ros2_control_demo_example_2:/home/hibiki/Robomech_HR/Eglantyne/simulation/install/ros2_control_demo_example_14:/home/hibiki/Robomech_HR/Eglantyne/simulation/install/ros2_control_demo_example_12:/home/hibiki/Robomech_HR/Eglantyne/simulation/install/ros2_control_demo_example_11:/home/hibiki/Robomech_HR/Eglantyne/simulation/install/ros2_control_demo_example_10:/home/hibiki/Robomech_HR/Eglantyne/simulation/install/ros2_control_demo_example_1:/home/hibiki/Robomech_HR/Eglantyne/simulation/install/gazebo_ros2_control_demos:/home/hibiki/Robomech_HR/Eglantyne/simulation/install/champ_teleop:/home/hibiki/Robomech_HR/Eglantyne/simulation/install/champ_navigation:/home/hibiki/Robomech_HR/Eglantyne/simulation/install/champ_gazebo:/home/hibiki/Robomech_HR/Eglantyne/simulation/install/champ_bringup:/home/hibiki/Robomech_HR/Eglantyne/simulation/install/champ_base:/home/hibiki/Robomech_HR/Eglantyne/simulation/install/champ_msgs:/home/hibiki/Robomech_HR/Eglantyne/simulation/install/champ_description:/home/hibiki/Robomech_HR/Eglantyne/simulation/install/champ_config:/home/hibiki/Robomech_HR/Eglantyne/simulation/install/ros2_control_demo_testing:/opt/ros/humble:/home/hibiki/Robomech_HR/Eglantyne/simulation/install/champ:/home/hibiki/Robomech_HR/Eglantyne/microros/ros2_pub_test/install/vel_pub PYTHONPATH=/home/hibiki/Robomech_HR/Eglantyne/simulation/install/ros2_control_demo_testing/lib/python3.10/site-packages:/home/hibiki/Robomech_HR/Eglantyne/simulation/install/simple_sim/lib/python3.10/site-packages:/home/hibiki/Robomech_HR/Eglantyne/simulation/install/champ_bringup/lib/python3.10/site-packages:/home/hibiki/Robomech_HR/Eglantyne/simulation/install/champ_msgs/lib/python3.10/site-packages:/opt/ros/humble/lib/python3.10/site-packages:/opt/ros/humble/local/lib/python3.10/dist-packages /usr/bin/cmake --install /home/hibiki/Robomech_HR/Eglantyne/simulation/build/ros2_control_demo_example_8
[1.118s] Level 1:colcon.colcon_core.environment:checking '/home/hibiki/Robomech_HR/Eglantyne/simulation/install/ros2_control_demo_example_8' for CMake config files
[1.119s] Level 1:colcon.colcon_core.shell:create_environment_hook('ros2_control_demo_example_8', 'cmake_prefix_path')
[1.119s] INFO:colcon.colcon_core.shell:Creating environment hook '/home/hibiki/Robomech_HR/Eglantyne/simulation/install/ros2_control_demo_example_8/share/ros2_control_demo_example_8/hook/cmake_prefix_path.ps1'
[1.119s] INFO:colcon.colcon_core.shell:Creating environment descriptor '/home/hibiki/Robomech_HR/Eglantyne/simulation/install/ros2_control_demo_example_8/share/ros2_control_demo_example_8/hook/cmake_prefix_path.dsv'
[1.119s] INFO:colcon.colcon_core.shell:Creating environment hook '/home/hibiki/Robomech_HR/Eglantyne/simulation/install/ros2_control_demo_example_8/share/ros2_control_demo_example_8/hook/cmake_prefix_path.sh'
[1.120s] Level 1:colcon.colcon_core.environment:checking '/home/hibiki/Robomech_HR/Eglantyne/simulation/install/ros2_control_demo_example_8/lib'
[1.120s] Level 1:colcon.colcon_core.shell:create_environment_hook('ros2_control_demo_example_8', 'ld_library_path_lib')
[1.120s] INFO:colcon.colcon_core.shell:Creating environment hook '/home/hibiki/Robomech_HR/Eglantyne/simulation/install/ros2_control_demo_example_8/share/ros2_control_demo_example_8/hook/ld_library_path_lib.ps1'
[1.121s] INFO:colcon.colcon_core.shell:Creating environment descriptor '/home/hibiki/Robomech_HR/Eglantyne/simulation/install/ros2_control_demo_example_8/share/ros2_control_demo_example_8/hook/ld_library_path_lib.dsv'
[1.121s] INFO:colcon.colcon_core.shell:Creating environment hook '/home/hibiki/Robomech_HR/Eglantyne/simulation/install/ros2_control_demo_example_8/share/ros2_control_demo_example_8/hook/ld_library_path_lib.sh'
[1.121s] Level 1:colcon.colcon_core.environment:checking '/home/hibiki/Robomech_HR/Eglantyne/simulation/install/ros2_control_demo_example_8/bin'
[1.121s] Level 1:colcon.colcon_core.environment:checking '/home/hibiki/Robomech_HR/Eglantyne/simulation/install/ros2_control_demo_example_8/lib/pkgconfig/ros2_control_demo_example_8.pc'
[1.121s] Level 1:colcon.colcon_core.environment:checking '/home/hibiki/Robomech_HR/Eglantyne/simulation/install/ros2_control_demo_example_8/lib/python3.10/site-packages'
[1.122s] Level 1:colcon.colcon_core.environment:checking '/home/hibiki/Robomech_HR/Eglantyne/simulation/install/ros2_control_demo_example_8/bin'
[1.122s] INFO:colcon.colcon_core.shell:Creating package script '/home/hibiki/Robomech_HR/Eglantyne/simulation/install/ros2_control_demo_example_8/share/ros2_control_demo_example_8/package.ps1'
[1.122s] INFO:colcon.colcon_core.shell:Creating package descriptor '/home/hibiki/Robomech_HR/Eglantyne/simulation/install/ros2_control_demo_example_8/share/ros2_control_demo_example_8/package.dsv'
[1.123s] INFO:colcon.colcon_core.shell:Creating package script '/home/hibiki/Robomech_HR/Eglantyne/simulation/install/ros2_control_demo_example_8/share/ros2_control_demo_example_8/package.sh'
[1.123s] INFO:colcon.colcon_core.shell:Creating package script '/home/hibiki/Robomech_HR/Eglantyne/simulation/install/ros2_control_demo_example_8/share/ros2_control_demo_example_8/package.bash'
[1.124s] INFO:colcon.colcon_core.shell:Creating package script '/home/hibiki/Robomech_HR/Eglantyne/simulation/install/ros2_control_demo_example_8/share/ros2_control_demo_example_8/package.zsh'
[1.124s] Level 1:colcon.colcon_core.environment:create_file_with_runtime_dependencies(/home/hibiki/Robomech_HR/Eglantyne/simulation/install/ros2_control_demo_example_8/share/colcon-core/packages/ros2_control_demo_example_8)
[1.125s] Level 1:colcon.colcon_core.environment:create_environment_scripts_only(ros2_control_demo_example_7)
[1.125s] Level 1:colcon.colcon_core.environment:checking '/home/hibiki/Robomech_HR/Eglantyne/simulation/install/ros2_control_demo_example_7' for CMake module files
[1.126s] DEBUG:colcon.colcon_core.event_handler.log_command:Invoked command in '/home/hibiki/Robomech_HR/Eglantyne/simulation/build/ros2_control_demo_example_7' returned '0': AMENT_PREFIX_PATH=/home/hibiki/Robomech_HR/Eglantyne/simulation/install/ros2_control_demo_testing:/home/hibiki/Robomech_HR/Eglantyne/simulation/install/simple_sim:/home/hibiki/Robomech_HR/Eglantyne/simulation/install/ros2_control_demos:/home/hibiki/Robomech_HR/Eglantyne/simulation/install/ros2_control_demo_example_9:/home/hibiki/Robomech_HR/Eglantyne/simulation/install/ros2_control_demo_example_8:/home/hibiki/Robomech_HR/Eglantyne/simulation/install/ros2_control_demo_example_7:/home/hibiki/Robomech_HR/Eglantyne/simulation/install/ros2_control_demo_example_6:/home/hibiki/Robomech_HR/Eglantyne/simulation/install/ros2_control_demo_example_15:/home/hibiki/Robomech_HR/Eglantyne/simulation/install/ros2_control_demo_example_5:/home/hibiki/Robomech_HR/Eglantyne/simulation/install/ros2_control_demo_example_4:/home/hibiki/Robomech_HR/Eglantyne/simulation/install/ros2_control_demo_example_3:/home/hibiki/Robomech_HR/Eglantyne/simulation/install/ros2_control_demo_example_2:/home/hibiki/Robomech_HR/Eglantyne/simulation/install/ros2_control_demo_example_14:/home/hibiki/Robomech_HR/Eglantyne/simulation/install/ros2_control_demo_example_12:/home/hibiki/Robomech_HR/Eglantyne/simulation/install/ros2_control_demo_example_11:/home/hibiki/Robomech_HR/Eglantyne/simulation/install/ros2_control_demo_example_10:/home/hibiki/Robomech_HR/Eglantyne/simulation/install/ros2_control_demo_example_1:/home/hibiki/Robomech_HR/Eglantyne/simulation/install/ros2_control_demo_description:/home/hibiki/Robomech_HR/Eglantyne/simulation/install/gazebo_ros2_control_demos:/home/hibiki/Robomech_HR/Eglantyne/simulation/install/champ_teleop:/home/hibiki/Robomech_HR/Eglantyne/simulation/install/champ_navigation:/home/hibiki/Robomech_HR/Eglantyne/simulation/install/champ_gazebo:/home/hibiki/Robomech_HR/Eglantyne/simulation/install/champ_bringup:/home/hibiki/Robomech_HR/Eglantyne/simulation/install/champ_base:/home/hibiki/Robomech_HR/Eglantyne/simulation/install/champ_msgs:/home/hibiki/Robomech_HR/Eglantyne/simulation/install/champ_description:/home/hibiki/Robomech_HR/Eglantyne/simulation/install/champ_config:/home/hibiki/Robomech_HR/Eglantyne/simulation/install/champ:/home/hibiki/Robomech_HR/Eglantyne/microros/ros2_pub_test/install/vel_pub:/opt/ros/humble CMAKE_PREFIX_PATH=/home/hibiki/Robomech_HR/Eglantyne/simulation/install/ros2_control_demo_description:/home/hibiki/Robomech_HR/Eglantyne/simulation/install/simple_sim:/home/hibiki/Robomech_HR/Eglantyne/simulation/install/ros2_control_demos:/home/hibiki/Robomech_HR/Eglantyne/simulation/install/ros2_control_demo_example_9:/home/hibiki/Robomech_HR/Eglantyne/simulation/install/ros2_control_demo_example_8:/home/hibiki/Robomech_HR/Eglantyne/simulation/install/ros2_control_demo_example_7:/home/hibiki/Robomech_HR/Eglantyne/simulation/install/ros2_control_demo_example_6:/home/hibiki/Robomech_HR/Eglantyne/simulation/install/ros2_control_demo_example_15:/home/hibiki/Robomech_HR/Eglantyne/simulation/install/ros2_control_demo_example_5:/home/hibiki/Robomech_HR/Eglantyne/simulation/install/ros2_control_demo_example_4:/home/hibiki/Robomech_HR/Eglantyne/simulation/install/ros2_control_demo_example_3:/home/hibiki/Robomech_HR/Eglantyne/simulation/install/ros2_control_demo_example_2:/home/hibiki/Robomech_HR/Eglantyne/simulation/install/ros2_control_demo_example_14:/home/hibiki/Robomech_HR/Eglantyne/simulation/install/ros2_control_demo_example_12:/home/hibiki/Robomech_HR/Eglantyne/simulation/install/ros2_control_demo_example_11:/home/hibiki/Robomech_HR/Eglantyne/simulation/install/ros2_control_demo_example_10:/home/hibiki/Robomech_HR/Eglantyne/simulation/install/ros2_control_demo_example_1:/home/hibiki/Robomech_HR/Eglantyne/simulation/install/gazebo_ros2_control_demos:/home/hibiki/Robomech_HR/Eglantyne/simulation/install/champ_teleop:/home/hibiki/Robomech_HR/Eglantyne/simulation/install/champ_navigation:/home/hibiki/Robomech_HR/Eglantyne/simulation/install/champ_gazebo:/home/hibiki/Robomech_HR/Eglantyne/simulation/install/champ_bringup:/home/hibiki/Robomech_HR/Eglantyne/simulation/install/champ_base:/home/hibiki/Robomech_HR/Eglantyne/simulation/install/champ_msgs:/home/hibiki/Robomech_HR/Eglantyne/simulation/install/champ_description:/home/hibiki/Robomech_HR/Eglantyne/simulation/install/champ_config:/home/hibiki/Robomech_HR/Eglantyne/simulation/install/ros2_control_demo_testing:/opt/ros/humble:/home/hibiki/Robomech_HR/Eglantyne/simulation/install/champ:/home/hibiki/Robomech_HR/Eglantyne/microros/ros2_pub_test/install/vel_pub PYTHONPATH=/home/hibiki/Robomech_HR/Eglantyne/simulation/install/ros2_control_demo_testing/lib/python3.10/site-packages:/home/hibiki/Robomech_HR/Eglantyne/simulation/install/simple_sim/lib/python3.10/site-packages:/home/hibiki/Robomech_HR/Eglantyne/simulation/install/champ_bringup/lib/python3.10/site-packages:/home/hibiki/Robomech_HR/Eglantyne/simulation/install/champ_msgs/lib/python3.10/site-packages:/opt/ros/humble/lib/python3.10/site-packages:/opt/ros/humble/local/lib/python3.10/dist-packages /usr/bin/cmake --install /home/hibiki/Robomech_HR/Eglantyne/simulation/build/ros2_control_demo_example_7
[1.126s] Level 1:colcon.colcon_core.environment:checking '/home/hibiki/Robomech_HR/Eglantyne/simulation/install/ros2_control_demo_example_7' for CMake config files
[1.126s] Level 1:colcon.colcon_core.shell:create_environment_hook('ros2_control_demo_example_7', 'cmake_prefix_path')
[1.127s] INFO:colcon.colcon_core.shell:Creating environment hook '/home/hibiki/Robomech_HR/Eglantyne/simulation/install/ros2_control_demo_example_7/share/ros2_control_demo_example_7/hook/cmake_prefix_path.ps1'
[1.127s] INFO:colcon.colcon_core.shell:Creating environment descriptor '/home/hibiki/Robomech_HR/Eglantyne/simulation/install/ros2_control_demo_example_7/share/ros2_control_demo_example_7/hook/cmake_prefix_path.dsv'
[1.127s] INFO:colcon.colcon_core.shell:Creating environment hook '/home/hibiki/Robomech_HR/Eglantyne/simulation/install/ros2_control_demo_example_7/share/ros2_control_demo_example_7/hook/cmake_prefix_path.sh'
[1.128s] Level 1:colcon.colcon_core.environment:checking '/home/hibiki/Robomech_HR/Eglantyne/simulation/install/ros2_control_demo_example_7/lib'
[1.128s] Level 1:colcon.colcon_core.shell:create_environment_hook('ros2_control_demo_example_7', 'ld_library_path_lib')
[1.128s] INFO:colcon.colcon_core.shell:Creating environment hook '/home/hibiki/Robomech_HR/Eglantyne/simulation/install/ros2_control_demo_example_7/share/ros2_control_demo_example_7/hook/ld_library_path_lib.ps1'
[1.128s] INFO:colcon.colcon_core.shell:Creating environment descriptor '/home/hibiki/Robomech_HR/Eglantyne/simulation/install/ros2_control_demo_example_7/share/ros2_control_demo_example_7/hook/ld_library_path_lib.dsv'
[1.128s] INFO:colcon.colcon_core.shell:Creating environment hook '/home/hibiki/Robomech_HR/Eglantyne/simulation/install/ros2_control_demo_example_7/share/ros2_control_demo_example_7/hook/ld_library_path_lib.sh'
[1.129s] Level 1:colcon.colcon_core.environment:checking '/home/hibiki/Robomech_HR/Eglantyne/simulation/install/ros2_control_demo_example_7/bin'
[1.129s] Level 1:colcon.colcon_core.environment:checking '/home/hibiki/Robomech_HR/Eglantyne/simulation/install/ros2_control_demo_example_7/lib/pkgconfig/ros2_control_demo_example_7.pc'
[1.129s] Level 1:colcon.colcon_core.environment:checking '/home/hibiki/Robomech_HR/Eglantyne/simulation/install/ros2_control_demo_example_7/lib/python3.10/site-packages'
[1.129s] Level 1:colcon.colcon_core.environment:checking '/home/hibiki/Robomech_HR/Eglantyne/simulation/install/ros2_control_demo_example_7/bin'
[1.129s] INFO:colcon.colcon_core.shell:Creating package script '/home/hibiki/Robomech_HR/Eglantyne/simulation/install/ros2_control_demo_example_7/share/ros2_control_demo_example_7/package.ps1'
[1.129s] INFO:colcon.colcon_core.shell:Creating package descriptor '/home/hibiki/Robomech_HR/Eglantyne/simulation/install/ros2_control_demo_example_7/share/ros2_control_demo_example_7/package.dsv'
[1.130s] INFO:colcon.colcon_core.shell:Creating package script '/home/hibiki/Robomech_HR/Eglantyne/simulation/install/ros2_control_demo_example_7/share/ros2_control_demo_example_7/package.sh'
[1.130s] INFO:colcon.colcon_core.shell:Creating package script '/home/hibiki/Robomech_HR/Eglantyne/simulation/install/ros2_control_demo_example_7/share/ros2_control_demo_example_7/package.bash'
[1.130s] INFO:colcon.colcon_core.shell:Creating package script '/home/hibiki/Robomech_HR/Eglantyne/simulation/install/ros2_control_demo_example_7/share/ros2_control_demo_example_7/package.zsh'
[1.130s] Level 1:colcon.colcon_core.environment:create_file_with_runtime_dependencies(/home/hibiki/Robomech_HR/Eglantyne/simulation/install/ros2_control_demo_example_7/share/colcon-core/packages/ros2_control_demo_example_7)
[1.131s] Level 1:colcon.colcon_core.environment:create_environment_scripts_only(ros2_control_demo_example_11)
[1.132s] Level 1:colcon.colcon_core.environment:checking '/home/hibiki/Robomech_HR/Eglantyne/simulation/install/ros2_control_demo_example_11' for CMake module files
[1.132s] Level 1:colcon.colcon_core.environment:checking '/home/hibiki/Robomech_HR/Eglantyne/simulation/install/ros2_control_demo_example_11' for CMake config files
[1.132s] Level 1:colcon.colcon_core.shell:create_environment_hook('ros2_control_demo_example_11', 'cmake_prefix_path')
[1.132s] INFO:colcon.colcon_core.shell:Creating environment hook '/home/hibiki/Robomech_HR/Eglantyne/simulation/install/ros2_control_demo_example_11/share/ros2_control_demo_example_11/hook/cmake_prefix_path.ps1'
[1.133s] INFO:colcon.colcon_core.shell:Creating environment descriptor '/home/hibiki/Robomech_HR/Eglantyne/simulation/install/ros2_control_demo_example_11/share/ros2_control_demo_example_11/hook/cmake_prefix_path.dsv'
[1.133s] INFO:colcon.colcon_core.shell:Creating environment hook '/home/hibiki/Robomech_HR/Eglantyne/simulation/install/ros2_control_demo_example_11/share/ros2_control_demo_example_11/hook/cmake_prefix_path.sh'
[1.133s] Level 1:colcon.colcon_core.environment:checking '/home/hibiki/Robomech_HR/Eglantyne/simulation/install/ros2_control_demo_example_11/lib'
[1.133s] Level 1:colcon.colcon_core.shell:create_environment_hook('ros2_control_demo_example_11', 'ld_library_path_lib')
[1.133s] INFO:colcon.colcon_core.shell:Creating environment hook '/home/hibiki/Robomech_HR/Eglantyne/simulation/install/ros2_control_demo_example_11/share/ros2_control_demo_example_11/hook/ld_library_path_lib.ps1'
[1.133s] INFO:colcon.colcon_core.shell:Creating environment descriptor '/home/hibiki/Robomech_HR/Eglantyne/simulation/install/ros2_control_demo_example_11/share/ros2_control_demo_example_11/hook/ld_library_path_lib.dsv'
[1.134s] INFO:colcon.colcon_core.shell:Creating environment hook '/home/hibiki/Robomech_HR/Eglantyne/simulation/install/ros2_control_demo_example_11/share/ros2_control_demo_example_11/hook/ld_library_path_lib.sh'
[1.134s] Level 1:colcon.colcon_core.environment:checking '/home/hibiki/Robomech_HR/Eglantyne/simulation/install/ros2_control_demo_example_11/bin'
[1.134s] Level 1:colcon.colcon_core.environment:checking '/home/hibiki/Robomech_HR/Eglantyne/simulation/install/ros2_control_demo_example_11/lib/pkgconfig/ros2_control_demo_example_11.pc'
[1.134s] Level 1:colcon.colcon_core.environment:checking '/home/hibiki/Robomech_HR/Eglantyne/simulation/install/ros2_control_demo_example_11/lib/python3.10/site-packages'
[1.134s] Level 1:colcon.colcon_core.environment:checking '/home/hibiki/Robomech_HR/Eglantyne/simulation/install/ros2_control_demo_example_11/bin'
[1.134s] INFO:colcon.colcon_core.shell:Creating package script '/home/hibiki/Robomech_HR/Eglantyne/simulation/install/ros2_control_demo_example_11/share/ros2_control_demo_example_11/package.ps1'
[1.135s] INFO:colcon.colcon_core.shell:Creating package descriptor '/home/hibiki/Robomech_HR/Eglantyne/simulation/install/ros2_control_demo_example_11/share/ros2_control_demo_example_11/package.dsv'
[1.135s] INFO:colcon.colcon_core.shell:Creating package script '/home/hibiki/Robomech_HR/Eglantyne/simulation/install/ros2_control_demo_example_11/share/ros2_control_demo_example_11/package.sh'
[1.135s] INFO:colcon.colcon_core.shell:Creating package script '/home/hibiki/Robomech_HR/Eglantyne/simulation/install/ros2_control_demo_example_11/share/ros2_control_demo_example_11/package.bash'
[1.135s] INFO:colcon.colcon_core.shell:Creating package script '/home/hibiki/Robomech_HR/Eglantyne/simulation/install/ros2_control_demo_example_11/share/ros2_control_demo_example_11/package.zsh'
[1.136s] Level 1:colcon.colcon_core.environment:create_file_with_runtime_dependencies(/home/hibiki/Robomech_HR/Eglantyne/simulation/install/ros2_control_demo_example_11/share/colcon-core/packages/ros2_control_demo_example_11)
[1.136s] INFO:colcon.colcon_ros.task.ament_cmake.build:Building ROS package in '/home/hibiki/Robomech_HR/Eglantyne/simulation/src/champ/champ_base' with build type 'ament_cmake'
[1.136s] INFO:colcon.colcon_cmake.task.cmake.build:Building CMake package in '/home/hibiki/Robomech_HR/Eglantyne/simulation/src/champ/champ_base'
[1.136s] INFO:colcon.colcon_core.shell:Skip shell extension 'powershell' for command environment: Not usable outside of PowerShell
[1.136s] DEBUG:colcon.colcon_core.shell:Skip shell extension 'dsv' for command environment
[1.140s] INFO:colcon.colcon_ros.task.ament_cmake.build:Building ROS package in '/home/hibiki/Robomech_HR/Eglantyne/simulation/src/champ/champ_gazebo' with build type 'ament_cmake'
[1.140s] INFO:colcon.colcon_cmake.task.cmake.build:Building CMake package in '/home/hibiki/Robomech_HR/Eglantyne/simulation/src/champ/champ_gazebo'
[1.141s] INFO:colcon.colcon_core.shell:Skip shell extension 'powershell' for command environment: Not usable outside of PowerShell
[1.141s] DEBUG:colcon.colcon_core.shell:Skip shell extension 'dsv' for command environment
[1.148s] Level 1:colcon.colcon_core.environment:create_environment_scripts_only(ros2_control_demo_example_2)
[1.148s] Level 1:colcon.colcon_core.environment:checking '/home/hibiki/Robomech_HR/Eglantyne/simulation/install/ros2_control_demo_example_2' for CMake module files
[1.148s] Level 1:colcon.colcon_core.environment:checking '/home/hibiki/Robomech_HR/Eglantyne/simulation/install/ros2_control_demo_example_2' for CMake config files
[1.149s] Level 1:colcon.colcon_core.shell:create_environment_hook('ros2_control_demo_example_2', 'cmake_prefix_path')
[1.149s] INFO:colcon.colcon_core.shell:Creating environment hook '/home/hibiki/Robomech_HR/Eglantyne/simulation/install/ros2_control_demo_example_2/share/ros2_control_demo_example_2/hook/cmake_prefix_path.ps1'
[1.149s] INFO:colcon.colcon_core.shell:Creating environment descriptor '/home/hibiki/Robomech_HR/Eglantyne/simulation/install/ros2_control_demo_example_2/share/ros2_control_demo_example_2/hook/cmake_prefix_path.dsv'
[1.149s] INFO:colcon.colcon_core.shell:Creating environment hook '/home/hibiki/Robomech_HR/Eglantyne/simulation/install/ros2_control_demo_example_2/share/ros2_control_demo_example_2/hook/cmake_prefix_path.sh'
[1.150s] Level 1:colcon.colcon_core.environment:checking '/home/hibiki/Robomech_HR/Eglantyne/simulation/install/ros2_control_demo_example_2/lib'
[1.150s] Level 1:colcon.colcon_core.shell:create_environment_hook('ros2_control_demo_example_2', 'ld_library_path_lib')
[1.150s] INFO:colcon.colcon_core.shell:Creating environment hook '/home/hibiki/Robomech_HR/Eglantyne/simulation/install/ros2_control_demo_example_2/share/ros2_control_demo_example_2/hook/ld_library_path_lib.ps1'
[1.151s] INFO:colcon.colcon_core.shell:Creating environment descriptor '/home/hibiki/Robomech_HR/Eglantyne/simulation/install/ros2_control_demo_example_2/share/ros2_control_demo_example_2/hook/ld_library_path_lib.dsv'
[1.151s] INFO:colcon.colcon_core.shell:Creating environment hook '/home/hibiki/Robomech_HR/Eglantyne/simulation/install/ros2_control_demo_example_2/share/ros2_control_demo_example_2/hook/ld_library_path_lib.sh'
[1.151s] Level 1:colcon.colcon_core.environment:checking '/home/hibiki/Robomech_HR/Eglantyne/simulation/install/ros2_control_demo_example_2/bin'
[1.151s] Level 1:colcon.colcon_core.environment:checking '/home/hibiki/Robomech_HR/Eglantyne/simulation/install/ros2_control_demo_example_2/lib/pkgconfig/ros2_control_demo_example_2.pc'
[1.152s] Level 1:colcon.colcon_core.environment:checking '/home/hibiki/Robomech_HR/Eglantyne/simulation/install/ros2_control_demo_example_2/lib/python3.10/site-packages'
[1.152s] Level 1:colcon.colcon_core.environment:checking '/home/hibiki/Robomech_HR/Eglantyne/simulation/install/ros2_control_demo_example_2/bin'
[1.152s] INFO:colcon.colcon_core.shell:Creating package script '/home/hibiki/Robomech_HR/Eglantyne/simulation/install/ros2_control_demo_example_2/share/ros2_control_demo_example_2/package.ps1'
[1.153s] INFO:colcon.colcon_core.shell:Creating package descriptor '/home/hibiki/Robomech_HR/Eglantyne/simulation/install/ros2_control_demo_example_2/share/ros2_control_demo_example_2/package.dsv'
[1.153s] INFO:colcon.colcon_core.shell:Creating package script '/home/hibiki/Robomech_HR/Eglantyne/simulation/install/ros2_control_demo_example_2/share/ros2_control_demo_example_2/package.sh'
[1.154s] INFO:colcon.colcon_core.shell:Creating package script '/home/hibiki/Robomech_HR/Eglantyne/simulation/install/ros2_control_demo_example_2/share/ros2_control_demo_example_2/package.bash'
[1.154s] INFO:colcon.colcon_core.shell:Creating package script '/home/hibiki/Robomech_HR/Eglantyne/simulation/install/ros2_control_demo_example_2/share/ros2_control_demo_example_2/package.zsh'
[1.154s] Level 1:colcon.colcon_core.environment:create_file_with_runtime_dependencies(/home/hibiki/Robomech_HR/Eglantyne/simulation/install/ros2_control_demo_example_2/share/colcon-core/packages/ros2_control_demo_example_2)
[1.156s] Level 1:colcon.colcon_core.environment:create_environment_scripts_only(ros2_control_demo_example_9)
[1.156s] Level 1:colcon.colcon_core.environment:checking '/home/hibiki/Robomech_HR/Eglantyne/simulation/install/ros2_control_demo_example_9' for CMake module files
[1.156s] DEBUG:colcon.colcon_core.event_handler.log_command:Invoked command in '/home/hibiki/Robomech_HR/Eglantyne/simulation/build/ros2_control_demo_example_9' returned '0': AMENT_PREFIX_PATH=/home/hibiki/Robomech_HR/Eglantyne/simulation/install/ros2_control_demo_testing:/home/hibiki/Robomech_HR/Eglantyne/simulation/install/simple_sim:/home/hibiki/Robomech_HR/Eglantyne/simulation/install/ros2_control_demos:/home/hibiki/Robomech_HR/Eglantyne/simulation/install/ros2_control_demo_example_9:/home/hibiki/Robomech_HR/Eglantyne/simulation/install/ros2_control_demo_example_8:/home/hibiki/Robomech_HR/Eglantyne/simulation/install/ros2_control_demo_example_7:/home/hibiki/Robomech_HR/Eglantyne/simulation/install/ros2_control_demo_example_6:/home/hibiki/Robomech_HR/Eglantyne/simulation/install/ros2_control_demo_example_15:/home/hibiki/Robomech_HR/Eglantyne/simulation/install/ros2_control_demo_example_5:/home/hibiki/Robomech_HR/Eglantyne/simulation/install/ros2_control_demo_example_4:/home/hibiki/Robomech_HR/Eglantyne/simulation/install/ros2_control_demo_example_3:/home/hibiki/Robomech_HR/Eglantyne/simulation/install/ros2_control_demo_example_2:/home/hibiki/Robomech_HR/Eglantyne/simulation/install/ros2_control_demo_example_14:/home/hibiki/Robomech_HR/Eglantyne/simulation/install/ros2_control_demo_example_12:/home/hibiki/Robomech_HR/Eglantyne/simulation/install/ros2_control_demo_example_11:/home/hibiki/Robomech_HR/Eglantyne/simulation/install/ros2_control_demo_example_10:/home/hibiki/Robomech_HR/Eglantyne/simulation/install/ros2_control_demo_example_1:/home/hibiki/Robomech_HR/Eglantyne/simulation/install/ros2_control_demo_description:/home/hibiki/Robomech_HR/Eglantyne/simulation/install/gazebo_ros2_control_demos:/home/hibiki/Robomech_HR/Eglantyne/simulation/install/champ_teleop:/home/hibiki/Robomech_HR/Eglantyne/simulation/install/champ_navigation:/home/hibiki/Robomech_HR/Eglantyne/simulation/install/champ_gazebo:/home/hibiki/Robomech_HR/Eglantyne/simulation/install/champ_bringup:/home/hibiki/Robomech_HR/Eglantyne/simulation/install/champ_base:/home/hibiki/Robomech_HR/Eglantyne/simulation/install/champ_msgs:/home/hibiki/Robomech_HR/Eglantyne/simulation/install/champ_description:/home/hibiki/Robomech_HR/Eglantyne/simulation/install/champ_config:/home/hibiki/Robomech_HR/Eglantyne/simulation/install/champ:/home/hibiki/Robomech_HR/Eglantyne/microros/ros2_pub_test/install/vel_pub:/opt/ros/humble CMAKE_PREFIX_PATH=/home/hibiki/Robomech_HR/Eglantyne/simulation/install/ros2_control_demo_description:/home/hibiki/Robomech_HR/Eglantyne/simulation/install/simple_sim:/home/hibiki/Robomech_HR/Eglantyne/simulation/install/ros2_control_demos:/home/hibiki/Robomech_HR/Eglantyne/simulation/install/ros2_control_demo_example_9:/home/hibiki/Robomech_HR/Eglantyne/simulation/install/ros2_control_demo_example_8:/home/hibiki/Robomech_HR/Eglantyne/simulation/install/ros2_control_demo_example_7:/home/hibiki/Robomech_HR/Eglantyne/simulation/install/ros2_control_demo_example_6:/home/hibiki/Robomech_HR/Eglantyne/simulation/install/ros2_control_demo_example_15:/home/hibiki/Robomech_HR/Eglantyne/simulation/install/ros2_control_demo_example_5:/home/hibiki/Robomech_HR/Eglantyne/simulation/install/ros2_control_demo_example_4:/home/hibiki/Robomech_HR/Eglantyne/simulation/install/ros2_control_demo_example_3:/home/hibiki/Robomech_HR/Eglantyne/simulation/install/ros2_control_demo_example_2:/home/hibiki/Robomech_HR/Eglantyne/simulation/install/ros2_control_demo_example_14:/home/hibiki/Robomech_HR/Eglantyne/simulation/install/ros2_control_demo_example_12:/home/hibiki/Robomech_HR/Eglantyne/simulation/install/ros2_control_demo_example_11:/home/hibiki/Robomech_HR/Eglantyne/simulation/install/ros2_control_demo_example_10:/home/hibiki/Robomech_HR/Eglantyne/simulation/install/ros2_control_demo_example_1:/home/hibiki/Robomech_HR/Eglantyne/simulation/install/gazebo_ros2_control_demos:/home/hibiki/Robomech_HR/Eglantyne/simulation/install/champ_teleop:/home/hibiki/Robomech_HR/Eglantyne/simulation/install/champ_navigation:/home/hibiki/Robomech_HR/Eglantyne/simulation/install/champ_gazebo:/home/hibiki/Robomech_HR/Eglantyne/simulation/install/champ_bringup:/home/hibiki/Robomech_HR/Eglantyne/simulation/install/champ_base:/home/hibiki/Robomech_HR/Eglantyne/simulation/install/champ_msgs:/home/hibiki/Robomech_HR/Eglantyne/simulation/install/champ_description:/home/hibiki/Robomech_HR/Eglantyne/simulation/install/champ_config:/home/hibiki/Robomech_HR/Eglantyne/simulation/install/ros2_control_demo_testing:/opt/ros/humble:/home/hibiki/Robomech_HR/Eglantyne/simulation/install/champ:/home/hibiki/Robomech_HR/Eglantyne/microros/ros2_pub_test/install/vel_pub PYTHONPATH=/home/hibiki/Robomech_HR/Eglantyne/simulation/install/ros2_control_demo_testing/lib/python3.10/site-packages:/home/hibiki/Robomech_HR/Eglantyne/simulation/install/simple_sim/lib/python3.10/site-packages:/home/hibiki/Robomech_HR/Eglantyne/simulation/install/champ_bringup/lib/python3.10/site-packages:/home/hibiki/Robomech_HR/Eglantyne/simulation/install/champ_msgs/lib/python3.10/site-packages:/opt/ros/humble/lib/python3.10/site-packages:/opt/ros/humble/local/lib/python3.10/dist-packages /usr/bin/cmake --install /home/hibiki/Robomech_HR/Eglantyne/simulation/build/ros2_control_demo_example_9
[1.157s] Level 1:colcon.colcon_core.environment:checking '/home/hibiki/Robomech_HR/Eglantyne/simulation/install/ros2_control_demo_example_9' for CMake config files
[1.157s] Level 1:colcon.colcon_core.shell:create_environment_hook('ros2_control_demo_example_9', 'cmake_prefix_path')
[1.157s] INFO:colcon.colcon_core.shell:Creating environment hook '/home/hibiki/Robomech_HR/Eglantyne/simulation/install/ros2_control_demo_example_9/share/ros2_control_demo_example_9/hook/cmake_prefix_path.ps1'
[1.158s] INFO:colcon.colcon_core.shell:Creating environment descriptor '/home/hibiki/Robomech_HR/Eglantyne/simulation/install/ros2_control_demo_example_9/share/ros2_control_demo_example_9/hook/cmake_prefix_path.dsv'
[1.158s] INFO:colcon.colcon_core.shell:Creating environment hook '/home/hibiki/Robomech_HR/Eglantyne/simulation/install/ros2_control_demo_example_9/share/ros2_control_demo_example_9/hook/cmake_prefix_path.sh'
[1.158s] Level 1:colcon.colcon_core.environment:checking '/home/hibiki/Robomech_HR/Eglantyne/simulation/install/ros2_control_demo_example_9/lib'
[1.158s] Level 1:colcon.colcon_core.shell:create_environment_hook('ros2_control_demo_example_9', 'ld_library_path_lib')
[1.159s] INFO:colcon.colcon_core.shell:Creating environment hook '/home/hibiki/Robomech_HR/Eglantyne/simulation/install/ros2_control_demo_example_9/share/ros2_control_demo_example_9/hook/ld_library_path_lib.ps1'
[1.159s] INFO:colcon.colcon_core.shell:Creating environment descriptor '/home/hibiki/Robomech_HR/Eglantyne/simulation/install/ros2_control_demo_example_9/share/ros2_control_demo_example_9/hook/ld_library_path_lib.dsv'
[1.159s] INFO:colcon.colcon_core.shell:Creating environment hook '/home/hibiki/Robomech_HR/Eglantyne/simulation/install/ros2_control_demo_example_9/share/ros2_control_demo_example_9/hook/ld_library_path_lib.sh'
[1.159s] Level 1:colcon.colcon_core.environment:checking '/home/hibiki/Robomech_HR/Eglantyne/simulation/install/ros2_control_demo_example_9/bin'
[1.159s] Level 1:colcon.colcon_core.environment:checking '/home/hibiki/Robomech_HR/Eglantyne/simulation/install/ros2_control_demo_example_9/lib/pkgconfig/ros2_control_demo_example_9.pc'
[1.159s] Level 1:colcon.colcon_core.environment:checking '/home/hibiki/Robomech_HR/Eglantyne/simulation/install/ros2_control_demo_example_9/lib/python3.10/site-packages'
[1.160s] Level 1:colcon.colcon_core.environment:checking '/home/hibiki/Robomech_HR/Eglantyne/simulation/install/ros2_control_demo_example_9/bin'
[1.160s] INFO:colcon.colcon_core.shell:Creating package script '/home/hibiki/Robomech_HR/Eglantyne/simulation/install/ros2_control_demo_example_9/share/ros2_control_demo_example_9/package.ps1'
[1.160s] INFO:colcon.colcon_core.shell:Creating package descriptor '/home/hibiki/Robomech_HR/Eglantyne/simulation/install/ros2_control_demo_example_9/share/ros2_control_demo_example_9/package.dsv'
[1.160s] INFO:colcon.colcon_core.shell:Creating package script '/home/hibiki/Robomech_HR/Eglantyne/simulation/install/ros2_control_demo_example_9/share/ros2_control_demo_example_9/package.sh'
[1.161s] INFO:colcon.colcon_core.shell:Creating package script '/home/hibiki/Robomech_HR/Eglantyne/simulation/install/ros2_control_demo_example_9/share/ros2_control_demo_example_9/package.bash'
[1.161s] INFO:colcon.colcon_core.shell:Creating package script '/home/hibiki/Robomech_HR/Eglantyne/simulation/install/ros2_control_demo_example_9/share/ros2_control_demo_example_9/package.zsh'
[1.161s] Level 1:colcon.colcon_core.environment:create_file_with_runtime_dependencies(/home/hibiki/Robomech_HR/Eglantyne/simulation/install/ros2_control_demo_example_9/share/colcon-core/packages/ros2_control_demo_example_9)
[1.162s] Level 1:colcon.colcon_core.environment:create_environment_scripts_only(ros2_control_demo_example_5)
[1.162s] Level 1:colcon.colcon_core.environment:checking '/home/hibiki/Robomech_HR/Eglantyne/simulation/install/ros2_control_demo_example_5' for CMake module files
[1.162s] Level 1:colcon.colcon_core.environment:checking '/home/hibiki/Robomech_HR/Eglantyne/simulation/install/ros2_control_demo_example_5' for CMake config files
[1.162s] Level 1:colcon.colcon_core.shell:create_environment_hook('ros2_control_demo_example_5', 'cmake_prefix_path')
[1.162s] INFO:colcon.colcon_core.shell:Creating environment hook '/home/hibiki/Robomech_HR/Eglantyne/simulation/install/ros2_control_demo_example_5/share/ros2_control_demo_example_5/hook/cmake_prefix_path.ps1'
[1.163s] INFO:colcon.colcon_core.shell:Creating environment descriptor '/home/hibiki/Robomech_HR/Eglantyne/simulation/install/ros2_control_demo_example_5/share/ros2_control_demo_example_5/hook/cmake_prefix_path.dsv'
[1.163s] INFO:colcon.colcon_core.shell:Creating environment hook '/home/hibiki/Robomech_HR/Eglantyne/simulation/install/ros2_control_demo_example_5/share/ros2_control_demo_example_5/hook/cmake_prefix_path.sh'
[1.163s] Level 1:colcon.colcon_core.environment:checking '/home/hibiki/Robomech_HR/Eglantyne/simulation/install/ros2_control_demo_example_5/lib'
[1.163s] Level 1:colcon.colcon_core.shell:create_environment_hook('ros2_control_demo_example_5', 'ld_library_path_lib')
[1.163s] INFO:colcon.colcon_core.shell:Creating environment hook '/home/hibiki/Robomech_HR/Eglantyne/simulation/install/ros2_control_demo_example_5/share/ros2_control_demo_example_5/hook/ld_library_path_lib.ps1'
[1.163s] INFO:colcon.colcon_core.shell:Creating environment descriptor '/home/hibiki/Robomech_HR/Eglantyne/simulation/install/ros2_control_demo_example_5/share/ros2_control_demo_example_5/hook/ld_library_path_lib.dsv'
[1.164s] INFO:colcon.colcon_core.shell:Creating environment hook '/home/hibiki/Robomech_HR/Eglantyne/simulation/install/ros2_control_demo_example_5/share/ros2_control_demo_example_5/hook/ld_library_path_lib.sh'
[1.164s] Level 1:colcon.colcon_core.environment:checking '/home/hibiki/Robomech_HR/Eglantyne/simulation/install/ros2_control_demo_example_5/bin'
[1.164s] Level 1:colcon.colcon_core.environment:checking '/home/hibiki/Robomech_HR/Eglantyne/simulation/install/ros2_control_demo_example_5/lib/pkgconfig/ros2_control_demo_example_5.pc'
[1.164s] Level 1:colcon.colcon_core.environment:checking '/home/hibiki/Robomech_HR/Eglantyne/simulation/install/ros2_control_demo_example_5/lib/python3.10/site-packages'
[1.164s] Level 1:colcon.colcon_core.environment:checking '/home/hibiki/Robomech_HR/Eglantyne/simulation/install/ros2_control_demo_example_5/bin'
[1.164s] INFO:colcon.colcon_core.shell:Creating package script '/home/hibiki/Robomech_HR/Eglantyne/simulation/install/ros2_control_demo_example_5/share/ros2_control_demo_example_5/package.ps1'
[1.165s] INFO:colcon.colcon_core.shell:Creating package descriptor '/home/hibiki/Robomech_HR/Eglantyne/simulation/install/ros2_control_demo_example_5/share/ros2_control_demo_example_5/package.dsv'
[1.165s] INFO:colcon.colcon_core.shell:Creating package script '/home/hibiki/Robomech_HR/Eglantyne/simulation/install/ros2_control_demo_example_5/share/ros2_control_demo_example_5/package.sh'
[1.165s] INFO:colcon.colcon_core.shell:Creating package script '/home/hibiki/Robomech_HR/Eglantyne/simulation/install/ros2_control_demo_example_5/share/ros2_control_demo_example_5/package.bash'
[1.165s] INFO:colcon.colcon_core.shell:Creating package script '/home/hibiki/Robomech_HR/Eglantyne/simulation/install/ros2_control_demo_example_5/share/ros2_control_demo_example_5/package.zsh'
[1.166s] Level 1:colcon.colcon_core.environment:create_file_with_runtime_dependencies(/home/hibiki/Robomech_HR/Eglantyne/simulation/install/ros2_control_demo_example_5/share/colcon-core/packages/ros2_control_demo_example_5)
[1.166s] Level 1:colcon.colcon_core.environment:create_environment_scripts_only(ros2_control_demo_example_3)
[1.166s] Level 1:colcon.colcon_core.environment:checking '/home/hibiki/Robomech_HR/Eglantyne/simulation/install/ros2_control_demo_example_3' for CMake module files
[1.166s] Level 1:colcon.colcon_core.environment:checking '/home/hibiki/Robomech_HR/Eglantyne/simulation/install/ros2_control_demo_example_3' for CMake config files
[1.167s] Level 1:colcon.colcon_core.shell:create_environment_hook('ros2_control_demo_example_3', 'cmake_prefix_path')
[1.167s] INFO:colcon.colcon_core.shell:Creating environment hook '/home/hibiki/Robomech_HR/Eglantyne/simulation/install/ros2_control_demo_example_3/share/ros2_control_demo_example_3/hook/cmake_prefix_path.ps1'
[1.167s] INFO:colcon.colcon_core.shell:Creating environment descriptor '/home/hibiki/Robomech_HR/Eglantyne/simulation/install/ros2_control_demo_example_3/share/ros2_control_demo_example_3/hook/cmake_prefix_path.dsv'
[1.167s] INFO:colcon.colcon_core.shell:Creating environment hook '/home/hibiki/Robomech_HR/Eglantyne/simulation/install/ros2_control_demo_example_3/share/ros2_control_demo_example_3/hook/cmake_prefix_path.sh'
[1.167s] Level 1:colcon.colcon_core.environment:checking '/home/hibiki/Robomech_HR/Eglantyne/simulation/install/ros2_control_demo_example_3/lib'
[1.167s] Level 1:colcon.colcon_core.shell:create_environment_hook('ros2_control_demo_example_3', 'ld_library_path_lib')
[1.168s] INFO:colcon.colcon_core.shell:Creating environment hook '/home/hibiki/Robomech_HR/Eglantyne/simulation/install/ros2_control_demo_example_3/share/ros2_control_demo_example_3/hook/ld_library_path_lib.ps1'
[1.168s] INFO:colcon.colcon_core.shell:Creating environment descriptor '/home/hibiki/Robomech_HR/Eglantyne/simulation/install/ros2_control_demo_example_3/share/ros2_control_demo_example_3/hook/ld_library_path_lib.dsv'
[1.168s] INFO:colcon.colcon_core.shell:Creating environment hook '/home/hibiki/Robomech_HR/Eglantyne/simulation/install/ros2_control_demo_example_3/share/ros2_control_demo_example_3/hook/ld_library_path_lib.sh'
[1.168s] Level 1:colcon.colcon_core.environment:checking '/home/hibiki/Robomech_HR/Eglantyne/simulation/install/ros2_control_demo_example_3/bin'
[1.168s] Level 1:colcon.colcon_core.environment:checking '/home/hibiki/Robomech_HR/Eglantyne/simulation/install/ros2_control_demo_example_3/lib/pkgconfig/ros2_control_demo_example_3.pc'
[1.168s] Level 1:colcon.colcon_core.environment:checking '/home/hibiki/Robomech_HR/Eglantyne/simulation/install/ros2_control_demo_example_3/lib/python3.10/site-packages'
[1.168s] Level 1:colcon.colcon_core.environment:checking '/home/hibiki/Robomech_HR/Eglantyne/simulation/install/ros2_control_demo_example_3/bin'
[1.169s] INFO:colcon.colcon_core.shell:Creating package script '/home/hibiki/Robomech_HR/Eglantyne/simulation/install/ros2_control_demo_example_3/share/ros2_control_demo_example_3/package.ps1'
[1.169s] INFO:colcon.colcon_core.shell:Creating package descriptor '/home/hibiki/Robomech_HR/Eglantyne/simulation/install/ros2_control_demo_example_3/share/ros2_control_demo_example_3/package.dsv'
[1.169s] INFO:colcon.colcon_core.shell:Creating package script '/home/hibiki/Robomech_HR/Eglantyne/simulation/install/ros2_control_demo_example_3/share/ros2_control_demo_example_3/package.sh'
[1.169s] INFO:colcon.colcon_core.shell:Creating package script '/home/hibiki/Robomech_HR/Eglantyne/simulation/install/ros2_control_demo_example_3/share/ros2_control_demo_example_3/package.bash'
[1.170s] INFO:colcon.colcon_core.shell:Creating package script '/home/hibiki/Robomech_HR/Eglantyne/simulation/install/ros2_control_demo_example_3/share/ros2_control_demo_example_3/package.zsh'
[1.170s] Level 1:colcon.colcon_core.environment:create_file_with_runtime_dependencies(/home/hibiki/Robomech_HR/Eglantyne/simulation/install/ros2_control_demo_example_3/share/colcon-core/packages/ros2_control_demo_example_3)
[1.171s] INFO:colcon.colcon_ros.task.ament_cmake.build:Building ROS package in '/home/hibiki/Robomech_HR/Eglantyne/simulation/src/ros2_control_demos/example_15' with build type 'ament_cmake'
[1.171s] INFO:colcon.colcon_cmake.task.cmake.build:Building CMake package in '/home/hibiki/Robomech_HR/Eglantyne/simulation/src/ros2_control_demos/example_15'
[1.171s] INFO:colcon.colcon_core.shell:Skip shell extension 'powershell' for command environment: Not usable outside of PowerShell
[1.171s] DEBUG:colcon.colcon_core.shell:Skip shell extension 'dsv' for command environment
[1.175s] Level 1:colcon.colcon_core.environment:create_environment_scripts_only(ros2_control_demo_example_14)
[1.175s] Level 1:colcon.colcon_core.environment:checking '/home/hibiki/Robomech_HR/Eglantyne/simulation/install/ros2_control_demo_example_14' for CMake module files
[1.175s] Level 1:colcon.colcon_core.environment:checking '/home/hibiki/Robomech_HR/Eglantyne/simulation/install/ros2_control_demo_example_14' for CMake config files
[1.175s] Level 1:colcon.colcon_core.shell:create_environment_hook('ros2_control_demo_example_14', 'cmake_prefix_path')
[1.175s] INFO:colcon.colcon_core.shell:Creating environment hook '/home/hibiki/Robomech_HR/Eglantyne/simulation/install/ros2_control_demo_example_14/share/ros2_control_demo_example_14/hook/cmake_prefix_path.ps1'
[1.176s] INFO:colcon.colcon_core.shell:Creating environment descriptor '/home/hibiki/Robomech_HR/Eglantyne/simulation/install/ros2_control_demo_example_14/share/ros2_control_demo_example_14/hook/cmake_prefix_path.dsv'
[1.176s] INFO:colcon.colcon_core.shell:Creating environment hook '/home/hibiki/Robomech_HR/Eglantyne/simulation/install/ros2_control_demo_example_14/share/ros2_control_demo_example_14/hook/cmake_prefix_path.sh'
[1.176s] Level 1:colcon.colcon_core.environment:checking '/home/hibiki/Robomech_HR/Eglantyne/simulation/install/ros2_control_demo_example_14/lib'
[1.176s] Level 1:colcon.colcon_core.shell:create_environment_hook('ros2_control_demo_example_14', 'ld_library_path_lib')
[1.176s] INFO:colcon.colcon_core.shell:Creating environment hook '/home/hibiki/Robomech_HR/Eglantyne/simulation/install/ros2_control_demo_example_14/share/ros2_control_demo_example_14/hook/ld_library_path_lib.ps1'
[1.176s] INFO:colcon.colcon_core.shell:Creating environment descriptor '/home/hibiki/Robomech_HR/Eglantyne/simulation/install/ros2_control_demo_example_14/share/ros2_control_demo_example_14/hook/ld_library_path_lib.dsv'
[1.177s] INFO:colcon.colcon_core.shell:Creating environment hook '/home/hibiki/Robomech_HR/Eglantyne/simulation/install/ros2_control_demo_example_14/share/ros2_control_demo_example_14/hook/ld_library_path_lib.sh'
[1.177s] Level 1:colcon.colcon_core.environment:checking '/home/hibiki/Robomech_HR/Eglantyne/simulation/install/ros2_control_demo_example_14/bin'
[1.177s] Level 1:colcon.colcon_core.environment:checking '/home/hibiki/Robomech_HR/Eglantyne/simulation/install/ros2_control_demo_example_14/lib/pkgconfig/ros2_control_demo_example_14.pc'
[1.177s] Level 1:colcon.colcon_core.environment:checking '/home/hibiki/Robomech_HR/Eglantyne/simulation/install/ros2_control_demo_example_14/lib/python3.10/site-packages'
[1.178s] Level 1:colcon.colcon_core.environment:checking '/home/hibiki/Robomech_HR/Eglantyne/simulation/install/ros2_control_demo_example_14/bin'
[1.178s] INFO:colcon.colcon_core.shell:Creating package script '/home/hibiki/Robomech_HR/Eglantyne/simulation/install/ros2_control_demo_example_14/share/ros2_control_demo_example_14/package.ps1'
[1.178s] INFO:colcon.colcon_core.shell:Creating package descriptor '/home/hibiki/Robomech_HR/Eglantyne/simulation/install/ros2_control_demo_example_14/share/ros2_control_demo_example_14/package.dsv'
[1.178s] INFO:colcon.colcon_core.shell:Creating package script '/home/hibiki/Robomech_HR/Eglantyne/simulation/install/ros2_control_demo_example_14/share/ros2_control_demo_example_14/package.sh'
[1.179s] INFO:colcon.colcon_core.shell:Creating package script '/home/hibiki/Robomech_HR/Eglantyne/simulation/install/ros2_control_demo_example_14/share/ros2_control_demo_example_14/package.bash'
[1.179s] INFO:colcon.colcon_core.shell:Creating package script '/home/hibiki/Robomech_HR/Eglantyne/simulation/install/ros2_control_demo_example_14/share/ros2_control_demo_example_14/package.zsh'
[1.179s] Level 1:colcon.colcon_core.environment:create_file_with_runtime_dependencies(/home/hibiki/Robomech_HR/Eglantyne/simulation/install/ros2_control_demo_example_14/share/colcon-core/packages/ros2_control_demo_example_14)
[1.180s] Level 1:colcon.colcon_core.environment:create_environment_scripts_only(ros2_control_demo_example_6)
[1.180s] Level 1:colcon.colcon_core.environment:checking '/home/hibiki/Robomech_HR/Eglantyne/simulation/install/ros2_control_demo_example_6' for CMake module files
[1.180s] Level 1:colcon.colcon_core.environment:checking '/home/hibiki/Robomech_HR/Eglantyne/simulation/install/ros2_control_demo_example_6' for CMake config files
[1.180s] Level 1:colcon.colcon_core.shell:create_environment_hook('ros2_control_demo_example_6', 'cmake_prefix_path')
[1.181s] INFO:colcon.colcon_core.shell:Creating environment hook '/home/hibiki/Robomech_HR/Eglantyne/simulation/install/ros2_control_demo_example_6/share/ros2_control_demo_example_6/hook/cmake_prefix_path.ps1'
[1.181s] INFO:colcon.colcon_core.shell:Creating environment descriptor '/home/hibiki/Robomech_HR/Eglantyne/simulation/install/ros2_control_demo_example_6/share/ros2_control_demo_example_6/hook/cmake_prefix_path.dsv'
[1.181s] INFO:colcon.colcon_core.shell:Creating environment hook '/home/hibiki/Robomech_HR/Eglantyne/simulation/install/ros2_control_demo_example_6/share/ros2_control_demo_example_6/hook/cmake_prefix_path.sh'
[1.181s] Level 1:colcon.colcon_core.environment:checking '/home/hibiki/Robomech_HR/Eglantyne/simulation/install/ros2_control_demo_example_6/lib'
[1.181s] Level 1:colcon.colcon_core.shell:create_environment_hook('ros2_control_demo_example_6', 'ld_library_path_lib')
[1.181s] INFO:colcon.colcon_core.shell:Creating environment hook '/home/hibiki/Robomech_HR/Eglantyne/simulation/install/ros2_control_demo_example_6/share/ros2_control_demo_example_6/hook/ld_library_path_lib.ps1'
[1.182s] INFO:colcon.colcon_core.shell:Creating environment descriptor '/home/hibiki/Robomech_HR/Eglantyne/simulation/install/ros2_control_demo_example_6/share/ros2_control_demo_example_6/hook/ld_library_path_lib.dsv'
[1.182s] INFO:colcon.colcon_core.shell:Creating environment hook '/home/hibiki/Robomech_HR/Eglantyne/simulation/install/ros2_control_demo_example_6/share/ros2_control_demo_example_6/hook/ld_library_path_lib.sh'
[1.182s] Level 1:colcon.colcon_core.environment:checking '/home/hibiki/Robomech_HR/Eglantyne/simulation/install/ros2_control_demo_example_6/bin'
[1.182s] Level 1:colcon.colcon_core.environment:checking '/home/hibiki/Robomech_HR/Eglantyne/simulation/install/ros2_control_demo_example_6/lib/pkgconfig/ros2_control_demo_example_6.pc'
[1.182s] Level 1:colcon.colcon_core.environment:checking '/home/hibiki/Robomech_HR/Eglantyne/simulation/install/ros2_control_demo_example_6/lib/python3.10/site-packages'
[1.182s] Level 1:colcon.colcon_core.environment:checking '/home/hibiki/Robomech_HR/Eglantyne/simulation/install/ros2_control_demo_example_6/bin'
[1.182s] INFO:colcon.colcon_core.shell:Creating package script '/home/hibiki/Robomech_HR/Eglantyne/simulation/install/ros2_control_demo_example_6/share/ros2_control_demo_example_6/package.ps1'
[1.183s] INFO:colcon.colcon_core.shell:Creating package descriptor '/home/hibiki/Robomech_HR/Eglantyne/simulation/install/ros2_control_demo_example_6/share/ros2_control_demo_example_6/package.dsv'
[1.183s] INFO:colcon.colcon_core.shell:Creating package script '/home/hibiki/Robomech_HR/Eglantyne/simulation/install/ros2_control_demo_example_6/share/ros2_control_demo_example_6/package.sh'
[1.183s] INFO:colcon.colcon_core.shell:Creating package script '/home/hibiki/Robomech_HR/Eglantyne/simulation/install/ros2_control_demo_example_6/share/ros2_control_demo_example_6/package.bash'
[1.183s] INFO:colcon.colcon_core.shell:Creating package script '/home/hibiki/Robomech_HR/Eglantyne/simulation/install/ros2_control_demo_example_6/share/ros2_control_demo_example_6/package.zsh'
[1.184s] Level 1:colcon.colcon_core.environment:create_file_with_runtime_dependencies(/home/hibiki/Robomech_HR/Eglantyne/simulation/install/ros2_control_demo_example_6/share/colcon-core/packages/ros2_control_demo_example_6)
[1.184s] Level 1:colcon.colcon_core.environment:create_environment_scripts_only(ros2_control_demo_example_12)
[1.184s] Level 1:colcon.colcon_core.environment:checking '/home/hibiki/Robomech_HR/Eglantyne/simulation/install/ros2_control_demo_example_12' for CMake module files
[1.185s] Level 1:colcon.colcon_core.environment:checking '/home/hibiki/Robomech_HR/Eglantyne/simulation/install/ros2_control_demo_example_12' for CMake config files
[1.185s] Level 1:colcon.colcon_core.shell:create_environment_hook('ros2_control_demo_example_12', 'cmake_prefix_path')
[1.185s] INFO:colcon.colcon_core.shell:Creating environment hook '/home/hibiki/Robomech_HR/Eglantyne/simulation/install/ros2_control_demo_example_12/share/ros2_control_demo_example_12/hook/cmake_prefix_path.ps1'
[1.185s] INFO:colcon.colcon_core.shell:Creating environment descriptor '/home/hibiki/Robomech_HR/Eglantyne/simulation/install/ros2_control_demo_example_12/share/ros2_control_demo_example_12/hook/cmake_prefix_path.dsv'
[1.185s] INFO:colcon.colcon_core.shell:Creating environment hook '/home/hibiki/Robomech_HR/Eglantyne/simulation/install/ros2_control_demo_example_12/share/ros2_control_demo_example_12/hook/cmake_prefix_path.sh'
[1.185s] Level 1:colcon.colcon_core.environment:checking '/home/hibiki/Robomech_HR/Eglantyne/simulation/install/ros2_control_demo_example_12/lib'
[1.186s] Level 1:colcon.colcon_core.shell:create_environment_hook('ros2_control_demo_example_12', 'ld_library_path_lib')
[1.186s] INFO:colcon.colcon_core.shell:Creating environment hook '/home/hibiki/Robomech_HR/Eglantyne/simulation/install/ros2_control_demo_example_12/share/ros2_control_demo_example_12/hook/ld_library_path_lib.ps1'
[1.186s] INFO:colcon.colcon_core.shell:Creating environment descriptor '/home/hibiki/Robomech_HR/Eglantyne/simulation/install/ros2_control_demo_example_12/share/ros2_control_demo_example_12/hook/ld_library_path_lib.dsv'
[1.186s] INFO:colcon.colcon_core.shell:Creating environment hook '/home/hibiki/Robomech_HR/Eglantyne/simulation/install/ros2_control_demo_example_12/share/ros2_control_demo_example_12/hook/ld_library_path_lib.sh'
[1.186s] Level 1:colcon.colcon_core.environment:checking '/home/hibiki/Robomech_HR/Eglantyne/simulation/install/ros2_control_demo_example_12/bin'
[1.186s] Level 1:colcon.colcon_core.environment:checking '/home/hibiki/Robomech_HR/Eglantyne/simulation/install/ros2_control_demo_example_12/lib/pkgconfig/ros2_control_demo_example_12.pc'
[1.186s] Level 1:colcon.colcon_core.environment:checking '/home/hibiki/Robomech_HR/Eglantyne/simulation/install/ros2_control_demo_example_12/lib/python3.10/site-packages'
[1.186s] Level 1:colcon.colcon_core.environment:checking '/home/hibiki/Robomech_HR/Eglantyne/simulation/install/ros2_control_demo_example_12/bin'
[1.187s] INFO:colcon.colcon_core.shell:Creating package script '/home/hibiki/Robomech_HR/Eglantyne/simulation/install/ros2_control_demo_example_12/share/ros2_control_demo_example_12/package.ps1'
[1.187s] INFO:colcon.colcon_core.shell:Creating package descriptor '/home/hibiki/Robomech_HR/Eglantyne/simulation/install/ros2_control_demo_example_12/share/ros2_control_demo_example_12/package.dsv'
[1.187s] INFO:colcon.colcon_core.shell:Creating package script '/home/hibiki/Robomech_HR/Eglantyne/simulation/install/ros2_control_demo_example_12/share/ros2_control_demo_example_12/package.sh'
[1.187s] INFO:colcon.colcon_core.shell:Creating package script '/home/hibiki/Robomech_HR/Eglantyne/simulation/install/ros2_control_demo_example_12/share/ros2_control_demo_example_12/package.bash'
[1.188s] INFO:colcon.colcon_core.shell:Creating package script '/home/hibiki/Robomech_HR/Eglantyne/simulation/install/ros2_control_demo_example_12/share/ros2_control_demo_example_12/package.zsh'
[1.188s] Level 1:colcon.colcon_core.environment:create_file_with_runtime_dependencies(/home/hibiki/Robomech_HR/Eglantyne/simulation/install/ros2_control_demo_example_12/share/colcon-core/packages/ros2_control_demo_example_12)
[1.188s] Level 1:colcon.colcon_core.environment:create_environment_scripts_only(ros2_control_demo_example_4)
[1.188s] Level 1:colcon.colcon_core.environment:checking '/home/hibiki/Robomech_HR/Eglantyne/simulation/install/ros2_control_demo_example_4' for CMake module files
[1.189s] Level 1:colcon.colcon_core.environment:checking '/home/hibiki/Robomech_HR/Eglantyne/simulation/install/ros2_control_demo_example_4' for CMake config files
[1.189s] Level 1:colcon.colcon_core.shell:create_environment_hook('ros2_control_demo_example_4', 'cmake_prefix_path')
[1.189s] INFO:colcon.colcon_core.shell:Creating environment hook '/home/hibiki/Robomech_HR/Eglantyne/simulation/install/ros2_control_demo_example_4/share/ros2_control_demo_example_4/hook/cmake_prefix_path.ps1'
[1.189s] INFO:colcon.colcon_core.shell:Creating environment descriptor '/home/hibiki/Robomech_HR/Eglantyne/simulation/install/ros2_control_demo_example_4/share/ros2_control_demo_example_4/hook/cmake_prefix_path.dsv'
[1.189s] INFO:colcon.colcon_core.shell:Creating environment hook '/home/hibiki/Robomech_HR/Eglantyne/simulation/install/ros2_control_demo_example_4/share/ros2_control_demo_example_4/hook/cmake_prefix_path.sh'
[1.189s] Level 1:colcon.colcon_core.environment:checking '/home/hibiki/Robomech_HR/Eglantyne/simulation/install/ros2_control_demo_example_4/lib'
[1.189s] Level 1:colcon.colcon_core.shell:create_environment_hook('ros2_control_demo_example_4', 'ld_library_path_lib')
[1.190s] INFO:colcon.colcon_core.shell:Creating environment hook '/home/hibiki/Robomech_HR/Eglantyne/simulation/install/ros2_control_demo_example_4/share/ros2_control_demo_example_4/hook/ld_library_path_lib.ps1'
[1.190s] INFO:colcon.colcon_core.shell:Creating environment descriptor '/home/hibiki/Robomech_HR/Eglantyne/simulation/install/ros2_control_demo_example_4/share/ros2_control_demo_example_4/hook/ld_library_path_lib.dsv'
[1.190s] INFO:colcon.colcon_core.shell:Creating environment hook '/home/hibiki/Robomech_HR/Eglantyne/simulation/install/ros2_control_demo_example_4/share/ros2_control_demo_example_4/hook/ld_library_path_lib.sh'
[1.190s] Level 1:colcon.colcon_core.environment:checking '/home/hibiki/Robomech_HR/Eglantyne/simulation/install/ros2_control_demo_example_4/bin'
[1.190s] Level 1:colcon.colcon_core.environment:checking '/home/hibiki/Robomech_HR/Eglantyne/simulation/install/ros2_control_demo_example_4/lib/pkgconfig/ros2_control_demo_example_4.pc'
[1.190s] Level 1:colcon.colcon_core.environment:checking '/home/hibiki/Robomech_HR/Eglantyne/simulation/install/ros2_control_demo_example_4/lib/python3.10/site-packages'
[1.190s] Level 1:colcon.colcon_core.environment:checking '/home/hibiki/Robomech_HR/Eglantyne/simulation/install/ros2_control_demo_example_4/bin'
[1.191s] INFO:colcon.colcon_core.shell:Creating package script '/home/hibiki/Robomech_HR/Eglantyne/simulation/install/ros2_control_demo_example_4/share/ros2_control_demo_example_4/package.ps1'
[1.191s] INFO:colcon.colcon_core.shell:Creating package descriptor '/home/hibiki/Robomech_HR/Eglantyne/simulation/install/ros2_control_demo_example_4/share/ros2_control_demo_example_4/package.dsv'
[1.191s] INFO:colcon.colcon_core.shell:Creating package script '/home/hibiki/Robomech_HR/Eglantyne/simulation/install/ros2_control_demo_example_4/share/ros2_control_demo_example_4/package.sh'
[1.191s] INFO:colcon.colcon_core.shell:Creating package script '/home/hibiki/Robomech_HR/Eglantyne/simulation/install/ros2_control_demo_example_4/share/ros2_control_demo_example_4/package.bash'
[1.192s] INFO:colcon.colcon_core.shell:Creating package script '/home/hibiki/Robomech_HR/Eglantyne/simulation/install/ros2_control_demo_example_4/share/ros2_control_demo_example_4/package.zsh'
[1.192s] Level 1:colcon.colcon_core.environment:create_file_with_runtime_dependencies(/home/hibiki/Robomech_HR/Eglantyne/simulation/install/ros2_control_demo_example_4/share/colcon-core/packages/ros2_control_demo_example_4)
[1.192s] Level 1:colcon.colcon_core.environment:create_environment_scripts_only(ros2_control_demo_example_8)
[1.192s] Level 1:colcon.colcon_core.environment:checking '/home/hibiki/Robomech_HR/Eglantyne/simulation/install/ros2_control_demo_example_8' for CMake module files
[1.193s] Level 1:colcon.colcon_core.environment:checking '/home/hibiki/Robomech_HR/Eglantyne/simulation/install/ros2_control_demo_example_8' for CMake config files
[1.193s] Level 1:colcon.colcon_core.shell:create_environment_hook('ros2_control_demo_example_8', 'cmake_prefix_path')
[1.193s] INFO:colcon.colcon_core.shell:Creating environment hook '/home/hibiki/Robomech_HR/Eglantyne/simulation/install/ros2_control_demo_example_8/share/ros2_control_demo_example_8/hook/cmake_prefix_path.ps1'
[1.193s] INFO:colcon.colcon_core.shell:Creating environment descriptor '/home/hibiki/Robomech_HR/Eglantyne/simulation/install/ros2_control_demo_example_8/share/ros2_control_demo_example_8/hook/cmake_prefix_path.dsv'
[1.193s] INFO:colcon.colcon_core.shell:Creating environment hook '/home/hibiki/Robomech_HR/Eglantyne/simulation/install/ros2_control_demo_example_8/share/ros2_control_demo_example_8/hook/cmake_prefix_path.sh'
[1.194s] Level 1:colcon.colcon_core.environment:checking '/home/hibiki/Robomech_HR/Eglantyne/simulation/install/ros2_control_demo_example_8/lib'
[1.194s] Level 1:colcon.colcon_core.shell:create_environment_hook('ros2_control_demo_example_8', 'ld_library_path_lib')
[1.194s] INFO:colcon.colcon_core.shell:Creating environment hook '/home/hibiki/Robomech_HR/Eglantyne/simulation/install/ros2_control_demo_example_8/share/ros2_control_demo_example_8/hook/ld_library_path_lib.ps1'
[1.194s] INFO:colcon.colcon_core.shell:Creating environment descriptor '/home/hibiki/Robomech_HR/Eglantyne/simulation/install/ros2_control_demo_example_8/share/ros2_control_demo_example_8/hook/ld_library_path_lib.dsv'
[1.194s] INFO:colcon.colcon_core.shell:Creating environment hook '/home/hibiki/Robomech_HR/Eglantyne/simulation/install/ros2_control_demo_example_8/share/ros2_control_demo_example_8/hook/ld_library_path_lib.sh'
[1.194s] Level 1:colcon.colcon_core.environment:checking '/home/hibiki/Robomech_HR/Eglantyne/simulation/install/ros2_control_demo_example_8/bin'
[1.194s] Level 1:colcon.colcon_core.environment:checking '/home/hibiki/Robomech_HR/Eglantyne/simulation/install/ros2_control_demo_example_8/lib/pkgconfig/ros2_control_demo_example_8.pc'
[1.195s] Level 1:colcon.colcon_core.environment:checking '/home/hibiki/Robomech_HR/Eglantyne/simulation/install/ros2_control_demo_example_8/lib/python3.10/site-packages'
[1.195s] Level 1:colcon.colcon_core.environment:checking '/home/hibiki/Robomech_HR/Eglantyne/simulation/install/ros2_control_demo_example_8/bin'
[1.195s] INFO:colcon.colcon_core.shell:Creating package script '/home/hibiki/Robomech_HR/Eglantyne/simulation/install/ros2_control_demo_example_8/share/ros2_control_demo_example_8/package.ps1'
[1.195s] INFO:colcon.colcon_core.shell:Creating package descriptor '/home/hibiki/Robomech_HR/Eglantyne/simulation/install/ros2_control_demo_example_8/share/ros2_control_demo_example_8/package.dsv'
[1.195s] INFO:colcon.colcon_core.shell:Creating package script '/home/hibiki/Robomech_HR/Eglantyne/simulation/install/ros2_control_demo_example_8/share/ros2_control_demo_example_8/package.sh'
[1.196s] INFO:colcon.colcon_core.shell:Creating package script '/home/hibiki/Robomech_HR/Eglantyne/simulation/install/ros2_control_demo_example_8/share/ros2_control_demo_example_8/package.bash'
[1.196s] INFO:colcon.colcon_core.shell:Creating package script '/home/hibiki/Robomech_HR/Eglantyne/simulation/install/ros2_control_demo_example_8/share/ros2_control_demo_example_8/package.zsh'
[1.196s] Level 1:colcon.colcon_core.environment:create_file_with_runtime_dependencies(/home/hibiki/Robomech_HR/Eglantyne/simulation/install/ros2_control_demo_example_8/share/colcon-core/packages/ros2_control_demo_example_8)
[1.199s] DEBUG:colcon.colcon_core.event_handler.log_command:Invoking command in '/home/hibiki/Robomech_HR/Eglantyne/simulation/build/champ_base': CMAKE_PREFIX_PATH=/home/hibiki/Robomech_HR/Eglantyne/simulation/install/champ_msgs:/home/hibiki/Robomech_HR/Eglantyne/simulation/install/ros2_control_demo_testing:/opt/ros/humble:/home/hibiki/Robomech_HR/Eglantyne/simulation/install/champ:/home/hibiki/Robomech_HR/Eglantyne/simulation/install/simple_sim:/home/hibiki/Robomech_HR/Eglantyne/simulation/install/ros2_control_demos:/home/hibiki/Robomech_HR/Eglantyne/simulation/install/ros2_control_demo_example_9:/home/hibiki/Robomech_HR/Eglantyne/simulation/install/ros2_control_demo_example_8:/home/hibiki/Robomech_HR/Eglantyne/simulation/install/ros2_control_demo_example_7:/home/hibiki/Robomech_HR/Eglantyne/simulation/install/ros2_control_demo_example_6:/home/hibiki/Robomech_HR/Eglantyne/simulation/install/ros2_control_demo_example_15:/home/hibiki/Robomech_HR/Eglantyne/simulation/install/ros2_control_demo_example_5:/home/hibiki/Robomech_HR/Eglantyne/simulation/install/ros2_control_demo_example_4:/home/hibiki/Robomech_HR/Eglantyne/simulation/install/ros2_control_demo_example_3:/home/hibiki/Robomech_HR/Eglantyne/simulation/install/ros2_control_demo_example_2:/home/hibiki/Robomech_HR/Eglantyne/simulation/install/ros2_control_demo_example_14:/home/hibiki/Robomech_HR/Eglantyne/simulation/install/ros2_control_demo_example_12:/home/hibiki/Robomech_HR/Eglantyne/simulation/install/ros2_control_demo_example_11:/home/hibiki/Robomech_HR/Eglantyne/simulation/install/ros2_control_demo_example_10:/home/hibiki/Robomech_HR/Eglantyne/simulation/install/ros2_control_demo_example_1:/home/hibiki/Robomech_HR/Eglantyne/simulation/install/ros2_control_demo_description:/home/hibiki/Robomech_HR/Eglantyne/simulation/install/gazebo_ros2_control_demos:/home/hibiki/Robomech_HR/Eglantyne/simulation/install/champ_teleop:/home/hibiki/Robomech_HR/Eglantyne/simulation/install/champ_navigation:/home/hibiki/Robomech_HR/Eglantyne/simulation/install/champ_gazebo:/home/hibiki/Robomech_HR/Eglantyne/simulation/install/champ_bringup:/home/hibiki/Robomech_HR/Eglantyne/simulation/install/champ_base:/home/hibiki/Robomech_HR/Eglantyne/simulation/install/champ_description:/home/hibiki/Robomech_HR/Eglantyne/simulation/install/champ_config:/home/hibiki/Robomech_HR/Eglantyne/microros/ros2_pub_test/install/vel_pub LD_LIBRARY_PATH=/home/hibiki/Robomech_HR/Eglantyne/simulation/install/champ_msgs/lib:/home/hibiki/Robomech_HR/Eglantyne/simulation/install/simple_sim/lib:/home/hibiki/Robomech_HR/Eglantyne/simulation/install/ros2_control_demo_example_9/lib:/home/hibiki/Robomech_HR/Eglantyne/simulation/install/ros2_control_demo_example_8/lib:/home/hibiki/Robomech_HR/Eglantyne/simulation/install/ros2_control_demo_example_7/lib:/home/hibiki/Robomech_HR/Eglantyne/simulation/install/ros2_control_demo_example_6/lib:/home/hibiki/Robomech_HR/Eglantyne/simulation/install/ros2_control_demo_example_5/lib:/home/hibiki/Robomech_HR/Eglantyne/simulation/install/ros2_control_demo_example_4/lib:/home/hibiki/Robomech_HR/Eglantyne/simulation/install/ros2_control_demo_example_3/lib:/home/hibiki/Robomech_HR/Eglantyne/simulation/install/ros2_control_demo_example_2/lib:/home/hibiki/Robomech_HR/Eglantyne/simulation/install/ros2_control_demo_example_14/lib:/home/hibiki/Robomech_HR/Eglantyne/simulation/install/ros2_control_demo_example_12/lib:/home/hibiki/Robomech_HR/Eglantyne/simulation/install/ros2_control_demo_example_11/lib:/home/hibiki/Robomech_HR/Eglantyne/simulation/install/ros2_control_demo_example_10/lib:/home/hibiki/Robomech_HR/Eglantyne/simulation/install/ros2_control_demo_example_1/lib:/home/hibiki/Robomech_HR/Eglantyne/simulation/install/champ_base/lib:/opt/ros/humble/opt/rviz_ogre_vendor/lib:/opt/ros/humble/lib/x86_64-linux-gnu:/opt/ros/humble/lib:/usr/lib/x86_64-linux-gnu/gazebo-11/plugins PYTHONPATH=/home/hibiki/Robomech_HR/Eglantyne/simulation/install/champ_msgs/lib/python3.10/site-packages:/home/hibiki/Robomech_HR/Eglantyne/simulation/install/simple_sim/lib/python3.10/site-packages:/home/hibiki/Robomech_HR/Eglantyne/simulation/install/ros2_control_demo_testing/lib/python3.10/site-packages:/home/hibiki/Robomech_HR/Eglantyne/simulation/install/champ_bringup/lib/python3.10/site-packages:/opt/ros/humble/lib/python3.10/site-packages:/opt/ros/humble/local/lib/python3.10/dist-packages /usr/bin/cmake --build /home/hibiki/Robomech_HR/Eglantyne/simulation/build/champ_base -- -j16 -l16
[1.200s] Level 1:colcon.colcon_core.environment:create_environment_scripts_only(ros2_control_demo_example_7)
[1.201s] Level 1:colcon.colcon_core.environment:checking '/home/hibiki/Robomech_HR/Eglantyne/simulation/install/ros2_control_demo_example_7' for CMake module files
[1.201s] DEBUG:colcon.colcon_core.event_handler.log_command:Invoking command in '/home/hibiki/Robomech_HR/Eglantyne/simulation/build/champ_gazebo': CMAKE_PREFIX_PATH=/home/hibiki/Robomech_HR/Eglantyne/simulation/install/champ_msgs:/home/hibiki/Robomech_HR/Eglantyne/simulation/install/ros2_control_demo_testing:/opt/ros/humble:/home/hibiki/Robomech_HR/Eglantyne/simulation/install/champ:/home/hibiki/Robomech_HR/Eglantyne/simulation/install/simple_sim:/home/hibiki/Robomech_HR/Eglantyne/simulation/install/ros2_control_demos:/home/hibiki/Robomech_HR/Eglantyne/simulation/install/ros2_control_demo_example_9:/home/hibiki/Robomech_HR/Eglantyne/simulation/install/ros2_control_demo_example_8:/home/hibiki/Robomech_HR/Eglantyne/simulation/install/ros2_control_demo_example_7:/home/hibiki/Robomech_HR/Eglantyne/simulation/install/ros2_control_demo_example_6:/home/hibiki/Robomech_HR/Eglantyne/simulation/install/ros2_control_demo_example_15:/home/hibiki/Robomech_HR/Eglantyne/simulation/install/ros2_control_demo_example_5:/home/hibiki/Robomech_HR/Eglantyne/simulation/install/ros2_control_demo_example_4:/home/hibiki/Robomech_HR/Eglantyne/simulation/install/ros2_control_demo_example_3:/home/hibiki/Robomech_HR/Eglantyne/simulation/install/ros2_control_demo_example_2:/home/hibiki/Robomech_HR/Eglantyne/simulation/install/ros2_control_demo_example_14:/home/hibiki/Robomech_HR/Eglantyne/simulation/install/ros2_control_demo_example_12:/home/hibiki/Robomech_HR/Eglantyne/simulation/install/ros2_control_demo_example_11:/home/hibiki/Robomech_HR/Eglantyne/simulation/install/ros2_control_demo_example_10:/home/hibiki/Robomech_HR/Eglantyne/simulation/install/ros2_control_demo_example_1:/home/hibiki/Robomech_HR/Eglantyne/simulation/install/ros2_control_demo_description:/home/hibiki/Robomech_HR/Eglantyne/simulation/install/gazebo_ros2_control_demos:/home/hibiki/Robomech_HR/Eglantyne/simulation/install/champ_teleop:/home/hibiki/Robomech_HR/Eglantyne/simulation/install/champ_navigation:/home/hibiki/Robomech_HR/Eglantyne/simulation/install/champ_gazebo:/home/hibiki/Robomech_HR/Eglantyne/simulation/install/champ_bringup:/home/hibiki/Robomech_HR/Eglantyne/simulation/install/champ_base:/home/hibiki/Robomech_HR/Eglantyne/simulation/install/champ_description:/home/hibiki/Robomech_HR/Eglantyne/simulation/install/champ_config:/home/hibiki/Robomech_HR/Eglantyne/microros/ros2_pub_test/install/vel_pub LD_LIBRARY_PATH=/home/hibiki/Robomech_HR/Eglantyne/simulation/install/champ_msgs/lib:/home/hibiki/Robomech_HR/Eglantyne/simulation/install/simple_sim/lib:/home/hibiki/Robomech_HR/Eglantyne/simulation/install/ros2_control_demo_example_9/lib:/home/hibiki/Robomech_HR/Eglantyne/simulation/install/ros2_control_demo_example_8/lib:/home/hibiki/Robomech_HR/Eglantyne/simulation/install/ros2_control_demo_example_7/lib:/home/hibiki/Robomech_HR/Eglantyne/simulation/install/ros2_control_demo_example_6/lib:/home/hibiki/Robomech_HR/Eglantyne/simulation/install/ros2_control_demo_example_5/lib:/home/hibiki/Robomech_HR/Eglantyne/simulation/install/ros2_control_demo_example_4/lib:/home/hibiki/Robomech_HR/Eglantyne/simulation/install/ros2_control_demo_example_3/lib:/home/hibiki/Robomech_HR/Eglantyne/simulation/install/ros2_control_demo_example_2/lib:/home/hibiki/Robomech_HR/Eglantyne/simulation/install/ros2_control_demo_example_14/lib:/home/hibiki/Robomech_HR/Eglantyne/simulation/install/ros2_control_demo_example_12/lib:/home/hibiki/Robomech_HR/Eglantyne/simulation/install/ros2_control_demo_example_11/lib:/home/hibiki/Robomech_HR/Eglantyne/simulation/install/ros2_control_demo_example_10/lib:/home/hibiki/Robomech_HR/Eglantyne/simulation/install/ros2_control_demo_example_1/lib:/home/hibiki/Robomech_HR/Eglantyne/simulation/install/champ_base/lib:/opt/ros/humble/opt/rviz_ogre_vendor/lib:/opt/ros/humble/lib/x86_64-linux-gnu:/opt/ros/humble/lib:/usr/lib/x86_64-linux-gnu/gazebo-11/plugins PYTHONPATH=/home/hibiki/Robomech_HR/Eglantyne/simulation/install/champ_msgs/lib/python3.10/site-packages:/home/hibiki/Robomech_HR/Eglantyne/simulation/install/simple_sim/lib/python3.10/site-packages:/home/hibiki/Robomech_HR/Eglantyne/simulation/install/ros2_control_demo_testing/lib/python3.10/site-packages:/home/hibiki/Robomech_HR/Eglantyne/simulation/install/champ_bringup/lib/python3.10/site-packages:/opt/ros/humble/lib/python3.10/site-packages:/opt/ros/humble/local/lib/python3.10/dist-packages /usr/bin/cmake --build /home/hibiki/Robomech_HR/Eglantyne/simulation/build/champ_gazebo -- -j16 -l16
[1.201s] Level 1:colcon.colcon_core.environment:checking '/home/hibiki/Robomech_HR/Eglantyne/simulation/install/ros2_control_demo_example_7' for CMake config files
[1.202s] Level 1:colcon.colcon_core.shell:create_environment_hook('ros2_control_demo_example_7', 'cmake_prefix_path')
[1.202s] INFO:colcon.colcon_core.shell:Creating environment hook '/home/hibiki/Robomech_HR/Eglantyne/simulation/install/ros2_control_demo_example_7/share/ros2_control_demo_example_7/hook/cmake_prefix_path.ps1'
[1.202s] INFO:colcon.colcon_core.shell:Creating environment descriptor '/home/hibiki/Robomech_HR/Eglantyne/simulation/install/ros2_control_demo_example_7/share/ros2_control_demo_example_7/hook/cmake_prefix_path.dsv'
[1.202s] INFO:colcon.colcon_core.shell:Creating environment hook '/home/hibiki/Robomech_HR/Eglantyne/simulation/install/ros2_control_demo_example_7/share/ros2_control_demo_example_7/hook/cmake_prefix_path.sh'
[1.203s] Level 1:colcon.colcon_core.environment:checking '/home/hibiki/Robomech_HR/Eglantyne/simulation/install/ros2_control_demo_example_7/lib'
[1.203s] Level 1:colcon.colcon_core.shell:create_environment_hook('ros2_control_demo_example_7', 'ld_library_path_lib')
[1.203s] INFO:colcon.colcon_core.shell:Creating environment hook '/home/hibiki/Robomech_HR/Eglantyne/simulation/install/ros2_control_demo_example_7/share/ros2_control_demo_example_7/hook/ld_library_path_lib.ps1'
[1.203s] INFO:colcon.colcon_core.shell:Creating environment descriptor '/home/hibiki/Robomech_HR/Eglantyne/simulation/install/ros2_control_demo_example_7/share/ros2_control_demo_example_7/hook/ld_library_path_lib.dsv'
[1.203s] INFO:colcon.colcon_core.shell:Creating environment hook '/home/hibiki/Robomech_HR/Eglantyne/simulation/install/ros2_control_demo_example_7/share/ros2_control_demo_example_7/hook/ld_library_path_lib.sh'
[1.203s] Level 1:colcon.colcon_core.environment:checking '/home/hibiki/Robomech_HR/Eglantyne/simulation/install/ros2_control_demo_example_7/bin'
[1.203s] Level 1:colcon.colcon_core.environment:checking '/home/hibiki/Robomech_HR/Eglantyne/simulation/install/ros2_control_demo_example_7/lib/pkgconfig/ros2_control_demo_example_7.pc'
[1.203s] Level 1:colcon.colcon_core.environment:checking '/home/hibiki/Robomech_HR/Eglantyne/simulation/install/ros2_control_demo_example_7/lib/python3.10/site-packages'
[1.204s] Level 1:colcon.colcon_core.environment:checking '/home/hibiki/Robomech_HR/Eglantyne/simulation/install/ros2_control_demo_example_7/bin'
[1.204s] INFO:colcon.colcon_core.shell:Creating package script '/home/hibiki/Robomech_HR/Eglantyne/simulation/install/ros2_control_demo_example_7/share/ros2_control_demo_example_7/package.ps1'
[1.204s] INFO:colcon.colcon_core.shell:Creating package descriptor '/home/hibiki/Robomech_HR/Eglantyne/simulation/install/ros2_control_demo_example_7/share/ros2_control_demo_example_7/package.dsv'
[1.204s] INFO:colcon.colcon_core.shell:Creating package script '/home/hibiki/Robomech_HR/Eglantyne/simulation/install/ros2_control_demo_example_7/share/ros2_control_demo_example_7/package.sh'
[1.205s] INFO:colcon.colcon_core.shell:Creating package script '/home/hibiki/Robomech_HR/Eglantyne/simulation/install/ros2_control_demo_example_7/share/ros2_control_demo_example_7/package.bash'
[1.205s] INFO:colcon.colcon_core.shell:Creating package script '/home/hibiki/Robomech_HR/Eglantyne/simulation/install/ros2_control_demo_example_7/share/ros2_control_demo_example_7/package.zsh'
[1.205s] Level 1:colcon.colcon_core.environment:create_file_with_runtime_dependencies(/home/hibiki/Robomech_HR/Eglantyne/simulation/install/ros2_control_demo_example_7/share/colcon-core/packages/ros2_control_demo_example_7)
[1.208s] Level 1:colcon.colcon_core.environment:create_environment_scripts_only(ros2_control_demo_example_9)
[1.208s] Level 1:colcon.colcon_core.environment:checking '/home/hibiki/Robomech_HR/Eglantyne/simulation/install/ros2_control_demo_example_9' for CMake module files
[1.208s] Level 1:colcon.colcon_core.environment:checking '/home/hibiki/Robomech_HR/Eglantyne/simulation/install/ros2_control_demo_example_9' for CMake config files
[1.209s] DEBUG:colcon.colcon_core.event_handler.log_command:Invoking command in '/home/hibiki/Robomech_HR/Eglantyne/simulation/build/ros2_control_demo_example_15': AMENT_PREFIX_PATH=/home/hibiki/Robomech_HR/Eglantyne/simulation/install/ros2_control_demo_testing:/home/hibiki/Robomech_HR/Eglantyne/simulation/install/simple_sim:/home/hibiki/Robomech_HR/Eglantyne/simulation/install/ros2_control_demos:/home/hibiki/Robomech_HR/Eglantyne/simulation/install/ros2_control_demo_example_9:/home/hibiki/Robomech_HR/Eglantyne/simulation/install/ros2_control_demo_example_8:/home/hibiki/Robomech_HR/Eglantyne/simulation/install/ros2_control_demo_example_7:/home/hibiki/Robomech_HR/Eglantyne/simulation/install/ros2_control_demo_example_6:/home/hibiki/Robomech_HR/Eglantyne/simulation/install/ros2_control_demo_example_15:/home/hibiki/Robomech_HR/Eglantyne/simulation/install/ros2_control_demo_example_5:/home/hibiki/Robomech_HR/Eglantyne/simulation/install/ros2_control_demo_example_4:/home/hibiki/Robomech_HR/Eglantyne/simulation/install/ros2_control_demo_example_3:/home/hibiki/Robomech_HR/Eglantyne/simulation/install/ros2_control_demo_example_2:/home/hibiki/Robomech_HR/Eglantyne/simulation/install/ros2_control_demo_example_14:/home/hibiki/Robomech_HR/Eglantyne/simulation/install/ros2_control_demo_example_12:/home/hibiki/Robomech_HR/Eglantyne/simulation/install/ros2_control_demo_example_11:/home/hibiki/Robomech_HR/Eglantyne/simulation/install/ros2_control_demo_example_10:/home/hibiki/Robomech_HR/Eglantyne/simulation/install/ros2_control_demo_example_1:/home/hibiki/Robomech_HR/Eglantyne/simulation/install/ros2_control_demo_description:/home/hibiki/Robomech_HR/Eglantyne/simulation/install/gazebo_ros2_control_demos:/home/hibiki/Robomech_HR/Eglantyne/simulation/install/champ_teleop:/home/hibiki/Robomech_HR/Eglantyne/simulation/install/champ_navigation:/home/hibiki/Robomech_HR/Eglantyne/simulation/install/champ_gazebo:/home/hibiki/Robomech_HR/Eglantyne/simulation/install/champ_bringup:/home/hibiki/Robomech_HR/Eglantyne/simulation/install/champ_base:/home/hibiki/Robomech_HR/Eglantyne/simulation/install/champ_msgs:/home/hibiki/Robomech_HR/Eglantyne/simulation/install/champ_description:/home/hibiki/Robomech_HR/Eglantyne/simulation/install/champ_config:/home/hibiki/Robomech_HR/Eglantyne/simulation/install/champ:/home/hibiki/Robomech_HR/Eglantyne/microros/ros2_pub_test/install/vel_pub:/opt/ros/humble CMAKE_PREFIX_PATH=/home/hibiki/Robomech_HR/Eglantyne/simulation/install/ros2_control_demo_example_5:/home/hibiki/Robomech_HR/Eglantyne/simulation/install/ros2_control_demo_example_1:/home/hibiki/Robomech_HR/Eglantyne/simulation/install/ros2_control_demo_description:/home/hibiki/Robomech_HR/Eglantyne/simulation/install/simple_sim:/home/hibiki/Robomech_HR/Eglantyne/simulation/install/ros2_control_demos:/home/hibiki/Robomech_HR/Eglantyne/simulation/install/ros2_control_demo_example_9:/home/hibiki/Robomech_HR/Eglantyne/simulation/install/ros2_control_demo_example_8:/home/hibiki/Robomech_HR/Eglantyne/simulation/install/ros2_control_demo_example_7:/home/hibiki/Robomech_HR/Eglantyne/simulation/install/ros2_control_demo_example_6:/home/hibiki/Robomech_HR/Eglantyne/simulation/install/ros2_control_demo_example_15:/home/hibiki/Robomech_HR/Eglantyne/simulation/install/ros2_control_demo_example_4:/home/hibiki/Robomech_HR/Eglantyne/simulation/install/ros2_control_demo_example_3:/home/hibiki/Robomech_HR/Eglantyne/simulation/install/ros2_control_demo_example_2:/home/hibiki/Robomech_HR/Eglantyne/simulation/install/ros2_control_demo_example_14:/home/hibiki/Robomech_HR/Eglantyne/simulation/install/ros2_control_demo_example_12:/home/hibiki/Robomech_HR/Eglantyne/simulation/install/ros2_control_demo_example_11:/home/hibiki/Robomech_HR/Eglantyne/simulation/install/ros2_control_demo_example_10:/home/hibiki/Robomech_HR/Eglantyne/simulation/install/gazebo_ros2_control_demos:/home/hibiki/Robomech_HR/Eglantyne/simulation/install/champ_teleop:/home/hibiki/Robomech_HR/Eglantyne/simulation/install/champ_navigation:/home/hibiki/Robomech_HR/Eglantyne/simulation/install/champ_gazebo:/home/hibiki/Robomech_HR/Eglantyne/simulation/install/champ_bringup:/home/hibiki/Robomech_HR/Eglantyne/simulation/install/champ_base:/home/hibiki/Robomech_HR/Eglantyne/simulation/install/champ_msgs:/home/hibiki/Robomech_HR/Eglantyne/simulation/install/champ_description:/home/hibiki/Robomech_HR/Eglantyne/simulation/install/champ_config:/home/hibiki/Robomech_HR/Eglantyne/simulation/install/ros2_control_demo_testing:/opt/ros/humble:/home/hibiki/Robomech_HR/Eglantyne/simulation/install/champ:/home/hibiki/Robomech_HR/Eglantyne/microros/ros2_pub_test/install/vel_pub LD_LIBRARY_PATH=/home/hibiki/Robomech_HR/Eglantyne/simulation/install/ros2_control_demo_example_5/lib:/home/hibiki/Robomech_HR/Eglantyne/simulation/install/ros2_control_demo_example_1/lib:/home/hibiki/Robomech_HR/Eglantyne/simulation/install/simple_sim/lib:/home/hibiki/Robomech_HR/Eglantyne/simulation/install/ros2_control_demo_example_9/lib:/home/hibiki/Robomech_HR/Eglantyne/simulation/install/ros2_control_demo_example_8/lib:/home/hibiki/Robomech_HR/Eglantyne/simulation/install/ros2_control_demo_example_7/lib:/home/hibiki/Robomech_HR/Eglantyne/simulation/install/ros2_control_demo_example_6/lib:/home/hibiki/Robomech_HR/Eglantyne/simulation/install/ros2_control_demo_example_4/lib:/home/hibiki/Robomech_HR/Eglantyne/simulation/install/ros2_control_demo_example_3/lib:/home/hibiki/Robomech_HR/Eglantyne/simulation/install/ros2_control_demo_example_2/lib:/home/hibiki/Robomech_HR/Eglantyne/simulation/install/ros2_control_demo_example_14/lib:/home/hibiki/Robomech_HR/Eglantyne/simulation/install/ros2_control_demo_example_12/lib:/home/hibiki/Robomech_HR/Eglantyne/simulation/install/ros2_control_demo_example_11/lib:/home/hibiki/Robomech_HR/Eglantyne/simulation/install/ros2_control_demo_example_10/lib:/home/hibiki/Robomech_HR/Eglantyne/simulation/install/champ_base/lib:/home/hibiki/Robomech_HR/Eglantyne/simulation/install/champ_msgs/lib:/opt/ros/humble/opt/rviz_ogre_vendor/lib:/opt/ros/humble/lib/x86_64-linux-gnu:/opt/ros/humble/lib:/usr/lib/x86_64-linux-gnu/gazebo-11/plugins PYTHONPATH=/home/hibiki/Robomech_HR/Eglantyne/simulation/install/ros2_control_demo_testing/lib/python3.10/site-packages:/home/hibiki/Robomech_HR/Eglantyne/simulation/install/simple_sim/lib/python3.10/site-packages:/home/hibiki/Robomech_HR/Eglantyne/simulation/install/champ_bringup/lib/python3.10/site-packages:/home/hibiki/Robomech_HR/Eglantyne/simulation/install/champ_msgs/lib/python3.10/site-packages:/opt/ros/humble/lib/python3.10/site-packages:/opt/ros/humble/local/lib/python3.10/dist-packages /usr/bin/cmake --build /home/hibiki/Robomech_HR/Eglantyne/simulation/build/ros2_control_demo_example_15 -- -j16 -l16
[1.209s] Level 1:colcon.colcon_core.shell:create_environment_hook('ros2_control_demo_example_9', 'cmake_prefix_path')
[1.209s] INFO:colcon.colcon_core.shell:Creating environment hook '/home/hibiki/Robomech_HR/Eglantyne/simulation/install/ros2_control_demo_example_9/share/ros2_control_demo_example_9/hook/cmake_prefix_path.ps1'
[1.209s] INFO:colcon.colcon_core.shell:Creating environment descriptor '/home/hibiki/Robomech_HR/Eglantyne/simulation/install/ros2_control_demo_example_9/share/ros2_control_demo_example_9/hook/cmake_prefix_path.dsv'
[1.210s] INFO:colcon.colcon_core.shell:Creating environment hook '/home/hibiki/Robomech_HR/Eglantyne/simulation/install/ros2_control_demo_example_9/share/ros2_control_demo_example_9/hook/cmake_prefix_path.sh'
[1.210s] Level 1:colcon.colcon_core.environment:checking '/home/hibiki/Robomech_HR/Eglantyne/simulation/install/ros2_control_demo_example_9/lib'
[1.210s] Level 1:colcon.colcon_core.shell:create_environment_hook('ros2_control_demo_example_9', 'ld_library_path_lib')
[1.210s] INFO:colcon.colcon_core.shell:Creating environment hook '/home/hibiki/Robomech_HR/Eglantyne/simulation/install/ros2_control_demo_example_9/share/ros2_control_demo_example_9/hook/ld_library_path_lib.ps1'
[1.210s] INFO:colcon.colcon_core.shell:Creating environment descriptor '/home/hibiki/Robomech_HR/Eglantyne/simulation/install/ros2_control_demo_example_9/share/ros2_control_demo_example_9/hook/ld_library_path_lib.dsv'
[1.211s] INFO:colcon.colcon_core.shell:Creating environment hook '/home/hibiki/Robomech_HR/Eglantyne/simulation/install/ros2_control_demo_example_9/share/ros2_control_demo_example_9/hook/ld_library_path_lib.sh'
[1.211s] Level 1:colcon.colcon_core.environment:checking '/home/hibiki/Robomech_HR/Eglantyne/simulation/install/ros2_control_demo_example_9/bin'
[1.211s] Level 1:colcon.colcon_core.environment:checking '/home/hibiki/Robomech_HR/Eglantyne/simulation/install/ros2_control_demo_example_9/lib/pkgconfig/ros2_control_demo_example_9.pc'
[1.211s] Level 1:colcon.colcon_core.environment:checking '/home/hibiki/Robomech_HR/Eglantyne/simulation/install/ros2_control_demo_example_9/lib/python3.10/site-packages'
[1.211s] Level 1:colcon.colcon_core.environment:checking '/home/hibiki/Robomech_HR/Eglantyne/simulation/install/ros2_control_demo_example_9/bin'
[1.211s] INFO:colcon.colcon_core.shell:Creating package script '/home/hibiki/Robomech_HR/Eglantyne/simulation/install/ros2_control_demo_example_9/share/ros2_control_demo_example_9/package.ps1'
[1.212s] INFO:colcon.colcon_core.shell:Creating package descriptor '/home/hibiki/Robomech_HR/Eglantyne/simulation/install/ros2_control_demo_example_9/share/ros2_control_demo_example_9/package.dsv'
[1.212s] INFO:colcon.colcon_core.shell:Creating package script '/home/hibiki/Robomech_HR/Eglantyne/simulation/install/ros2_control_demo_example_9/share/ros2_control_demo_example_9/package.sh'
[1.212s] INFO:colcon.colcon_core.shell:Creating package script '/home/hibiki/Robomech_HR/Eglantyne/simulation/install/ros2_control_demo_example_9/share/ros2_control_demo_example_9/package.bash'
[1.212s] INFO:colcon.colcon_core.shell:Creating package script '/home/hibiki/Robomech_HR/Eglantyne/simulation/install/ros2_control_demo_example_9/share/ros2_control_demo_example_9/package.zsh'
[1.213s] Level 1:colcon.colcon_core.environment:create_file_with_runtime_dependencies(/home/hibiki/Robomech_HR/Eglantyne/simulation/install/ros2_control_demo_example_9/share/colcon-core/packages/ros2_control_demo_example_9)
[1.225s] DEBUG:colcon.colcon_core.event_handler.log_command:Invoked command in '/home/hibiki/Robomech_HR/Eglantyne/simulation/build/ros2_control_demo_example_15' returned '0': AMENT_PREFIX_PATH=/home/hibiki/Robomech_HR/Eglantyne/simulation/install/ros2_control_demo_testing:/home/hibiki/Robomech_HR/Eglantyne/simulation/install/simple_sim:/home/hibiki/Robomech_HR/Eglantyne/simulation/install/ros2_control_demos:/home/hibiki/Robomech_HR/Eglantyne/simulation/install/ros2_control_demo_example_9:/home/hibiki/Robomech_HR/Eglantyne/simulation/install/ros2_control_demo_example_8:/home/hibiki/Robomech_HR/Eglantyne/simulation/install/ros2_control_demo_example_7:/home/hibiki/Robomech_HR/Eglantyne/simulation/install/ros2_control_demo_example_6:/home/hibiki/Robomech_HR/Eglantyne/simulation/install/ros2_control_demo_example_15:/home/hibiki/Robomech_HR/Eglantyne/simulation/install/ros2_control_demo_example_5:/home/hibiki/Robomech_HR/Eglantyne/simulation/install/ros2_control_demo_example_4:/home/hibiki/Robomech_HR/Eglantyne/simulation/install/ros2_control_demo_example_3:/home/hibiki/Robomech_HR/Eglantyne/simulation/install/ros2_control_demo_example_2:/home/hibiki/Robomech_HR/Eglantyne/simulation/install/ros2_control_demo_example_14:/home/hibiki/Robomech_HR/Eglantyne/simulation/install/ros2_control_demo_example_12:/home/hibiki/Robomech_HR/Eglantyne/simulation/install/ros2_control_demo_example_11:/home/hibiki/Robomech_HR/Eglantyne/simulation/install/ros2_control_demo_example_10:/home/hibiki/Robomech_HR/Eglantyne/simulation/install/ros2_control_demo_example_1:/home/hibiki/Robomech_HR/Eglantyne/simulation/install/ros2_control_demo_description:/home/hibiki/Robomech_HR/Eglantyne/simulation/install/gazebo_ros2_control_demos:/home/hibiki/Robomech_HR/Eglantyne/simulation/install/champ_teleop:/home/hibiki/Robomech_HR/Eglantyne/simulation/install/champ_navigation:/home/hibiki/Robomech_HR/Eglantyne/simulation/install/champ_gazebo:/home/hibiki/Robomech_HR/Eglantyne/simulation/install/champ_bringup:/home/hibiki/Robomech_HR/Eglantyne/simulation/install/champ_base:/home/hibiki/Robomech_HR/Eglantyne/simulation/install/champ_msgs:/home/hibiki/Robomech_HR/Eglantyne/simulation/install/champ_description:/home/hibiki/Robomech_HR/Eglantyne/simulation/install/champ_config:/home/hibiki/Robomech_HR/Eglantyne/simulation/install/champ:/home/hibiki/Robomech_HR/Eglantyne/microros/ros2_pub_test/install/vel_pub:/opt/ros/humble CMAKE_PREFIX_PATH=/home/hibiki/Robomech_HR/Eglantyne/simulation/install/ros2_control_demo_example_5:/home/hibiki/Robomech_HR/Eglantyne/simulation/install/ros2_control_demo_example_1:/home/hibiki/Robomech_HR/Eglantyne/simulation/install/ros2_control_demo_description:/home/hibiki/Robomech_HR/Eglantyne/simulation/install/simple_sim:/home/hibiki/Robomech_HR/Eglantyne/simulation/install/ros2_control_demos:/home/hibiki/Robomech_HR/Eglantyne/simulation/install/ros2_control_demo_example_9:/home/hibiki/Robomech_HR/Eglantyne/simulation/install/ros2_control_demo_example_8:/home/hibiki/Robomech_HR/Eglantyne/simulation/install/ros2_control_demo_example_7:/home/hibiki/Robomech_HR/Eglantyne/simulation/install/ros2_control_demo_example_6:/home/hibiki/Robomech_HR/Eglantyne/simulation/install/ros2_control_demo_example_15:/home/hibiki/Robomech_HR/Eglantyne/simulation/install/ros2_control_demo_example_4:/home/hibiki/Robomech_HR/Eglantyne/simulation/install/ros2_control_demo_example_3:/home/hibiki/Robomech_HR/Eglantyne/simulation/install/ros2_control_demo_example_2:/home/hibiki/Robomech_HR/Eglantyne/simulation/install/ros2_control_demo_example_14:/home/hibiki/Robomech_HR/Eglantyne/simulation/install/ros2_control_demo_example_12:/home/hibiki/Robomech_HR/Eglantyne/simulation/install/ros2_control_demo_example_11:/home/hibiki/Robomech_HR/Eglantyne/simulation/install/ros2_control_demo_example_10:/home/hibiki/Robomech_HR/Eglantyne/simulation/install/gazebo_ros2_control_demos:/home/hibiki/Robomech_HR/Eglantyne/simulation/install/champ_teleop:/home/hibiki/Robomech_HR/Eglantyne/simulation/install/champ_navigation:/home/hibiki/Robomech_HR/Eglantyne/simulation/install/champ_gazebo:/home/hibiki/Robomech_HR/Eglantyne/simulation/install/champ_bringup:/home/hibiki/Robomech_HR/Eglantyne/simulation/install/champ_base:/home/hibiki/Robomech_HR/Eglantyne/simulation/install/champ_msgs:/home/hibiki/Robomech_HR/Eglantyne/simulation/install/champ_description:/home/hibiki/Robomech_HR/Eglantyne/simulation/install/champ_config:/home/hibiki/Robomech_HR/Eglantyne/simulation/install/ros2_control_demo_testing:/opt/ros/humble:/home/hibiki/Robomech_HR/Eglantyne/simulation/install/champ:/home/hibiki/Robomech_HR/Eglantyne/microros/ros2_pub_test/install/vel_pub LD_LIBRARY_PATH=/home/hibiki/Robomech_HR/Eglantyne/simulation/install/ros2_control_demo_example_5/lib:/home/hibiki/Robomech_HR/Eglantyne/simulation/install/ros2_control_demo_example_1/lib:/home/hibiki/Robomech_HR/Eglantyne/simulation/install/simple_sim/lib:/home/hibiki/Robomech_HR/Eglantyne/simulation/install/ros2_control_demo_example_9/lib:/home/hibiki/Robomech_HR/Eglantyne/simulation/install/ros2_control_demo_example_8/lib:/home/hibiki/Robomech_HR/Eglantyne/simulation/install/ros2_control_demo_example_7/lib:/home/hibiki/Robomech_HR/Eglantyne/simulation/install/ros2_control_demo_example_6/lib:/home/hibiki/Robomech_HR/Eglantyne/simulation/install/ros2_control_demo_example_4/lib:/home/hibiki/Robomech_HR/Eglantyne/simulation/install/ros2_control_demo_example_3/lib:/home/hibiki/Robomech_HR/Eglantyne/simulation/install/ros2_control_demo_example_2/lib:/home/hibiki/Robomech_HR/Eglantyne/simulation/install/ros2_control_demo_example_14/lib:/home/hibiki/Robomech_HR/Eglantyne/simulation/install/ros2_control_demo_example_12/lib:/home/hibiki/Robomech_HR/Eglantyne/simulation/install/ros2_control_demo_example_11/lib:/home/hibiki/Robomech_HR/Eglantyne/simulation/install/ros2_control_demo_example_10/lib:/home/hibiki/Robomech_HR/Eglantyne/simulation/install/champ_base/lib:/home/hibiki/Robomech_HR/Eglantyne/simulation/install/champ_msgs/lib:/opt/ros/humble/opt/rviz_ogre_vendor/lib:/opt/ros/humble/lib/x86_64-linux-gnu:/opt/ros/humble/lib:/usr/lib/x86_64-linux-gnu/gazebo-11/plugins PYTHONPATH=/home/hibiki/Robomech_HR/Eglantyne/simulation/install/ros2_control_demo_testing/lib/python3.10/site-packages:/home/hibiki/Robomech_HR/Eglantyne/simulation/install/simple_sim/lib/python3.10/site-packages:/home/hibiki/Robomech_HR/Eglantyne/simulation/install/champ_bringup/lib/python3.10/site-packages:/home/hibiki/Robomech_HR/Eglantyne/simulation/install/champ_msgs/lib/python3.10/site-packages:/opt/ros/humble/lib/python3.10/site-packages:/opt/ros/humble/local/lib/python3.10/dist-packages /usr/bin/cmake --build /home/hibiki/Robomech_HR/Eglantyne/simulation/build/ros2_control_demo_example_15 -- -j16 -l16
[1.244s] DEBUG:colcon.colcon_core.event_handler.log_command:Invoking command in '/home/hibiki/Robomech_HR/Eglantyne/simulation/build/ros2_control_demo_example_15': AMENT_PREFIX_PATH=/home/hibiki/Robomech_HR/Eglantyne/simulation/install/ros2_control_demo_testing:/home/hibiki/Robomech_HR/Eglantyne/simulation/install/simple_sim:/home/hibiki/Robomech_HR/Eglantyne/simulation/install/ros2_control_demos:/home/hibiki/Robomech_HR/Eglantyne/simulation/install/ros2_control_demo_example_9:/home/hibiki/Robomech_HR/Eglantyne/simulation/install/ros2_control_demo_example_8:/home/hibiki/Robomech_HR/Eglantyne/simulation/install/ros2_control_demo_example_7:/home/hibiki/Robomech_HR/Eglantyne/simulation/install/ros2_control_demo_example_6:/home/hibiki/Robomech_HR/Eglantyne/simulation/install/ros2_control_demo_example_15:/home/hibiki/Robomech_HR/Eglantyne/simulation/install/ros2_control_demo_example_5:/home/hibiki/Robomech_HR/Eglantyne/simulation/install/ros2_control_demo_example_4:/home/hibiki/Robomech_HR/Eglantyne/simulation/install/ros2_control_demo_example_3:/home/hibiki/Robomech_HR/Eglantyne/simulation/install/ros2_control_demo_example_2:/home/hibiki/Robomech_HR/Eglantyne/simulation/install/ros2_control_demo_example_14:/home/hibiki/Robomech_HR/Eglantyne/simulation/install/ros2_control_demo_example_12:/home/hibiki/Robomech_HR/Eglantyne/simulation/install/ros2_control_demo_example_11:/home/hibiki/Robomech_HR/Eglantyne/simulation/install/ros2_control_demo_example_10:/home/hibiki/Robomech_HR/Eglantyne/simulation/install/ros2_control_demo_example_1:/home/hibiki/Robomech_HR/Eglantyne/simulation/install/ros2_control_demo_description:/home/hibiki/Robomech_HR/Eglantyne/simulation/install/gazebo_ros2_control_demos:/home/hibiki/Robomech_HR/Eglantyne/simulation/install/champ_teleop:/home/hibiki/Robomech_HR/Eglantyne/simulation/install/champ_navigation:/home/hibiki/Robomech_HR/Eglantyne/simulation/install/champ_gazebo:/home/hibiki/Robomech_HR/Eglantyne/simulation/install/champ_bringup:/home/hibiki/Robomech_HR/Eglantyne/simulation/install/champ_base:/home/hibiki/Robomech_HR/Eglantyne/simulation/install/champ_msgs:/home/hibiki/Robomech_HR/Eglantyne/simulation/install/champ_description:/home/hibiki/Robomech_HR/Eglantyne/simulation/install/champ_config:/home/hibiki/Robomech_HR/Eglantyne/simulation/install/champ:/home/hibiki/Robomech_HR/Eglantyne/microros/ros2_pub_test/install/vel_pub:/opt/ros/humble CMAKE_PREFIX_PATH=/home/hibiki/Robomech_HR/Eglantyne/simulation/install/ros2_control_demo_example_5:/home/hibiki/Robomech_HR/Eglantyne/simulation/install/ros2_control_demo_example_1:/home/hibiki/Robomech_HR/Eglantyne/simulation/install/ros2_control_demo_description:/home/hibiki/Robomech_HR/Eglantyne/simulation/install/simple_sim:/home/hibiki/Robomech_HR/Eglantyne/simulation/install/ros2_control_demos:/home/hibiki/Robomech_HR/Eglantyne/simulation/install/ros2_control_demo_example_9:/home/hibiki/Robomech_HR/Eglantyne/simulation/install/ros2_control_demo_example_8:/home/hibiki/Robomech_HR/Eglantyne/simulation/install/ros2_control_demo_example_7:/home/hibiki/Robomech_HR/Eglantyne/simulation/install/ros2_control_demo_example_6:/home/hibiki/Robomech_HR/Eglantyne/simulation/install/ros2_control_demo_example_15:/home/hibiki/Robomech_HR/Eglantyne/simulation/install/ros2_control_demo_example_4:/home/hibiki/Robomech_HR/Eglantyne/simulation/install/ros2_control_demo_example_3:/home/hibiki/Robomech_HR/Eglantyne/simulation/install/ros2_control_demo_example_2:/home/hibiki/Robomech_HR/Eglantyne/simulation/install/ros2_control_demo_example_14:/home/hibiki/Robomech_HR/Eglantyne/simulation/install/ros2_control_demo_example_12:/home/hibiki/Robomech_HR/Eglantyne/simulation/install/ros2_control_demo_example_11:/home/hibiki/Robomech_HR/Eglantyne/simulation/install/ros2_control_demo_example_10:/home/hibiki/Robomech_HR/Eglantyne/simulation/install/gazebo_ros2_control_demos:/home/hibiki/Robomech_HR/Eglantyne/simulation/install/champ_teleop:/home/hibiki/Robomech_HR/Eglantyne/simulation/install/champ_navigation:/home/hibiki/Robomech_HR/Eglantyne/simulation/install/champ_gazebo:/home/hibiki/Robomech_HR/Eglantyne/simulation/install/champ_bringup:/home/hibiki/Robomech_HR/Eglantyne/simulation/install/champ_base:/home/hibiki/Robomech_HR/Eglantyne/simulation/install/champ_msgs:/home/hibiki/Robomech_HR/Eglantyne/simulation/install/champ_description:/home/hibiki/Robomech_HR/Eglantyne/simulation/install/champ_config:/home/hibiki/Robomech_HR/Eglantyne/simulation/install/ros2_control_demo_testing:/opt/ros/humble:/home/hibiki/Robomech_HR/Eglantyne/simulation/install/champ:/home/hibiki/Robomech_HR/Eglantyne/microros/ros2_pub_test/install/vel_pub LD_LIBRARY_PATH=/home/hibiki/Robomech_HR/Eglantyne/simulation/install/ros2_control_demo_example_5/lib:/home/hibiki/Robomech_HR/Eglantyne/simulation/install/ros2_control_demo_example_1/lib:/home/hibiki/Robomech_HR/Eglantyne/simulation/install/simple_sim/lib:/home/hibiki/Robomech_HR/Eglantyne/simulation/install/ros2_control_demo_example_9/lib:/home/hibiki/Robomech_HR/Eglantyne/simulation/install/ros2_control_demo_example_8/lib:/home/hibiki/Robomech_HR/Eglantyne/simulation/install/ros2_control_demo_example_7/lib:/home/hibiki/Robomech_HR/Eglantyne/simulation/install/ros2_control_demo_example_6/lib:/home/hibiki/Robomech_HR/Eglantyne/simulation/install/ros2_control_demo_example_4/lib:/home/hibiki/Robomech_HR/Eglantyne/simulation/install/ros2_control_demo_example_3/lib:/home/hibiki/Robomech_HR/Eglantyne/simulation/install/ros2_control_demo_example_2/lib:/home/hibiki/Robomech_HR/Eglantyne/simulation/install/ros2_control_demo_example_14/lib:/home/hibiki/Robomech_HR/Eglantyne/simulation/install/ros2_control_demo_example_12/lib:/home/hibiki/Robomech_HR/Eglantyne/simulation/install/ros2_control_demo_example_11/lib:/home/hibiki/Robomech_HR/Eglantyne/simulation/install/ros2_control_demo_example_10/lib:/home/hibiki/Robomech_HR/Eglantyne/simulation/install/champ_base/lib:/home/hibiki/Robomech_HR/Eglantyne/simulation/install/champ_msgs/lib:/opt/ros/humble/opt/rviz_ogre_vendor/lib:/opt/ros/humble/lib/x86_64-linux-gnu:/opt/ros/humble/lib:/usr/lib/x86_64-linux-gnu/gazebo-11/plugins PYTHONPATH=/home/hibiki/Robomech_HR/Eglantyne/simulation/install/ros2_control_demo_testing/lib/python3.10/site-packages:/home/hibiki/Robomech_HR/Eglantyne/simulation/install/simple_sim/lib/python3.10/site-packages:/home/hibiki/Robomech_HR/Eglantyne/simulation/install/champ_bringup/lib/python3.10/site-packages:/home/hibiki/Robomech_HR/Eglantyne/simulation/install/champ_msgs/lib/python3.10/site-packages:/opt/ros/humble/lib/python3.10/site-packages:/opt/ros/humble/local/lib/python3.10/dist-packages /usr/bin/cmake --install /home/hibiki/Robomech_HR/Eglantyne/simulation/build/ros2_control_demo_example_15
[1.249s] Level 1:colcon.colcon_core.environment:create_environment_scripts_only(ros2_control_demo_example_15)
[1.249s] Level 1:colcon.colcon_core.environment:checking '/home/hibiki/Robomech_HR/Eglantyne/simulation/install/ros2_control_demo_example_15' for CMake module files
[1.250s] DEBUG:colcon.colcon_core.event_handler.log_command:Invoked command in '/home/hibiki/Robomech_HR/Eglantyne/simulation/build/ros2_control_demo_example_15' returned '0': AMENT_PREFIX_PATH=/home/hibiki/Robomech_HR/Eglantyne/simulation/install/ros2_control_demo_testing:/home/hibiki/Robomech_HR/Eglantyne/simulation/install/simple_sim:/home/hibiki/Robomech_HR/Eglantyne/simulation/install/ros2_control_demos:/home/hibiki/Robomech_HR/Eglantyne/simulation/install/ros2_control_demo_example_9:/home/hibiki/Robomech_HR/Eglantyne/simulation/install/ros2_control_demo_example_8:/home/hibiki/Robomech_HR/Eglantyne/simulation/install/ros2_control_demo_example_7:/home/hibiki/Robomech_HR/Eglantyne/simulation/install/ros2_control_demo_example_6:/home/hibiki/Robomech_HR/Eglantyne/simulation/install/ros2_control_demo_example_15:/home/hibiki/Robomech_HR/Eglantyne/simulation/install/ros2_control_demo_example_5:/home/hibiki/Robomech_HR/Eglantyne/simulation/install/ros2_control_demo_example_4:/home/hibiki/Robomech_HR/Eglantyne/simulation/install/ros2_control_demo_example_3:/home/hibiki/Robomech_HR/Eglantyne/simulation/install/ros2_control_demo_example_2:/home/hibiki/Robomech_HR/Eglantyne/simulation/install/ros2_control_demo_example_14:/home/hibiki/Robomech_HR/Eglantyne/simulation/install/ros2_control_demo_example_12:/home/hibiki/Robomech_HR/Eglantyne/simulation/install/ros2_control_demo_example_11:/home/hibiki/Robomech_HR/Eglantyne/simulation/install/ros2_control_demo_example_10:/home/hibiki/Robomech_HR/Eglantyne/simulation/install/ros2_control_demo_example_1:/home/hibiki/Robomech_HR/Eglantyne/simulation/install/ros2_control_demo_description:/home/hibiki/Robomech_HR/Eglantyne/simulation/install/gazebo_ros2_control_demos:/home/hibiki/Robomech_HR/Eglantyne/simulation/install/champ_teleop:/home/hibiki/Robomech_HR/Eglantyne/simulation/install/champ_navigation:/home/hibiki/Robomech_HR/Eglantyne/simulation/install/champ_gazebo:/home/hibiki/Robomech_HR/Eglantyne/simulation/install/champ_bringup:/home/hibiki/Robomech_HR/Eglantyne/simulation/install/champ_base:/home/hibiki/Robomech_HR/Eglantyne/simulation/install/champ_msgs:/home/hibiki/Robomech_HR/Eglantyne/simulation/install/champ_description:/home/hibiki/Robomech_HR/Eglantyne/simulation/install/champ_config:/home/hibiki/Robomech_HR/Eglantyne/simulation/install/champ:/home/hibiki/Robomech_HR/Eglantyne/microros/ros2_pub_test/install/vel_pub:/opt/ros/humble CMAKE_PREFIX_PATH=/home/hibiki/Robomech_HR/Eglantyne/simulation/install/ros2_control_demo_example_5:/home/hibiki/Robomech_HR/Eglantyne/simulation/install/ros2_control_demo_example_1:/home/hibiki/Robomech_HR/Eglantyne/simulation/install/ros2_control_demo_description:/home/hibiki/Robomech_HR/Eglantyne/simulation/install/simple_sim:/home/hibiki/Robomech_HR/Eglantyne/simulation/install/ros2_control_demos:/home/hibiki/Robomech_HR/Eglantyne/simulation/install/ros2_control_demo_example_9:/home/hibiki/Robomech_HR/Eglantyne/simulation/install/ros2_control_demo_example_8:/home/hibiki/Robomech_HR/Eglantyne/simulation/install/ros2_control_demo_example_7:/home/hibiki/Robomech_HR/Eglantyne/simulation/install/ros2_control_demo_example_6:/home/hibiki/Robomech_HR/Eglantyne/simulation/install/ros2_control_demo_example_15:/home/hibiki/Robomech_HR/Eglantyne/simulation/install/ros2_control_demo_example_4:/home/hibiki/Robomech_HR/Eglantyne/simulation/install/ros2_control_demo_example_3:/home/hibiki/Robomech_HR/Eglantyne/simulation/install/ros2_control_demo_example_2:/home/hibiki/Robomech_HR/Eglantyne/simulation/install/ros2_control_demo_example_14:/home/hibiki/Robomech_HR/Eglantyne/simulation/install/ros2_control_demo_example_12:/home/hibiki/Robomech_HR/Eglantyne/simulation/install/ros2_control_demo_example_11:/home/hibiki/Robomech_HR/Eglantyne/simulation/install/ros2_control_demo_example_10:/home/hibiki/Robomech_HR/Eglantyne/simulation/install/gazebo_ros2_control_demos:/home/hibiki/Robomech_HR/Eglantyne/simulation/install/champ_teleop:/home/hibiki/Robomech_HR/Eglantyne/simulation/install/champ_navigation:/home/hibiki/Robomech_HR/Eglantyne/simulation/install/champ_gazebo:/home/hibiki/Robomech_HR/Eglantyne/simulation/install/champ_bringup:/home/hibiki/Robomech_HR/Eglantyne/simulation/install/champ_base:/home/hibiki/Robomech_HR/Eglantyne/simulation/install/champ_msgs:/home/hibiki/Robomech_HR/Eglantyne/simulation/install/champ_description:/home/hibiki/Robomech_HR/Eglantyne/simulation/install/champ_config:/home/hibiki/Robomech_HR/Eglantyne/simulation/install/ros2_control_demo_testing:/opt/ros/humble:/home/hibiki/Robomech_HR/Eglantyne/simulation/install/champ:/home/hibiki/Robomech_HR/Eglantyne/microros/ros2_pub_test/install/vel_pub LD_LIBRARY_PATH=/home/hibiki/Robomech_HR/Eglantyne/simulation/install/ros2_control_demo_example_5/lib:/home/hibiki/Robomech_HR/Eglantyne/simulation/install/ros2_control_demo_example_1/lib:/home/hibiki/Robomech_HR/Eglantyne/simulation/install/simple_sim/lib:/home/hibiki/Robomech_HR/Eglantyne/simulation/install/ros2_control_demo_example_9/lib:/home/hibiki/Robomech_HR/Eglantyne/simulation/install/ros2_control_demo_example_8/lib:/home/hibiki/Robomech_HR/Eglantyne/simulation/install/ros2_control_demo_example_7/lib:/home/hibiki/Robomech_HR/Eglantyne/simulation/install/ros2_control_demo_example_6/lib:/home/hibiki/Robomech_HR/Eglantyne/simulation/install/ros2_control_demo_example_4/lib:/home/hibiki/Robomech_HR/Eglantyne/simulation/install/ros2_control_demo_example_3/lib:/home/hibiki/Robomech_HR/Eglantyne/simulation/install/ros2_control_demo_example_2/lib:/home/hibiki/Robomech_HR/Eglantyne/simulation/install/ros2_control_demo_example_14/lib:/home/hibiki/Robomech_HR/Eglantyne/simulation/install/ros2_control_demo_example_12/lib:/home/hibiki/Robomech_HR/Eglantyne/simulation/install/ros2_control_demo_example_11/lib:/home/hibiki/Robomech_HR/Eglantyne/simulation/install/ros2_control_demo_example_10/lib:/home/hibiki/Robomech_HR/Eglantyne/simulation/install/champ_base/lib:/home/hibiki/Robomech_HR/Eglantyne/simulation/install/champ_msgs/lib:/opt/ros/humble/opt/rviz_ogre_vendor/lib:/opt/ros/humble/lib/x86_64-linux-gnu:/opt/ros/humble/lib:/usr/lib/x86_64-linux-gnu/gazebo-11/plugins PYTHONPATH=/home/hibiki/Robomech_HR/Eglantyne/simulation/install/ros2_control_demo_testing/lib/python3.10/site-packages:/home/hibiki/Robomech_HR/Eglantyne/simulation/install/simple_sim/lib/python3.10/site-packages:/home/hibiki/Robomech_HR/Eglantyne/simulation/install/champ_bringup/lib/python3.10/site-packages:/home/hibiki/Robomech_HR/Eglantyne/simulation/install/champ_msgs/lib/python3.10/site-packages:/opt/ros/humble/lib/python3.10/site-packages:/opt/ros/humble/local/lib/python3.10/dist-packages /usr/bin/cmake --install /home/hibiki/Robomech_HR/Eglantyne/simulation/build/ros2_control_demo_example_15
[1.250s] Level 1:colcon.colcon_core.environment:checking '/home/hibiki/Robomech_HR/Eglantyne/simulation/install/ros2_control_demo_example_15' for CMake config files
[1.250s] Level 1:colcon.colcon_core.shell:create_environment_hook('ros2_control_demo_example_15', 'cmake_prefix_path')
[1.251s] INFO:colcon.colcon_core.shell:Creating environment hook '/home/hibiki/Robomech_HR/Eglantyne/simulation/install/ros2_control_demo_example_15/share/ros2_control_demo_example_15/hook/cmake_prefix_path.ps1'
[1.251s] INFO:colcon.colcon_core.shell:Creating environment descriptor '/home/hibiki/Robomech_HR/Eglantyne/simulation/install/ros2_control_demo_example_15/share/ros2_control_demo_example_15/hook/cmake_prefix_path.dsv'
[1.251s] INFO:colcon.colcon_core.shell:Creating environment hook '/home/hibiki/Robomech_HR/Eglantyne/simulation/install/ros2_control_demo_example_15/share/ros2_control_demo_example_15/hook/cmake_prefix_path.sh'
[1.252s] Level 1:colcon.colcon_core.environment:checking '/home/hibiki/Robomech_HR/Eglantyne/simulation/install/ros2_control_demo_example_15/bin'
[1.252s] Level 1:colcon.colcon_core.environment:checking '/home/hibiki/Robomech_HR/Eglantyne/simulation/install/ros2_control_demo_example_15/lib/pkgconfig/ros2_control_demo_example_15.pc'
[1.252s] Level 1:colcon.colcon_core.environment:checking '/home/hibiki/Robomech_HR/Eglantyne/simulation/install/ros2_control_demo_example_15/lib/python3.10/site-packages'
[1.253s] Level 1:colcon.colcon_core.environment:checking '/home/hibiki/Robomech_HR/Eglantyne/simulation/install/ros2_control_demo_example_15/bin'
[1.253s] INFO:colcon.colcon_core.shell:Creating package script '/home/hibiki/Robomech_HR/Eglantyne/simulation/install/ros2_control_demo_example_15/share/ros2_control_demo_example_15/package.ps1'
[1.253s] INFO:colcon.colcon_core.shell:Creating package descriptor '/home/hibiki/Robomech_HR/Eglantyne/simulation/install/ros2_control_demo_example_15/share/ros2_control_demo_example_15/package.dsv'
[1.254s] INFO:colcon.colcon_core.shell:Creating package script '/home/hibiki/Robomech_HR/Eglantyne/simulation/install/ros2_control_demo_example_15/share/ros2_control_demo_example_15/package.sh'
[1.254s] INFO:colcon.colcon_core.shell:Creating package script '/home/hibiki/Robomech_HR/Eglantyne/simulation/install/ros2_control_demo_example_15/share/ros2_control_demo_example_15/package.bash'
[1.254s] INFO:colcon.colcon_core.shell:Creating package script '/home/hibiki/Robomech_HR/Eglantyne/simulation/install/ros2_control_demo_example_15/share/ros2_control_demo_example_15/package.zsh'
[1.255s] Level 1:colcon.colcon_core.environment:create_file_with_runtime_dependencies(/home/hibiki/Robomech_HR/Eglantyne/simulation/install/ros2_control_demo_example_15/share/colcon-core/packages/ros2_control_demo_example_15)
[1.257s] DEBUG:colcon.colcon_core.event_handler.log_command:Invoked command in '/home/hibiki/Robomech_HR/Eglantyne/simulation/build/champ_gazebo' returned '0': CMAKE_PREFIX_PATH=/home/hibiki/Robomech_HR/Eglantyne/simulation/install/champ_msgs:/home/hibiki/Robomech_HR/Eglantyne/simulation/install/ros2_control_demo_testing:/opt/ros/humble:/home/hibiki/Robomech_HR/Eglantyne/simulation/install/champ:/home/hibiki/Robomech_HR/Eglantyne/simulation/install/simple_sim:/home/hibiki/Robomech_HR/Eglantyne/simulation/install/ros2_control_demos:/home/hibiki/Robomech_HR/Eglantyne/simulation/install/ros2_control_demo_example_9:/home/hibiki/Robomech_HR/Eglantyne/simulation/install/ros2_control_demo_example_8:/home/hibiki/Robomech_HR/Eglantyne/simulation/install/ros2_control_demo_example_7:/home/hibiki/Robomech_HR/Eglantyne/simulation/install/ros2_control_demo_example_6:/home/hibiki/Robomech_HR/Eglantyne/simulation/install/ros2_control_demo_example_15:/home/hibiki/Robomech_HR/Eglantyne/simulation/install/ros2_control_demo_example_5:/home/hibiki/Robomech_HR/Eglantyne/simulation/install/ros2_control_demo_example_4:/home/hibiki/Robomech_HR/Eglantyne/simulation/install/ros2_control_demo_example_3:/home/hibiki/Robomech_HR/Eglantyne/simulation/install/ros2_control_demo_example_2:/home/hibiki/Robomech_HR/Eglantyne/simulation/install/ros2_control_demo_example_14:/home/hibiki/Robomech_HR/Eglantyne/simulation/install/ros2_control_demo_example_12:/home/hibiki/Robomech_HR/Eglantyne/simulation/install/ros2_control_demo_example_11:/home/hibiki/Robomech_HR/Eglantyne/simulation/install/ros2_control_demo_example_10:/home/hibiki/Robomech_HR/Eglantyne/simulation/install/ros2_control_demo_example_1:/home/hibiki/Robomech_HR/Eglantyne/simulation/install/ros2_control_demo_description:/home/hibiki/Robomech_HR/Eglantyne/simulation/install/gazebo_ros2_control_demos:/home/hibiki/Robomech_HR/Eglantyne/simulation/install/champ_teleop:/home/hibiki/Robomech_HR/Eglantyne/simulation/install/champ_navigation:/home/hibiki/Robomech_HR/Eglantyne/simulation/install/champ_gazebo:/home/hibiki/Robomech_HR/Eglantyne/simulation/install/champ_bringup:/home/hibiki/Robomech_HR/Eglantyne/simulation/install/champ_base:/home/hibiki/Robomech_HR/Eglantyne/simulation/install/champ_description:/home/hibiki/Robomech_HR/Eglantyne/simulation/install/champ_config:/home/hibiki/Robomech_HR/Eglantyne/microros/ros2_pub_test/install/vel_pub LD_LIBRARY_PATH=/home/hibiki/Robomech_HR/Eglantyne/simulation/install/champ_msgs/lib:/home/hibiki/Robomech_HR/Eglantyne/simulation/install/simple_sim/lib:/home/hibiki/Robomech_HR/Eglantyne/simulation/install/ros2_control_demo_example_9/lib:/home/hibiki/Robomech_HR/Eglantyne/simulation/install/ros2_control_demo_example_8/lib:/home/hibiki/Robomech_HR/Eglantyne/simulation/install/ros2_control_demo_example_7/lib:/home/hibiki/Robomech_HR/Eglantyne/simulation/install/ros2_control_demo_example_6/lib:/home/hibiki/Robomech_HR/Eglantyne/simulation/install/ros2_control_demo_example_5/lib:/home/hibiki/Robomech_HR/Eglantyne/simulation/install/ros2_control_demo_example_4/lib:/home/hibiki/Robomech_HR/Eglantyne/simulation/install/ros2_control_demo_example_3/lib:/home/hibiki/Robomech_HR/Eglantyne/simulation/install/ros2_control_demo_example_2/lib:/home/hibiki/Robomech_HR/Eglantyne/simulation/install/ros2_control_demo_example_14/lib:/home/hibiki/Robomech_HR/Eglantyne/simulation/install/ros2_control_demo_example_12/lib:/home/hibiki/Robomech_HR/Eglantyne/simulation/install/ros2_control_demo_example_11/lib:/home/hibiki/Robomech_HR/Eglantyne/simulation/install/ros2_control_demo_example_10/lib:/home/hibiki/Robomech_HR/Eglantyne/simulation/install/ros2_control_demo_example_1/lib:/home/hibiki/Robomech_HR/Eglantyne/simulation/install/champ_base/lib:/opt/ros/humble/opt/rviz_ogre_vendor/lib:/opt/ros/humble/lib/x86_64-linux-gnu:/opt/ros/humble/lib:/usr/lib/x86_64-linux-gnu/gazebo-11/plugins PYTHONPATH=/home/hibiki/Robomech_HR/Eglantyne/simulation/install/champ_msgs/lib/python3.10/site-packages:/home/hibiki/Robomech_HR/Eglantyne/simulation/install/simple_sim/lib/python3.10/site-packages:/home/hibiki/Robomech_HR/Eglantyne/simulation/install/ros2_control_demo_testing/lib/python3.10/site-packages:/home/hibiki/Robomech_HR/Eglantyne/simulation/install/champ_bringup/lib/python3.10/site-packages:/opt/ros/humble/lib/python3.10/site-packages:/opt/ros/humble/local/lib/python3.10/dist-packages /usr/bin/cmake --build /home/hibiki/Robomech_HR/Eglantyne/simulation/build/champ_gazebo -- -j16 -l16
[1.257s] DEBUG:colcon.colcon_core.event_handler.log_command:Invoked command in '/home/hibiki/Robomech_HR/Eglantyne/simulation/build/champ_base' returned '0': CMAKE_PREFIX_PATH=/home/hibiki/Robomech_HR/Eglantyne/simulation/install/champ_msgs:/home/hibiki/Robomech_HR/Eglantyne/simulation/install/ros2_control_demo_testing:/opt/ros/humble:/home/hibiki/Robomech_HR/Eglantyne/simulation/install/champ:/home/hibiki/Robomech_HR/Eglantyne/simulation/install/simple_sim:/home/hibiki/Robomech_HR/Eglantyne/simulation/install/ros2_control_demos:/home/hibiki/Robomech_HR/Eglantyne/simulation/install/ros2_control_demo_example_9:/home/hibiki/Robomech_HR/Eglantyne/simulation/install/ros2_control_demo_example_8:/home/hibiki/Robomech_HR/Eglantyne/simulation/install/ros2_control_demo_example_7:/home/hibiki/Robomech_HR/Eglantyne/simulation/install/ros2_control_demo_example_6:/home/hibiki/Robomech_HR/Eglantyne/simulation/install/ros2_control_demo_example_15:/home/hibiki/Robomech_HR/Eglantyne/simulation/install/ros2_control_demo_example_5:/home/hibiki/Robomech_HR/Eglantyne/simulation/install/ros2_control_demo_example_4:/home/hibiki/Robomech_HR/Eglantyne/simulation/install/ros2_control_demo_example_3:/home/hibiki/Robomech_HR/Eglantyne/simulation/install/ros2_control_demo_example_2:/home/hibiki/Robomech_HR/Eglantyne/simulation/install/ros2_control_demo_example_14:/home/hibiki/Robomech_HR/Eglantyne/simulation/install/ros2_control_demo_example_12:/home/hibiki/Robomech_HR/Eglantyne/simulation/install/ros2_control_demo_example_11:/home/hibiki/Robomech_HR/Eglantyne/simulation/install/ros2_control_demo_example_10:/home/hibiki/Robomech_HR/Eglantyne/simulation/install/ros2_control_demo_example_1:/home/hibiki/Robomech_HR/Eglantyne/simulation/install/ros2_control_demo_description:/home/hibiki/Robomech_HR/Eglantyne/simulation/install/gazebo_ros2_control_demos:/home/hibiki/Robomech_HR/Eglantyne/simulation/install/champ_teleop:/home/hibiki/Robomech_HR/Eglantyne/simulation/install/champ_navigation:/home/hibiki/Robomech_HR/Eglantyne/simulation/install/champ_gazebo:/home/hibiki/Robomech_HR/Eglantyne/simulation/install/champ_bringup:/home/hibiki/Robomech_HR/Eglantyne/simulation/install/champ_base:/home/hibiki/Robomech_HR/Eglantyne/simulation/install/champ_description:/home/hibiki/Robomech_HR/Eglantyne/simulation/install/champ_config:/home/hibiki/Robomech_HR/Eglantyne/microros/ros2_pub_test/install/vel_pub LD_LIBRARY_PATH=/home/hibiki/Robomech_HR/Eglantyne/simulation/install/champ_msgs/lib:/home/hibiki/Robomech_HR/Eglantyne/simulation/install/simple_sim/lib:/home/hibiki/Robomech_HR/Eglantyne/simulation/install/ros2_control_demo_example_9/lib:/home/hibiki/Robomech_HR/Eglantyne/simulation/install/ros2_control_demo_example_8/lib:/home/hibiki/Robomech_HR/Eglantyne/simulation/install/ros2_control_demo_example_7/lib:/home/hibiki/Robomech_HR/Eglantyne/simulation/install/ros2_control_demo_example_6/lib:/home/hibiki/Robomech_HR/Eglantyne/simulation/install/ros2_control_demo_example_5/lib:/home/hibiki/Robomech_HR/Eglantyne/simulation/install/ros2_control_demo_example_4/lib:/home/hibiki/Robomech_HR/Eglantyne/simulation/install/ros2_control_demo_example_3/lib:/home/hibiki/Robomech_HR/Eglantyne/simulation/install/ros2_control_demo_example_2/lib:/home/hibiki/Robomech_HR/Eglantyne/simulation/install/ros2_control_demo_example_14/lib:/home/hibiki/Robomech_HR/Eglantyne/simulation/install/ros2_control_demo_example_12/lib:/home/hibiki/Robomech_HR/Eglantyne/simulation/install/ros2_control_demo_example_11/lib:/home/hibiki/Robomech_HR/Eglantyne/simulation/install/ros2_control_demo_example_10/lib:/home/hibiki/Robomech_HR/Eglantyne/simulation/install/ros2_control_demo_example_1/lib:/home/hibiki/Robomech_HR/Eglantyne/simulation/install/champ_base/lib:/opt/ros/humble/opt/rviz_ogre_vendor/lib:/opt/ros/humble/lib/x86_64-linux-gnu:/opt/ros/humble/lib:/usr/lib/x86_64-linux-gnu/gazebo-11/plugins PYTHONPATH=/home/hibiki/Robomech_HR/Eglantyne/simulation/install/champ_msgs/lib/python3.10/site-packages:/home/hibiki/Robomech_HR/Eglantyne/simulation/install/simple_sim/lib/python3.10/site-packages:/home/hibiki/Robomech_HR/Eglantyne/simulation/install/ros2_control_demo_testing/lib/python3.10/site-packages:/home/hibiki/Robomech_HR/Eglantyne/simulation/install/champ_bringup/lib/python3.10/site-packages:/opt/ros/humble/lib/python3.10/site-packages:/opt/ros/humble/local/lib/python3.10/dist-packages /usr/bin/cmake --build /home/hibiki/Robomech_HR/Eglantyne/simulation/build/champ_base -- -j16 -l16
[1.271s] Level 1:colcon.colcon_core.environment:create_environment_scripts_only(ros2_control_demo_example_15)
[1.271s] Level 1:colcon.colcon_core.environment:checking '/home/hibiki/Robomech_HR/Eglantyne/simulation/install/ros2_control_demo_example_15' for CMake module files
[1.272s] Level 1:colcon.colcon_core.environment:checking '/home/hibiki/Robomech_HR/Eglantyne/simulation/install/ros2_control_demo_example_15' for CMake config files
[1.272s] Level 1:colcon.colcon_core.shell:create_environment_hook('ros2_control_demo_example_15', 'cmake_prefix_path')
[1.272s] INFO:colcon.colcon_core.shell:Creating environment hook '/home/hibiki/Robomech_HR/Eglantyne/simulation/install/ros2_control_demo_example_15/share/ros2_control_demo_example_15/hook/cmake_prefix_path.ps1'
[1.272s] INFO:colcon.colcon_core.shell:Creating environment descriptor '/home/hibiki/Robomech_HR/Eglantyne/simulation/install/ros2_control_demo_example_15/share/ros2_control_demo_example_15/hook/cmake_prefix_path.dsv'
[1.273s] INFO:colcon.colcon_core.shell:Creating environment hook '/home/hibiki/Robomech_HR/Eglantyne/simulation/install/ros2_control_demo_example_15/share/ros2_control_demo_example_15/hook/cmake_prefix_path.sh'
[1.273s] Level 1:colcon.colcon_core.environment:checking '/home/hibiki/Robomech_HR/Eglantyne/simulation/install/ros2_control_demo_example_15/bin'
[1.273s] Level 1:colcon.colcon_core.environment:checking '/home/hibiki/Robomech_HR/Eglantyne/simulation/install/ros2_control_demo_example_15/lib/pkgconfig/ros2_control_demo_example_15.pc'
[1.273s] Level 1:colcon.colcon_core.environment:checking '/home/hibiki/Robomech_HR/Eglantyne/simulation/install/ros2_control_demo_example_15/lib/python3.10/site-packages'
[1.273s] Level 1:colcon.colcon_core.environment:checking '/home/hibiki/Robomech_HR/Eglantyne/simulation/install/ros2_control_demo_example_15/bin'
[1.273s] INFO:colcon.colcon_core.shell:Creating package script '/home/hibiki/Robomech_HR/Eglantyne/simulation/install/ros2_control_demo_example_15/share/ros2_control_demo_example_15/package.ps1'
[1.274s] INFO:colcon.colcon_core.shell:Creating package descriptor '/home/hibiki/Robomech_HR/Eglantyne/simulation/install/ros2_control_demo_example_15/share/ros2_control_demo_example_15/package.dsv'
[1.274s] INFO:colcon.colcon_core.shell:Creating package script '/home/hibiki/Robomech_HR/Eglantyne/simulation/install/ros2_control_demo_example_15/share/ros2_control_demo_example_15/package.sh'
[1.274s] INFO:colcon.colcon_core.shell:Creating package script '/home/hibiki/Robomech_HR/Eglantyne/simulation/install/ros2_control_demo_example_15/share/ros2_control_demo_example_15/package.bash'
[1.274s] INFO:colcon.colcon_core.shell:Creating package script '/home/hibiki/Robomech_HR/Eglantyne/simulation/install/ros2_control_demo_example_15/share/ros2_control_demo_example_15/package.zsh'
[1.274s] Level 1:colcon.colcon_core.environment:create_file_with_runtime_dependencies(/home/hibiki/Robomech_HR/Eglantyne/simulation/install/ros2_control_demo_example_15/share/colcon-core/packages/ros2_control_demo_example_15)
[1.275s] INFO:colcon.colcon_ros.task.ament_cmake.build:Building ROS package in '/home/hibiki/Robomech_HR/Eglantyne/simulation/src/ros2_control_demos/ros2_control_demos' with build type 'ament_cmake'
[1.275s] INFO:colcon.colcon_cmake.task.cmake.build:Building CMake package in '/home/hibiki/Robomech_HR/Eglantyne/simulation/src/ros2_control_demos/ros2_control_demos'
[1.275s] INFO:colcon.colcon_core.shell:Skip shell extension 'powershell' for command environment: Not usable outside of PowerShell
[1.275s] DEBUG:colcon.colcon_core.shell:Skip shell extension 'dsv' for command environment
[1.280s] DEBUG:colcon.colcon_core.event_handler.log_command:Invoking command in '/home/hibiki/Robomech_HR/Eglantyne/simulation/build/champ_gazebo': CMAKE_PREFIX_PATH=/home/hibiki/Robomech_HR/Eglantyne/simulation/install/champ_msgs:/home/hibiki/Robomech_HR/Eglantyne/simulation/install/ros2_control_demo_testing:/opt/ros/humble:/home/hibiki/Robomech_HR/Eglantyne/simulation/install/champ:/home/hibiki/Robomech_HR/Eglantyne/simulation/install/simple_sim:/home/hibiki/Robomech_HR/Eglantyne/simulation/install/ros2_control_demos:/home/hibiki/Robomech_HR/Eglantyne/simulation/install/ros2_control_demo_example_9:/home/hibiki/Robomech_HR/Eglantyne/simulation/install/ros2_control_demo_example_8:/home/hibiki/Robomech_HR/Eglantyne/simulation/install/ros2_control_demo_example_7:/home/hibiki/Robomech_HR/Eglantyne/simulation/install/ros2_control_demo_example_6:/home/hibiki/Robomech_HR/Eglantyne/simulation/install/ros2_control_demo_example_15:/home/hibiki/Robomech_HR/Eglantyne/simulation/install/ros2_control_demo_example_5:/home/hibiki/Robomech_HR/Eglantyne/simulation/install/ros2_control_demo_example_4:/home/hibiki/Robomech_HR/Eglantyne/simulation/install/ros2_control_demo_example_3:/home/hibiki/Robomech_HR/Eglantyne/simulation/install/ros2_control_demo_example_2:/home/hibiki/Robomech_HR/Eglantyne/simulation/install/ros2_control_demo_example_14:/home/hibiki/Robomech_HR/Eglantyne/simulation/install/ros2_control_demo_example_12:/home/hibiki/Robomech_HR/Eglantyne/simulation/install/ros2_control_demo_example_11:/home/hibiki/Robomech_HR/Eglantyne/simulation/install/ros2_control_demo_example_10:/home/hibiki/Robomech_HR/Eglantyne/simulation/install/ros2_control_demo_example_1:/home/hibiki/Robomech_HR/Eglantyne/simulation/install/ros2_control_demo_description:/home/hibiki/Robomech_HR/Eglantyne/simulation/install/gazebo_ros2_control_demos:/home/hibiki/Robomech_HR/Eglantyne/simulation/install/champ_teleop:/home/hibiki/Robomech_HR/Eglantyne/simulation/install/champ_navigation:/home/hibiki/Robomech_HR/Eglantyne/simulation/install/champ_gazebo:/home/hibiki/Robomech_HR/Eglantyne/simulation/install/champ_bringup:/home/hibiki/Robomech_HR/Eglantyne/simulation/install/champ_base:/home/hibiki/Robomech_HR/Eglantyne/simulation/install/champ_description:/home/hibiki/Robomech_HR/Eglantyne/simulation/install/champ_config:/home/hibiki/Robomech_HR/Eglantyne/microros/ros2_pub_test/install/vel_pub LD_LIBRARY_PATH=/home/hibiki/Robomech_HR/Eglantyne/simulation/install/champ_msgs/lib:/home/hibiki/Robomech_HR/Eglantyne/simulation/install/simple_sim/lib:/home/hibiki/Robomech_HR/Eglantyne/simulation/install/ros2_control_demo_example_9/lib:/home/hibiki/Robomech_HR/Eglantyne/simulation/install/ros2_control_demo_example_8/lib:/home/hibiki/Robomech_HR/Eglantyne/simulation/install/ros2_control_demo_example_7/lib:/home/hibiki/Robomech_HR/Eglantyne/simulation/install/ros2_control_demo_example_6/lib:/home/hibiki/Robomech_HR/Eglantyne/simulation/install/ros2_control_demo_example_5/lib:/home/hibiki/Robomech_HR/Eglantyne/simulation/install/ros2_control_demo_example_4/lib:/home/hibiki/Robomech_HR/Eglantyne/simulation/install/ros2_control_demo_example_3/lib:/home/hibiki/Robomech_HR/Eglantyne/simulation/install/ros2_control_demo_example_2/lib:/home/hibiki/Robomech_HR/Eglantyne/simulation/install/ros2_control_demo_example_14/lib:/home/hibiki/Robomech_HR/Eglantyne/simulation/install/ros2_control_demo_example_12/lib:/home/hibiki/Robomech_HR/Eglantyne/simulation/install/ros2_control_demo_example_11/lib:/home/hibiki/Robomech_HR/Eglantyne/simulation/install/ros2_control_demo_example_10/lib:/home/hibiki/Robomech_HR/Eglantyne/simulation/install/ros2_control_demo_example_1/lib:/home/hibiki/Robomech_HR/Eglantyne/simulation/install/champ_base/lib:/opt/ros/humble/opt/rviz_ogre_vendor/lib:/opt/ros/humble/lib/x86_64-linux-gnu:/opt/ros/humble/lib:/usr/lib/x86_64-linux-gnu/gazebo-11/plugins PYTHONPATH=/home/hibiki/Robomech_HR/Eglantyne/simulation/install/champ_msgs/lib/python3.10/site-packages:/home/hibiki/Robomech_HR/Eglantyne/simulation/install/simple_sim/lib/python3.10/site-packages:/home/hibiki/Robomech_HR/Eglantyne/simulation/install/ros2_control_demo_testing/lib/python3.10/site-packages:/home/hibiki/Robomech_HR/Eglantyne/simulation/install/champ_bringup/lib/python3.10/site-packages:/opt/ros/humble/lib/python3.10/site-packages:/opt/ros/humble/local/lib/python3.10/dist-packages /usr/bin/cmake --install /home/hibiki/Robomech_HR/Eglantyne/simulation/build/champ_gazebo
[1.284s] Level 1:colcon.colcon_core.environment:create_environment_scripts_only(champ_gazebo)
[1.285s] Level 1:colcon.colcon_core.environment:checking '/home/hibiki/Robomech_HR/Eglantyne/simulation/install/champ_gazebo' for CMake module files
[1.285s] DEBUG:colcon.colcon_core.event_handler.log_command:Invoked command in '/home/hibiki/Robomech_HR/Eglantyne/simulation/build/champ_gazebo' returned '0': CMAKE_PREFIX_PATH=/home/hibiki/Robomech_HR/Eglantyne/simulation/install/champ_msgs:/home/hibiki/Robomech_HR/Eglantyne/simulation/install/ros2_control_demo_testing:/opt/ros/humble:/home/hibiki/Robomech_HR/Eglantyne/simulation/install/champ:/home/hibiki/Robomech_HR/Eglantyne/simulation/install/simple_sim:/home/hibiki/Robomech_HR/Eglantyne/simulation/install/ros2_control_demos:/home/hibiki/Robomech_HR/Eglantyne/simulation/install/ros2_control_demo_example_9:/home/hibiki/Robomech_HR/Eglantyne/simulation/install/ros2_control_demo_example_8:/home/hibiki/Robomech_HR/Eglantyne/simulation/install/ros2_control_demo_example_7:/home/hibiki/Robomech_HR/Eglantyne/simulation/install/ros2_control_demo_example_6:/home/hibiki/Robomech_HR/Eglantyne/simulation/install/ros2_control_demo_example_15:/home/hibiki/Robomech_HR/Eglantyne/simulation/install/ros2_control_demo_example_5:/home/hibiki/Robomech_HR/Eglantyne/simulation/install/ros2_control_demo_example_4:/home/hibiki/Robomech_HR/Eglantyne/simulation/install/ros2_control_demo_example_3:/home/hibiki/Robomech_HR/Eglantyne/simulation/install/ros2_control_demo_example_2:/home/hibiki/Robomech_HR/Eglantyne/simulation/install/ros2_control_demo_example_14:/home/hibiki/Robomech_HR/Eglantyne/simulation/install/ros2_control_demo_example_12:/home/hibiki/Robomech_HR/Eglantyne/simulation/install/ros2_control_demo_example_11:/home/hibiki/Robomech_HR/Eglantyne/simulation/install/ros2_control_demo_example_10:/home/hibiki/Robomech_HR/Eglantyne/simulation/install/ros2_control_demo_example_1:/home/hibiki/Robomech_HR/Eglantyne/simulation/install/ros2_control_demo_description:/home/hibiki/Robomech_HR/Eglantyne/simulation/install/gazebo_ros2_control_demos:/home/hibiki/Robomech_HR/Eglantyne/simulation/install/champ_teleop:/home/hibiki/Robomech_HR/Eglantyne/simulation/install/champ_navigation:/home/hibiki/Robomech_HR/Eglantyne/simulation/install/champ_gazebo:/home/hibiki/Robomech_HR/Eglantyne/simulation/install/champ_bringup:/home/hibiki/Robomech_HR/Eglantyne/simulation/install/champ_base:/home/hibiki/Robomech_HR/Eglantyne/simulation/install/champ_description:/home/hibiki/Robomech_HR/Eglantyne/simulation/install/champ_config:/home/hibiki/Robomech_HR/Eglantyne/microros/ros2_pub_test/install/vel_pub LD_LIBRARY_PATH=/home/hibiki/Robomech_HR/Eglantyne/simulation/install/champ_msgs/lib:/home/hibiki/Robomech_HR/Eglantyne/simulation/install/simple_sim/lib:/home/hibiki/Robomech_HR/Eglantyne/simulation/install/ros2_control_demo_example_9/lib:/home/hibiki/Robomech_HR/Eglantyne/simulation/install/ros2_control_demo_example_8/lib:/home/hibiki/Robomech_HR/Eglantyne/simulation/install/ros2_control_demo_example_7/lib:/home/hibiki/Robomech_HR/Eglantyne/simulation/install/ros2_control_demo_example_6/lib:/home/hibiki/Robomech_HR/Eglantyne/simulation/install/ros2_control_demo_example_5/lib:/home/hibiki/Robomech_HR/Eglantyne/simulation/install/ros2_control_demo_example_4/lib:/home/hibiki/Robomech_HR/Eglantyne/simulation/install/ros2_control_demo_example_3/lib:/home/hibiki/Robomech_HR/Eglantyne/simulation/install/ros2_control_demo_example_2/lib:/home/hibiki/Robomech_HR/Eglantyne/simulation/install/ros2_control_demo_example_14/lib:/home/hibiki/Robomech_HR/Eglantyne/simulation/install/ros2_control_demo_example_12/lib:/home/hibiki/Robomech_HR/Eglantyne/simulation/install/ros2_control_demo_example_11/lib:/home/hibiki/Robomech_HR/Eglantyne/simulation/install/ros2_control_demo_example_10/lib:/home/hibiki/Robomech_HR/Eglantyne/simulation/install/ros2_control_demo_example_1/lib:/home/hibiki/Robomech_HR/Eglantyne/simulation/install/champ_base/lib:/opt/ros/humble/opt/rviz_ogre_vendor/lib:/opt/ros/humble/lib/x86_64-linux-gnu:/opt/ros/humble/lib:/usr/lib/x86_64-linux-gnu/gazebo-11/plugins PYTHONPATH=/home/hibiki/Robomech_HR/Eglantyne/simulation/install/champ_msgs/lib/python3.10/site-packages:/home/hibiki/Robomech_HR/Eglantyne/simulation/install/simple_sim/lib/python3.10/site-packages:/home/hibiki/Robomech_HR/Eglantyne/simulation/install/ros2_control_demo_testing/lib/python3.10/site-packages:/home/hibiki/Robomech_HR/Eglantyne/simulation/install/champ_bringup/lib/python3.10/site-packages:/opt/ros/humble/lib/python3.10/site-packages:/opt/ros/humble/local/lib/python3.10/dist-packages /usr/bin/cmake --install /home/hibiki/Robomech_HR/Eglantyne/simulation/build/champ_gazebo
[1.285s] Level 1:colcon.colcon_core.environment:checking '/home/hibiki/Robomech_HR/Eglantyne/simulation/install/champ_gazebo' for CMake config files
[1.285s] Level 1:colcon.colcon_core.shell:create_environment_hook('champ_gazebo', 'cmake_prefix_path')
[1.285s] INFO:colcon.colcon_core.shell:Creating environment hook '/home/hibiki/Robomech_HR/Eglantyne/simulation/install/champ_gazebo/share/champ_gazebo/hook/cmake_prefix_path.ps1'
[1.286s] INFO:colcon.colcon_core.shell:Creating environment descriptor '/home/hibiki/Robomech_HR/Eglantyne/simulation/install/champ_gazebo/share/champ_gazebo/hook/cmake_prefix_path.dsv'
[1.286s] INFO:colcon.colcon_core.shell:Creating environment hook '/home/hibiki/Robomech_HR/Eglantyne/simulation/install/champ_gazebo/share/champ_gazebo/hook/cmake_prefix_path.sh'
[1.286s] Level 1:colcon.colcon_core.environment:checking '/home/hibiki/Robomech_HR/Eglantyne/simulation/install/champ_gazebo/lib'
[1.286s] Level 1:colcon.colcon_core.environment:checking '/home/hibiki/Robomech_HR/Eglantyne/simulation/install/champ_gazebo/bin'
[1.286s] Level 1:colcon.colcon_core.shell:create_environment_hook('champ_gazebo', 'path')
[1.286s] INFO:colcon.colcon_core.shell:Creating environment hook '/home/hibiki/Robomech_HR/Eglantyne/simulation/install/champ_gazebo/share/champ_gazebo/hook/path.ps1'
[1.287s] INFO:colcon.colcon_core.shell:Creating environment descriptor '/home/hibiki/Robomech_HR/Eglantyne/simulation/install/champ_gazebo/share/champ_gazebo/hook/path.dsv'
[1.287s] INFO:colcon.colcon_core.shell:Creating environment hook '/home/hibiki/Robomech_HR/Eglantyne/simulation/install/champ_gazebo/share/champ_gazebo/hook/path.sh'
[1.287s] Level 1:colcon.colcon_core.environment:checking '/home/hibiki/Robomech_HR/Eglantyne/simulation/install/champ_gazebo/lib/pkgconfig/champ_gazebo.pc'
[1.287s] Level 1:colcon.colcon_core.environment:checking '/home/hibiki/Robomech_HR/Eglantyne/simulation/install/champ_gazebo/lib/python3.10/site-packages'
[1.287s] Level 1:colcon.colcon_core.environment:checking '/home/hibiki/Robomech_HR/Eglantyne/simulation/install/champ_gazebo/bin'
[1.287s] Level 1:colcon.colcon_core.shell:create_environment_hook('champ_gazebo', 'pythonscriptspath')
[1.288s] INFO:colcon.colcon_core.shell:Creating environment hook '/home/hibiki/Robomech_HR/Eglantyne/simulation/install/champ_gazebo/share/champ_gazebo/hook/pythonscriptspath.ps1'
[1.288s] INFO:colcon.colcon_core.shell:Creating environment descriptor '/home/hibiki/Robomech_HR/Eglantyne/simulation/install/champ_gazebo/share/champ_gazebo/hook/pythonscriptspath.dsv'
[1.288s] INFO:colcon.colcon_core.shell:Creating environment hook '/home/hibiki/Robomech_HR/Eglantyne/simulation/install/champ_gazebo/share/champ_gazebo/hook/pythonscriptspath.sh'
[1.288s] INFO:colcon.colcon_core.shell:Creating package script '/home/hibiki/Robomech_HR/Eglantyne/simulation/install/champ_gazebo/share/champ_gazebo/package.ps1'
[1.288s] INFO:colcon.colcon_core.shell:Creating package descriptor '/home/hibiki/Robomech_HR/Eglantyne/simulation/install/champ_gazebo/share/champ_gazebo/package.dsv'
[1.289s] INFO:colcon.colcon_core.shell:Creating package script '/home/hibiki/Robomech_HR/Eglantyne/simulation/install/champ_gazebo/share/champ_gazebo/package.sh'
[1.289s] INFO:colcon.colcon_core.shell:Creating package script '/home/hibiki/Robomech_HR/Eglantyne/simulation/install/champ_gazebo/share/champ_gazebo/package.bash'
[1.289s] INFO:colcon.colcon_core.shell:Creating package script '/home/hibiki/Robomech_HR/Eglantyne/simulation/install/champ_gazebo/share/champ_gazebo/package.zsh'
[1.289s] Level 1:colcon.colcon_core.environment:create_file_with_runtime_dependencies(/home/hibiki/Robomech_HR/Eglantyne/simulation/install/champ_gazebo/share/colcon-core/packages/champ_gazebo)
[1.298s] DEBUG:colcon.colcon_core.event_handler.log_command:Invoking command in '/home/hibiki/Robomech_HR/Eglantyne/simulation/build/champ_base': CMAKE_PREFIX_PATH=/home/hibiki/Robomech_HR/Eglantyne/simulation/install/champ_msgs:/home/hibiki/Robomech_HR/Eglantyne/simulation/install/ros2_control_demo_testing:/opt/ros/humble:/home/hibiki/Robomech_HR/Eglantyne/simulation/install/champ:/home/hibiki/Robomech_HR/Eglantyne/simulation/install/simple_sim:/home/hibiki/Robomech_HR/Eglantyne/simulation/install/ros2_control_demos:/home/hibiki/Robomech_HR/Eglantyne/simulation/install/ros2_control_demo_example_9:/home/hibiki/Robomech_HR/Eglantyne/simulation/install/ros2_control_demo_example_8:/home/hibiki/Robomech_HR/Eglantyne/simulation/install/ros2_control_demo_example_7:/home/hibiki/Robomech_HR/Eglantyne/simulation/install/ros2_control_demo_example_6:/home/hibiki/Robomech_HR/Eglantyne/simulation/install/ros2_control_demo_example_15:/home/hibiki/Robomech_HR/Eglantyne/simulation/install/ros2_control_demo_example_5:/home/hibiki/Robomech_HR/Eglantyne/simulation/install/ros2_control_demo_example_4:/home/hibiki/Robomech_HR/Eglantyne/simulation/install/ros2_control_demo_example_3:/home/hibiki/Robomech_HR/Eglantyne/simulation/install/ros2_control_demo_example_2:/home/hibiki/Robomech_HR/Eglantyne/simulation/install/ros2_control_demo_example_14:/home/hibiki/Robomech_HR/Eglantyne/simulation/install/ros2_control_demo_example_12:/home/hibiki/Robomech_HR/Eglantyne/simulation/install/ros2_control_demo_example_11:/home/hibiki/Robomech_HR/Eglantyne/simulation/install/ros2_control_demo_example_10:/home/hibiki/Robomech_HR/Eglantyne/simulation/install/ros2_control_demo_example_1:/home/hibiki/Robomech_HR/Eglantyne/simulation/install/ros2_control_demo_description:/home/hibiki/Robomech_HR/Eglantyne/simulation/install/gazebo_ros2_control_demos:/home/hibiki/Robomech_HR/Eglantyne/simulation/install/champ_teleop:/home/hibiki/Robomech_HR/Eglantyne/simulation/install/champ_navigation:/home/hibiki/Robomech_HR/Eglantyne/simulation/install/champ_gazebo:/home/hibiki/Robomech_HR/Eglantyne/simulation/install/champ_bringup:/home/hibiki/Robomech_HR/Eglantyne/simulation/install/champ_base:/home/hibiki/Robomech_HR/Eglantyne/simulation/install/champ_description:/home/hibiki/Robomech_HR/Eglantyne/simulation/install/champ_config:/home/hibiki/Robomech_HR/Eglantyne/microros/ros2_pub_test/install/vel_pub LD_LIBRARY_PATH=/home/hibiki/Robomech_HR/Eglantyne/simulation/install/champ_msgs/lib:/home/hibiki/Robomech_HR/Eglantyne/simulation/install/simple_sim/lib:/home/hibiki/Robomech_HR/Eglantyne/simulation/install/ros2_control_demo_example_9/lib:/home/hibiki/Robomech_HR/Eglantyne/simulation/install/ros2_control_demo_example_8/lib:/home/hibiki/Robomech_HR/Eglantyne/simulation/install/ros2_control_demo_example_7/lib:/home/hibiki/Robomech_HR/Eglantyne/simulation/install/ros2_control_demo_example_6/lib:/home/hibiki/Robomech_HR/Eglantyne/simulation/install/ros2_control_demo_example_5/lib:/home/hibiki/Robomech_HR/Eglantyne/simulation/install/ros2_control_demo_example_4/lib:/home/hibiki/Robomech_HR/Eglantyne/simulation/install/ros2_control_demo_example_3/lib:/home/hibiki/Robomech_HR/Eglantyne/simulation/install/ros2_control_demo_example_2/lib:/home/hibiki/Robomech_HR/Eglantyne/simulation/install/ros2_control_demo_example_14/lib:/home/hibiki/Robomech_HR/Eglantyne/simulation/install/ros2_control_demo_example_12/lib:/home/hibiki/Robomech_HR/Eglantyne/simulation/install/ros2_control_demo_example_11/lib:/home/hibiki/Robomech_HR/Eglantyne/simulation/install/ros2_control_demo_example_10/lib:/home/hibiki/Robomech_HR/Eglantyne/simulation/install/ros2_control_demo_example_1/lib:/home/hibiki/Robomech_HR/Eglantyne/simulation/install/champ_base/lib:/opt/ros/humble/opt/rviz_ogre_vendor/lib:/opt/ros/humble/lib/x86_64-linux-gnu:/opt/ros/humble/lib:/usr/lib/x86_64-linux-gnu/gazebo-11/plugins PYTHONPATH=/home/hibiki/Robomech_HR/Eglantyne/simulation/install/champ_msgs/lib/python3.10/site-packages:/home/hibiki/Robomech_HR/Eglantyne/simulation/install/simple_sim/lib/python3.10/site-packages:/home/hibiki/Robomech_HR/Eglantyne/simulation/install/ros2_control_demo_testing/lib/python3.10/site-packages:/home/hibiki/Robomech_HR/Eglantyne/simulation/install/champ_bringup/lib/python3.10/site-packages:/opt/ros/humble/lib/python3.10/site-packages:/opt/ros/humble/local/lib/python3.10/dist-packages /usr/bin/cmake --install /home/hibiki/Robomech_HR/Eglantyne/simulation/build/champ_base
[1.303s] Level 1:colcon.colcon_core.environment:create_environment_scripts_only(champ_base)
[1.303s] Level 1:colcon.colcon_core.environment:checking '/home/hibiki/Robomech_HR/Eglantyne/simulation/install/champ_base' for CMake module files
[1.304s] DEBUG:colcon.colcon_core.event_handler.log_command:Invoked command in '/home/hibiki/Robomech_HR/Eglantyne/simulation/build/champ_base' returned '0': CMAKE_PREFIX_PATH=/home/hibiki/Robomech_HR/Eglantyne/simulation/install/champ_msgs:/home/hibiki/Robomech_HR/Eglantyne/simulation/install/ros2_control_demo_testing:/opt/ros/humble:/home/hibiki/Robomech_HR/Eglantyne/simulation/install/champ:/home/hibiki/Robomech_HR/Eglantyne/simulation/install/simple_sim:/home/hibiki/Robomech_HR/Eglantyne/simulation/install/ros2_control_demos:/home/hibiki/Robomech_HR/Eglantyne/simulation/install/ros2_control_demo_example_9:/home/hibiki/Robomech_HR/Eglantyne/simulation/install/ros2_control_demo_example_8:/home/hibiki/Robomech_HR/Eglantyne/simulation/install/ros2_control_demo_example_7:/home/hibiki/Robomech_HR/Eglantyne/simulation/install/ros2_control_demo_example_6:/home/hibiki/Robomech_HR/Eglantyne/simulation/install/ros2_control_demo_example_15:/home/hibiki/Robomech_HR/Eglantyne/simulation/install/ros2_control_demo_example_5:/home/hibiki/Robomech_HR/Eglantyne/simulation/install/ros2_control_demo_example_4:/home/hibiki/Robomech_HR/Eglantyne/simulation/install/ros2_control_demo_example_3:/home/hibiki/Robomech_HR/Eglantyne/simulation/install/ros2_control_demo_example_2:/home/hibiki/Robomech_HR/Eglantyne/simulation/install/ros2_control_demo_example_14:/home/hibiki/Robomech_HR/Eglantyne/simulation/install/ros2_control_demo_example_12:/home/hibiki/Robomech_HR/Eglantyne/simulation/install/ros2_control_demo_example_11:/home/hibiki/Robomech_HR/Eglantyne/simulation/install/ros2_control_demo_example_10:/home/hibiki/Robomech_HR/Eglantyne/simulation/install/ros2_control_demo_example_1:/home/hibiki/Robomech_HR/Eglantyne/simulation/install/ros2_control_demo_description:/home/hibiki/Robomech_HR/Eglantyne/simulation/install/gazebo_ros2_control_demos:/home/hibiki/Robomech_HR/Eglantyne/simulation/install/champ_teleop:/home/hibiki/Robomech_HR/Eglantyne/simulation/install/champ_navigation:/home/hibiki/Robomech_HR/Eglantyne/simulation/install/champ_gazebo:/home/hibiki/Robomech_HR/Eglantyne/simulation/install/champ_bringup:/home/hibiki/Robomech_HR/Eglantyne/simulation/install/champ_base:/home/hibiki/Robomech_HR/Eglantyne/simulation/install/champ_description:/home/hibiki/Robomech_HR/Eglantyne/simulation/install/champ_config:/home/hibiki/Robomech_HR/Eglantyne/microros/ros2_pub_test/install/vel_pub LD_LIBRARY_PATH=/home/hibiki/Robomech_HR/Eglantyne/simulation/install/champ_msgs/lib:/home/hibiki/Robomech_HR/Eglantyne/simulation/install/simple_sim/lib:/home/hibiki/Robomech_HR/Eglantyne/simulation/install/ros2_control_demo_example_9/lib:/home/hibiki/Robomech_HR/Eglantyne/simulation/install/ros2_control_demo_example_8/lib:/home/hibiki/Robomech_HR/Eglantyne/simulation/install/ros2_control_demo_example_7/lib:/home/hibiki/Robomech_HR/Eglantyne/simulation/install/ros2_control_demo_example_6/lib:/home/hibiki/Robomech_HR/Eglantyne/simulation/install/ros2_control_demo_example_5/lib:/home/hibiki/Robomech_HR/Eglantyne/simulation/install/ros2_control_demo_example_4/lib:/home/hibiki/Robomech_HR/Eglantyne/simulation/install/ros2_control_demo_example_3/lib:/home/hibiki/Robomech_HR/Eglantyne/simulation/install/ros2_control_demo_example_2/lib:/home/hibiki/Robomech_HR/Eglantyne/simulation/install/ros2_control_demo_example_14/lib:/home/hibiki/Robomech_HR/Eglantyne/simulation/install/ros2_control_demo_example_12/lib:/home/hibiki/Robomech_HR/Eglantyne/simulation/install/ros2_control_demo_example_11/lib:/home/hibiki/Robomech_HR/Eglantyne/simulation/install/ros2_control_demo_example_10/lib:/home/hibiki/Robomech_HR/Eglantyne/simulation/install/ros2_control_demo_example_1/lib:/home/hibiki/Robomech_HR/Eglantyne/simulation/install/champ_base/lib:/opt/ros/humble/opt/rviz_ogre_vendor/lib:/opt/ros/humble/lib/x86_64-linux-gnu:/opt/ros/humble/lib:/usr/lib/x86_64-linux-gnu/gazebo-11/plugins PYTHONPATH=/home/hibiki/Robomech_HR/Eglantyne/simulation/install/champ_msgs/lib/python3.10/site-packages:/home/hibiki/Robomech_HR/Eglantyne/simulation/install/simple_sim/lib/python3.10/site-packages:/home/hibiki/Robomech_HR/Eglantyne/simulation/install/ros2_control_demo_testing/lib/python3.10/site-packages:/home/hibiki/Robomech_HR/Eglantyne/simulation/install/champ_bringup/lib/python3.10/site-packages:/opt/ros/humble/lib/python3.10/site-packages:/opt/ros/humble/local/lib/python3.10/dist-packages /usr/bin/cmake --install /home/hibiki/Robomech_HR/Eglantyne/simulation/build/champ_base
[1.304s] Level 1:colcon.colcon_core.environment:checking '/home/hibiki/Robomech_HR/Eglantyne/simulation/install/champ_base' for CMake config files
[1.304s] Level 1:colcon.colcon_core.shell:create_environment_hook('champ_base', 'cmake_prefix_path')
[1.304s] INFO:colcon.colcon_core.shell:Creating environment hook '/home/hibiki/Robomech_HR/Eglantyne/simulation/install/champ_base/share/champ_base/hook/cmake_prefix_path.ps1'
[1.304s] INFO:colcon.colcon_core.shell:Creating environment descriptor '/home/hibiki/Robomech_HR/Eglantyne/simulation/install/champ_base/share/champ_base/hook/cmake_prefix_path.dsv'
[1.305s] INFO:colcon.colcon_core.shell:Creating environment hook '/home/hibiki/Robomech_HR/Eglantyne/simulation/install/champ_base/share/champ_base/hook/cmake_prefix_path.sh'
[1.305s] Level 1:colcon.colcon_core.environment:checking '/home/hibiki/Robomech_HR/Eglantyne/simulation/install/champ_base/lib'
[1.305s] Level 1:colcon.colcon_core.shell:create_environment_hook('champ_base', 'ld_library_path_lib')
[1.305s] INFO:colcon.colcon_core.shell:Creating environment hook '/home/hibiki/Robomech_HR/Eglantyne/simulation/install/champ_base/share/champ_base/hook/ld_library_path_lib.ps1'
[1.305s] INFO:colcon.colcon_core.shell:Creating environment descriptor '/home/hibiki/Robomech_HR/Eglantyne/simulation/install/champ_base/share/champ_base/hook/ld_library_path_lib.dsv'
[1.306s] INFO:colcon.colcon_core.shell:Creating environment hook '/home/hibiki/Robomech_HR/Eglantyne/simulation/install/champ_base/share/champ_base/hook/ld_library_path_lib.sh'
[1.306s] Level 1:colcon.colcon_core.environment:checking '/home/hibiki/Robomech_HR/Eglantyne/simulation/install/champ_base/bin'
[1.306s] Level 1:colcon.colcon_core.shell:create_environment_hook('champ_base', 'path')
[1.306s] INFO:colcon.colcon_core.shell:Creating environment hook '/home/hibiki/Robomech_HR/Eglantyne/simulation/install/champ_base/share/champ_base/hook/path.ps1'
[1.306s] INFO:colcon.colcon_core.shell:Creating environment descriptor '/home/hibiki/Robomech_HR/Eglantyne/simulation/install/champ_base/share/champ_base/hook/path.dsv'
[1.306s] INFO:colcon.colcon_core.shell:Creating environment hook '/home/hibiki/Robomech_HR/Eglantyne/simulation/install/champ_base/share/champ_base/hook/path.sh'
[1.306s] Level 1:colcon.colcon_core.environment:checking '/home/hibiki/Robomech_HR/Eglantyne/simulation/install/champ_base/lib/pkgconfig/champ_base.pc'
[1.307s] Level 1:colcon.colcon_core.environment:checking '/home/hibiki/Robomech_HR/Eglantyne/simulation/install/champ_base/lib/python3.10/site-packages'
[1.307s] Level 1:colcon.colcon_core.environment:checking '/home/hibiki/Robomech_HR/Eglantyne/simulation/install/champ_base/bin'
[1.307s] Level 1:colcon.colcon_core.shell:create_environment_hook('champ_base', 'pythonscriptspath')
[1.307s] INFO:colcon.colcon_core.shell:Creating environment hook '/home/hibiki/Robomech_HR/Eglantyne/simulation/install/champ_base/share/champ_base/hook/pythonscriptspath.ps1'
[1.307s] INFO:colcon.colcon_core.shell:Creating environment descriptor '/home/hibiki/Robomech_HR/Eglantyne/simulation/install/champ_base/share/champ_base/hook/pythonscriptspath.dsv'
[1.307s] INFO:colcon.colcon_core.shell:Creating environment hook '/home/hibiki/Robomech_HR/Eglantyne/simulation/install/champ_base/share/champ_base/hook/pythonscriptspath.sh'
[1.308s] INFO:colcon.colcon_core.shell:Creating package script '/home/hibiki/Robomech_HR/Eglantyne/simulation/install/champ_base/share/champ_base/package.ps1'
[1.308s] INFO:colcon.colcon_core.shell:Creating package descriptor '/home/hibiki/Robomech_HR/Eglantyne/simulation/install/champ_base/share/champ_base/package.dsv'
[1.308s] INFO:colcon.colcon_core.shell:Creating package script '/home/hibiki/Robomech_HR/Eglantyne/simulation/install/champ_base/share/champ_base/package.sh'
[1.309s] INFO:colcon.colcon_core.shell:Creating package script '/home/hibiki/Robomech_HR/Eglantyne/simulation/install/champ_base/share/champ_base/package.bash'
[1.309s] INFO:colcon.colcon_core.shell:Creating package script '/home/hibiki/Robomech_HR/Eglantyne/simulation/install/champ_base/share/champ_base/package.zsh'
[1.309s] Level 1:colcon.colcon_core.environment:create_file_with_runtime_dependencies(/home/hibiki/Robomech_HR/Eglantyne/simulation/install/champ_base/share/colcon-core/packages/champ_base)
[1.314s] Level 1:colcon.colcon_core.environment:create_environment_scripts_only(champ_gazebo)
[1.314s] Level 1:colcon.colcon_core.environment:checking '/home/hibiki/Robomech_HR/Eglantyne/simulation/install/champ_gazebo' for CMake module files
[1.315s] DEBUG:colcon.colcon_core.event_handler.log_command:Invoking command in '/home/hibiki/Robomech_HR/Eglantyne/simulation/build/ros2_control_demos': CMAKE_PREFIX_PATH=/home/hibiki/Robomech_HR/Eglantyne/simulation/install/ros2_control_demo_example_15:/home/hibiki/Robomech_HR/Eglantyne/simulation/install/ros2_control_demo_example_9:/home/hibiki/Robomech_HR/Eglantyne/simulation/install/ros2_control_demo_example_8:/home/hibiki/Robomech_HR/Eglantyne/simulation/install/ros2_control_demo_example_7:/home/hibiki/Robomech_HR/Eglantyne/simulation/install/ros2_control_demo_example_6:/home/hibiki/Robomech_HR/Eglantyne/simulation/install/ros2_control_demo_example_5:/home/hibiki/Robomech_HR/Eglantyne/simulation/install/ros2_control_demo_example_4:/home/hibiki/Robomech_HR/Eglantyne/simulation/install/ros2_control_demo_example_3:/home/hibiki/Robomech_HR/Eglantyne/simulation/install/ros2_control_demo_example_2:/home/hibiki/Robomech_HR/Eglantyne/simulation/install/ros2_control_demo_example_14:/home/hibiki/Robomech_HR/Eglantyne/simulation/install/ros2_control_demo_example_12:/home/hibiki/Robomech_HR/Eglantyne/simulation/install/ros2_control_demo_example_11:/home/hibiki/Robomech_HR/Eglantyne/simulation/install/ros2_control_demo_example_10:/home/hibiki/Robomech_HR/Eglantyne/simulation/install/ros2_control_demo_example_1:/home/hibiki/Robomech_HR/Eglantyne/simulation/install/ros2_control_demo_description:/home/hibiki/Robomech_HR/Eglantyne/simulation/install/simple_sim:/home/hibiki/Robomech_HR/Eglantyne/simulation/install/ros2_control_demos:/home/hibiki/Robomech_HR/Eglantyne/simulation/install/gazebo_ros2_control_demos:/home/hibiki/Robomech_HR/Eglantyne/simulation/install/champ_teleop:/home/hibiki/Robomech_HR/Eglantyne/simulation/install/champ_navigation:/home/hibiki/Robomech_HR/Eglantyne/simulation/install/champ_gazebo:/home/hibiki/Robomech_HR/Eglantyne/simulation/install/champ_bringup:/home/hibiki/Robomech_HR/Eglantyne/simulation/install/champ_base:/home/hibiki/Robomech_HR/Eglantyne/simulation/install/champ_msgs:/home/hibiki/Robomech_HR/Eglantyne/simulation/install/champ_description:/home/hibiki/Robomech_HR/Eglantyne/simulation/install/champ_config:/home/hibiki/Robomech_HR/Eglantyne/simulation/install/ros2_control_demo_testing:/opt/ros/humble:/home/hibiki/Robomech_HR/Eglantyne/simulation/install/champ:/home/hibiki/Robomech_HR/Eglantyne/microros/ros2_pub_test/install/vel_pub LD_LIBRARY_PATH=/home/hibiki/Robomech_HR/Eglantyne/simulation/install/ros2_control_demo_example_9/lib:/home/hibiki/Robomech_HR/Eglantyne/simulation/install/ros2_control_demo_example_8/lib:/home/hibiki/Robomech_HR/Eglantyne/simulation/install/ros2_control_demo_example_7/lib:/home/hibiki/Robomech_HR/Eglantyne/simulation/install/ros2_control_demo_example_6/lib:/home/hibiki/Robomech_HR/Eglantyne/simulation/install/ros2_control_demo_example_5/lib:/home/hibiki/Robomech_HR/Eglantyne/simulation/install/ros2_control_demo_example_4/lib:/home/hibiki/Robomech_HR/Eglantyne/simulation/install/ros2_control_demo_example_3/lib:/home/hibiki/Robomech_HR/Eglantyne/simulation/install/ros2_control_demo_example_2/lib:/home/hibiki/Robomech_HR/Eglantyne/simulation/install/ros2_control_demo_example_14/lib:/home/hibiki/Robomech_HR/Eglantyne/simulation/install/ros2_control_demo_example_12/lib:/home/hibiki/Robomech_HR/Eglantyne/simulation/install/ros2_control_demo_example_11/lib:/home/hibiki/Robomech_HR/Eglantyne/simulation/install/ros2_control_demo_example_10/lib:/home/hibiki/Robomech_HR/Eglantyne/simulation/install/ros2_control_demo_example_1/lib:/home/hibiki/Robomech_HR/Eglantyne/simulation/install/simple_sim/lib:/home/hibiki/Robomech_HR/Eglantyne/simulation/install/champ_base/lib:/home/hibiki/Robomech_HR/Eglantyne/simulation/install/champ_msgs/lib:/opt/ros/humble/opt/rviz_ogre_vendor/lib:/opt/ros/humble/lib/x86_64-linux-gnu:/opt/ros/humble/lib:/usr/lib/x86_64-linux-gnu/gazebo-11/plugins /usr/bin/cmake --build /home/hibiki/Robomech_HR/Eglantyne/simulation/build/ros2_control_demos -- -j16 -l16
[1.315s] Level 1:colcon.colcon_core.environment:checking '/home/hibiki/Robomech_HR/Eglantyne/simulation/install/champ_gazebo' for CMake config files
[1.315s] Level 1:colcon.colcon_core.shell:create_environment_hook('champ_gazebo', 'cmake_prefix_path')
[1.315s] INFO:colcon.colcon_core.shell:Creating environment hook '/home/hibiki/Robomech_HR/Eglantyne/simulation/install/champ_gazebo/share/champ_gazebo/hook/cmake_prefix_path.ps1'
[1.315s] INFO:colcon.colcon_core.shell:Creating environment descriptor '/home/hibiki/Robomech_HR/Eglantyne/simulation/install/champ_gazebo/share/champ_gazebo/hook/cmake_prefix_path.dsv'
[1.315s] INFO:colcon.colcon_core.shell:Creating environment hook '/home/hibiki/Robomech_HR/Eglantyne/simulation/install/champ_gazebo/share/champ_gazebo/hook/cmake_prefix_path.sh'
[1.316s] Level 1:colcon.colcon_core.environment:checking '/home/hibiki/Robomech_HR/Eglantyne/simulation/install/champ_gazebo/lib'
[1.316s] Level 1:colcon.colcon_core.environment:checking '/home/hibiki/Robomech_HR/Eglantyne/simulation/install/champ_gazebo/bin'
[1.316s] Level 1:colcon.colcon_core.shell:create_environment_hook('champ_gazebo', 'path')
[1.316s] INFO:colcon.colcon_core.shell:Creating environment hook '/home/hibiki/Robomech_HR/Eglantyne/simulation/install/champ_gazebo/share/champ_gazebo/hook/path.ps1'
[1.316s] INFO:colcon.colcon_core.shell:Creating environment descriptor '/home/hibiki/Robomech_HR/Eglantyne/simulation/install/champ_gazebo/share/champ_gazebo/hook/path.dsv'
[1.316s] INFO:colcon.colcon_core.shell:Creating environment hook '/home/hibiki/Robomech_HR/Eglantyne/simulation/install/champ_gazebo/share/champ_gazebo/hook/path.sh'
[1.316s] Level 1:colcon.colcon_core.environment:checking '/home/hibiki/Robomech_HR/Eglantyne/simulation/install/champ_gazebo/lib/pkgconfig/champ_gazebo.pc'
[1.317s] Level 1:colcon.colcon_core.environment:checking '/home/hibiki/Robomech_HR/Eglantyne/simulation/install/champ_gazebo/lib/python3.10/site-packages'
[1.317s] Level 1:colcon.colcon_core.environment:checking '/home/hibiki/Robomech_HR/Eglantyne/simulation/install/champ_gazebo/bin'
[1.317s] Level 1:colcon.colcon_core.shell:create_environment_hook('champ_gazebo', 'pythonscriptspath')
[1.317s] INFO:colcon.colcon_core.shell:Creating environment hook '/home/hibiki/Robomech_HR/Eglantyne/simulation/install/champ_gazebo/share/champ_gazebo/hook/pythonscriptspath.ps1'
[1.317s] INFO:colcon.colcon_core.shell:Creating environment descriptor '/home/hibiki/Robomech_HR/Eglantyne/simulation/install/champ_gazebo/share/champ_gazebo/hook/pythonscriptspath.dsv'
[1.317s] INFO:colcon.colcon_core.shell:Creating environment hook '/home/hibiki/Robomech_HR/Eglantyne/simulation/install/champ_gazebo/share/champ_gazebo/hook/pythonscriptspath.sh'
[1.318s] INFO:colcon.colcon_core.shell:Creating package script '/home/hibiki/Robomech_HR/Eglantyne/simulation/install/champ_gazebo/share/champ_gazebo/package.ps1'
[1.318s] INFO:colcon.colcon_core.shell:Creating package descriptor '/home/hibiki/Robomech_HR/Eglantyne/simulation/install/champ_gazebo/share/champ_gazebo/package.dsv'
[1.318s] INFO:colcon.colcon_core.shell:Creating package script '/home/hibiki/Robomech_HR/Eglantyne/simulation/install/champ_gazebo/share/champ_gazebo/package.sh'
[1.318s] INFO:colcon.colcon_core.shell:Creating package script '/home/hibiki/Robomech_HR/Eglantyne/simulation/install/champ_gazebo/share/champ_gazebo/package.bash'
[1.319s] INFO:colcon.colcon_core.shell:Creating package script '/home/hibiki/Robomech_HR/Eglantyne/simulation/install/champ_gazebo/share/champ_gazebo/package.zsh'
[1.319s] Level 1:colcon.colcon_core.environment:create_file_with_runtime_dependencies(/home/hibiki/Robomech_HR/Eglantyne/simulation/install/champ_gazebo/share/colcon-core/packages/champ_gazebo)
[1.330s] DEBUG:colcon.colcon_core.event_handler.log_command:Invoked command in '/home/hibiki/Robomech_HR/Eglantyne/simulation/build/ros2_control_demos' returned '0': CMAKE_PREFIX_PATH=/home/hibiki/Robomech_HR/Eglantyne/simulation/install/ros2_control_demo_example_15:/home/hibiki/Robomech_HR/Eglantyne/simulation/install/ros2_control_demo_example_9:/home/hibiki/Robomech_HR/Eglantyne/simulation/install/ros2_control_demo_example_8:/home/hibiki/Robomech_HR/Eglantyne/simulation/install/ros2_control_demo_example_7:/home/hibiki/Robomech_HR/Eglantyne/simulation/install/ros2_control_demo_example_6:/home/hibiki/Robomech_HR/Eglantyne/simulation/install/ros2_control_demo_example_5:/home/hibiki/Robomech_HR/Eglantyne/simulation/install/ros2_control_demo_example_4:/home/hibiki/Robomech_HR/Eglantyne/simulation/install/ros2_control_demo_example_3:/home/hibiki/Robomech_HR/Eglantyne/simulation/install/ros2_control_demo_example_2:/home/hibiki/Robomech_HR/Eglantyne/simulation/install/ros2_control_demo_example_14:/home/hibiki/Robomech_HR/Eglantyne/simulation/install/ros2_control_demo_example_12:/home/hibiki/Robomech_HR/Eglantyne/simulation/install/ros2_control_demo_example_11:/home/hibiki/Robomech_HR/Eglantyne/simulation/install/ros2_control_demo_example_10:/home/hibiki/Robomech_HR/Eglantyne/simulation/install/ros2_control_demo_example_1:/home/hibiki/Robomech_HR/Eglantyne/simulation/install/ros2_control_demo_description:/home/hibiki/Robomech_HR/Eglantyne/simulation/install/simple_sim:/home/hibiki/Robomech_HR/Eglantyne/simulation/install/ros2_control_demos:/home/hibiki/Robomech_HR/Eglantyne/simulation/install/gazebo_ros2_control_demos:/home/hibiki/Robomech_HR/Eglantyne/simulation/install/champ_teleop:/home/hibiki/Robomech_HR/Eglantyne/simulation/install/champ_navigation:/home/hibiki/Robomech_HR/Eglantyne/simulation/install/champ_gazebo:/home/hibiki/Robomech_HR/Eglantyne/simulation/install/champ_bringup:/home/hibiki/Robomech_HR/Eglantyne/simulation/install/champ_base:/home/hibiki/Robomech_HR/Eglantyne/simulation/install/champ_msgs:/home/hibiki/Robomech_HR/Eglantyne/simulation/install/champ_description:/home/hibiki/Robomech_HR/Eglantyne/simulation/install/champ_config:/home/hibiki/Robomech_HR/Eglantyne/simulation/install/ros2_control_demo_testing:/opt/ros/humble:/home/hibiki/Robomech_HR/Eglantyne/simulation/install/champ:/home/hibiki/Robomech_HR/Eglantyne/microros/ros2_pub_test/install/vel_pub LD_LIBRARY_PATH=/home/hibiki/Robomech_HR/Eglantyne/simulation/install/ros2_control_demo_example_9/lib:/home/hibiki/Robomech_HR/Eglantyne/simulation/install/ros2_control_demo_example_8/lib:/home/hibiki/Robomech_HR/Eglantyne/simulation/install/ros2_control_demo_example_7/lib:/home/hibiki/Robomech_HR/Eglantyne/simulation/install/ros2_control_demo_example_6/lib:/home/hibiki/Robomech_HR/Eglantyne/simulation/install/ros2_control_demo_example_5/lib:/home/hibiki/Robomech_HR/Eglantyne/simulation/install/ros2_control_demo_example_4/lib:/home/hibiki/Robomech_HR/Eglantyne/simulation/install/ros2_control_demo_example_3/lib:/home/hibiki/Robomech_HR/Eglantyne/simulation/install/ros2_control_demo_example_2/lib:/home/hibiki/Robomech_HR/Eglantyne/simulation/install/ros2_control_demo_example_14/lib:/home/hibiki/Robomech_HR/Eglantyne/simulation/install/ros2_control_demo_example_12/lib:/home/hibiki/Robomech_HR/Eglantyne/simulation/install/ros2_control_demo_example_11/lib:/home/hibiki/Robomech_HR/Eglantyne/simulation/install/ros2_control_demo_example_10/lib:/home/hibiki/Robomech_HR/Eglantyne/simulation/install/ros2_control_demo_example_1/lib:/home/hibiki/Robomech_HR/Eglantyne/simulation/install/simple_sim/lib:/home/hibiki/Robomech_HR/Eglantyne/simulation/install/champ_base/lib:/home/hibiki/Robomech_HR/Eglantyne/simulation/install/champ_msgs/lib:/opt/ros/humble/opt/rviz_ogre_vendor/lib:/opt/ros/humble/lib/x86_64-linux-gnu:/opt/ros/humble/lib:/usr/lib/x86_64-linux-gnu/gazebo-11/plugins /usr/bin/cmake --build /home/hibiki/Robomech_HR/Eglantyne/simulation/build/ros2_control_demos -- -j16 -l16
[1.346s] Level 1:colcon.colcon_core.environment:create_environment_scripts_only(champ_base)
[1.346s] Level 1:colcon.colcon_core.environment:checking '/home/hibiki/Robomech_HR/Eglantyne/simulation/install/champ_base' for CMake module files
[1.347s] Level 1:colcon.colcon_core.environment:checking '/home/hibiki/Robomech_HR/Eglantyne/simulation/install/champ_base' for CMake config files
[1.347s] Level 1:colcon.colcon_core.shell:create_environment_hook('champ_base', 'cmake_prefix_path')
[1.347s] INFO:colcon.colcon_core.shell:Creating environment hook '/home/hibiki/Robomech_HR/Eglantyne/simulation/install/champ_base/share/champ_base/hook/cmake_prefix_path.ps1'
[1.347s] INFO:colcon.colcon_core.shell:Creating environment descriptor '/home/hibiki/Robomech_HR/Eglantyne/simulation/install/champ_base/share/champ_base/hook/cmake_prefix_path.dsv'
[1.347s] INFO:colcon.colcon_core.shell:Creating environment hook '/home/hibiki/Robomech_HR/Eglantyne/simulation/install/champ_base/share/champ_base/hook/cmake_prefix_path.sh'
[1.348s] Level 1:colcon.colcon_core.environment:checking '/home/hibiki/Robomech_HR/Eglantyne/simulation/install/champ_base/lib'
[1.348s] Level 1:colcon.colcon_core.shell:create_environment_hook('champ_base', 'ld_library_path_lib')
[1.348s] INFO:colcon.colcon_core.shell:Creating environment hook '/home/hibiki/Robomech_HR/Eglantyne/simulation/install/champ_base/share/champ_base/hook/ld_library_path_lib.ps1'
[1.348s] INFO:colcon.colcon_core.shell:Creating environment descriptor '/home/hibiki/Robomech_HR/Eglantyne/simulation/install/champ_base/share/champ_base/hook/ld_library_path_lib.dsv'
[1.348s] INFO:colcon.colcon_core.shell:Creating environment hook '/home/hibiki/Robomech_HR/Eglantyne/simulation/install/champ_base/share/champ_base/hook/ld_library_path_lib.sh'
[1.348s] Level 1:colcon.colcon_core.environment:checking '/home/hibiki/Robomech_HR/Eglantyne/simulation/install/champ_base/bin'
[1.349s] Level 1:colcon.colcon_core.shell:create_environment_hook('champ_base', 'path')
[1.349s] INFO:colcon.colcon_core.shell:Creating environment hook '/home/hibiki/Robomech_HR/Eglantyne/simulation/install/champ_base/share/champ_base/hook/path.ps1'
[1.349s] INFO:colcon.colcon_core.shell:Creating environment descriptor '/home/hibiki/Robomech_HR/Eglantyne/simulation/install/champ_base/share/champ_base/hook/path.dsv'
[1.349s] INFO:colcon.colcon_core.shell:Creating environment hook '/home/hibiki/Robomech_HR/Eglantyne/simulation/install/champ_base/share/champ_base/hook/path.sh'
[1.349s] Level 1:colcon.colcon_core.environment:checking '/home/hibiki/Robomech_HR/Eglantyne/simulation/install/champ_base/lib/pkgconfig/champ_base.pc'
[1.349s] Level 1:colcon.colcon_core.environment:checking '/home/hibiki/Robomech_HR/Eglantyne/simulation/install/champ_base/lib/python3.10/site-packages'
[1.349s] Level 1:colcon.colcon_core.environment:checking '/home/hibiki/Robomech_HR/Eglantyne/simulation/install/champ_base/bin'
[1.350s] Level 1:colcon.colcon_core.shell:create_environment_hook('champ_base', 'pythonscriptspath')
[1.350s] INFO:colcon.colcon_core.shell:Creating environment hook '/home/hibiki/Robomech_HR/Eglantyne/simulation/install/champ_base/share/champ_base/hook/pythonscriptspath.ps1'
[1.350s] INFO:colcon.colcon_core.shell:Creating environment descriptor '/home/hibiki/Robomech_HR/Eglantyne/simulation/install/champ_base/share/champ_base/hook/pythonscriptspath.dsv'
[1.350s] INFO:colcon.colcon_core.shell:Creating environment hook '/home/hibiki/Robomech_HR/Eglantyne/simulation/install/champ_base/share/champ_base/hook/pythonscriptspath.sh'
[1.350s] INFO:colcon.colcon_core.shell:Creating package script '/home/hibiki/Robomech_HR/Eglantyne/simulation/install/champ_base/share/champ_base/package.ps1'
[1.351s] INFO:colcon.colcon_core.shell:Creating package descriptor '/home/hibiki/Robomech_HR/Eglantyne/simulation/install/champ_base/share/champ_base/package.dsv'
[1.351s] INFO:colcon.colcon_core.shell:Creating package script '/home/hibiki/Robomech_HR/Eglantyne/simulation/install/champ_base/share/champ_base/package.sh'
[1.351s] INFO:colcon.colcon_core.shell:Creating package script '/home/hibiki/Robomech_HR/Eglantyne/simulation/install/champ_base/share/champ_base/package.bash'
[1.352s] INFO:colcon.colcon_core.shell:Creating package script '/home/hibiki/Robomech_HR/Eglantyne/simulation/install/champ_base/share/champ_base/package.zsh'
[1.352s] Level 1:colcon.colcon_core.environment:create_file_with_runtime_dependencies(/home/hibiki/Robomech_HR/Eglantyne/simulation/install/champ_base/share/colcon-core/packages/champ_base)
[1.353s] INFO:colcon.colcon_ros.task.ament_cmake.build:Building ROS package in '/home/hibiki/Robomech_HR/Eglantyne/simulation/src/champ/champ_bringup' with build type 'ament_cmake'
[1.353s] INFO:colcon.colcon_cmake.task.cmake.build:Building CMake package in '/home/hibiki/Robomech_HR/Eglantyne/simulation/src/champ/champ_bringup'
[1.353s] INFO:colcon.colcon_core.shell:Skip shell extension 'powershell' for command environment: Not usable outside of PowerShell
[1.353s] DEBUG:colcon.colcon_core.shell:Skip shell extension 'dsv' for command environment
[1.354s] DEBUG:colcon.colcon_core.event_handler.log_command:Invoking command in '/home/hibiki/Robomech_HR/Eglantyne/simulation/build/ros2_control_demos': CMAKE_PREFIX_PATH=/home/hibiki/Robomech_HR/Eglantyne/simulation/install/ros2_control_demo_example_15:/home/hibiki/Robomech_HR/Eglantyne/simulation/install/ros2_control_demo_example_9:/home/hibiki/Robomech_HR/Eglantyne/simulation/install/ros2_control_demo_example_8:/home/hibiki/Robomech_HR/Eglantyne/simulation/install/ros2_control_demo_example_7:/home/hibiki/Robomech_HR/Eglantyne/simulation/install/ros2_control_demo_example_6:/home/hibiki/Robomech_HR/Eglantyne/simulation/install/ros2_control_demo_example_5:/home/hibiki/Robomech_HR/Eglantyne/simulation/install/ros2_control_demo_example_4:/home/hibiki/Robomech_HR/Eglantyne/simulation/install/ros2_control_demo_example_3:/home/hibiki/Robomech_HR/Eglantyne/simulation/install/ros2_control_demo_example_2:/home/hibiki/Robomech_HR/Eglantyne/simulation/install/ros2_control_demo_example_14:/home/hibiki/Robomech_HR/Eglantyne/simulation/install/ros2_control_demo_example_12:/home/hibiki/Robomech_HR/Eglantyne/simulation/install/ros2_control_demo_example_11:/home/hibiki/Robomech_HR/Eglantyne/simulation/install/ros2_control_demo_example_10:/home/hibiki/Robomech_HR/Eglantyne/simulation/install/ros2_control_demo_example_1:/home/hibiki/Robomech_HR/Eglantyne/simulation/install/ros2_control_demo_description:/home/hibiki/Robomech_HR/Eglantyne/simulation/install/simple_sim:/home/hibiki/Robomech_HR/Eglantyne/simulation/install/ros2_control_demos:/home/hibiki/Robomech_HR/Eglantyne/simulation/install/gazebo_ros2_control_demos:/home/hibiki/Robomech_HR/Eglantyne/simulation/install/champ_teleop:/home/hibiki/Robomech_HR/Eglantyne/simulation/install/champ_navigation:/home/hibiki/Robomech_HR/Eglantyne/simulation/install/champ_gazebo:/home/hibiki/Robomech_HR/Eglantyne/simulation/install/champ_bringup:/home/hibiki/Robomech_HR/Eglantyne/simulation/install/champ_base:/home/hibiki/Robomech_HR/Eglantyne/simulation/install/champ_msgs:/home/hibiki/Robomech_HR/Eglantyne/simulation/install/champ_description:/home/hibiki/Robomech_HR/Eglantyne/simulation/install/champ_config:/home/hibiki/Robomech_HR/Eglantyne/simulation/install/ros2_control_demo_testing:/opt/ros/humble:/home/hibiki/Robomech_HR/Eglantyne/simulation/install/champ:/home/hibiki/Robomech_HR/Eglantyne/microros/ros2_pub_test/install/vel_pub LD_LIBRARY_PATH=/home/hibiki/Robomech_HR/Eglantyne/simulation/install/ros2_control_demo_example_9/lib:/home/hibiki/Robomech_HR/Eglantyne/simulation/install/ros2_control_demo_example_8/lib:/home/hibiki/Robomech_HR/Eglantyne/simulation/install/ros2_control_demo_example_7/lib:/home/hibiki/Robomech_HR/Eglantyne/simulation/install/ros2_control_demo_example_6/lib:/home/hibiki/Robomech_HR/Eglantyne/simulation/install/ros2_control_demo_example_5/lib:/home/hibiki/Robomech_HR/Eglantyne/simulation/install/ros2_control_demo_example_4/lib:/home/hibiki/Robomech_HR/Eglantyne/simulation/install/ros2_control_demo_example_3/lib:/home/hibiki/Robomech_HR/Eglantyne/simulation/install/ros2_control_demo_example_2/lib:/home/hibiki/Robomech_HR/Eglantyne/simulation/install/ros2_control_demo_example_14/lib:/home/hibiki/Robomech_HR/Eglantyne/simulation/install/ros2_control_demo_example_12/lib:/home/hibiki/Robomech_HR/Eglantyne/simulation/install/ros2_control_demo_example_11/lib:/home/hibiki/Robomech_HR/Eglantyne/simulation/install/ros2_control_demo_example_10/lib:/home/hibiki/Robomech_HR/Eglantyne/simulation/install/ros2_control_demo_example_1/lib:/home/hibiki/Robomech_HR/Eglantyne/simulation/install/simple_sim/lib:/home/hibiki/Robomech_HR/Eglantyne/simulation/install/champ_base/lib:/home/hibiki/Robomech_HR/Eglantyne/simulation/install/champ_msgs/lib:/opt/ros/humble/opt/rviz_ogre_vendor/lib:/opt/ros/humble/lib/x86_64-linux-gnu:/opt/ros/humble/lib:/usr/lib/x86_64-linux-gnu/gazebo-11/plugins /usr/bin/cmake --install /home/hibiki/Robomech_HR/Eglantyne/simulation/build/ros2_control_demos
[1.358s] Level 1:colcon.colcon_core.environment:create_environment_scripts_only(ros2_control_demos)
[1.358s] Level 1:colcon.colcon_core.environment:checking '/home/hibiki/Robomech_HR/Eglantyne/simulation/install/ros2_control_demos' for CMake module files
[1.359s] DEBUG:colcon.colcon_core.event_handler.log_command:Invoked command in '/home/hibiki/Robomech_HR/Eglantyne/simulation/build/ros2_control_demos' returned '0': CMAKE_PREFIX_PATH=/home/hibiki/Robomech_HR/Eglantyne/simulation/install/ros2_control_demo_example_15:/home/hibiki/Robomech_HR/Eglantyne/simulation/install/ros2_control_demo_example_9:/home/hibiki/Robomech_HR/Eglantyne/simulation/install/ros2_control_demo_example_8:/home/hibiki/Robomech_HR/Eglantyne/simulation/install/ros2_control_demo_example_7:/home/hibiki/Robomech_HR/Eglantyne/simulation/install/ros2_control_demo_example_6:/home/hibiki/Robomech_HR/Eglantyne/simulation/install/ros2_control_demo_example_5:/home/hibiki/Robomech_HR/Eglantyne/simulation/install/ros2_control_demo_example_4:/home/hibiki/Robomech_HR/Eglantyne/simulation/install/ros2_control_demo_example_3:/home/hibiki/Robomech_HR/Eglantyne/simulation/install/ros2_control_demo_example_2:/home/hibiki/Robomech_HR/Eglantyne/simulation/install/ros2_control_demo_example_14:/home/hibiki/Robomech_HR/Eglantyne/simulation/install/ros2_control_demo_example_12:/home/hibiki/Robomech_HR/Eglantyne/simulation/install/ros2_control_demo_example_11:/home/hibiki/Robomech_HR/Eglantyne/simulation/install/ros2_control_demo_example_10:/home/hibiki/Robomech_HR/Eglantyne/simulation/install/ros2_control_demo_example_1:/home/hibiki/Robomech_HR/Eglantyne/simulation/install/ros2_control_demo_description:/home/hibiki/Robomech_HR/Eglantyne/simulation/install/simple_sim:/home/hibiki/Robomech_HR/Eglantyne/simulation/install/ros2_control_demos:/home/hibiki/Robomech_HR/Eglantyne/simulation/install/gazebo_ros2_control_demos:/home/hibiki/Robomech_HR/Eglantyne/simulation/install/champ_teleop:/home/hibiki/Robomech_HR/Eglantyne/simulation/install/champ_navigation:/home/hibiki/Robomech_HR/Eglantyne/simulation/install/champ_gazebo:/home/hibiki/Robomech_HR/Eglantyne/simulation/install/champ_bringup:/home/hibiki/Robomech_HR/Eglantyne/simulation/install/champ_base:/home/hibiki/Robomech_HR/Eglantyne/simulation/install/champ_msgs:/home/hibiki/Robomech_HR/Eglantyne/simulation/install/champ_description:/home/hibiki/Robomech_HR/Eglantyne/simulation/install/champ_config:/home/hibiki/Robomech_HR/Eglantyne/simulation/install/ros2_control_demo_testing:/opt/ros/humble:/home/hibiki/Robomech_HR/Eglantyne/simulation/install/champ:/home/hibiki/Robomech_HR/Eglantyne/microros/ros2_pub_test/install/vel_pub LD_LIBRARY_PATH=/home/hibiki/Robomech_HR/Eglantyne/simulation/install/ros2_control_demo_example_9/lib:/home/hibiki/Robomech_HR/Eglantyne/simulation/install/ros2_control_demo_example_8/lib:/home/hibiki/Robomech_HR/Eglantyne/simulation/install/ros2_control_demo_example_7/lib:/home/hibiki/Robomech_HR/Eglantyne/simulation/install/ros2_control_demo_example_6/lib:/home/hibiki/Robomech_HR/Eglantyne/simulation/install/ros2_control_demo_example_5/lib:/home/hibiki/Robomech_HR/Eglantyne/simulation/install/ros2_control_demo_example_4/lib:/home/hibiki/Robomech_HR/Eglantyne/simulation/install/ros2_control_demo_example_3/lib:/home/hibiki/Robomech_HR/Eglantyne/simulation/install/ros2_control_demo_example_2/lib:/home/hibiki/Robomech_HR/Eglantyne/simulation/install/ros2_control_demo_example_14/lib:/home/hibiki/Robomech_HR/Eglantyne/simulation/install/ros2_control_demo_example_12/lib:/home/hibiki/Robomech_HR/Eglantyne/simulation/install/ros2_control_demo_example_11/lib:/home/hibiki/Robomech_HR/Eglantyne/simulation/install/ros2_control_demo_example_10/lib:/home/hibiki/Robomech_HR/Eglantyne/simulation/install/ros2_control_demo_example_1/lib:/home/hibiki/Robomech_HR/Eglantyne/simulation/install/simple_sim/lib:/home/hibiki/Robomech_HR/Eglantyne/simulation/install/champ_base/lib:/home/hibiki/Robomech_HR/Eglantyne/simulation/install/champ_msgs/lib:/opt/ros/humble/opt/rviz_ogre_vendor/lib:/opt/ros/humble/lib/x86_64-linux-gnu:/opt/ros/humble/lib:/usr/lib/x86_64-linux-gnu/gazebo-11/plugins /usr/bin/cmake --install /home/hibiki/Robomech_HR/Eglantyne/simulation/build/ros2_control_demos
[1.359s] Level 1:colcon.colcon_core.environment:checking '/home/hibiki/Robomech_HR/Eglantyne/simulation/install/ros2_control_demos' for CMake config files
[1.360s] Level 1:colcon.colcon_core.shell:create_environment_hook('ros2_control_demos', 'cmake_prefix_path')
[1.360s] INFO:colcon.colcon_core.shell:Creating environment hook '/home/hibiki/Robomech_HR/Eglantyne/simulation/install/ros2_control_demos/share/ros2_control_demos/hook/cmake_prefix_path.ps1'
[1.360s] INFO:colcon.colcon_core.shell:Creating environment descriptor '/home/hibiki/Robomech_HR/Eglantyne/simulation/install/ros2_control_demos/share/ros2_control_demos/hook/cmake_prefix_path.dsv'
[1.360s] INFO:colcon.colcon_core.shell:Creating environment hook '/home/hibiki/Robomech_HR/Eglantyne/simulation/install/ros2_control_demos/share/ros2_control_demos/hook/cmake_prefix_path.sh'
[1.361s] Level 1:colcon.colcon_core.environment:checking '/home/hibiki/Robomech_HR/Eglantyne/simulation/install/ros2_control_demos/bin'
[1.361s] Level 1:colcon.colcon_core.environment:checking '/home/hibiki/Robomech_HR/Eglantyne/simulation/install/ros2_control_demos/lib/pkgconfig/ros2_control_demos.pc'
[1.361s] Level 1:colcon.colcon_core.environment:checking '/home/hibiki/Robomech_HR/Eglantyne/simulation/install/ros2_control_demos/lib/python3.10/site-packages'
[1.361s] Level 1:colcon.colcon_core.environment:checking '/home/hibiki/Robomech_HR/Eglantyne/simulation/install/ros2_control_demos/bin'
[1.361s] INFO:colcon.colcon_core.shell:Creating package script '/home/hibiki/Robomech_HR/Eglantyne/simulation/install/ros2_control_demos/share/ros2_control_demos/package.ps1'
[1.361s] INFO:colcon.colcon_core.shell:Creating package descriptor '/home/hibiki/Robomech_HR/Eglantyne/simulation/install/ros2_control_demos/share/ros2_control_demos/package.dsv'
[1.362s] INFO:colcon.colcon_core.shell:Creating package script '/home/hibiki/Robomech_HR/Eglantyne/simulation/install/ros2_control_demos/share/ros2_control_demos/package.sh'
[1.362s] INFO:colcon.colcon_core.shell:Creating package script '/home/hibiki/Robomech_HR/Eglantyne/simulation/install/ros2_control_demos/share/ros2_control_demos/package.bash'
[1.362s] INFO:colcon.colcon_core.shell:Creating package script '/home/hibiki/Robomech_HR/Eglantyne/simulation/install/ros2_control_demos/share/ros2_control_demos/package.zsh'
[1.362s] Level 1:colcon.colcon_core.environment:create_file_with_runtime_dependencies(/home/hibiki/Robomech_HR/Eglantyne/simulation/install/ros2_control_demos/share/colcon-core/packages/ros2_control_demos)
[1.367s] DEBUG:colcon.colcon_core.event_handler.log_command:Invoking command in '/home/hibiki/Robomech_HR/Eglantyne/simulation/build/champ_bringup': CMAKE_PREFIX_PATH=/home/hibiki/Robomech_HR/Eglantyne/simulation/install/champ_base:/home/hibiki/Robomech_HR/Eglantyne/simulation/install/champ_msgs:/home/hibiki/Robomech_HR/Eglantyne/simulation/install/champ_description:/home/hibiki/Robomech_HR/Eglantyne/simulation/install/ros2_control_demo_testing:/opt/ros/humble:/home/hibiki/Robomech_HR/Eglantyne/simulation/install/champ:/home/hibiki/Robomech_HR/Eglantyne/simulation/install/simple_sim:/home/hibiki/Robomech_HR/Eglantyne/simulation/install/ros2_control_demos:/home/hibiki/Robomech_HR/Eglantyne/simulation/install/ros2_control_demo_example_9:/home/hibiki/Robomech_HR/Eglantyne/simulation/install/ros2_control_demo_example_8:/home/hibiki/Robomech_HR/Eglantyne/simulation/install/ros2_control_demo_example_7:/home/hibiki/Robomech_HR/Eglantyne/simulation/install/ros2_control_demo_example_6:/home/hibiki/Robomech_HR/Eglantyne/simulation/install/ros2_control_demo_example_15:/home/hibiki/Robomech_HR/Eglantyne/simulation/install/ros2_control_demo_example_5:/home/hibiki/Robomech_HR/Eglantyne/simulation/install/ros2_control_demo_example_4:/home/hibiki/Robomech_HR/Eglantyne/simulation/install/ros2_control_demo_example_3:/home/hibiki/Robomech_HR/Eglantyne/simulation/install/ros2_control_demo_example_2:/home/hibiki/Robomech_HR/Eglantyne/simulation/install/ros2_control_demo_example_14:/home/hibiki/Robomech_HR/Eglantyne/simulation/install/ros2_control_demo_example_12:/home/hibiki/Robomech_HR/Eglantyne/simulation/install/ros2_control_demo_example_11:/home/hibiki/Robomech_HR/Eglantyne/simulation/install/ros2_control_demo_example_10:/home/hibiki/Robomech_HR/Eglantyne/simulation/install/ros2_control_demo_example_1:/home/hibiki/Robomech_HR/Eglantyne/simulation/install/ros2_control_demo_description:/home/hibiki/Robomech_HR/Eglantyne/simulation/install/gazebo_ros2_control_demos:/home/hibiki/Robomech_HR/Eglantyne/simulation/install/champ_teleop:/home/hibiki/Robomech_HR/Eglantyne/simulation/install/champ_navigation:/home/hibiki/Robomech_HR/Eglantyne/simulation/install/champ_gazebo:/home/hibiki/Robomech_HR/Eglantyne/simulation/install/champ_bringup:/home/hibiki/Robomech_HR/Eglantyne/simulation/install/champ_config:/home/hibiki/Robomech_HR/Eglantyne/microros/ros2_pub_test/install/vel_pub LD_LIBRARY_PATH=/home/hibiki/Robomech_HR/Eglantyne/simulation/install/champ_base/lib:/home/hibiki/Robomech_HR/Eglantyne/simulation/install/champ_msgs/lib:/home/hibiki/Robomech_HR/Eglantyne/simulation/install/simple_sim/lib:/home/hibiki/Robomech_HR/Eglantyne/simulation/install/ros2_control_demo_example_9/lib:/home/hibiki/Robomech_HR/Eglantyne/simulation/install/ros2_control_demo_example_8/lib:/home/hibiki/Robomech_HR/Eglantyne/simulation/install/ros2_control_demo_example_7/lib:/home/hibiki/Robomech_HR/Eglantyne/simulation/install/ros2_control_demo_example_6/lib:/home/hibiki/Robomech_HR/Eglantyne/simulation/install/ros2_control_demo_example_5/lib:/home/hibiki/Robomech_HR/Eglantyne/simulation/install/ros2_control_demo_example_4/lib:/home/hibiki/Robomech_HR/Eglantyne/simulation/install/ros2_control_demo_example_3/lib:/home/hibiki/Robomech_HR/Eglantyne/simulation/install/ros2_control_demo_example_2/lib:/home/hibiki/Robomech_HR/Eglantyne/simulation/install/ros2_control_demo_example_14/lib:/home/hibiki/Robomech_HR/Eglantyne/simulation/install/ros2_control_demo_example_12/lib:/home/hibiki/Robomech_HR/Eglantyne/simulation/install/ros2_control_demo_example_11/lib:/home/hibiki/Robomech_HR/Eglantyne/simulation/install/ros2_control_demo_example_10/lib:/home/hibiki/Robomech_HR/Eglantyne/simulation/install/ros2_control_demo_example_1/lib:/opt/ros/humble/opt/rviz_ogre_vendor/lib:/opt/ros/humble/lib/x86_64-linux-gnu:/opt/ros/humble/lib:/usr/lib/x86_64-linux-gnu/gazebo-11/plugins PATH=/home/hibiki/Robomech_HR/Eglantyne/simulation/install/champ_base/bin:/home/hibiki/Robomech_HR/Eglantyne/simulation/install/champ_gazebo/bin:/opt/ros/humble/bin:/home/hibiki/esp/esp-idf/components/espcoredump:/home/hibiki/esp/esp-idf/components/partition_table:/home/hibiki/esp/esp-idf/components/app_update:/home/hibiki/.espressif/tools/xtensa-esp-elf-gdb/14.2_20240403/xtensa-esp-elf-gdb/bin:/home/hibiki/.espressif/tools/riscv32-esp-elf-gdb/14.2_20240403/riscv32-esp-elf-gdb/bin:/home/hibiki/.espressif/tools/xtensa-esp-elf/esp-13.2.0_20240305/xtensa-esp-elf/bin:/home/hibiki/.espressif/tools/riscv32-esp-elf/esp-13.2.0_20240305/riscv32-esp-elf/bin:/home/hibiki/.espressif/tools/esp32ulp-elf/2.38_20240113/esp32ulp-elf/bin:/home/hibiki/.espressif/tools/openocd-esp32/v0.12.0-esp32-20240318/openocd-esp32/bin:/home/hibiki/.espressif/tools/xtensa-esp-elf-gdb/14.2_20240403/xtensa-esp-elf-gdb/bin:/home/hibiki/.espressif/tools/riscv32-esp-elf-gdb/14.2_20240403/riscv32-esp-elf-gdb/bin:/home/hibiki/.espressif/tools/xtensa-esp-elf/esp-13.2.0_20240305/xtensa-esp-elf/bin:/home/hibiki/.espressif/tools/riscv32-esp-elf/esp-13.2.0_20240305/riscv32-esp-elf/bin:/home/hibiki/.espressif/tools/esp32ulp-elf/2.38_20240113/esp32ulp-elf/bin:/home/hibiki/.espressif/tools/openocd-esp32/v0.12.0-esp32-20240318/openocd-esp32/bin:/home/hibiki/.espressif/python_env/idf5.4_py3.10_env/bin:/home/hibiki/esp/esp-idf/tools:/usr/bin/:/home/hibiki/.local/bin:/usr/local/sbin:/usr/local/bin:/usr/sbin:/usr/bin:/sbin:/bin:/usr/games:/usr/local/games:/snap/bin:/snap/bin:/usr/lib/jvm/java-17-openjdk-amd64/bin PYTHONPATH=/home/hibiki/Robomech_HR/Eglantyne/simulation/install/champ_msgs/lib/python3.10/site-packages:/home/hibiki/Robomech_HR/Eglantyne/simulation/install/simple_sim/lib/python3.10/site-packages:/home/hibiki/Robomech_HR/Eglantyne/simulation/install/ros2_control_demo_testing/lib/python3.10/site-packages:/home/hibiki/Robomech_HR/Eglantyne/simulation/install/champ_bringup/lib/python3.10/site-packages:/opt/ros/humble/lib/python3.10/site-packages:/opt/ros/humble/local/lib/python3.10/dist-packages /usr/bin/cmake --build /home/hibiki/Robomech_HR/Eglantyne/simulation/build/champ_bringup -- -j16 -l16
[1.380s] Level 1:colcon.colcon_core.environment:create_environment_scripts_only(ros2_control_demos)
[1.380s] Level 1:colcon.colcon_core.environment:checking '/home/hibiki/Robomech_HR/Eglantyne/simulation/install/ros2_control_demos' for CMake module files
[1.381s] Level 1:colcon.colcon_core.environment:checking '/home/hibiki/Robomech_HR/Eglantyne/simulation/install/ros2_control_demos' for CMake config files
[1.381s] Level 1:colcon.colcon_core.shell:create_environment_hook('ros2_control_demos', 'cmake_prefix_path')
[1.381s] INFO:colcon.colcon_core.shell:Creating environment hook '/home/hibiki/Robomech_HR/Eglantyne/simulation/install/ros2_control_demos/share/ros2_control_demos/hook/cmake_prefix_path.ps1'
[1.381s] INFO:colcon.colcon_core.shell:Creating environment descriptor '/home/hibiki/Robomech_HR/Eglantyne/simulation/install/ros2_control_demos/share/ros2_control_demos/hook/cmake_prefix_path.dsv'
[1.381s] INFO:colcon.colcon_core.shell:Creating environment hook '/home/hibiki/Robomech_HR/Eglantyne/simulation/install/ros2_control_demos/share/ros2_control_demos/hook/cmake_prefix_path.sh'
[1.382s] Level 1:colcon.colcon_core.environment:checking '/home/hibiki/Robomech_HR/Eglantyne/simulation/install/ros2_control_demos/bin'
[1.382s] Level 1:colcon.colcon_core.environment:checking '/home/hibiki/Robomech_HR/Eglantyne/simulation/install/ros2_control_demos/lib/pkgconfig/ros2_control_demos.pc'
[1.382s] Level 1:colcon.colcon_core.environment:checking '/home/hibiki/Robomech_HR/Eglantyne/simulation/install/ros2_control_demos/lib/python3.10/site-packages'
[1.382s] Level 1:colcon.colcon_core.environment:checking '/home/hibiki/Robomech_HR/Eglantyne/simulation/install/ros2_control_demos/bin'
[1.382s] INFO:colcon.colcon_core.shell:Creating package script '/home/hibiki/Robomech_HR/Eglantyne/simulation/install/ros2_control_demos/share/ros2_control_demos/package.ps1'
[1.382s] INFO:colcon.colcon_core.shell:Creating package descriptor '/home/hibiki/Robomech_HR/Eglantyne/simulation/install/ros2_control_demos/share/ros2_control_demos/package.dsv'
[1.383s] INFO:colcon.colcon_core.shell:Creating package script '/home/hibiki/Robomech_HR/Eglantyne/simulation/install/ros2_control_demos/share/ros2_control_demos/package.sh'
[1.383s] INFO:colcon.colcon_core.shell:Creating package script '/home/hibiki/Robomech_HR/Eglantyne/simulation/install/ros2_control_demos/share/ros2_control_demos/package.bash'
[1.383s] INFO:colcon.colcon_core.shell:Creating package script '/home/hibiki/Robomech_HR/Eglantyne/simulation/install/ros2_control_demos/share/ros2_control_demos/package.zsh'
[1.383s] Level 1:colcon.colcon_core.environment:create_file_with_runtime_dependencies(/home/hibiki/Robomech_HR/Eglantyne/simulation/install/ros2_control_demos/share/colcon-core/packages/ros2_control_demos)
[1.552s] DEBUG:colcon.colcon_core.event_handler.log_command:Invoked command in '/home/hibiki/Robomech_HR/Eglantyne/simulation/build/champ_bringup' returned '0': CMAKE_PREFIX_PATH=/home/hibiki/Robomech_HR/Eglantyne/simulation/install/champ_base:/home/hibiki/Robomech_HR/Eglantyne/simulation/install/champ_msgs:/home/hibiki/Robomech_HR/Eglantyne/simulation/install/champ_description:/home/hibiki/Robomech_HR/Eglantyne/simulation/install/ros2_control_demo_testing:/opt/ros/humble:/home/hibiki/Robomech_HR/Eglantyne/simulation/install/champ:/home/hibiki/Robomech_HR/Eglantyne/simulation/install/simple_sim:/home/hibiki/Robomech_HR/Eglantyne/simulation/install/ros2_control_demos:/home/hibiki/Robomech_HR/Eglantyne/simulation/install/ros2_control_demo_example_9:/home/hibiki/Robomech_HR/Eglantyne/simulation/install/ros2_control_demo_example_8:/home/hibiki/Robomech_HR/Eglantyne/simulation/install/ros2_control_demo_example_7:/home/hibiki/Robomech_HR/Eglantyne/simulation/install/ros2_control_demo_example_6:/home/hibiki/Robomech_HR/Eglantyne/simulation/install/ros2_control_demo_example_15:/home/hibiki/Robomech_HR/Eglantyne/simulation/install/ros2_control_demo_example_5:/home/hibiki/Robomech_HR/Eglantyne/simulation/install/ros2_control_demo_example_4:/home/hibiki/Robomech_HR/Eglantyne/simulation/install/ros2_control_demo_example_3:/home/hibiki/Robomech_HR/Eglantyne/simulation/install/ros2_control_demo_example_2:/home/hibiki/Robomech_HR/Eglantyne/simulation/install/ros2_control_demo_example_14:/home/hibiki/Robomech_HR/Eglantyne/simulation/install/ros2_control_demo_example_12:/home/hibiki/Robomech_HR/Eglantyne/simulation/install/ros2_control_demo_example_11:/home/hibiki/Robomech_HR/Eglantyne/simulation/install/ros2_control_demo_example_10:/home/hibiki/Robomech_HR/Eglantyne/simulation/install/ros2_control_demo_example_1:/home/hibiki/Robomech_HR/Eglantyne/simulation/install/ros2_control_demo_description:/home/hibiki/Robomech_HR/Eglantyne/simulation/install/gazebo_ros2_control_demos:/home/hibiki/Robomech_HR/Eglantyne/simulation/install/champ_teleop:/home/hibiki/Robomech_HR/Eglantyne/simulation/install/champ_navigation:/home/hibiki/Robomech_HR/Eglantyne/simulation/install/champ_gazebo:/home/hibiki/Robomech_HR/Eglantyne/simulation/install/champ_bringup:/home/hibiki/Robomech_HR/Eglantyne/simulation/install/champ_config:/home/hibiki/Robomech_HR/Eglantyne/microros/ros2_pub_test/install/vel_pub LD_LIBRARY_PATH=/home/hibiki/Robomech_HR/Eglantyne/simulation/install/champ_base/lib:/home/hibiki/Robomech_HR/Eglantyne/simulation/install/champ_msgs/lib:/home/hibiki/Robomech_HR/Eglantyne/simulation/install/simple_sim/lib:/home/hibiki/Robomech_HR/Eglantyne/simulation/install/ros2_control_demo_example_9/lib:/home/hibiki/Robomech_HR/Eglantyne/simulation/install/ros2_control_demo_example_8/lib:/home/hibiki/Robomech_HR/Eglantyne/simulation/install/ros2_control_demo_example_7/lib:/home/hibiki/Robomech_HR/Eglantyne/simulation/install/ros2_control_demo_example_6/lib:/home/hibiki/Robomech_HR/Eglantyne/simulation/install/ros2_control_demo_example_5/lib:/home/hibiki/Robomech_HR/Eglantyne/simulation/install/ros2_control_demo_example_4/lib:/home/hibiki/Robomech_HR/Eglantyne/simulation/install/ros2_control_demo_example_3/lib:/home/hibiki/Robomech_HR/Eglantyne/simulation/install/ros2_control_demo_example_2/lib:/home/hibiki/Robomech_HR/Eglantyne/simulation/install/ros2_control_demo_example_14/lib:/home/hibiki/Robomech_HR/Eglantyne/simulation/install/ros2_control_demo_example_12/lib:/home/hibiki/Robomech_HR/Eglantyne/simulation/install/ros2_control_demo_example_11/lib:/home/hibiki/Robomech_HR/Eglantyne/simulation/install/ros2_control_demo_example_10/lib:/home/hibiki/Robomech_HR/Eglantyne/simulation/install/ros2_control_demo_example_1/lib:/opt/ros/humble/opt/rviz_ogre_vendor/lib:/opt/ros/humble/lib/x86_64-linux-gnu:/opt/ros/humble/lib:/usr/lib/x86_64-linux-gnu/gazebo-11/plugins PATH=/home/hibiki/Robomech_HR/Eglantyne/simulation/install/champ_base/bin:/home/hibiki/Robomech_HR/Eglantyne/simulation/install/champ_gazebo/bin:/opt/ros/humble/bin:/home/hibiki/esp/esp-idf/components/espcoredump:/home/hibiki/esp/esp-idf/components/partition_table:/home/hibiki/esp/esp-idf/components/app_update:/home/hibiki/.espressif/tools/xtensa-esp-elf-gdb/14.2_20240403/xtensa-esp-elf-gdb/bin:/home/hibiki/.espressif/tools/riscv32-esp-elf-gdb/14.2_20240403/riscv32-esp-elf-gdb/bin:/home/hibiki/.espressif/tools/xtensa-esp-elf/esp-13.2.0_20240305/xtensa-esp-elf/bin:/home/hibiki/.espressif/tools/riscv32-esp-elf/esp-13.2.0_20240305/riscv32-esp-elf/bin:/home/hibiki/.espressif/tools/esp32ulp-elf/2.38_20240113/esp32ulp-elf/bin:/home/hibiki/.espressif/tools/openocd-esp32/v0.12.0-esp32-20240318/openocd-esp32/bin:/home/hibiki/.espressif/tools/xtensa-esp-elf-gdb/14.2_20240403/xtensa-esp-elf-gdb/bin:/home/hibiki/.espressif/tools/riscv32-esp-elf-gdb/14.2_20240403/riscv32-esp-elf-gdb/bin:/home/hibiki/.espressif/tools/xtensa-esp-elf/esp-13.2.0_20240305/xtensa-esp-elf/bin:/home/hibiki/.espressif/tools/riscv32-esp-elf/esp-13.2.0_20240305/riscv32-esp-elf/bin:/home/hibiki/.espressif/tools/esp32ulp-elf/2.38_20240113/esp32ulp-elf/bin:/home/hibiki/.espressif/tools/openocd-esp32/v0.12.0-esp32-20240318/openocd-esp32/bin:/home/hibiki/.espressif/python_env/idf5.4_py3.10_env/bin:/home/hibiki/esp/esp-idf/tools:/usr/bin/:/home/hibiki/.local/bin:/usr/local/sbin:/usr/local/bin:/usr/sbin:/usr/bin:/sbin:/bin:/usr/games:/usr/local/games:/snap/bin:/snap/bin:/usr/lib/jvm/java-17-openjdk-amd64/bin PYTHONPATH=/home/hibiki/Robomech_HR/Eglantyne/simulation/install/champ_msgs/lib/python3.10/site-packages:/home/hibiki/Robomech_HR/Eglantyne/simulation/install/simple_sim/lib/python3.10/site-packages:/home/hibiki/Robomech_HR/Eglantyne/simulation/install/ros2_control_demo_testing/lib/python3.10/site-packages:/home/hibiki/Robomech_HR/Eglantyne/simulation/install/champ_bringup/lib/python3.10/site-packages:/opt/ros/humble/lib/python3.10/site-packages:/opt/ros/humble/local/lib/python3.10/dist-packages /usr/bin/cmake --build /home/hibiki/Robomech_HR/Eglantyne/simulation/build/champ_bringup -- -j16 -l16
[1.575s] DEBUG:colcon.colcon_core.event_handler.log_command:Invoking command in '/home/hibiki/Robomech_HR/Eglantyne/simulation/build/champ_bringup': CMAKE_PREFIX_PATH=/home/hibiki/Robomech_HR/Eglantyne/simulation/install/champ_base:/home/hibiki/Robomech_HR/Eglantyne/simulation/install/champ_msgs:/home/hibiki/Robomech_HR/Eglantyne/simulation/install/champ_description:/home/hibiki/Robomech_HR/Eglantyne/simulation/install/ros2_control_demo_testing:/opt/ros/humble:/home/hibiki/Robomech_HR/Eglantyne/simulation/install/champ:/home/hibiki/Robomech_HR/Eglantyne/simulation/install/simple_sim:/home/hibiki/Robomech_HR/Eglantyne/simulation/install/ros2_control_demos:/home/hibiki/Robomech_HR/Eglantyne/simulation/install/ros2_control_demo_example_9:/home/hibiki/Robomech_HR/Eglantyne/simulation/install/ros2_control_demo_example_8:/home/hibiki/Robomech_HR/Eglantyne/simulation/install/ros2_control_demo_example_7:/home/hibiki/Robomech_HR/Eglantyne/simulation/install/ros2_control_demo_example_6:/home/hibiki/Robomech_HR/Eglantyne/simulation/install/ros2_control_demo_example_15:/home/hibiki/Robomech_HR/Eglantyne/simulation/install/ros2_control_demo_example_5:/home/hibiki/Robomech_HR/Eglantyne/simulation/install/ros2_control_demo_example_4:/home/hibiki/Robomech_HR/Eglantyne/simulation/install/ros2_control_demo_example_3:/home/hibiki/Robomech_HR/Eglantyne/simulation/install/ros2_control_demo_example_2:/home/hibiki/Robomech_HR/Eglantyne/simulation/install/ros2_control_demo_example_14:/home/hibiki/Robomech_HR/Eglantyne/simulation/install/ros2_control_demo_example_12:/home/hibiki/Robomech_HR/Eglantyne/simulation/install/ros2_control_demo_example_11:/home/hibiki/Robomech_HR/Eglantyne/simulation/install/ros2_control_demo_example_10:/home/hibiki/Robomech_HR/Eglantyne/simulation/install/ros2_control_demo_example_1:/home/hibiki/Robomech_HR/Eglantyne/simulation/install/ros2_control_demo_description:/home/hibiki/Robomech_HR/Eglantyne/simulation/install/gazebo_ros2_control_demos:/home/hibiki/Robomech_HR/Eglantyne/simulation/install/champ_teleop:/home/hibiki/Robomech_HR/Eglantyne/simulation/install/champ_navigation:/home/hibiki/Robomech_HR/Eglantyne/simulation/install/champ_gazebo:/home/hibiki/Robomech_HR/Eglantyne/simulation/install/champ_bringup:/home/hibiki/Robomech_HR/Eglantyne/simulation/install/champ_config:/home/hibiki/Robomech_HR/Eglantyne/microros/ros2_pub_test/install/vel_pub LD_LIBRARY_PATH=/home/hibiki/Robomech_HR/Eglantyne/simulation/install/champ_base/lib:/home/hibiki/Robomech_HR/Eglantyne/simulation/install/champ_msgs/lib:/home/hibiki/Robomech_HR/Eglantyne/simulation/install/simple_sim/lib:/home/hibiki/Robomech_HR/Eglantyne/simulation/install/ros2_control_demo_example_9/lib:/home/hibiki/Robomech_HR/Eglantyne/simulation/install/ros2_control_demo_example_8/lib:/home/hibiki/Robomech_HR/Eglantyne/simulation/install/ros2_control_demo_example_7/lib:/home/hibiki/Robomech_HR/Eglantyne/simulation/install/ros2_control_demo_example_6/lib:/home/hibiki/Robomech_HR/Eglantyne/simulation/install/ros2_control_demo_example_5/lib:/home/hibiki/Robomech_HR/Eglantyne/simulation/install/ros2_control_demo_example_4/lib:/home/hibiki/Robomech_HR/Eglantyne/simulation/install/ros2_control_demo_example_3/lib:/home/hibiki/Robomech_HR/Eglantyne/simulation/install/ros2_control_demo_example_2/lib:/home/hibiki/Robomech_HR/Eglantyne/simulation/install/ros2_control_demo_example_14/lib:/home/hibiki/Robomech_HR/Eglantyne/simulation/install/ros2_control_demo_example_12/lib:/home/hibiki/Robomech_HR/Eglantyne/simulation/install/ros2_control_demo_example_11/lib:/home/hibiki/Robomech_HR/Eglantyne/simulation/install/ros2_control_demo_example_10/lib:/home/hibiki/Robomech_HR/Eglantyne/simulation/install/ros2_control_demo_example_1/lib:/opt/ros/humble/opt/rviz_ogre_vendor/lib:/opt/ros/humble/lib/x86_64-linux-gnu:/opt/ros/humble/lib:/usr/lib/x86_64-linux-gnu/gazebo-11/plugins PATH=/home/hibiki/Robomech_HR/Eglantyne/simulation/install/champ_base/bin:/home/hibiki/Robomech_HR/Eglantyne/simulation/install/champ_gazebo/bin:/opt/ros/humble/bin:/home/hibiki/esp/esp-idf/components/espcoredump:/home/hibiki/esp/esp-idf/components/partition_table:/home/hibiki/esp/esp-idf/components/app_update:/home/hibiki/.espressif/tools/xtensa-esp-elf-gdb/14.2_20240403/xtensa-esp-elf-gdb/bin:/home/hibiki/.espressif/tools/riscv32-esp-elf-gdb/14.2_20240403/riscv32-esp-elf-gdb/bin:/home/hibiki/.espressif/tools/xtensa-esp-elf/esp-13.2.0_20240305/xtensa-esp-elf/bin:/home/hibiki/.espressif/tools/riscv32-esp-elf/esp-13.2.0_20240305/riscv32-esp-elf/bin:/home/hibiki/.espressif/tools/esp32ulp-elf/2.38_20240113/esp32ulp-elf/bin:/home/hibiki/.espressif/tools/openocd-esp32/v0.12.0-esp32-20240318/openocd-esp32/bin:/home/hibiki/.espressif/tools/xtensa-esp-elf-gdb/14.2_20240403/xtensa-esp-elf-gdb/bin:/home/hibiki/.espressif/tools/riscv32-esp-elf-gdb/14.2_20240403/riscv32-esp-elf-gdb/bin:/home/hibiki/.espressif/tools/xtensa-esp-elf/esp-13.2.0_20240305/xtensa-esp-elf/bin:/home/hibiki/.espressif/tools/riscv32-esp-elf/esp-13.2.0_20240305/riscv32-esp-elf/bin:/home/hibiki/.espressif/tools/esp32ulp-elf/2.38_20240113/esp32ulp-elf/bin:/home/hibiki/.espressif/tools/openocd-esp32/v0.12.0-esp32-20240318/openocd-esp32/bin:/home/hibiki/.espressif/python_env/idf5.4_py3.10_env/bin:/home/hibiki/esp/esp-idf/tools:/usr/bin/:/home/hibiki/.local/bin:/usr/local/sbin:/usr/local/bin:/usr/sbin:/usr/bin:/sbin:/bin:/usr/games:/usr/local/games:/snap/bin:/snap/bin:/usr/lib/jvm/java-17-openjdk-amd64/bin PYTHONPATH=/home/hibiki/Robomech_HR/Eglantyne/simulation/install/champ_msgs/lib/python3.10/site-packages:/home/hibiki/Robomech_HR/Eglantyne/simulation/install/simple_sim/lib/python3.10/site-packages:/home/hibiki/Robomech_HR/Eglantyne/simulation/install/ros2_control_demo_testing/lib/python3.10/site-packages:/home/hibiki/Robomech_HR/Eglantyne/simulation/install/champ_bringup/lib/python3.10/site-packages:/opt/ros/humble/lib/python3.10/site-packages:/opt/ros/humble/local/lib/python3.10/dist-packages /usr/bin/cmake --install /home/hibiki/Robomech_HR/Eglantyne/simulation/build/champ_bringup
[1.602s] Level 1:colcon.colcon_core.environment:create_environment_scripts_only(champ_bringup)
[1.602s] Level 1:colcon.colcon_core.environment:checking '/home/hibiki/Robomech_HR/Eglantyne/simulation/install/champ_bringup' for CMake module files
[1.602s] DEBUG:colcon.colcon_core.event_handler.log_command:Invoked command in '/home/hibiki/Robomech_HR/Eglantyne/simulation/build/champ_bringup' returned '0': CMAKE_PREFIX_PATH=/home/hibiki/Robomech_HR/Eglantyne/simulation/install/champ_base:/home/hibiki/Robomech_HR/Eglantyne/simulation/install/champ_msgs:/home/hibiki/Robomech_HR/Eglantyne/simulation/install/champ_description:/home/hibiki/Robomech_HR/Eglantyne/simulation/install/ros2_control_demo_testing:/opt/ros/humble:/home/hibiki/Robomech_HR/Eglantyne/simulation/install/champ:/home/hibiki/Robomech_HR/Eglantyne/simulation/install/simple_sim:/home/hibiki/Robomech_HR/Eglantyne/simulation/install/ros2_control_demos:/home/hibiki/Robomech_HR/Eglantyne/simulation/install/ros2_control_demo_example_9:/home/hibiki/Robomech_HR/Eglantyne/simulation/install/ros2_control_demo_example_8:/home/hibiki/Robomech_HR/Eglantyne/simulation/install/ros2_control_demo_example_7:/home/hibiki/Robomech_HR/Eglantyne/simulation/install/ros2_control_demo_example_6:/home/hibiki/Robomech_HR/Eglantyne/simulation/install/ros2_control_demo_example_15:/home/hibiki/Robomech_HR/Eglantyne/simulation/install/ros2_control_demo_example_5:/home/hibiki/Robomech_HR/Eglantyne/simulation/install/ros2_control_demo_example_4:/home/hibiki/Robomech_HR/Eglantyne/simulation/install/ros2_control_demo_example_3:/home/hibiki/Robomech_HR/Eglantyne/simulation/install/ros2_control_demo_example_2:/home/hibiki/Robomech_HR/Eglantyne/simulation/install/ros2_control_demo_example_14:/home/hibiki/Robomech_HR/Eglantyne/simulation/install/ros2_control_demo_example_12:/home/hibiki/Robomech_HR/Eglantyne/simulation/install/ros2_control_demo_example_11:/home/hibiki/Robomech_HR/Eglantyne/simulation/install/ros2_control_demo_example_10:/home/hibiki/Robomech_HR/Eglantyne/simulation/install/ros2_control_demo_example_1:/home/hibiki/Robomech_HR/Eglantyne/simulation/install/ros2_control_demo_description:/home/hibiki/Robomech_HR/Eglantyne/simulation/install/gazebo_ros2_control_demos:/home/hibiki/Robomech_HR/Eglantyne/simulation/install/champ_teleop:/home/hibiki/Robomech_HR/Eglantyne/simulation/install/champ_navigation:/home/hibiki/Robomech_HR/Eglantyne/simulation/install/champ_gazebo:/home/hibiki/Robomech_HR/Eglantyne/simulation/install/champ_bringup:/home/hibiki/Robomech_HR/Eglantyne/simulation/install/champ_config:/home/hibiki/Robomech_HR/Eglantyne/microros/ros2_pub_test/install/vel_pub LD_LIBRARY_PATH=/home/hibiki/Robomech_HR/Eglantyne/simulation/install/champ_base/lib:/home/hibiki/Robomech_HR/Eglantyne/simulation/install/champ_msgs/lib:/home/hibiki/Robomech_HR/Eglantyne/simulation/install/simple_sim/lib:/home/hibiki/Robomech_HR/Eglantyne/simulation/install/ros2_control_demo_example_9/lib:/home/hibiki/Robomech_HR/Eglantyne/simulation/install/ros2_control_demo_example_8/lib:/home/hibiki/Robomech_HR/Eglantyne/simulation/install/ros2_control_demo_example_7/lib:/home/hibiki/Robomech_HR/Eglantyne/simulation/install/ros2_control_demo_example_6/lib:/home/hibiki/Robomech_HR/Eglantyne/simulation/install/ros2_control_demo_example_5/lib:/home/hibiki/Robomech_HR/Eglantyne/simulation/install/ros2_control_demo_example_4/lib:/home/hibiki/Robomech_HR/Eglantyne/simulation/install/ros2_control_demo_example_3/lib:/home/hibiki/Robomech_HR/Eglantyne/simulation/install/ros2_control_demo_example_2/lib:/home/hibiki/Robomech_HR/Eglantyne/simulation/install/ros2_control_demo_example_14/lib:/home/hibiki/Robomech_HR/Eglantyne/simulation/install/ros2_control_demo_example_12/lib:/home/hibiki/Robomech_HR/Eglantyne/simulation/install/ros2_control_demo_example_11/lib:/home/hibiki/Robomech_HR/Eglantyne/simulation/install/ros2_control_demo_example_10/lib:/home/hibiki/Robomech_HR/Eglantyne/simulation/install/ros2_control_demo_example_1/lib:/opt/ros/humble/opt/rviz_ogre_vendor/lib:/opt/ros/humble/lib/x86_64-linux-gnu:/opt/ros/humble/lib:/usr/lib/x86_64-linux-gnu/gazebo-11/plugins PATH=/home/hibiki/Robomech_HR/Eglantyne/simulation/install/champ_base/bin:/home/hibiki/Robomech_HR/Eglantyne/simulation/install/champ_gazebo/bin:/opt/ros/humble/bin:/home/hibiki/esp/esp-idf/components/espcoredump:/home/hibiki/esp/esp-idf/components/partition_table:/home/hibiki/esp/esp-idf/components/app_update:/home/hibiki/.espressif/tools/xtensa-esp-elf-gdb/14.2_20240403/xtensa-esp-elf-gdb/bin:/home/hibiki/.espressif/tools/riscv32-esp-elf-gdb/14.2_20240403/riscv32-esp-elf-gdb/bin:/home/hibiki/.espressif/tools/xtensa-esp-elf/esp-13.2.0_20240305/xtensa-esp-elf/bin:/home/hibiki/.espressif/tools/riscv32-esp-elf/esp-13.2.0_20240305/riscv32-esp-elf/bin:/home/hibiki/.espressif/tools/esp32ulp-elf/2.38_20240113/esp32ulp-elf/bin:/home/hibiki/.espressif/tools/openocd-esp32/v0.12.0-esp32-20240318/openocd-esp32/bin:/home/hibiki/.espressif/tools/xtensa-esp-elf-gdb/14.2_20240403/xtensa-esp-elf-gdb/bin:/home/hibiki/.espressif/tools/riscv32-esp-elf-gdb/14.2_20240403/riscv32-esp-elf-gdb/bin:/home/hibiki/.espressif/tools/xtensa-esp-elf/esp-13.2.0_20240305/xtensa-esp-elf/bin:/home/hibiki/.espressif/tools/riscv32-esp-elf/esp-13.2.0_20240305/riscv32-esp-elf/bin:/home/hibiki/.espressif/tools/esp32ulp-elf/2.38_20240113/esp32ulp-elf/bin:/home/hibiki/.espressif/tools/openocd-esp32/v0.12.0-esp32-20240318/openocd-esp32/bin:/home/hibiki/.espressif/python_env/idf5.4_py3.10_env/bin:/home/hibiki/esp/esp-idf/tools:/usr/bin/:/home/hibiki/.local/bin:/usr/local/sbin:/usr/local/bin:/usr/sbin:/usr/bin:/sbin:/bin:/usr/games:/usr/local/games:/snap/bin:/snap/bin:/usr/lib/jvm/java-17-openjdk-amd64/bin PYTHONPATH=/home/hibiki/Robomech_HR/Eglantyne/simulation/install/champ_msgs/lib/python3.10/site-packages:/home/hibiki/Robomech_HR/Eglantyne/simulation/install/simple_sim/lib/python3.10/site-packages:/home/hibiki/Robomech_HR/Eglantyne/simulation/install/ros2_control_demo_testing/lib/python3.10/site-packages:/home/hibiki/Robomech_HR/Eglantyne/simulation/install/champ_bringup/lib/python3.10/site-packages:/opt/ros/humble/lib/python3.10/site-packages:/opt/ros/humble/local/lib/python3.10/dist-packages /usr/bin/cmake --install /home/hibiki/Robomech_HR/Eglantyne/simulation/build/champ_bringup
[1.603s] Level 1:colcon.colcon_core.environment:checking '/home/hibiki/Robomech_HR/Eglantyne/simulation/install/champ_bringup' for CMake config files
[1.603s] Level 1:colcon.colcon_core.shell:create_environment_hook('champ_bringup', 'cmake_prefix_path')
[1.603s] INFO:colcon.colcon_core.shell:Creating environment hook '/home/hibiki/Robomech_HR/Eglantyne/simulation/install/champ_bringup/share/champ_bringup/hook/cmake_prefix_path.ps1'
[1.603s] INFO:colcon.colcon_core.shell:Creating environment descriptor '/home/hibiki/Robomech_HR/Eglantyne/simulation/install/champ_bringup/share/champ_bringup/hook/cmake_prefix_path.dsv'
[1.603s] INFO:colcon.colcon_core.shell:Creating environment hook '/home/hibiki/Robomech_HR/Eglantyne/simulation/install/champ_bringup/share/champ_bringup/hook/cmake_prefix_path.sh'
[1.604s] Level 1:colcon.colcon_core.environment:checking '/home/hibiki/Robomech_HR/Eglantyne/simulation/install/champ_bringup/lib'
[1.604s] Level 1:colcon.colcon_core.environment:checking '/home/hibiki/Robomech_HR/Eglantyne/simulation/install/champ_bringup/bin'
[1.604s] Level 1:colcon.colcon_core.environment:checking '/home/hibiki/Robomech_HR/Eglantyne/simulation/install/champ_bringup/lib/pkgconfig/champ_bringup.pc'
[1.604s] Level 1:colcon.colcon_core.environment:checking '/home/hibiki/Robomech_HR/Eglantyne/simulation/install/champ_bringup/lib/python3.10/site-packages'
[1.604s] Level 1:colcon.colcon_core.shell:create_environment_hook('champ_bringup', 'pythonpath')
[1.604s] INFO:colcon.colcon_core.shell:Creating environment hook '/home/hibiki/Robomech_HR/Eglantyne/simulation/install/champ_bringup/share/champ_bringup/hook/pythonpath.ps1'
[1.604s] INFO:colcon.colcon_core.shell:Creating environment descriptor '/home/hibiki/Robomech_HR/Eglantyne/simulation/install/champ_bringup/share/champ_bringup/hook/pythonpath.dsv'
[1.604s] INFO:colcon.colcon_core.shell:Creating environment hook '/home/hibiki/Robomech_HR/Eglantyne/simulation/install/champ_bringup/share/champ_bringup/hook/pythonpath.sh'
[1.605s] Level 1:colcon.colcon_core.environment:checking '/home/hibiki/Robomech_HR/Eglantyne/simulation/install/champ_bringup/bin'
[1.605s] INFO:colcon.colcon_core.shell:Creating package script '/home/hibiki/Robomech_HR/Eglantyne/simulation/install/champ_bringup/share/champ_bringup/package.ps1'
[1.605s] INFO:colcon.colcon_core.shell:Creating package descriptor '/home/hibiki/Robomech_HR/Eglantyne/simulation/install/champ_bringup/share/champ_bringup/package.dsv'
[1.605s] INFO:colcon.colcon_core.shell:Creating package script '/home/hibiki/Robomech_HR/Eglantyne/simulation/install/champ_bringup/share/champ_bringup/package.sh'
[1.605s] INFO:colcon.colcon_core.shell:Creating package script '/home/hibiki/Robomech_HR/Eglantyne/simulation/install/champ_bringup/share/champ_bringup/package.bash'
[1.606s] INFO:colcon.colcon_core.shell:Creating package script '/home/hibiki/Robomech_HR/Eglantyne/simulation/install/champ_bringup/share/champ_bringup/package.zsh'
[1.606s] Level 1:colcon.colcon_core.environment:create_file_with_runtime_dependencies(/home/hibiki/Robomech_HR/Eglantyne/simulation/install/champ_bringup/share/colcon-core/packages/champ_bringup)
[1.626s] Level 1:colcon.colcon_core.environment:create_environment_scripts_only(champ_bringup)
[1.626s] Level 1:colcon.colcon_core.environment:checking '/home/hibiki/Robomech_HR/Eglantyne/simulation/install/champ_bringup' for CMake module files
[1.626s] Level 1:colcon.colcon_core.environment:checking '/home/hibiki/Robomech_HR/Eglantyne/simulation/install/champ_bringup' for CMake config files
[1.626s] Level 1:colcon.colcon_core.shell:create_environment_hook('champ_bringup', 'cmake_prefix_path')
[1.626s] INFO:colcon.colcon_core.shell:Creating environment hook '/home/hibiki/Robomech_HR/Eglantyne/simulation/install/champ_bringup/share/champ_bringup/hook/cmake_prefix_path.ps1'
[1.626s] INFO:colcon.colcon_core.shell:Creating environment descriptor '/home/hibiki/Robomech_HR/Eglantyne/simulation/install/champ_bringup/share/champ_bringup/hook/cmake_prefix_path.dsv'
[1.627s] INFO:colcon.colcon_core.shell:Creating environment hook '/home/hibiki/Robomech_HR/Eglantyne/simulation/install/champ_bringup/share/champ_bringup/hook/cmake_prefix_path.sh'
[1.627s] Level 1:colcon.colcon_core.environment:checking '/home/hibiki/Robomech_HR/Eglantyne/simulation/install/champ_bringup/lib'
[1.627s] Level 1:colcon.colcon_core.environment:checking '/home/hibiki/Robomech_HR/Eglantyne/simulation/install/champ_bringup/bin'
[1.627s] Level 1:colcon.colcon_core.environment:checking '/home/hibiki/Robomech_HR/Eglantyne/simulation/install/champ_bringup/lib/pkgconfig/champ_bringup.pc'
[1.627s] Level 1:colcon.colcon_core.environment:checking '/home/hibiki/Robomech_HR/Eglantyne/simulation/install/champ_bringup/lib/python3.10/site-packages'
[1.627s] Level 1:colcon.colcon_core.shell:create_environment_hook('champ_bringup', 'pythonpath')
[1.627s] INFO:colcon.colcon_core.shell:Creating environment hook '/home/hibiki/Robomech_HR/Eglantyne/simulation/install/champ_bringup/share/champ_bringup/hook/pythonpath.ps1'
[1.628s] INFO:colcon.colcon_core.shell:Creating environment descriptor '/home/hibiki/Robomech_HR/Eglantyne/simulation/install/champ_bringup/share/champ_bringup/hook/pythonpath.dsv'
[1.628s] INFO:colcon.colcon_core.shell:Creating environment hook '/home/hibiki/Robomech_HR/Eglantyne/simulation/install/champ_bringup/share/champ_bringup/hook/pythonpath.sh'
[1.628s] Level 1:colcon.colcon_core.environment:checking '/home/hibiki/Robomech_HR/Eglantyne/simulation/install/champ_bringup/bin'
[1.628s] INFO:colcon.colcon_core.shell:Creating package script '/home/hibiki/Robomech_HR/Eglantyne/simulation/install/champ_bringup/share/champ_bringup/package.ps1'
[1.628s] INFO:colcon.colcon_core.shell:Creating package descriptor '/home/hibiki/Robomech_HR/Eglantyne/simulation/install/champ_bringup/share/champ_bringup/package.dsv'
[1.629s] INFO:colcon.colcon_core.shell:Creating package script '/home/hibiki/Robomech_HR/Eglantyne/simulation/install/champ_bringup/share/champ_bringup/package.sh'
[1.629s] INFO:colcon.colcon_core.shell:Creating package script '/home/hibiki/Robomech_HR/Eglantyne/simulation/install/champ_bringup/share/champ_bringup/package.bash'
[1.629s] INFO:colcon.colcon_core.shell:Creating package script '/home/hibiki/Robomech_HR/Eglantyne/simulation/install/champ_bringup/share/champ_bringup/package.zsh'
[1.629s] Level 1:colcon.colcon_core.environment:create_file_with_runtime_dependencies(/home/hibiki/Robomech_HR/Eglantyne/simulation/install/champ_bringup/share/colcon-core/packages/champ_bringup)
[2.941s] DEBUG:colcon.colcon_core.event_handler.log_command:Invoked command in '/home/hibiki/Robomech_HR/Eglantyne/simulation/build/simple_sim' returned '0': CMAKE_PREFIX_PATH=/home/hibiki/Robomech_HR/Eglantyne/simulation/install/simple_sim:/home/hibiki/Robomech_HR/Eglantyne/simulation/install/ros2_control_demos:/home/hibiki/Robomech_HR/Eglantyne/simulation/install/ros2_control_demo_example_9:/home/hibiki/Robomech_HR/Eglantyne/simulation/install/ros2_control_demo_example_8:/home/hibiki/Robomech_HR/Eglantyne/simulation/install/ros2_control_demo_example_7:/home/hibiki/Robomech_HR/Eglantyne/simulation/install/ros2_control_demo_example_6:/home/hibiki/Robomech_HR/Eglantyne/simulation/install/ros2_control_demo_example_15:/home/hibiki/Robomech_HR/Eglantyne/simulation/install/ros2_control_demo_example_5:/home/hibiki/Robomech_HR/Eglantyne/simulation/install/ros2_control_demo_example_4:/home/hibiki/Robomech_HR/Eglantyne/simulation/install/ros2_control_demo_example_3:/home/hibiki/Robomech_HR/Eglantyne/simulation/install/ros2_control_demo_example_2:/home/hibiki/Robomech_HR/Eglantyne/simulation/install/ros2_control_demo_example_14:/home/hibiki/Robomech_HR/Eglantyne/simulation/install/ros2_control_demo_example_12:/home/hibiki/Robomech_HR/Eglantyne/simulation/install/ros2_control_demo_example_11:/home/hibiki/Robomech_HR/Eglantyne/simulation/install/ros2_control_demo_example_10:/home/hibiki/Robomech_HR/Eglantyne/simulation/install/ros2_control_demo_example_1:/home/hibiki/Robomech_HR/Eglantyne/simulation/install/ros2_control_demo_description:/home/hibiki/Robomech_HR/Eglantyne/simulation/install/gazebo_ros2_control_demos:/home/hibiki/Robomech_HR/Eglantyne/simulation/install/champ_teleop:/home/hibiki/Robomech_HR/Eglantyne/simulation/install/champ_navigation:/home/hibiki/Robomech_HR/Eglantyne/simulation/install/champ_gazebo:/home/hibiki/Robomech_HR/Eglantyne/simulation/install/champ_bringup:/home/hibiki/Robomech_HR/Eglantyne/simulation/install/champ_base:/home/hibiki/Robomech_HR/Eglantyne/simulation/install/champ_msgs:/home/hibiki/Robomech_HR/Eglantyne/simulation/install/champ_description:/home/hibiki/Robomech_HR/Eglantyne/simulation/install/champ_config:/home/hibiki/Robomech_HR/Eglantyne/simulation/install/ros2_control_demo_testing:/opt/ros/humble:/home/hibiki/Robomech_HR/Eglantyne/simulation/install/champ:/home/hibiki/Robomech_HR/Eglantyne/microros/ros2_pub_test/install/vel_pub /usr/bin/cmake --build /home/hibiki/Robomech_HR/Eglantyne/simulation/build/simple_sim -- -j16 -l16
[2.979s] DEBUG:colcon.colcon_core.event_handler.log_command:Invoking command in '/home/hibiki/Robomech_HR/Eglantyne/simulation/build/simple_sim': CMAKE_PREFIX_PATH=/home/hibiki/Robomech_HR/Eglantyne/simulation/install/simple_sim:/home/hibiki/Robomech_HR/Eglantyne/simulation/install/ros2_control_demos:/home/hibiki/Robomech_HR/Eglantyne/simulation/install/ros2_control_demo_example_9:/home/hibiki/Robomech_HR/Eglantyne/simulation/install/ros2_control_demo_example_8:/home/hibiki/Robomech_HR/Eglantyne/simulation/install/ros2_control_demo_example_7:/home/hibiki/Robomech_HR/Eglantyne/simulation/install/ros2_control_demo_example_6:/home/hibiki/Robomech_HR/Eglantyne/simulation/install/ros2_control_demo_example_15:/home/hibiki/Robomech_HR/Eglantyne/simulation/install/ros2_control_demo_example_5:/home/hibiki/Robomech_HR/Eglantyne/simulation/install/ros2_control_demo_example_4:/home/hibiki/Robomech_HR/Eglantyne/simulation/install/ros2_control_demo_example_3:/home/hibiki/Robomech_HR/Eglantyne/simulation/install/ros2_control_demo_example_2:/home/hibiki/Robomech_HR/Eglantyne/simulation/install/ros2_control_demo_example_14:/home/hibiki/Robomech_HR/Eglantyne/simulation/install/ros2_control_demo_example_12:/home/hibiki/Robomech_HR/Eglantyne/simulation/install/ros2_control_demo_example_11:/home/hibiki/Robomech_HR/Eglantyne/simulation/install/ros2_control_demo_example_10:/home/hibiki/Robomech_HR/Eglantyne/simulation/install/ros2_control_demo_example_1:/home/hibiki/Robomech_HR/Eglantyne/simulation/install/ros2_control_demo_description:/home/hibiki/Robomech_HR/Eglantyne/simulation/install/gazebo_ros2_control_demos:/home/hibiki/Robomech_HR/Eglantyne/simulation/install/champ_teleop:/home/hibiki/Robomech_HR/Eglantyne/simulation/install/champ_navigation:/home/hibiki/Robomech_HR/Eglantyne/simulation/install/champ_gazebo:/home/hibiki/Robomech_HR/Eglantyne/simulation/install/champ_bringup:/home/hibiki/Robomech_HR/Eglantyne/simulation/install/champ_base:/home/hibiki/Robomech_HR/Eglantyne/simulation/install/champ_msgs:/home/hibiki/Robomech_HR/Eglantyne/simulation/install/champ_description:/home/hibiki/Robomech_HR/Eglantyne/simulation/install/champ_config:/home/hibiki/Robomech_HR/Eglantyne/simulation/install/ros2_control_demo_testing:/opt/ros/humble:/home/hibiki/Robomech_HR/Eglantyne/simulation/install/champ:/home/hibiki/Robomech_HR/Eglantyne/microros/ros2_pub_test/install/vel_pub /usr/bin/cmake --install /home/hibiki/Robomech_HR/Eglantyne/simulation/build/simple_sim
[2.984s] Level 1:colcon.colcon_core.environment:create_environment_scripts_only(simple_sim)
[2.984s] Level 1:colcon.colcon_core.environment:checking '/home/hibiki/Robomech_HR/Eglantyne/simulation/install/simple_sim' for CMake module files
[2.984s] DEBUG:colcon.colcon_core.event_handler.log_command:Invoked command in '/home/hibiki/Robomech_HR/Eglantyne/simulation/build/simple_sim' returned '0': CMAKE_PREFIX_PATH=/home/hibiki/Robomech_HR/Eglantyne/simulation/install/simple_sim:/home/hibiki/Robomech_HR/Eglantyne/simulation/install/ros2_control_demos:/home/hibiki/Robomech_HR/Eglantyne/simulation/install/ros2_control_demo_example_9:/home/hibiki/Robomech_HR/Eglantyne/simulation/install/ros2_control_demo_example_8:/home/hibiki/Robomech_HR/Eglantyne/simulation/install/ros2_control_demo_example_7:/home/hibiki/Robomech_HR/Eglantyne/simulation/install/ros2_control_demo_example_6:/home/hibiki/Robomech_HR/Eglantyne/simulation/install/ros2_control_demo_example_15:/home/hibiki/Robomech_HR/Eglantyne/simulation/install/ros2_control_demo_example_5:/home/hibiki/Robomech_HR/Eglantyne/simulation/install/ros2_control_demo_example_4:/home/hibiki/Robomech_HR/Eglantyne/simulation/install/ros2_control_demo_example_3:/home/hibiki/Robomech_HR/Eglantyne/simulation/install/ros2_control_demo_example_2:/home/hibiki/Robomech_HR/Eglantyne/simulation/install/ros2_control_demo_example_14:/home/hibiki/Robomech_HR/Eglantyne/simulation/install/ros2_control_demo_example_12:/home/hibiki/Robomech_HR/Eglantyne/simulation/install/ros2_control_demo_example_11:/home/hibiki/Robomech_HR/Eglantyne/simulation/install/ros2_control_demo_example_10:/home/hibiki/Robomech_HR/Eglantyne/simulation/install/ros2_control_demo_example_1:/home/hibiki/Robomech_HR/Eglantyne/simulation/install/ros2_control_demo_description:/home/hibiki/Robomech_HR/Eglantyne/simulation/install/gazebo_ros2_control_demos:/home/hibiki/Robomech_HR/Eglantyne/simulation/install/champ_teleop:/home/hibiki/Robomech_HR/Eglantyne/simulation/install/champ_navigation:/home/hibiki/Robomech_HR/Eglantyne/simulation/install/champ_gazebo:/home/hibiki/Robomech_HR/Eglantyne/simulation/install/champ_bringup:/home/hibiki/Robomech_HR/Eglantyne/simulation/install/champ_base:/home/hibiki/Robomech_HR/Eglantyne/simulation/install/champ_msgs:/home/hibiki/Robomech_HR/Eglantyne/simulation/install/champ_description:/home/hibiki/Robomech_HR/Eglantyne/simulation/install/champ_config:/home/hibiki/Robomech_HR/Eglantyne/simulation/install/ros2_control_demo_testing:/opt/ros/humble:/home/hibiki/Robomech_HR/Eglantyne/simulation/install/champ:/home/hibiki/Robomech_HR/Eglantyne/microros/ros2_pub_test/install/vel_pub /usr/bin/cmake --install /home/hibiki/Robomech_HR/Eglantyne/simulation/build/simple_sim
[2.984s] Level 1:colcon.colcon_core.environment:checking '/home/hibiki/Robomech_HR/Eglantyne/simulation/install/simple_sim' for CMake config files
[2.985s] Level 1:colcon.colcon_core.shell:create_environment_hook('simple_sim', 'cmake_prefix_path')
[2.985s] INFO:colcon.colcon_core.shell:Creating environment hook '/home/hibiki/Robomech_HR/Eglantyne/simulation/install/simple_sim/share/simple_sim/hook/cmake_prefix_path.ps1'
[2.985s] INFO:colcon.colcon_core.shell:Creating environment descriptor '/home/hibiki/Robomech_HR/Eglantyne/simulation/install/simple_sim/share/simple_sim/hook/cmake_prefix_path.dsv'
[2.985s] INFO:colcon.colcon_core.shell:Creating environment hook '/home/hibiki/Robomech_HR/Eglantyne/simulation/install/simple_sim/share/simple_sim/hook/cmake_prefix_path.sh'
[2.986s] Level 1:colcon.colcon_core.environment:checking '/home/hibiki/Robomech_HR/Eglantyne/simulation/install/simple_sim/lib'
[2.986s] Level 1:colcon.colcon_core.shell:create_environment_hook('simple_sim', 'ld_library_path_lib')
[2.986s] INFO:colcon.colcon_core.shell:Creating environment hook '/home/hibiki/Robomech_HR/Eglantyne/simulation/install/simple_sim/share/simple_sim/hook/ld_library_path_lib.ps1'
[2.986s] INFO:colcon.colcon_core.shell:Creating environment descriptor '/home/hibiki/Robomech_HR/Eglantyne/simulation/install/simple_sim/share/simple_sim/hook/ld_library_path_lib.dsv'
[2.986s] INFO:colcon.colcon_core.shell:Creating environment hook '/home/hibiki/Robomech_HR/Eglantyne/simulation/install/simple_sim/share/simple_sim/hook/ld_library_path_lib.sh'
[2.986s] Level 1:colcon.colcon_core.environment:checking '/home/hibiki/Robomech_HR/Eglantyne/simulation/install/simple_sim/bin'
[2.986s] Level 1:colcon.colcon_core.environment:checking '/home/hibiki/Robomech_HR/Eglantyne/simulation/install/simple_sim/lib/pkgconfig/simple_sim.pc'
[2.986s] Level 1:colcon.colcon_core.environment:checking '/home/hibiki/Robomech_HR/Eglantyne/simulation/install/simple_sim/lib/python3.10/site-packages'
[2.987s] Level 1:colcon.colcon_core.shell:create_environment_hook('simple_sim', 'pythonpath')
[2.987s] INFO:colcon.colcon_core.shell:Creating environment hook '/home/hibiki/Robomech_HR/Eglantyne/simulation/install/simple_sim/share/simple_sim/hook/pythonpath.ps1'
[2.987s] INFO:colcon.colcon_core.shell:Creating environment descriptor '/home/hibiki/Robomech_HR/Eglantyne/simulation/install/simple_sim/share/simple_sim/hook/pythonpath.dsv'
[2.987s] INFO:colcon.colcon_core.shell:Creating environment hook '/home/hibiki/Robomech_HR/Eglantyne/simulation/install/simple_sim/share/simple_sim/hook/pythonpath.sh'
[2.987s] Level 1:colcon.colcon_core.environment:checking '/home/hibiki/Robomech_HR/Eglantyne/simulation/install/simple_sim/bin'
[2.988s] INFO:colcon.colcon_core.shell:Creating package script '/home/hibiki/Robomech_HR/Eglantyne/simulation/install/simple_sim/share/simple_sim/package.ps1'
[2.988s] INFO:colcon.colcon_core.shell:Creating package descriptor '/home/hibiki/Robomech_HR/Eglantyne/simulation/install/simple_sim/share/simple_sim/package.dsv'
[2.988s] INFO:colcon.colcon_core.shell:Creating package script '/home/hibiki/Robomech_HR/Eglantyne/simulation/install/simple_sim/share/simple_sim/package.sh'
[2.988s] INFO:colcon.colcon_core.shell:Creating package script '/home/hibiki/Robomech_HR/Eglantyne/simulation/install/simple_sim/share/simple_sim/package.bash'
[2.988s] INFO:colcon.colcon_core.shell:Creating package script '/home/hibiki/Robomech_HR/Eglantyne/simulation/install/simple_sim/share/simple_sim/package.zsh'
[2.989s] Level 1:colcon.colcon_core.environment:create_file_with_runtime_dependencies(/home/hibiki/Robomech_HR/Eglantyne/simulation/install/simple_sim/share/colcon-core/packages/simple_sim)
[3.030s] Level 1:colcon.colcon_core.environment:create_environment_scripts_only(simple_sim)
[3.030s] Level 1:colcon.colcon_core.environment:checking '/home/hibiki/Robomech_HR/Eglantyne/simulation/install/simple_sim' for CMake module files
[3.031s] Level 1:colcon.colcon_core.environment:checking '/home/hibiki/Robomech_HR/Eglantyne/simulation/install/simple_sim' for CMake config files
[3.031s] Level 1:colcon.colcon_core.shell:create_environment_hook('simple_sim', 'cmake_prefix_path')
[3.031s] INFO:colcon.colcon_core.shell:Creating environment hook '/home/hibiki/Robomech_HR/Eglantyne/simulation/install/simple_sim/share/simple_sim/hook/cmake_prefix_path.ps1'
[3.031s] INFO:colcon.colcon_core.shell:Creating environment descriptor '/home/hibiki/Robomech_HR/Eglantyne/simulation/install/simple_sim/share/simple_sim/hook/cmake_prefix_path.dsv'
[3.031s] INFO:colcon.colcon_core.shell:Creating environment hook '/home/hibiki/Robomech_HR/Eglantyne/simulation/install/simple_sim/share/simple_sim/hook/cmake_prefix_path.sh'
[3.032s] Level 1:colcon.colcon_core.environment:checking '/home/hibiki/Robomech_HR/Eglantyne/simulation/install/simple_sim/lib'
[3.032s] Level 1:colcon.colcon_core.shell:create_environment_hook('simple_sim', 'ld_library_path_lib')
[3.032s] INFO:colcon.colcon_core.shell:Creating environment hook '/home/hibiki/Robomech_HR/Eglantyne/simulation/install/simple_sim/share/simple_sim/hook/ld_library_path_lib.ps1'
[3.032s] INFO:colcon.colcon_core.shell:Creating environment descriptor '/home/hibiki/Robomech_HR/Eglantyne/simulation/install/simple_sim/share/simple_sim/hook/ld_library_path_lib.dsv'
[3.032s] INFO:colcon.colcon_core.shell:Creating environment hook '/home/hibiki/Robomech_HR/Eglantyne/simulation/install/simple_sim/share/simple_sim/hook/ld_library_path_lib.sh'
[3.032s] Level 1:colcon.colcon_core.environment:checking '/home/hibiki/Robomech_HR/Eglantyne/simulation/install/simple_sim/bin'
[3.032s] Level 1:colcon.colcon_core.environment:checking '/home/hibiki/Robomech_HR/Eglantyne/simulation/install/simple_sim/lib/pkgconfig/simple_sim.pc'
[3.032s] Level 1:colcon.colcon_core.environment:checking '/home/hibiki/Robomech_HR/Eglantyne/simulation/install/simple_sim/lib/python3.10/site-packages'
[3.032s] Level 1:colcon.colcon_core.shell:create_environment_hook('simple_sim', 'pythonpath')
[3.032s] INFO:colcon.colcon_core.shell:Creating environment hook '/home/hibiki/Robomech_HR/Eglantyne/simulation/install/simple_sim/share/simple_sim/hook/pythonpath.ps1'
[3.033s] INFO:colcon.colcon_core.shell:Creating environment descriptor '/home/hibiki/Robomech_HR/Eglantyne/simulation/install/simple_sim/share/simple_sim/hook/pythonpath.dsv'
[3.033s] INFO:colcon.colcon_core.shell:Creating environment hook '/home/hibiki/Robomech_HR/Eglantyne/simulation/install/simple_sim/share/simple_sim/hook/pythonpath.sh'
[3.033s] Level 1:colcon.colcon_core.environment:checking '/home/hibiki/Robomech_HR/Eglantyne/simulation/install/simple_sim/bin'
[3.033s] INFO:colcon.colcon_core.shell:Creating package script '/home/hibiki/Robomech_HR/Eglantyne/simulation/install/simple_sim/share/simple_sim/package.ps1'
[3.034s] INFO:colcon.colcon_core.shell:Creating package descriptor '/home/hibiki/Robomech_HR/Eglantyne/simulation/install/simple_sim/share/simple_sim/package.dsv'
[3.034s] INFO:colcon.colcon_core.shell:Creating package script '/home/hibiki/Robomech_HR/Eglantyne/simulation/install/simple_sim/share/simple_sim/package.sh'
[3.034s] INFO:colcon.colcon_core.shell:Creating package script '/home/hibiki/Robomech_HR/Eglantyne/simulation/install/simple_sim/share/simple_sim/package.bash'
[3.034s] INFO:colcon.colcon_core.shell:Creating package script '/home/hibiki/Robomech_HR/Eglantyne/simulation/install/simple_sim/share/simple_sim/package.zsh'
[3.035s] Level 1:colcon.colcon_core.environment:create_file_with_runtime_dependencies(/home/hibiki/Robomech_HR/Eglantyne/simulation/install/simple_sim/share/colcon-core/packages/simple_sim)
[3.035s] DEBUG:colcon.colcon_parallel_executor.executor.parallel:closing loop
[3.035s] DEBUG:colcon.colcon_parallel_executor.executor.parallel:loop closed
[3.035s] DEBUG:colcon.colcon_parallel_executor.executor.parallel:run_until_complete finished with '0'
[3.035s] DEBUG:colcon.colcon_core.event_reactor:joining thread
[3.037s] INFO:colcon.colcon_core.plugin_system:Skipping extension 'colcon_notification.desktop_notification.notify2': 'notify2' not found
[3.037s] INFO:colcon.colcon_core.plugin_system:Skipping extension 'colcon_notification.desktop_notification.terminal_notifier': Not used on non-Darwin systems
[3.037s] INFO:colcon.colcon_core.plugin_system:Skipping extension 'colcon_notification.desktop_notification.win32': Not used on non-Windows systems
[3.037s] INFO:colcon.colcon_notification.desktop_notification:Sending desktop notification using 'notify_send'
[3.052s] DEBUG:colcon.colcon_core.event_reactor:joined thread
[3.053s] INFO:colcon.colcon_core.shell:Creating prefix script '/home/hibiki/Robomech_HR/Eglantyne/simulation/install/local_setup.ps1'
[3.054s] INFO:colcon.colcon_core.shell:Creating prefix util module '/home/hibiki/Robomech_HR/Eglantyne/simulation/install/_local_setup_util_ps1.py'
[3.055s] INFO:colcon.colcon_core.shell:Creating prefix chain script '/home/hibiki/Robomech_HR/Eglantyne/simulation/install/setup.ps1'
[3.056s] INFO:colcon.colcon_core.shell:Creating prefix script '/home/hibiki/Robomech_HR/Eglantyne/simulation/install/local_setup.sh'
[3.057s] INFO:colcon.colcon_core.shell:Creating prefix util module '/home/hibiki/Robomech_HR/Eglantyne/simulation/install/_local_setup_util_sh.py'
[3.057s] INFO:colcon.colcon_core.shell:Creating prefix chain script '/home/hibiki/Robomech_HR/Eglantyne/simulation/install/setup.sh'
[3.058s] INFO:colcon.colcon_core.shell:Creating prefix script '/home/hibiki/Robomech_HR/Eglantyne/simulation/install/local_setup.bash'
[3.058s] INFO:colcon.colcon_core.shell:Creating prefix chain script '/home/hibiki/Robomech_HR/Eglantyne/simulation/install/setup.bash'
[3.059s] INFO:colcon.colcon_core.shell:Creating prefix script '/home/hibiki/Robomech_HR/Eglantyne/simulation/install/local_setup.zsh'
[3.059s] INFO:colcon.colcon_core.shell:Creating prefix chain script '/home/hibiki/Robomech_HR/Eglantyne/simulation/install/setup.zsh'
