[0.069s] DEBUG:colcon:Command line arguments: ['/home/hibiki/.espressif/python_env/idf5.4_py3.10_env/bin/colcon', 'build']
[0.069s] DEBUG:colcon:Parsed command line arguments: Namespace(log_base=None, log_level=None, verb_name='build', build_base='build', install_base='install', merge_install=False, symlink_install=False, test_result_base=None, continue_on_error=False, executor='parallel', parallel_workers=16, event_handlers=None, ignore_user_meta=False, metas=['./colcon.meta'], base_paths=['.'], packages_ignore=None, packages_ignore_regex=None, paths=None, packages_up_to=None, packages_up_to_regex=None, packages_above=None, packages_above_and_dependencies=None, packages_above_depth=None, packages_select_by_dep=None, packages_skip_by_dep=None, packages_skip_up_to=None, packages_select_build_failed=False, packages_skip_build_finished=False, packages_select_test_failures=False, packages_skip_test_passed=False, packages_select=None, packages_skip=None, packages_select_regex=None, packages_skip_regex=None, packages_start=None, packages_end=None, cmake_args=None, cmake_target=None, cmake_target_skip_unavailable=False, cmake_clean_cache=False, cmake_clean_first=False, cmake_force_configure=False, ament_cmake_args=None, catkin_cmake_args=None, catkin_skip_building_tests=False, verb_parser=<colcon_defaults.argument_parser.defaults.DefaultArgumentsDecorator object at 0x7df98ee9d5a0>, verb_extension=<colcon_core.verb.build.BuildVerb object at 0x7df98ee0ebc0>, main=<bound method BuildVerb.main of <colcon_core.verb.build.BuildVerb object at 0x7df98ee0ebc0>>)
[0.091s] Level 1:colcon.colcon_core.package_discovery:discover_packages(colcon_meta) check parameters
[0.091s] Level 1:colcon.colcon_core.package_discovery:discover_packages(recursive) check parameters
[0.091s] Level 1:colcon.colcon_core.package_discovery:discover_packages(ignore) check parameters
[0.091s] Level 1:colcon.colcon_core.package_discovery:discover_packages(path) check parameters
[0.091s] Level 1:colcon.colcon_core.package_discovery:discover_packages(colcon_meta) discover
[0.091s] Level 1:colcon.colcon_core.package_discovery:discover_packages(recursive) discover
[0.091s] INFO:colcon.colcon_core.package_discovery:Crawling recursively for packages in '/home/hibiki/Robomech_HR/Eglantyne/simulation'
[0.091s] Level 1:colcon.colcon_core.package_identification:_identify(.) by extensions ['ignore', 'ignore_ament_install']
[0.091s] Level 1:colcon.colcon_core.package_identification:_identify(.) by extension 'ignore'
[0.091s] Level 1:colcon.colcon_core.package_identification:_identify(.) by extension 'ignore_ament_install'
[0.091s] Level 1:colcon.colcon_core.package_identification:_identify(.) by extensions ['colcon_pkg']
[0.091s] Level 1:colcon.colcon_core.package_identification:_identify(.) by extension 'colcon_pkg'
[0.091s] Level 1:colcon.colcon_core.package_identification:_identify(.) by extensions ['colcon_meta']
[0.091s] Level 1:colcon.colcon_core.package_identification:_identify(.) by extension 'colcon_meta'
[0.091s] Level 1:colcon.colcon_core.package_identification:_identify(.) by extensions ['ros']
[0.091s] Level 1:colcon.colcon_core.package_identification:_identify(.) by extension 'ros'
[0.106s] Level 1:colcon.colcon_core.package_identification:_identify(.) by extensions ['cmake', 'python']
[0.106s] Level 1:colcon.colcon_core.package_identification:_identify(.) by extension 'cmake'
[0.106s] Level 1:colcon.colcon_core.package_identification:_identify(.) by extension 'python'
[0.106s] Level 1:colcon.colcon_core.package_identification:_identify(.) by extensions ['python_setup_py']
[0.106s] Level 1:colcon.colcon_core.package_identification:_identify(.) by extension 'python_setup_py'
[0.106s] Level 1:colcon.colcon_core.package_identification:_identify(build) by extensions ['ignore', 'ignore_ament_install']
[0.106s] Level 1:colcon.colcon_core.package_identification:_identify(build) by extension 'ignore'
[0.106s] Level 1:colcon.colcon_core.package_identification:_identify(build) ignored
[0.106s] Level 1:colcon.colcon_core.package_identification:_identify(install) by extensions ['ignore', 'ignore_ament_install']
[0.106s] Level 1:colcon.colcon_core.package_identification:_identify(install) by extension 'ignore'
[0.106s] Level 1:colcon.colcon_core.package_identification:_identify(install) ignored
[0.107s] Level 1:colcon.colcon_core.package_identification:_identify(log) by extensions ['ignore', 'ignore_ament_install']
[0.107s] Level 1:colcon.colcon_core.package_identification:_identify(log) by extension 'ignore'
[0.107s] Level 1:colcon.colcon_core.package_identification:_identify(log) ignored
[0.107s] Level 1:colcon.colcon_core.package_identification:_identify(src) by extensions ['ignore', 'ignore_ament_install']
[0.107s] Level 1:colcon.colcon_core.package_identification:_identify(src) by extension 'ignore'
[0.107s] Level 1:colcon.colcon_core.package_identification:_identify(src) by extension 'ignore_ament_install'
[0.107s] Level 1:colcon.colcon_core.package_identification:_identify(src) by extensions ['colcon_pkg']
[0.107s] Level 1:colcon.colcon_core.package_identification:_identify(src) by extension 'colcon_pkg'
[0.107s] Level 1:colcon.colcon_core.package_identification:_identify(src) by extensions ['colcon_meta']
[0.107s] Level 1:colcon.colcon_core.package_identification:_identify(src) by extension 'colcon_meta'
[0.107s] Level 1:colcon.colcon_core.package_identification:_identify(src) by extensions ['ros']
[0.107s] Level 1:colcon.colcon_core.package_identification:_identify(src) by extension 'ros'
[0.107s] Level 1:colcon.colcon_core.package_identification:_identify(src) by extensions ['cmake', 'python']
[0.107s] Level 1:colcon.colcon_core.package_identification:_identify(src) by extension 'cmake'
[0.107s] Level 1:colcon.colcon_core.package_identification:_identify(src) by extension 'python'
[0.107s] Level 1:colcon.colcon_core.package_identification:_identify(src) by extensions ['python_setup_py']
[0.107s] Level 1:colcon.colcon_core.package_identification:_identify(src) by extension 'python_setup_py'
[0.107s] Level 1:colcon.colcon_core.package_identification:_identify(src/champ) by extensions ['ignore', 'ignore_ament_install']
[0.107s] Level 1:colcon.colcon_core.package_identification:_identify(src/champ) by extension 'ignore'
[0.107s] Level 1:colcon.colcon_core.package_identification:_identify(src/champ) by extension 'ignore_ament_install'
[0.107s] Level 1:colcon.colcon_core.package_identification:_identify(src/champ) by extensions ['colcon_pkg']
[0.107s] Level 1:colcon.colcon_core.package_identification:_identify(src/champ) by extension 'colcon_pkg'
[0.107s] Level 1:colcon.colcon_core.package_identification:_identify(src/champ) by extensions ['colcon_meta']
[0.107s] Level 1:colcon.colcon_core.package_identification:_identify(src/champ) by extension 'colcon_meta'
[0.107s] Level 1:colcon.colcon_core.package_identification:_identify(src/champ) by extensions ['ros']
[0.107s] Level 1:colcon.colcon_core.package_identification:_identify(src/champ) by extension 'ros'
[0.107s] Level 1:colcon.colcon_core.package_identification:_identify(src/champ) by extensions ['cmake', 'python']
[0.107s] Level 1:colcon.colcon_core.package_identification:_identify(src/champ) by extension 'cmake'
[0.107s] Level 1:colcon.colcon_core.package_identification:_identify(src/champ) by extension 'python'
[0.107s] Level 1:colcon.colcon_core.package_identification:_identify(src/champ) by extensions ['python_setup_py']
[0.107s] Level 1:colcon.colcon_core.package_identification:_identify(src/champ) by extension 'python_setup_py'
[0.107s] Level 1:colcon.colcon_core.package_identification:_identify(src/champ/champ) by extensions ['ignore', 'ignore_ament_install']
[0.107s] Level 1:colcon.colcon_core.package_identification:_identify(src/champ/champ) by extension 'ignore'
[0.107s] Level 1:colcon.colcon_core.package_identification:_identify(src/champ/champ) by extension 'ignore_ament_install'
[0.107s] Level 1:colcon.colcon_core.package_identification:_identify(src/champ/champ) by extensions ['colcon_pkg']
[0.107s] Level 1:colcon.colcon_core.package_identification:_identify(src/champ/champ) by extension 'colcon_pkg'
[0.107s] Level 1:colcon.colcon_core.package_identification:_identify(src/champ/champ) by extensions ['colcon_meta']
[0.107s] Level 1:colcon.colcon_core.package_identification:_identify(src/champ/champ) by extension 'colcon_meta'
[0.107s] Level 1:colcon.colcon_core.package_identification:_identify(src/champ/champ) by extensions ['ros']
[0.107s] Level 1:colcon.colcon_core.package_identification:_identify(src/champ/champ) by extension 'ros'
[0.109s] DEBUG:colcon.colcon_core.package_identification:Package 'src/champ/champ' with type 'ros.ament_cmake' and name 'champ'
[0.109s] Level 1:colcon.colcon_core.package_identification:_identify(src/champ/champ_base) by extensions ['ignore', 'ignore_ament_install']
[0.109s] Level 1:colcon.colcon_core.package_identification:_identify(src/champ/champ_base) by extension 'ignore'
[0.109s] Level 1:colcon.colcon_core.package_identification:_identify(src/champ/champ_base) by extension 'ignore_ament_install'
[0.109s] Level 1:colcon.colcon_core.package_identification:_identify(src/champ/champ_base) by extensions ['colcon_pkg']
[0.109s] Level 1:colcon.colcon_core.package_identification:_identify(src/champ/champ_base) by extension 'colcon_pkg'
[0.109s] Level 1:colcon.colcon_core.package_identification:_identify(src/champ/champ_base) by extensions ['colcon_meta']
[0.109s] Level 1:colcon.colcon_core.package_identification:_identify(src/champ/champ_base) by extension 'colcon_meta'
[0.109s] Level 1:colcon.colcon_core.package_identification:_identify(src/champ/champ_base) by extensions ['ros']
[0.109s] Level 1:colcon.colcon_core.package_identification:_identify(src/champ/champ_base) by extension 'ros'
[0.110s] DEBUG:colcon.colcon_core.package_identification:Package 'src/champ/champ_base' with type 'ros.ament_cmake' and name 'champ_base'
[0.110s] Level 1:colcon.colcon_core.package_identification:_identify(src/champ/champ_bringup) by extensions ['ignore', 'ignore_ament_install']
[0.110s] Level 1:colcon.colcon_core.package_identification:_identify(src/champ/champ_bringup) by extension 'ignore'
[0.110s] Level 1:colcon.colcon_core.package_identification:_identify(src/champ/champ_bringup) by extension 'ignore_ament_install'
[0.110s] Level 1:colcon.colcon_core.package_identification:_identify(src/champ/champ_bringup) by extensions ['colcon_pkg']
[0.110s] Level 1:colcon.colcon_core.package_identification:_identify(src/champ/champ_bringup) by extension 'colcon_pkg'
[0.110s] Level 1:colcon.colcon_core.package_identification:_identify(src/champ/champ_bringup) by extensions ['colcon_meta']
[0.110s] Level 1:colcon.colcon_core.package_identification:_identify(src/champ/champ_bringup) by extension 'colcon_meta'
[0.110s] Level 1:colcon.colcon_core.package_identification:_identify(src/champ/champ_bringup) by extensions ['ros']
[0.110s] Level 1:colcon.colcon_core.package_identification:_identify(src/champ/champ_bringup) by extension 'ros'
[0.110s] DEBUG:colcon.colcon_core.package_identification:Package 'src/champ/champ_bringup' with type 'ros.ament_cmake' and name 'champ_bringup'
[0.110s] Level 1:colcon.colcon_core.package_identification:_identify(src/champ/champ_config) by extensions ['ignore', 'ignore_ament_install']
[0.110s] Level 1:colcon.colcon_core.package_identification:_identify(src/champ/champ_config) by extension 'ignore'
[0.110s] Level 1:colcon.colcon_core.package_identification:_identify(src/champ/champ_config) by extension 'ignore_ament_install'
[0.110s] Level 1:colcon.colcon_core.package_identification:_identify(src/champ/champ_config) by extensions ['colcon_pkg']
[0.110s] Level 1:colcon.colcon_core.package_identification:_identify(src/champ/champ_config) by extension 'colcon_pkg'
[0.110s] Level 1:colcon.colcon_core.package_identification:_identify(src/champ/champ_config) by extensions ['colcon_meta']
[0.110s] Level 1:colcon.colcon_core.package_identification:_identify(src/champ/champ_config) by extension 'colcon_meta'
[0.110s] Level 1:colcon.colcon_core.package_identification:_identify(src/champ/champ_config) by extensions ['ros']
[0.110s] Level 1:colcon.colcon_core.package_identification:_identify(src/champ/champ_config) by extension 'ros'
[0.111s] DEBUG:colcon.colcon_core.package_identification:Package 'src/champ/champ_config' with type 'ros.ament_cmake' and name 'champ_config'
[0.111s] Level 1:colcon.colcon_core.package_identification:_identify(src/champ/champ_description) by extensions ['ignore', 'ignore_ament_install']
[0.111s] Level 1:colcon.colcon_core.package_identification:_identify(src/champ/champ_description) by extension 'ignore'
[0.111s] Level 1:colcon.colcon_core.package_identification:_identify(src/champ/champ_description) by extension 'ignore_ament_install'
[0.111s] Level 1:colcon.colcon_core.package_identification:_identify(src/champ/champ_description) by extensions ['colcon_pkg']
[0.111s] Level 1:colcon.colcon_core.package_identification:_identify(src/champ/champ_description) by extension 'colcon_pkg'
[0.111s] Level 1:colcon.colcon_core.package_identification:_identify(src/champ/champ_description) by extensions ['colcon_meta']
[0.111s] Level 1:colcon.colcon_core.package_identification:_identify(src/champ/champ_description) by extension 'colcon_meta'
[0.111s] Level 1:colcon.colcon_core.package_identification:_identify(src/champ/champ_description) by extensions ['ros']
[0.111s] Level 1:colcon.colcon_core.package_identification:_identify(src/champ/champ_description) by extension 'ros'
[0.112s] DEBUG:colcon.colcon_core.package_identification:Package 'src/champ/champ_description' with type 'ros.ament_cmake' and name 'champ_description'
[0.112s] Level 1:colcon.colcon_core.package_identification:_identify(src/champ/champ_gazebo) by extensions ['ignore', 'ignore_ament_install']
[0.112s] Level 1:colcon.colcon_core.package_identification:_identify(src/champ/champ_gazebo) by extension 'ignore'
[0.112s] Level 1:colcon.colcon_core.package_identification:_identify(src/champ/champ_gazebo) by extension 'ignore_ament_install'
[0.112s] Level 1:colcon.colcon_core.package_identification:_identify(src/champ/champ_gazebo) by extensions ['colcon_pkg']
[0.112s] Level 1:colcon.colcon_core.package_identification:_identify(src/champ/champ_gazebo) by extension 'colcon_pkg'
[0.112s] Level 1:colcon.colcon_core.package_identification:_identify(src/champ/champ_gazebo) by extensions ['colcon_meta']
[0.112s] Level 1:colcon.colcon_core.package_identification:_identify(src/champ/champ_gazebo) by extension 'colcon_meta'
[0.112s] Level 1:colcon.colcon_core.package_identification:_identify(src/champ/champ_gazebo) by extensions ['ros']
[0.112s] Level 1:colcon.colcon_core.package_identification:_identify(src/champ/champ_gazebo) by extension 'ros'
[0.112s] DEBUG:colcon.colcon_core.package_identification:Package 'src/champ/champ_gazebo' with type 'ros.ament_cmake' and name 'champ_gazebo'
[0.112s] Level 1:colcon.colcon_core.package_identification:_identify(src/champ/champ_msgs) by extensions ['ignore', 'ignore_ament_install']
[0.112s] Level 1:colcon.colcon_core.package_identification:_identify(src/champ/champ_msgs) by extension 'ignore'
[0.112s] Level 1:colcon.colcon_core.package_identification:_identify(src/champ/champ_msgs) by extension 'ignore_ament_install'
[0.112s] Level 1:colcon.colcon_core.package_identification:_identify(src/champ/champ_msgs) by extensions ['colcon_pkg']
[0.112s] Level 1:colcon.colcon_core.package_identification:_identify(src/champ/champ_msgs) by extension 'colcon_pkg'
[0.112s] Level 1:colcon.colcon_core.package_identification:_identify(src/champ/champ_msgs) by extensions ['colcon_meta']
[0.112s] Level 1:colcon.colcon_core.package_identification:_identify(src/champ/champ_msgs) by extension 'colcon_meta'
[0.112s] Level 1:colcon.colcon_core.package_identification:_identify(src/champ/champ_msgs) by extensions ['ros']
[0.112s] Level 1:colcon.colcon_core.package_identification:_identify(src/champ/champ_msgs) by extension 'ros'
[0.113s] DEBUG:colcon.colcon_core.package_identification:Package 'src/champ/champ_msgs' with type 'ros.ament_cmake' and name 'champ_msgs'
[0.113s] Level 1:colcon.colcon_core.package_identification:_identify(src/champ/champ_navigation) by extensions ['ignore', 'ignore_ament_install']
[0.113s] Level 1:colcon.colcon_core.package_identification:_identify(src/champ/champ_navigation) by extension 'ignore'
[0.113s] Level 1:colcon.colcon_core.package_identification:_identify(src/champ/champ_navigation) by extension 'ignore_ament_install'
[0.113s] Level 1:colcon.colcon_core.package_identification:_identify(src/champ/champ_navigation) by extensions ['colcon_pkg']
[0.113s] Level 1:colcon.colcon_core.package_identification:_identify(src/champ/champ_navigation) by extension 'colcon_pkg'
[0.113s] Level 1:colcon.colcon_core.package_identification:_identify(src/champ/champ_navigation) by extensions ['colcon_meta']
[0.113s] Level 1:colcon.colcon_core.package_identification:_identify(src/champ/champ_navigation) by extension 'colcon_meta'
[0.113s] Level 1:colcon.colcon_core.package_identification:_identify(src/champ/champ_navigation) by extensions ['ros']
[0.113s] Level 1:colcon.colcon_core.package_identification:_identify(src/champ/champ_navigation) by extension 'ros'
[0.113s] DEBUG:colcon.colcon_core.package_identification:Package 'src/champ/champ_navigation' with type 'ros.ament_cmake' and name 'champ_navigation'
[0.113s] Level 1:colcon.colcon_core.package_identification:_identify(src/champ/docs) by extensions ['ignore', 'ignore_ament_install']
[0.113s] Level 1:colcon.colcon_core.package_identification:_identify(src/champ/docs) by extension 'ignore'
[0.113s] Level 1:colcon.colcon_core.package_identification:_identify(src/champ/docs) by extension 'ignore_ament_install'
[0.113s] Level 1:colcon.colcon_core.package_identification:_identify(src/champ/docs) by extensions ['colcon_pkg']
[0.113s] Level 1:colcon.colcon_core.package_identification:_identify(src/champ/docs) by extension 'colcon_pkg'
[0.113s] Level 1:colcon.colcon_core.package_identification:_identify(src/champ/docs) by extensions ['colcon_meta']
[0.113s] Level 1:colcon.colcon_core.package_identification:_identify(src/champ/docs) by extension 'colcon_meta'
[0.113s] Level 1:colcon.colcon_core.package_identification:_identify(src/champ/docs) by extensions ['ros']
[0.113s] Level 1:colcon.colcon_core.package_identification:_identify(src/champ/docs) by extension 'ros'
[0.114s] Level 1:colcon.colcon_core.package_identification:_identify(src/champ/docs) by extensions ['cmake', 'python']
[0.114s] Level 1:colcon.colcon_core.package_identification:_identify(src/champ/docs) by extension 'cmake'
[0.114s] Level 1:colcon.colcon_core.package_identification:_identify(src/champ/docs) by extension 'python'
[0.114s] Level 1:colcon.colcon_core.package_identification:_identify(src/champ/docs) by extensions ['python_setup_py']
[0.114s] Level 1:colcon.colcon_core.package_identification:_identify(src/champ/docs) by extension 'python_setup_py'
[0.114s] Level 1:colcon.colcon_core.package_identification:_identify(src/champ/docs/images) by extensions ['ignore', 'ignore_ament_install']
[0.114s] Level 1:colcon.colcon_core.package_identification:_identify(src/champ/docs/images) by extension 'ignore'
[0.114s] Level 1:colcon.colcon_core.package_identification:_identify(src/champ/docs/images) by extension 'ignore_ament_install'
[0.114s] Level 1:colcon.colcon_core.package_identification:_identify(src/champ/docs/images) by extensions ['colcon_pkg']
[0.114s] Level 1:colcon.colcon_core.package_identification:_identify(src/champ/docs/images) by extension 'colcon_pkg'
[0.114s] Level 1:colcon.colcon_core.package_identification:_identify(src/champ/docs/images) by extensions ['colcon_meta']
[0.114s] Level 1:colcon.colcon_core.package_identification:_identify(src/champ/docs/images) by extension 'colcon_meta'
[0.114s] Level 1:colcon.colcon_core.package_identification:_identify(src/champ/docs/images) by extensions ['ros']
[0.114s] Level 1:colcon.colcon_core.package_identification:_identify(src/champ/docs/images) by extension 'ros'
[0.114s] Level 1:colcon.colcon_core.package_identification:_identify(src/champ/docs/images) by extensions ['cmake', 'python']
[0.114s] Level 1:colcon.colcon_core.package_identification:_identify(src/champ/docs/images) by extension 'cmake'
[0.114s] Level 1:colcon.colcon_core.package_identification:_identify(src/champ/docs/images) by extension 'python'
[0.114s] Level 1:colcon.colcon_core.package_identification:_identify(src/champ/docs/images) by extensions ['python_setup_py']
[0.114s] Level 1:colcon.colcon_core.package_identification:_identify(src/champ/docs/images) by extension 'python_setup_py'
[0.114s] Level 1:colcon.colcon_core.package_identification:_identify(src/champ_teleop) by extensions ['ignore', 'ignore_ament_install']
[0.114s] Level 1:colcon.colcon_core.package_identification:_identify(src/champ_teleop) by extension 'ignore'
[0.114s] Level 1:colcon.colcon_core.package_identification:_identify(src/champ_teleop) by extension 'ignore_ament_install'
[0.114s] Level 1:colcon.colcon_core.package_identification:_identify(src/champ_teleop) by extensions ['colcon_pkg']
[0.114s] Level 1:colcon.colcon_core.package_identification:_identify(src/champ_teleop) by extension 'colcon_pkg'
[0.114s] Level 1:colcon.colcon_core.package_identification:_identify(src/champ_teleop) by extensions ['colcon_meta']
[0.114s] Level 1:colcon.colcon_core.package_identification:_identify(src/champ_teleop) by extension 'colcon_meta'
[0.114s] Level 1:colcon.colcon_core.package_identification:_identify(src/champ_teleop) by extensions ['ros']
[0.114s] Level 1:colcon.colcon_core.package_identification:_identify(src/champ_teleop) by extension 'ros'
[0.115s] DEBUG:colcon.colcon_core.package_identification:Package 'src/champ_teleop' with type 'ros.ament_cmake' and name 'champ_teleop'
[0.115s] Level 1:colcon.colcon_core.package_identification:_identify(src/gazebo_ros2_control) by extensions ['ignore', 'ignore_ament_install']
[0.115s] Level 1:colcon.colcon_core.package_identification:_identify(src/gazebo_ros2_control) by extension 'ignore'
[0.115s] Level 1:colcon.colcon_core.package_identification:_identify(src/gazebo_ros2_control) by extension 'ignore_ament_install'
[0.115s] Level 1:colcon.colcon_core.package_identification:_identify(src/gazebo_ros2_control) by extensions ['colcon_pkg']
[0.115s] Level 1:colcon.colcon_core.package_identification:_identify(src/gazebo_ros2_control) by extension 'colcon_pkg'
[0.115s] Level 1:colcon.colcon_core.package_identification:_identify(src/gazebo_ros2_control) by extensions ['colcon_meta']
[0.115s] Level 1:colcon.colcon_core.package_identification:_identify(src/gazebo_ros2_control) by extension 'colcon_meta'
[0.115s] Level 1:colcon.colcon_core.package_identification:_identify(src/gazebo_ros2_control) by extensions ['ros']
[0.115s] Level 1:colcon.colcon_core.package_identification:_identify(src/gazebo_ros2_control) by extension 'ros'
[0.115s] Level 1:colcon.colcon_core.package_identification:_identify(src/gazebo_ros2_control) by extensions ['cmake', 'python']
[0.115s] Level 1:colcon.colcon_core.package_identification:_identify(src/gazebo_ros2_control) by extension 'cmake'
[0.115s] Level 1:colcon.colcon_core.package_identification:_identify(src/gazebo_ros2_control) by extension 'python'
[0.115s] Level 1:colcon.colcon_core.package_identification:_identify(src/gazebo_ros2_control) by extensions ['python_setup_py']
[0.115s] Level 1:colcon.colcon_core.package_identification:_identify(src/gazebo_ros2_control) by extension 'python_setup_py'
[0.115s] Level 1:colcon.colcon_core.package_identification:_identify(src/gazebo_ros2_control/gazebo_ros2_control_demos) by extensions ['ignore', 'ignore_ament_install']
[0.115s] Level 1:colcon.colcon_core.package_identification:_identify(src/gazebo_ros2_control/gazebo_ros2_control_demos) by extension 'ignore'
[0.115s] Level 1:colcon.colcon_core.package_identification:_identify(src/gazebo_ros2_control/gazebo_ros2_control_demos) by extension 'ignore_ament_install'
[0.115s] Level 1:colcon.colcon_core.package_identification:_identify(src/gazebo_ros2_control/gazebo_ros2_control_demos) by extensions ['colcon_pkg']
[0.115s] Level 1:colcon.colcon_core.package_identification:_identify(src/gazebo_ros2_control/gazebo_ros2_control_demos) by extension 'colcon_pkg'
[0.115s] Level 1:colcon.colcon_core.package_identification:_identify(src/gazebo_ros2_control/gazebo_ros2_control_demos) by extensions ['colcon_meta']
[0.115s] Level 1:colcon.colcon_core.package_identification:_identify(src/gazebo_ros2_control/gazebo_ros2_control_demos) by extension 'colcon_meta'
[0.115s] Level 1:colcon.colcon_core.package_identification:_identify(src/gazebo_ros2_control/gazebo_ros2_control_demos) by extensions ['ros']
[0.115s] Level 1:colcon.colcon_core.package_identification:_identify(src/gazebo_ros2_control/gazebo_ros2_control_demos) by extension 'ros'
[0.115s] DEBUG:colcon.colcon_core.package_identification:Package 'src/gazebo_ros2_control/gazebo_ros2_control_demos' with type 'ros.ament_cmake' and name 'gazebo_ros2_control_demos'
[0.116s] Level 1:colcon.colcon_core.package_identification:_identify(src/ros2_control_demos) by extensions ['ignore', 'ignore_ament_install']
[0.116s] Level 1:colcon.colcon_core.package_identification:_identify(src/ros2_control_demos) by extension 'ignore'
[0.116s] Level 1:colcon.colcon_core.package_identification:_identify(src/ros2_control_demos) by extension 'ignore_ament_install'
[0.116s] Level 1:colcon.colcon_core.package_identification:_identify(src/ros2_control_demos) by extensions ['colcon_pkg']
[0.116s] Level 1:colcon.colcon_core.package_identification:_identify(src/ros2_control_demos) by extension 'colcon_pkg'
[0.116s] Level 1:colcon.colcon_core.package_identification:_identify(src/ros2_control_demos) by extensions ['colcon_meta']
[0.116s] Level 1:colcon.colcon_core.package_identification:_identify(src/ros2_control_demos) by extension 'colcon_meta'
[0.116s] Level 1:colcon.colcon_core.package_identification:_identify(src/ros2_control_demos) by extensions ['ros']
[0.116s] Level 1:colcon.colcon_core.package_identification:_identify(src/ros2_control_demos) by extension 'ros'
[0.116s] Level 1:colcon.colcon_core.package_identification:_identify(src/ros2_control_demos) by extensions ['cmake', 'python']
[0.116s] Level 1:colcon.colcon_core.package_identification:_identify(src/ros2_control_demos) by extension 'cmake'
[0.116s] Level 1:colcon.colcon_core.package_identification:_identify(src/ros2_control_demos) by extension 'python'
[0.116s] Level 1:colcon.colcon_core.package_identification:_identify(src/ros2_control_demos) by extensions ['python_setup_py']
[0.116s] Level 1:colcon.colcon_core.package_identification:_identify(src/ros2_control_demos) by extension 'python_setup_py'
[0.116s] Level 1:colcon.colcon_core.package_identification:_identify(src/ros2_control_demos/Dockerfile) by extensions ['ignore', 'ignore_ament_install']
[0.116s] Level 1:colcon.colcon_core.package_identification:_identify(src/ros2_control_demos/Dockerfile) by extension 'ignore'
[0.116s] Level 1:colcon.colcon_core.package_identification:_identify(src/ros2_control_demos/Dockerfile) by extension 'ignore_ament_install'
[0.116s] Level 1:colcon.colcon_core.package_identification:_identify(src/ros2_control_demos/Dockerfile) by extensions ['colcon_pkg']
[0.116s] Level 1:colcon.colcon_core.package_identification:_identify(src/ros2_control_demos/Dockerfile) by extension 'colcon_pkg'
[0.116s] Level 1:colcon.colcon_core.package_identification:_identify(src/ros2_control_demos/Dockerfile) by extensions ['colcon_meta']
[0.116s] Level 1:colcon.colcon_core.package_identification:_identify(src/ros2_control_demos/Dockerfile) by extension 'colcon_meta'
[0.116s] Level 1:colcon.colcon_core.package_identification:_identify(src/ros2_control_demos/Dockerfile) by extensions ['ros']
[0.116s] Level 1:colcon.colcon_core.package_identification:_identify(src/ros2_control_demos/Dockerfile) by extension 'ros'
[0.116s] Level 1:colcon.colcon_core.package_identification:_identify(src/ros2_control_demos/Dockerfile) by extensions ['cmake', 'python']
[0.116s] Level 1:colcon.colcon_core.package_identification:_identify(src/ros2_control_demos/Dockerfile) by extension 'cmake'
[0.116s] Level 1:colcon.colcon_core.package_identification:_identify(src/ros2_control_demos/Dockerfile) by extension 'python'
[0.116s] Level 1:colcon.colcon_core.package_identification:_identify(src/ros2_control_demos/Dockerfile) by extensions ['python_setup_py']
[0.116s] Level 1:colcon.colcon_core.package_identification:_identify(src/ros2_control_demos/Dockerfile) by extension 'python_setup_py'
[0.116s] Level 1:colcon.colcon_core.package_identification:_identify(src/ros2_control_demos/doc) by extensions ['ignore', 'ignore_ament_install']
[0.116s] Level 1:colcon.colcon_core.package_identification:_identify(src/ros2_control_demos/doc) by extension 'ignore'
[0.116s] Level 1:colcon.colcon_core.package_identification:_identify(src/ros2_control_demos/doc) by extension 'ignore_ament_install'
[0.116s] Level 1:colcon.colcon_core.package_identification:_identify(src/ros2_control_demos/doc) by extensions ['colcon_pkg']
[0.116s] Level 1:colcon.colcon_core.package_identification:_identify(src/ros2_control_demos/doc) by extension 'colcon_pkg'
[0.116s] Level 1:colcon.colcon_core.package_identification:_identify(src/ros2_control_demos/doc) by extensions ['colcon_meta']
[0.116s] Level 1:colcon.colcon_core.package_identification:_identify(src/ros2_control_demos/doc) by extension 'colcon_meta'
[0.116s] Level 1:colcon.colcon_core.package_identification:_identify(src/ros2_control_demos/doc) by extensions ['ros']
[0.116s] Level 1:colcon.colcon_core.package_identification:_identify(src/ros2_control_demos/doc) by extension 'ros'
[0.116s] Level 1:colcon.colcon_core.package_identification:_identify(src/ros2_control_demos/doc) by extensions ['cmake', 'python']
[0.116s] Level 1:colcon.colcon_core.package_identification:_identify(src/ros2_control_demos/doc) by extension 'cmake'
[0.116s] Level 1:colcon.colcon_core.package_identification:_identify(src/ros2_control_demos/doc) by extension 'python'
[0.116s] Level 1:colcon.colcon_core.package_identification:_identify(src/ros2_control_demos/doc) by extensions ['python_setup_py']
[0.116s] Level 1:colcon.colcon_core.package_identification:_identify(src/ros2_control_demos/doc) by extension 'python_setup_py'
[0.116s] Level 1:colcon.colcon_core.package_identification:_identify(src/ros2_control_demos/example_1) by extensions ['ignore', 'ignore_ament_install']
[0.116s] Level 1:colcon.colcon_core.package_identification:_identify(src/ros2_control_demos/example_1) by extension 'ignore'
[0.117s] Level 1:colcon.colcon_core.package_identification:_identify(src/ros2_control_demos/example_1) by extension 'ignore_ament_install'
[0.117s] Level 1:colcon.colcon_core.package_identification:_identify(src/ros2_control_demos/example_1) by extensions ['colcon_pkg']
[0.117s] Level 1:colcon.colcon_core.package_identification:_identify(src/ros2_control_demos/example_1) by extension 'colcon_pkg'
[0.117s] Level 1:colcon.colcon_core.package_identification:_identify(src/ros2_control_demos/example_1) by extensions ['colcon_meta']
[0.117s] Level 1:colcon.colcon_core.package_identification:_identify(src/ros2_control_demos/example_1) by extension 'colcon_meta'
[0.117s] Level 1:colcon.colcon_core.package_identification:_identify(src/ros2_control_demos/example_1) by extensions ['ros']
[0.117s] Level 1:colcon.colcon_core.package_identification:_identify(src/ros2_control_demos/example_1) by extension 'ros'
[0.117s] DEBUG:colcon.colcon_core.package_identification:Package 'src/ros2_control_demos/example_1' with type 'ros.ament_cmake' and name 'ros2_control_demo_example_1'
[0.117s] Level 1:colcon.colcon_core.package_identification:_identify(src/ros2_control_demos/example_10) by extensions ['ignore', 'ignore_ament_install']
[0.117s] Level 1:colcon.colcon_core.package_identification:_identify(src/ros2_control_demos/example_10) by extension 'ignore'
[0.117s] Level 1:colcon.colcon_core.package_identification:_identify(src/ros2_control_demos/example_10) by extension 'ignore_ament_install'
[0.117s] Level 1:colcon.colcon_core.package_identification:_identify(src/ros2_control_demos/example_10) by extensions ['colcon_pkg']
[0.117s] Level 1:colcon.colcon_core.package_identification:_identify(src/ros2_control_demos/example_10) by extension 'colcon_pkg'
[0.117s] Level 1:colcon.colcon_core.package_identification:_identify(src/ros2_control_demos/example_10) by extensions ['colcon_meta']
[0.117s] Level 1:colcon.colcon_core.package_identification:_identify(src/ros2_control_demos/example_10) by extension 'colcon_meta'
[0.117s] Level 1:colcon.colcon_core.package_identification:_identify(src/ros2_control_demos/example_10) by extensions ['ros']
[0.117s] Level 1:colcon.colcon_core.package_identification:_identify(src/ros2_control_demos/example_10) by extension 'ros'
[0.118s] DEBUG:colcon.colcon_core.package_identification:Package 'src/ros2_control_demos/example_10' with type 'ros.ament_cmake' and name 'ros2_control_demo_example_10'
[0.118s] Level 1:colcon.colcon_core.package_identification:_identify(src/ros2_control_demos/example_11) by extensions ['ignore', 'ignore_ament_install']
[0.118s] Level 1:colcon.colcon_core.package_identification:_identify(src/ros2_control_demos/example_11) by extension 'ignore'
[0.118s] Level 1:colcon.colcon_core.package_identification:_identify(src/ros2_control_demos/example_11) by extension 'ignore_ament_install'
[0.118s] Level 1:colcon.colcon_core.package_identification:_identify(src/ros2_control_demos/example_11) by extensions ['colcon_pkg']
[0.118s] Level 1:colcon.colcon_core.package_identification:_identify(src/ros2_control_demos/example_11) by extension 'colcon_pkg'
[0.118s] Level 1:colcon.colcon_core.package_identification:_identify(src/ros2_control_demos/example_11) by extensions ['colcon_meta']
[0.118s] Level 1:colcon.colcon_core.package_identification:_identify(src/ros2_control_demos/example_11) by extension 'colcon_meta'
[0.118s] Level 1:colcon.colcon_core.package_identification:_identify(src/ros2_control_demos/example_11) by extensions ['ros']
[0.118s] Level 1:colcon.colcon_core.package_identification:_identify(src/ros2_control_demos/example_11) by extension 'ros'
[0.119s] DEBUG:colcon.colcon_core.package_identification:Package 'src/ros2_control_demos/example_11' with type 'ros.ament_cmake' and name 'ros2_control_demo_example_11'
[0.119s] Level 1:colcon.colcon_core.package_identification:_identify(src/ros2_control_demos/example_12) by extensions ['ignore', 'ignore_ament_install']
[0.119s] Level 1:colcon.colcon_core.package_identification:_identify(src/ros2_control_demos/example_12) by extension 'ignore'
[0.119s] Level 1:colcon.colcon_core.package_identification:_identify(src/ros2_control_demos/example_12) by extension 'ignore_ament_install'
[0.119s] Level 1:colcon.colcon_core.package_identification:_identify(src/ros2_control_demos/example_12) by extensions ['colcon_pkg']
[0.119s] Level 1:colcon.colcon_core.package_identification:_identify(src/ros2_control_demos/example_12) by extension 'colcon_pkg'
[0.119s] Level 1:colcon.colcon_core.package_identification:_identify(src/ros2_control_demos/example_12) by extensions ['colcon_meta']
[0.119s] Level 1:colcon.colcon_core.package_identification:_identify(src/ros2_control_demos/example_12) by extension 'colcon_meta'
[0.119s] Level 1:colcon.colcon_core.package_identification:_identify(src/ros2_control_demos/example_12) by extensions ['ros']
[0.119s] Level 1:colcon.colcon_core.package_identification:_identify(src/ros2_control_demos/example_12) by extension 'ros'
[0.120s] DEBUG:colcon.colcon_core.package_identification:Package 'src/ros2_control_demos/example_12' with type 'ros.ament_cmake' and name 'ros2_control_demo_example_12'
[0.120s] Level 1:colcon.colcon_core.package_identification:_identify(src/ros2_control_demos/example_14) by extensions ['ignore', 'ignore_ament_install']
[0.120s] Level 1:colcon.colcon_core.package_identification:_identify(src/ros2_control_demos/example_14) by extension 'ignore'
[0.120s] Level 1:colcon.colcon_core.package_identification:_identify(src/ros2_control_demos/example_14) by extension 'ignore_ament_install'
[0.120s] Level 1:colcon.colcon_core.package_identification:_identify(src/ros2_control_demos/example_14) by extensions ['colcon_pkg']
[0.120s] Level 1:colcon.colcon_core.package_identification:_identify(src/ros2_control_demos/example_14) by extension 'colcon_pkg'
[0.120s] Level 1:colcon.colcon_core.package_identification:_identify(src/ros2_control_demos/example_14) by extensions ['colcon_meta']
[0.120s] Level 1:colcon.colcon_core.package_identification:_identify(src/ros2_control_demos/example_14) by extension 'colcon_meta'
[0.120s] Level 1:colcon.colcon_core.package_identification:_identify(src/ros2_control_demos/example_14) by extensions ['ros']
[0.120s] Level 1:colcon.colcon_core.package_identification:_identify(src/ros2_control_demos/example_14) by extension 'ros'
[0.120s] DEBUG:colcon.colcon_core.package_identification:Package 'src/ros2_control_demos/example_14' with type 'ros.ament_cmake' and name 'ros2_control_demo_example_14'
[0.120s] Level 1:colcon.colcon_core.package_identification:_identify(src/ros2_control_demos/example_15) by extensions ['ignore', 'ignore_ament_install']
[0.120s] Level 1:colcon.colcon_core.package_identification:_identify(src/ros2_control_demos/example_15) by extension 'ignore'
[0.120s] Level 1:colcon.colcon_core.package_identification:_identify(src/ros2_control_demos/example_15) by extension 'ignore_ament_install'
[0.120s] Level 1:colcon.colcon_core.package_identification:_identify(src/ros2_control_demos/example_15) by extensions ['colcon_pkg']
[0.120s] Level 1:colcon.colcon_core.package_identification:_identify(src/ros2_control_demos/example_15) by extension 'colcon_pkg'
[0.120s] Level 1:colcon.colcon_core.package_identification:_identify(src/ros2_control_demos/example_15) by extensions ['colcon_meta']
[0.121s] Level 1:colcon.colcon_core.package_identification:_identify(src/ros2_control_demos/example_15) by extension 'colcon_meta'
[0.121s] Level 1:colcon.colcon_core.package_identification:_identify(src/ros2_control_demos/example_15) by extensions ['ros']
[0.121s] Level 1:colcon.colcon_core.package_identification:_identify(src/ros2_control_demos/example_15) by extension 'ros'
[0.121s] DEBUG:colcon.colcon_core.package_identification:Package 'src/ros2_control_demos/example_15' with type 'ros.ament_cmake' and name 'ros2_control_demo_example_15'
[0.121s] Level 1:colcon.colcon_core.package_identification:_identify(src/ros2_control_demos/example_2) by extensions ['ignore', 'ignore_ament_install']
[0.121s] Level 1:colcon.colcon_core.package_identification:_identify(src/ros2_control_demos/example_2) by extension 'ignore'
[0.121s] Level 1:colcon.colcon_core.package_identification:_identify(src/ros2_control_demos/example_2) by extension 'ignore_ament_install'
[0.121s] Level 1:colcon.colcon_core.package_identification:_identify(src/ros2_control_demos/example_2) by extensions ['colcon_pkg']
[0.121s] Level 1:colcon.colcon_core.package_identification:_identify(src/ros2_control_demos/example_2) by extension 'colcon_pkg'
[0.121s] Level 1:colcon.colcon_core.package_identification:_identify(src/ros2_control_demos/example_2) by extensions ['colcon_meta']
[0.121s] Level 1:colcon.colcon_core.package_identification:_identify(src/ros2_control_demos/example_2) by extension 'colcon_meta'
[0.121s] Level 1:colcon.colcon_core.package_identification:_identify(src/ros2_control_demos/example_2) by extensions ['ros']
[0.121s] Level 1:colcon.colcon_core.package_identification:_identify(src/ros2_control_demos/example_2) by extension 'ros'
[0.122s] DEBUG:colcon.colcon_core.package_identification:Package 'src/ros2_control_demos/example_2' with type 'ros.ament_cmake' and name 'ros2_control_demo_example_2'
[0.122s] Level 1:colcon.colcon_core.package_identification:_identify(src/ros2_control_demos/example_3) by extensions ['ignore', 'ignore_ament_install']
[0.122s] Level 1:colcon.colcon_core.package_identification:_identify(src/ros2_control_demos/example_3) by extension 'ignore'
[0.122s] Level 1:colcon.colcon_core.package_identification:_identify(src/ros2_control_demos/example_3) by extension 'ignore_ament_install'
[0.122s] Level 1:colcon.colcon_core.package_identification:_identify(src/ros2_control_demos/example_3) by extensions ['colcon_pkg']
[0.122s] Level 1:colcon.colcon_core.package_identification:_identify(src/ros2_control_demos/example_3) by extension 'colcon_pkg'
[0.122s] Level 1:colcon.colcon_core.package_identification:_identify(src/ros2_control_demos/example_3) by extensions ['colcon_meta']
[0.122s] Level 1:colcon.colcon_core.package_identification:_identify(src/ros2_control_demos/example_3) by extension 'colcon_meta'
[0.122s] Level 1:colcon.colcon_core.package_identification:_identify(src/ros2_control_demos/example_3) by extensions ['ros']
[0.122s] Level 1:colcon.colcon_core.package_identification:_identify(src/ros2_control_demos/example_3) by extension 'ros'
[0.123s] DEBUG:colcon.colcon_core.package_identification:Package 'src/ros2_control_demos/example_3' with type 'ros.ament_cmake' and name 'ros2_control_demo_example_3'
[0.123s] Level 1:colcon.colcon_core.package_identification:_identify(src/ros2_control_demos/example_4) by extensions ['ignore', 'ignore_ament_install']
[0.123s] Level 1:colcon.colcon_core.package_identification:_identify(src/ros2_control_demos/example_4) by extension 'ignore'
[0.123s] Level 1:colcon.colcon_core.package_identification:_identify(src/ros2_control_demos/example_4) by extension 'ignore_ament_install'
[0.123s] Level 1:colcon.colcon_core.package_identification:_identify(src/ros2_control_demos/example_4) by extensions ['colcon_pkg']
[0.123s] Level 1:colcon.colcon_core.package_identification:_identify(src/ros2_control_demos/example_4) by extension 'colcon_pkg'
[0.123s] Level 1:colcon.colcon_core.package_identification:_identify(src/ros2_control_demos/example_4) by extensions ['colcon_meta']
[0.123s] Level 1:colcon.colcon_core.package_identification:_identify(src/ros2_control_demos/example_4) by extension 'colcon_meta'
[0.123s] Level 1:colcon.colcon_core.package_identification:_identify(src/ros2_control_demos/example_4) by extensions ['ros']
[0.123s] Level 1:colcon.colcon_core.package_identification:_identify(src/ros2_control_demos/example_4) by extension 'ros'
[0.123s] DEBUG:colcon.colcon_core.package_identification:Package 'src/ros2_control_demos/example_4' with type 'ros.ament_cmake' and name 'ros2_control_demo_example_4'
[0.123s] Level 1:colcon.colcon_core.package_identification:_identify(src/ros2_control_demos/example_5) by extensions ['ignore', 'ignore_ament_install']
[0.123s] Level 1:colcon.colcon_core.package_identification:_identify(src/ros2_control_demos/example_5) by extension 'ignore'
[0.123s] Level 1:colcon.colcon_core.package_identification:_identify(src/ros2_control_demos/example_5) by extension 'ignore_ament_install'
[0.123s] Level 1:colcon.colcon_core.package_identification:_identify(src/ros2_control_demos/example_5) by extensions ['colcon_pkg']
[0.123s] Level 1:colcon.colcon_core.package_identification:_identify(src/ros2_control_demos/example_5) by extension 'colcon_pkg'
[0.123s] Level 1:colcon.colcon_core.package_identification:_identify(src/ros2_control_demos/example_5) by extensions ['colcon_meta']
[0.123s] Level 1:colcon.colcon_core.package_identification:_identify(src/ros2_control_demos/example_5) by extension 'colcon_meta'
[0.123s] Level 1:colcon.colcon_core.package_identification:_identify(src/ros2_control_demos/example_5) by extensions ['ros']
[0.124s] Level 1:colcon.colcon_core.package_identification:_identify(src/ros2_control_demos/example_5) by extension 'ros'
[0.124s] DEBUG:colcon.colcon_core.package_identification:Package 'src/ros2_control_demos/example_5' with type 'ros.ament_cmake' and name 'ros2_control_demo_example_5'
[0.124s] Level 1:colcon.colcon_core.package_identification:_identify(src/ros2_control_demos/example_6) by extensions ['ignore', 'ignore_ament_install']
[0.124s] Level 1:colcon.colcon_core.package_identification:_identify(src/ros2_control_demos/example_6) by extension 'ignore'
[0.124s] Level 1:colcon.colcon_core.package_identification:_identify(src/ros2_control_demos/example_6) by extension 'ignore_ament_install'
[0.124s] Level 1:colcon.colcon_core.package_identification:_identify(src/ros2_control_demos/example_6) by extensions ['colcon_pkg']
[0.124s] Level 1:colcon.colcon_core.package_identification:_identify(src/ros2_control_demos/example_6) by extension 'colcon_pkg'
[0.124s] Level 1:colcon.colcon_core.package_identification:_identify(src/ros2_control_demos/example_6) by extensions ['colcon_meta']
[0.124s] Level 1:colcon.colcon_core.package_identification:_identify(src/ros2_control_demos/example_6) by extension 'colcon_meta'
[0.124s] Level 1:colcon.colcon_core.package_identification:_identify(src/ros2_control_demos/example_6) by extensions ['ros']
[0.124s] Level 1:colcon.colcon_core.package_identification:_identify(src/ros2_control_demos/example_6) by extension 'ros'
[0.125s] DEBUG:colcon.colcon_core.package_identification:Package 'src/ros2_control_demos/example_6' with type 'ros.ament_cmake' and name 'ros2_control_demo_example_6'
[0.125s] Level 1:colcon.colcon_core.package_identification:_identify(src/ros2_control_demos/example_7) by extensions ['ignore', 'ignore_ament_install']
[0.125s] Level 1:colcon.colcon_core.package_identification:_identify(src/ros2_control_demos/example_7) by extension 'ignore'
[0.125s] Level 1:colcon.colcon_core.package_identification:_identify(src/ros2_control_demos/example_7) by extension 'ignore_ament_install'
[0.125s] Level 1:colcon.colcon_core.package_identification:_identify(src/ros2_control_demos/example_7) by extensions ['colcon_pkg']
[0.125s] Level 1:colcon.colcon_core.package_identification:_identify(src/ros2_control_demos/example_7) by extension 'colcon_pkg'
[0.125s] Level 1:colcon.colcon_core.package_identification:_identify(src/ros2_control_demos/example_7) by extensions ['colcon_meta']
[0.125s] Level 1:colcon.colcon_core.package_identification:_identify(src/ros2_control_demos/example_7) by extension 'colcon_meta'
[0.125s] Level 1:colcon.colcon_core.package_identification:_identify(src/ros2_control_demos/example_7) by extensions ['ros']
[0.125s] Level 1:colcon.colcon_core.package_identification:_identify(src/ros2_control_demos/example_7) by extension 'ros'
[0.126s] DEBUG:colcon.colcon_core.package_identification:Package 'src/ros2_control_demos/example_7' with type 'ros.ament_cmake' and name 'ros2_control_demo_example_7'
[0.126s] Level 1:colcon.colcon_core.package_identification:_identify(src/ros2_control_demos/example_8) by extensions ['ignore', 'ignore_ament_install']
[0.126s] Level 1:colcon.colcon_core.package_identification:_identify(src/ros2_control_demos/example_8) by extension 'ignore'
[0.126s] Level 1:colcon.colcon_core.package_identification:_identify(src/ros2_control_demos/example_8) by extension 'ignore_ament_install'
[0.126s] Level 1:colcon.colcon_core.package_identification:_identify(src/ros2_control_demos/example_8) by extensions ['colcon_pkg']
[0.126s] Level 1:colcon.colcon_core.package_identification:_identify(src/ros2_control_demos/example_8) by extension 'colcon_pkg'
[0.126s] Level 1:colcon.colcon_core.package_identification:_identify(src/ros2_control_demos/example_8) by extensions ['colcon_meta']
[0.126s] Level 1:colcon.colcon_core.package_identification:_identify(src/ros2_control_demos/example_8) by extension 'colcon_meta'
[0.126s] Level 1:colcon.colcon_core.package_identification:_identify(src/ros2_control_demos/example_8) by extensions ['ros']
[0.126s] Level 1:colcon.colcon_core.package_identification:_identify(src/ros2_control_demos/example_8) by extension 'ros'
[0.127s] DEBUG:colcon.colcon_core.package_identification:Package 'src/ros2_control_demos/example_8' with type 'ros.ament_cmake' and name 'ros2_control_demo_example_8'
[0.127s] Level 1:colcon.colcon_core.package_identification:_identify(src/ros2_control_demos/example_9) by extensions ['ignore', 'ignore_ament_install']
[0.127s] Level 1:colcon.colcon_core.package_identification:_identify(src/ros2_control_demos/example_9) by extension 'ignore'
[0.127s] Level 1:colcon.colcon_core.package_identification:_identify(src/ros2_control_demos/example_9) by extension 'ignore_ament_install'
[0.127s] Level 1:colcon.colcon_core.package_identification:_identify(src/ros2_control_demos/example_9) by extensions ['colcon_pkg']
[0.127s] Level 1:colcon.colcon_core.package_identification:_identify(src/ros2_control_demos/example_9) by extension 'colcon_pkg'
[0.127s] Level 1:colcon.colcon_core.package_identification:_identify(src/ros2_control_demos/example_9) by extensions ['colcon_meta']
[0.127s] Level 1:colcon.colcon_core.package_identification:_identify(src/ros2_control_demos/example_9) by extension 'colcon_meta'
[0.127s] Level 1:colcon.colcon_core.package_identification:_identify(src/ros2_control_demos/example_9) by extensions ['ros']
[0.127s] Level 1:colcon.colcon_core.package_identification:_identify(src/ros2_control_demos/example_9) by extension 'ros'
[0.127s] DEBUG:colcon.colcon_core.package_identification:Package 'src/ros2_control_demos/example_9' with type 'ros.ament_cmake' and name 'ros2_control_demo_example_9'
[0.128s] Level 1:colcon.colcon_core.package_identification:_identify(src/ros2_control_demos/ros2_control_demo_description) by extensions ['ignore', 'ignore_ament_install']
[0.128s] Level 1:colcon.colcon_core.package_identification:_identify(src/ros2_control_demos/ros2_control_demo_description) by extension 'ignore'
[0.128s] Level 1:colcon.colcon_core.package_identification:_identify(src/ros2_control_demos/ros2_control_demo_description) by extension 'ignore_ament_install'
[0.128s] Level 1:colcon.colcon_core.package_identification:_identify(src/ros2_control_demos/ros2_control_demo_description) by extensions ['colcon_pkg']
[0.128s] Level 1:colcon.colcon_core.package_identification:_identify(src/ros2_control_demos/ros2_control_demo_description) by extension 'colcon_pkg'
[0.128s] Level 1:colcon.colcon_core.package_identification:_identify(src/ros2_control_demos/ros2_control_demo_description) by extensions ['colcon_meta']
[0.128s] Level 1:colcon.colcon_core.package_identification:_identify(src/ros2_control_demos/ros2_control_demo_description) by extension 'colcon_meta'
[0.128s] Level 1:colcon.colcon_core.package_identification:_identify(src/ros2_control_demos/ros2_control_demo_description) by extensions ['ros']
[0.128s] Level 1:colcon.colcon_core.package_identification:_identify(src/ros2_control_demos/ros2_control_demo_description) by extension 'ros'
[0.128s] DEBUG:colcon.colcon_core.package_identification:Package 'src/ros2_control_demos/ros2_control_demo_description' with type 'ros.ament_cmake' and name 'ros2_control_demo_description'
[0.128s] Level 1:colcon.colcon_core.package_identification:_identify(src/ros2_control_demos/ros2_control_demo_testing) by extensions ['ignore', 'ignore_ament_install']
[0.128s] Level 1:colcon.colcon_core.package_identification:_identify(src/ros2_control_demos/ros2_control_demo_testing) by extension 'ignore'
[0.128s] Level 1:colcon.colcon_core.package_identification:_identify(src/ros2_control_demos/ros2_control_demo_testing) by extension 'ignore_ament_install'
[0.128s] Level 1:colcon.colcon_core.package_identification:_identify(src/ros2_control_demos/ros2_control_demo_testing) by extensions ['colcon_pkg']
[0.128s] Level 1:colcon.colcon_core.package_identification:_identify(src/ros2_control_demos/ros2_control_demo_testing) by extension 'colcon_pkg'
[0.128s] Level 1:colcon.colcon_core.package_identification:_identify(src/ros2_control_demos/ros2_control_demo_testing) by extensions ['colcon_meta']
[0.128s] Level 1:colcon.colcon_core.package_identification:_identify(src/ros2_control_demos/ros2_control_demo_testing) by extension 'colcon_meta'
[0.128s] Level 1:colcon.colcon_core.package_identification:_identify(src/ros2_control_demos/ros2_control_demo_testing) by extensions ['ros']
[0.128s] Level 1:colcon.colcon_core.package_identification:_identify(src/ros2_control_demos/ros2_control_demo_testing) by extension 'ros'
[0.128s] DEBUG:colcon.colcon_core.package_identification:Package 'src/ros2_control_demos/ros2_control_demo_testing' with type 'ros.ament_python' and name 'ros2_control_demo_testing'
[0.128s] Level 1:colcon.colcon_core.package_identification:_identify(src/ros2_control_demos/ros2_control_demos) by extensions ['ignore', 'ignore_ament_install']
[0.128s] Level 1:colcon.colcon_core.package_identification:_identify(src/ros2_control_demos/ros2_control_demos) by extension 'ignore'
[0.128s] Level 1:colcon.colcon_core.package_identification:_identify(src/ros2_control_demos/ros2_control_demos) by extension 'ignore_ament_install'
[0.129s] Level 1:colcon.colcon_core.package_identification:_identify(src/ros2_control_demos/ros2_control_demos) by extensions ['colcon_pkg']
[0.129s] Level 1:colcon.colcon_core.package_identification:_identify(src/ros2_control_demos/ros2_control_demos) by extension 'colcon_pkg'
[0.129s] Level 1:colcon.colcon_core.package_identification:_identify(src/ros2_control_demos/ros2_control_demos) by extensions ['colcon_meta']
[0.129s] Level 1:colcon.colcon_core.package_identification:_identify(src/ros2_control_demos/ros2_control_demos) by extension 'colcon_meta'
[0.129s] Level 1:colcon.colcon_core.package_identification:_identify(src/ros2_control_demos/ros2_control_demos) by extensions ['ros']
[0.129s] Level 1:colcon.colcon_core.package_identification:_identify(src/ros2_control_demos/ros2_control_demos) by extension 'ros'
[0.129s] DEBUG:colcon.colcon_core.package_identification:Package 'src/ros2_control_demos/ros2_control_demos' with type 'ros.ament_cmake' and name 'ros2_control_demos'
[0.129s] Level 1:colcon.colcon_core.package_identification:_identify(src/simple_sim) by extensions ['ignore', 'ignore_ament_install']
[0.129s] Level 1:colcon.colcon_core.package_identification:_identify(src/simple_sim) by extension 'ignore'
[0.129s] Level 1:colcon.colcon_core.package_identification:_identify(src/simple_sim) by extension 'ignore_ament_install'
[0.129s] Level 1:colcon.colcon_core.package_identification:_identify(src/simple_sim) by extensions ['colcon_pkg']
[0.129s] Level 1:colcon.colcon_core.package_identification:_identify(src/simple_sim) by extension 'colcon_pkg'
[0.129s] Level 1:colcon.colcon_core.package_identification:_identify(src/simple_sim) by extensions ['colcon_meta']
[0.129s] Level 1:colcon.colcon_core.package_identification:_identify(src/simple_sim) by extension 'colcon_meta'
[0.129s] Level 1:colcon.colcon_core.package_identification:_identify(src/simple_sim) by extensions ['ros']
[0.129s] Level 1:colcon.colcon_core.package_identification:_identify(src/simple_sim) by extension 'ros'
[0.130s] DEBUG:colcon.colcon_core.package_identification:Package 'src/simple_sim' with type 'ros.ament_cmake' and name 'simple_sim'
[0.130s] Level 1:colcon.colcon_core.package_discovery:discover_packages(recursive) using defaults
[0.130s] Level 1:colcon.colcon_core.package_discovery:discover_packages(ignore) discover
[0.130s] Level 1:colcon.colcon_core.package_discovery:discover_packages(ignore) using defaults
[0.130s] Level 1:colcon.colcon_core.package_discovery:discover_packages(path) discover
[0.130s] Level 1:colcon.colcon_core.package_discovery:discover_packages(path) using defaults
[0.145s] Level 5:colcon.colcon_core.verb:set package 'champ' build argument 'cmake_args' from command line to 'None'
[0.145s] Level 5:colcon.colcon_core.verb:set package 'champ' build argument 'cmake_target' from command line to 'None'
[0.145s] Level 5:colcon.colcon_core.verb:set package 'champ' build argument 'cmake_target_skip_unavailable' from command line to 'False'
[0.145s] Level 5:colcon.colcon_core.verb:set package 'champ' build argument 'cmake_clean_cache' from command line to 'False'
[0.145s] Level 5:colcon.colcon_core.verb:set package 'champ' build argument 'cmake_clean_first' from command line to 'False'
[0.145s] Level 5:colcon.colcon_core.verb:set package 'champ' build argument 'cmake_force_configure' from command line to 'False'
[0.145s] Level 5:colcon.colcon_core.verb:set package 'champ' build argument 'ament_cmake_args' from command line to 'None'
[0.145s] Level 5:colcon.colcon_core.verb:set package 'champ' build argument 'catkin_cmake_args' from command line to 'None'
[0.145s] Level 5:colcon.colcon_core.verb:set package 'champ' build argument 'catkin_skip_building_tests' from command line to 'False'
[0.145s] DEBUG:colcon.colcon_core.verb:Building package 'champ' with the following arguments: {'ament_cmake_args': None, 'build_base': '/home/hibiki/Robomech_HR/Eglantyne/simulation/build/champ', 'catkin_cmake_args': None, 'catkin_skip_building_tests': False, 'cmake_args': None, 'cmake_clean_cache': False, 'cmake_clean_first': False, 'cmake_force_configure': False, 'cmake_target': None, 'cmake_target_skip_unavailable': False, 'install_base': '/home/hibiki/Robomech_HR/Eglantyne/simulation/install/champ', 'merge_install': False, 'path': '/home/hibiki/Robomech_HR/Eglantyne/simulation/src/champ/champ', 'symlink_install': False, 'test_result_base': None}
[0.146s] Level 5:colcon.colcon_core.verb:set package 'champ_config' build argument 'cmake_args' from command line to 'None'
[0.146s] Level 5:colcon.colcon_core.verb:set package 'champ_config' build argument 'cmake_target' from command line to 'None'
[0.146s] Level 5:colcon.colcon_core.verb:set package 'champ_config' build argument 'cmake_target_skip_unavailable' from command line to 'False'
[0.146s] Level 5:colcon.colcon_core.verb:set package 'champ_config' build argument 'cmake_clean_cache' from command line to 'False'
[0.146s] Level 5:colcon.colcon_core.verb:set package 'champ_config' build argument 'cmake_clean_first' from command line to 'False'
[0.146s] Level 5:colcon.colcon_core.verb:set package 'champ_config' build argument 'cmake_force_configure' from command line to 'False'
[0.146s] Level 5:colcon.colcon_core.verb:set package 'champ_config' build argument 'ament_cmake_args' from command line to 'None'
[0.146s] Level 5:colcon.colcon_core.verb:set package 'champ_config' build argument 'catkin_cmake_args' from command line to 'None'
[0.146s] Level 5:colcon.colcon_core.verb:set package 'champ_config' build argument 'catkin_skip_building_tests' from command line to 'False'
[0.146s] DEBUG:colcon.colcon_core.verb:Building package 'champ_config' with the following arguments: {'ament_cmake_args': None, 'build_base': '/home/hibiki/Robomech_HR/Eglantyne/simulation/build/champ_config', 'catkin_cmake_args': None, 'catkin_skip_building_tests': False, 'cmake_args': None, 'cmake_clean_cache': False, 'cmake_clean_first': False, 'cmake_force_configure': False, 'cmake_target': None, 'cmake_target_skip_unavailable': False, 'install_base': '/home/hibiki/Robomech_HR/Eglantyne/simulation/install/champ_config', 'merge_install': False, 'path': '/home/hibiki/Robomech_HR/Eglantyne/simulation/src/champ/champ_config', 'symlink_install': False, 'test_result_base': None}
[0.146s] Level 5:colcon.colcon_core.verb:set package 'champ_description' build argument 'cmake_args' from command line to 'None'
[0.146s] Level 5:colcon.colcon_core.verb:set package 'champ_description' build argument 'cmake_target' from command line to 'None'
[0.146s] Level 5:colcon.colcon_core.verb:set package 'champ_description' build argument 'cmake_target_skip_unavailable' from command line to 'False'
[0.146s] Level 5:colcon.colcon_core.verb:set package 'champ_description' build argument 'cmake_clean_cache' from command line to 'False'
[0.146s] Level 5:colcon.colcon_core.verb:set package 'champ_description' build argument 'cmake_clean_first' from command line to 'False'
[0.146s] Level 5:colcon.colcon_core.verb:set package 'champ_description' build argument 'cmake_force_configure' from command line to 'False'
[0.146s] Level 5:colcon.colcon_core.verb:set package 'champ_description' build argument 'ament_cmake_args' from command line to 'None'
[0.146s] Level 5:colcon.colcon_core.verb:set package 'champ_description' build argument 'catkin_cmake_args' from command line to 'None'
[0.146s] Level 5:colcon.colcon_core.verb:set package 'champ_description' build argument 'catkin_skip_building_tests' from command line to 'False'
[0.146s] DEBUG:colcon.colcon_core.verb:Building package 'champ_description' with the following arguments: {'ament_cmake_args': None, 'build_base': '/home/hibiki/Robomech_HR/Eglantyne/simulation/build/champ_description', 'catkin_cmake_args': None, 'catkin_skip_building_tests': False, 'cmake_args': None, 'cmake_clean_cache': False, 'cmake_clean_first': False, 'cmake_force_configure': False, 'cmake_target': None, 'cmake_target_skip_unavailable': False, 'install_base': '/home/hibiki/Robomech_HR/Eglantyne/simulation/install/champ_description', 'merge_install': False, 'path': '/home/hibiki/Robomech_HR/Eglantyne/simulation/src/champ/champ_description', 'symlink_install': False, 'test_result_base': None}
[0.146s] Level 5:colcon.colcon_core.verb:set package 'champ_msgs' build argument 'cmake_args' from command line to 'None'
[0.146s] Level 5:colcon.colcon_core.verb:set package 'champ_msgs' build argument 'cmake_target' from command line to 'None'
[0.146s] Level 5:colcon.colcon_core.verb:set package 'champ_msgs' build argument 'cmake_target_skip_unavailable' from command line to 'False'
[0.146s] Level 5:colcon.colcon_core.verb:set package 'champ_msgs' build argument 'cmake_clean_cache' from command line to 'False'
[0.146s] Level 5:colcon.colcon_core.verb:set package 'champ_msgs' build argument 'cmake_clean_first' from command line to 'False'
[0.146s] Level 5:colcon.colcon_core.verb:set package 'champ_msgs' build argument 'cmake_force_configure' from command line to 'False'
[0.146s] Level 5:colcon.colcon_core.verb:set package 'champ_msgs' build argument 'ament_cmake_args' from command line to 'None'
[0.146s] Level 5:colcon.colcon_core.verb:set package 'champ_msgs' build argument 'catkin_cmake_args' from command line to 'None'
[0.146s] Level 5:colcon.colcon_core.verb:set package 'champ_msgs' build argument 'catkin_skip_building_tests' from command line to 'False'
[0.146s] DEBUG:colcon.colcon_core.verb:Building package 'champ_msgs' with the following arguments: {'ament_cmake_args': None, 'build_base': '/home/hibiki/Robomech_HR/Eglantyne/simulation/build/champ_msgs', 'catkin_cmake_args': None, 'catkin_skip_building_tests': False, 'cmake_args': None, 'cmake_clean_cache': False, 'cmake_clean_first': False, 'cmake_force_configure': False, 'cmake_target': None, 'cmake_target_skip_unavailable': False, 'install_base': '/home/hibiki/Robomech_HR/Eglantyne/simulation/install/champ_msgs', 'merge_install': False, 'path': '/home/hibiki/Robomech_HR/Eglantyne/simulation/src/champ/champ_msgs', 'symlink_install': False, 'test_result_base': None}
[0.146s] Level 5:colcon.colcon_core.verb:set package 'champ_navigation' build argument 'cmake_args' from command line to 'None'
[0.146s] Level 5:colcon.colcon_core.verb:set package 'champ_navigation' build argument 'cmake_target' from command line to 'None'
[0.146s] Level 5:colcon.colcon_core.verb:set package 'champ_navigation' build argument 'cmake_target_skip_unavailable' from command line to 'False'
[0.146s] Level 5:colcon.colcon_core.verb:set package 'champ_navigation' build argument 'cmake_clean_cache' from command line to 'False'
[0.146s] Level 5:colcon.colcon_core.verb:set package 'champ_navigation' build argument 'cmake_clean_first' from command line to 'False'
[0.146s] Level 5:colcon.colcon_core.verb:set package 'champ_navigation' build argument 'cmake_force_configure' from command line to 'False'
[0.146s] Level 5:colcon.colcon_core.verb:set package 'champ_navigation' build argument 'ament_cmake_args' from command line to 'None'
[0.146s] Level 5:colcon.colcon_core.verb:set package 'champ_navigation' build argument 'catkin_cmake_args' from command line to 'None'
[0.146s] Level 5:colcon.colcon_core.verb:set package 'champ_navigation' build argument 'catkin_skip_building_tests' from command line to 'False'
[0.147s] DEBUG:colcon.colcon_core.verb:Building package 'champ_navigation' with the following arguments: {'ament_cmake_args': None, 'build_base': '/home/hibiki/Robomech_HR/Eglantyne/simulation/build/champ_navigation', 'catkin_cmake_args': None, 'catkin_skip_building_tests': False, 'cmake_args': None, 'cmake_clean_cache': False, 'cmake_clean_first': False, 'cmake_force_configure': False, 'cmake_target': None, 'cmake_target_skip_unavailable': False, 'install_base': '/home/hibiki/Robomech_HR/Eglantyne/simulation/install/champ_navigation', 'merge_install': False, 'path': '/home/hibiki/Robomech_HR/Eglantyne/simulation/src/champ/champ_navigation', 'symlink_install': False, 'test_result_base': None}
[0.147s] Level 5:colcon.colcon_core.verb:set package 'champ_teleop' build argument 'cmake_args' from command line to 'None'
[0.147s] Level 5:colcon.colcon_core.verb:set package 'champ_teleop' build argument 'cmake_target' from command line to 'None'
[0.147s] Level 5:colcon.colcon_core.verb:set package 'champ_teleop' build argument 'cmake_target_skip_unavailable' from command line to 'False'
[0.147s] Level 5:colcon.colcon_core.verb:set package 'champ_teleop' build argument 'cmake_clean_cache' from command line to 'False'
[0.147s] Level 5:colcon.colcon_core.verb:set package 'champ_teleop' build argument 'cmake_clean_first' from command line to 'False'
[0.147s] Level 5:colcon.colcon_core.verb:set package 'champ_teleop' build argument 'cmake_force_configure' from command line to 'False'
[0.147s] Level 5:colcon.colcon_core.verb:set package 'champ_teleop' build argument 'ament_cmake_args' from command line to 'None'
[0.147s] Level 5:colcon.colcon_core.verb:set package 'champ_teleop' build argument 'catkin_cmake_args' from command line to 'None'
[0.147s] Level 5:colcon.colcon_core.verb:set package 'champ_teleop' build argument 'catkin_skip_building_tests' from command line to 'False'
[0.147s] DEBUG:colcon.colcon_core.verb:Building package 'champ_teleop' with the following arguments: {'ament_cmake_args': None, 'build_base': '/home/hibiki/Robomech_HR/Eglantyne/simulation/build/champ_teleop', 'catkin_cmake_args': None, 'catkin_skip_building_tests': False, 'cmake_args': None, 'cmake_clean_cache': False, 'cmake_clean_first': False, 'cmake_force_configure': False, 'cmake_target': None, 'cmake_target_skip_unavailable': False, 'install_base': '/home/hibiki/Robomech_HR/Eglantyne/simulation/install/champ_teleop', 'merge_install': False, 'path': '/home/hibiki/Robomech_HR/Eglantyne/simulation/src/champ_teleop', 'symlink_install': False, 'test_result_base': None}
[0.147s] Level 5:colcon.colcon_core.verb:set package 'gazebo_ros2_control_demos' build argument 'cmake_args' from command line to 'None'
[0.147s] Level 5:colcon.colcon_core.verb:set package 'gazebo_ros2_control_demos' build argument 'cmake_target' from command line to 'None'
[0.147s] Level 5:colcon.colcon_core.verb:set package 'gazebo_ros2_control_demos' build argument 'cmake_target_skip_unavailable' from command line to 'False'
[0.147s] Level 5:colcon.colcon_core.verb:set package 'gazebo_ros2_control_demos' build argument 'cmake_clean_cache' from command line to 'False'
[0.147s] Level 5:colcon.colcon_core.verb:set package 'gazebo_ros2_control_demos' build argument 'cmake_clean_first' from command line to 'False'
[0.147s] Level 5:colcon.colcon_core.verb:set package 'gazebo_ros2_control_demos' build argument 'cmake_force_configure' from command line to 'False'
[0.147s] Level 5:colcon.colcon_core.verb:set package 'gazebo_ros2_control_demos' build argument 'ament_cmake_args' from command line to 'None'
[0.147s] Level 5:colcon.colcon_core.verb:set package 'gazebo_ros2_control_demos' build argument 'catkin_cmake_args' from command line to 'None'
[0.147s] Level 5:colcon.colcon_core.verb:set package 'gazebo_ros2_control_demos' build argument 'catkin_skip_building_tests' from command line to 'False'
[0.147s] DEBUG:colcon.colcon_core.verb:Building package 'gazebo_ros2_control_demos' with the following arguments: {'ament_cmake_args': None, 'build_base': '/home/hibiki/Robomech_HR/Eglantyne/simulation/build/gazebo_ros2_control_demos', 'catkin_cmake_args': None, 'catkin_skip_building_tests': False, 'cmake_args': None, 'cmake_clean_cache': False, 'cmake_clean_first': False, 'cmake_force_configure': False, 'cmake_target': None, 'cmake_target_skip_unavailable': False, 'install_base': '/home/hibiki/Robomech_HR/Eglantyne/simulation/install/gazebo_ros2_control_demos', 'merge_install': False, 'path': '/home/hibiki/Robomech_HR/Eglantyne/simulation/src/gazebo_ros2_control/gazebo_ros2_control_demos', 'symlink_install': False, 'test_result_base': None}
[0.147s] Level 5:colcon.colcon_core.verb:set package 'ros2_control_demo_description' build argument 'cmake_args' from command line to 'None'
[0.147s] Level 5:colcon.colcon_core.verb:set package 'ros2_control_demo_description' build argument 'cmake_target' from command line to 'None'
[0.147s] Level 5:colcon.colcon_core.verb:set package 'ros2_control_demo_description' build argument 'cmake_target_skip_unavailable' from command line to 'False'
[0.147s] Level 5:colcon.colcon_core.verb:set package 'ros2_control_demo_description' build argument 'cmake_clean_cache' from command line to 'False'
[0.147s] Level 5:colcon.colcon_core.verb:set package 'ros2_control_demo_description' build argument 'cmake_clean_first' from command line to 'False'
[0.147s] Level 5:colcon.colcon_core.verb:set package 'ros2_control_demo_description' build argument 'cmake_force_configure' from command line to 'False'
[0.147s] Level 5:colcon.colcon_core.verb:set package 'ros2_control_demo_description' build argument 'ament_cmake_args' from command line to 'None'
[0.147s] Level 5:colcon.colcon_core.verb:set package 'ros2_control_demo_description' build argument 'catkin_cmake_args' from command line to 'None'
[0.147s] Level 5:colcon.colcon_core.verb:set package 'ros2_control_demo_description' build argument 'catkin_skip_building_tests' from command line to 'False'
[0.147s] DEBUG:colcon.colcon_core.verb:Building package 'ros2_control_demo_description' with the following arguments: {'ament_cmake_args': None, 'build_base': '/home/hibiki/Robomech_HR/Eglantyne/simulation/build/ros2_control_demo_description', 'catkin_cmake_args': None, 'catkin_skip_building_tests': False, 'cmake_args': None, 'cmake_clean_cache': False, 'cmake_clean_first': False, 'cmake_force_configure': False, 'cmake_target': None, 'cmake_target_skip_unavailable': False, 'install_base': '/home/hibiki/Robomech_HR/Eglantyne/simulation/install/ros2_control_demo_description', 'merge_install': False, 'path': '/home/hibiki/Robomech_HR/Eglantyne/simulation/src/ros2_control_demos/ros2_control_demo_description', 'symlink_install': False, 'test_result_base': None}
[0.148s] Level 5:colcon.colcon_core.verb:set package 'ros2_control_demo_testing' build argument 'cmake_args' from command line to 'None'
[0.148s] Level 5:colcon.colcon_core.verb:set package 'ros2_control_demo_testing' build argument 'cmake_target' from command line to 'None'
[0.148s] Level 5:colcon.colcon_core.verb:set package 'ros2_control_demo_testing' build argument 'cmake_target_skip_unavailable' from command line to 'False'
[0.148s] Level 5:colcon.colcon_core.verb:set package 'ros2_control_demo_testing' build argument 'cmake_clean_cache' from command line to 'False'
[0.148s] Level 5:colcon.colcon_core.verb:set package 'ros2_control_demo_testing' build argument 'cmake_clean_first' from command line to 'False'
[0.148s] Level 5:colcon.colcon_core.verb:set package 'ros2_control_demo_testing' build argument 'cmake_force_configure' from command line to 'False'
[0.148s] Level 5:colcon.colcon_core.verb:set package 'ros2_control_demo_testing' build argument 'ament_cmake_args' from command line to 'None'
[0.148s] Level 5:colcon.colcon_core.verb:set package 'ros2_control_demo_testing' build argument 'catkin_cmake_args' from command line to 'None'
[0.148s] Level 5:colcon.colcon_core.verb:set package 'ros2_control_demo_testing' build argument 'catkin_skip_building_tests' from command line to 'False'
[0.148s] DEBUG:colcon.colcon_core.verb:Building package 'ros2_control_demo_testing' with the following arguments: {'ament_cmake_args': None, 'build_base': '/home/hibiki/Robomech_HR/Eglantyne/simulation/build/ros2_control_demo_testing', 'catkin_cmake_args': None, 'catkin_skip_building_tests': False, 'cmake_args': None, 'cmake_clean_cache': False, 'cmake_clean_first': False, 'cmake_force_configure': False, 'cmake_target': None, 'cmake_target_skip_unavailable': False, 'install_base': '/home/hibiki/Robomech_HR/Eglantyne/simulation/install/ros2_control_demo_testing', 'merge_install': False, 'path': '/home/hibiki/Robomech_HR/Eglantyne/simulation/src/ros2_control_demos/ros2_control_demo_testing', 'symlink_install': False, 'test_result_base': None}
[0.148s] Level 5:colcon.colcon_core.verb:set package 'simple_sim' build argument 'cmake_args' from command line to 'None'
[0.148s] Level 5:colcon.colcon_core.verb:set package 'simple_sim' build argument 'cmake_target' from command line to 'None'
[0.148s] Level 5:colcon.colcon_core.verb:set package 'simple_sim' build argument 'cmake_target_skip_unavailable' from command line to 'False'
[0.148s] Level 5:colcon.colcon_core.verb:set package 'simple_sim' build argument 'cmake_clean_cache' from command line to 'False'
[0.148s] Level 5:colcon.colcon_core.verb:set package 'simple_sim' build argument 'cmake_clean_first' from command line to 'False'
[0.148s] Level 5:colcon.colcon_core.verb:set package 'simple_sim' build argument 'cmake_force_configure' from command line to 'False'
[0.148s] Level 5:colcon.colcon_core.verb:set package 'simple_sim' build argument 'ament_cmake_args' from command line to 'None'
[0.148s] Level 5:colcon.colcon_core.verb:set package 'simple_sim' build argument 'catkin_cmake_args' from command line to 'None'
[0.148s] Level 5:colcon.colcon_core.verb:set package 'simple_sim' build argument 'catkin_skip_building_tests' from command line to 'False'
[0.148s] DEBUG:colcon.colcon_core.verb:Building package 'simple_sim' with the following arguments: {'ament_cmake_args': None, 'build_base': '/home/hibiki/Robomech_HR/Eglantyne/simulation/build/simple_sim', 'catkin_cmake_args': None, 'catkin_skip_building_tests': False, 'cmake_args': None, 'cmake_clean_cache': False, 'cmake_clean_first': False, 'cmake_force_configure': False, 'cmake_target': None, 'cmake_target_skip_unavailable': False, 'install_base': '/home/hibiki/Robomech_HR/Eglantyne/simulation/install/simple_sim', 'merge_install': False, 'path': '/home/hibiki/Robomech_HR/Eglantyne/simulation/src/simple_sim', 'symlink_install': False, 'test_result_base': None}
[0.148s] Level 5:colcon.colcon_core.verb:set package 'champ_base' build argument 'cmake_args' from command line to 'None'
[0.148s] Level 5:colcon.colcon_core.verb:set package 'champ_base' build argument 'cmake_target' from command line to 'None'
[0.148s] Level 5:colcon.colcon_core.verb:set package 'champ_base' build argument 'cmake_target_skip_unavailable' from command line to 'False'
[0.148s] Level 5:colcon.colcon_core.verb:set package 'champ_base' build argument 'cmake_clean_cache' from command line to 'False'
[0.148s] Level 5:colcon.colcon_core.verb:set package 'champ_base' build argument 'cmake_clean_first' from command line to 'False'
[0.148s] Level 5:colcon.colcon_core.verb:set package 'champ_base' build argument 'cmake_force_configure' from command line to 'False'
[0.148s] Level 5:colcon.colcon_core.verb:set package 'champ_base' build argument 'ament_cmake_args' from command line to 'None'
[0.148s] Level 5:colcon.colcon_core.verb:set package 'champ_base' build argument 'catkin_cmake_args' from command line to 'None'
[0.148s] Level 5:colcon.colcon_core.verb:set package 'champ_base' build argument 'catkin_skip_building_tests' from command line to 'False'
[0.148s] DEBUG:colcon.colcon_core.verb:Building package 'champ_base' with the following arguments: {'ament_cmake_args': None, 'build_base': '/home/hibiki/Robomech_HR/Eglantyne/simulation/build/champ_base', 'catkin_cmake_args': None, 'catkin_skip_building_tests': False, 'cmake_args': None, 'cmake_clean_cache': False, 'cmake_clean_first': False, 'cmake_force_configure': False, 'cmake_target': None, 'cmake_target_skip_unavailable': False, 'install_base': '/home/hibiki/Robomech_HR/Eglantyne/simulation/install/champ_base', 'merge_install': False, 'path': '/home/hibiki/Robomech_HR/Eglantyne/simulation/src/champ/champ_base', 'symlink_install': False, 'test_result_base': None}
[0.148s] Level 5:colcon.colcon_core.verb:set package 'champ_gazebo' build argument 'cmake_args' from command line to 'None'
[0.148s] Level 5:colcon.colcon_core.verb:set package 'champ_gazebo' build argument 'cmake_target' from command line to 'None'
[0.148s] Level 5:colcon.colcon_core.verb:set package 'champ_gazebo' build argument 'cmake_target_skip_unavailable' from command line to 'False'
[0.148s] Level 5:colcon.colcon_core.verb:set package 'champ_gazebo' build argument 'cmake_clean_cache' from command line to 'False'
[0.148s] Level 5:colcon.colcon_core.verb:set package 'champ_gazebo' build argument 'cmake_clean_first' from command line to 'False'
[0.148s] Level 5:colcon.colcon_core.verb:set package 'champ_gazebo' build argument 'cmake_force_configure' from command line to 'False'
[0.148s] Level 5:colcon.colcon_core.verb:set package 'champ_gazebo' build argument 'ament_cmake_args' from command line to 'None'
[0.148s] Level 5:colcon.colcon_core.verb:set package 'champ_gazebo' build argument 'catkin_cmake_args' from command line to 'None'
[0.148s] Level 5:colcon.colcon_core.verb:set package 'champ_gazebo' build argument 'catkin_skip_building_tests' from command line to 'False'
[0.148s] DEBUG:colcon.colcon_core.verb:Building package 'champ_gazebo' with the following arguments: {'ament_cmake_args': None, 'build_base': '/home/hibiki/Robomech_HR/Eglantyne/simulation/build/champ_gazebo', 'catkin_cmake_args': None, 'catkin_skip_building_tests': False, 'cmake_args': None, 'cmake_clean_cache': False, 'cmake_clean_first': False, 'cmake_force_configure': False, 'cmake_target': None, 'cmake_target_skip_unavailable': False, 'install_base': '/home/hibiki/Robomech_HR/Eglantyne/simulation/install/champ_gazebo', 'merge_install': False, 'path': '/home/hibiki/Robomech_HR/Eglantyne/simulation/src/champ/champ_gazebo', 'symlink_install': False, 'test_result_base': None}
[0.149s] Level 5:colcon.colcon_core.verb:set package 'ros2_control_demo_example_1' build argument 'cmake_args' from command line to 'None'
[0.149s] Level 5:colcon.colcon_core.verb:set package 'ros2_control_demo_example_1' build argument 'cmake_target' from command line to 'None'
[0.149s] Level 5:colcon.colcon_core.verb:set package 'ros2_control_demo_example_1' build argument 'cmake_target_skip_unavailable' from command line to 'False'
[0.149s] Level 5:colcon.colcon_core.verb:set package 'ros2_control_demo_example_1' build argument 'cmake_clean_cache' from command line to 'False'
[0.149s] Level 5:colcon.colcon_core.verb:set package 'ros2_control_demo_example_1' build argument 'cmake_clean_first' from command line to 'False'
[0.149s] Level 5:colcon.colcon_core.verb:set package 'ros2_control_demo_example_1' build argument 'cmake_force_configure' from command line to 'False'
[0.149s] Level 5:colcon.colcon_core.verb:set package 'ros2_control_demo_example_1' build argument 'ament_cmake_args' from command line to 'None'
[0.149s] Level 5:colcon.colcon_core.verb:set package 'ros2_control_demo_example_1' build argument 'catkin_cmake_args' from command line to 'None'
[0.149s] Level 5:colcon.colcon_core.verb:set package 'ros2_control_demo_example_1' build argument 'catkin_skip_building_tests' from command line to 'False'
[0.149s] DEBUG:colcon.colcon_core.verb:Building package 'ros2_control_demo_example_1' with the following arguments: {'ament_cmake_args': None, 'build_base': '/home/hibiki/Robomech_HR/Eglantyne/simulation/build/ros2_control_demo_example_1', 'catkin_cmake_args': None, 'catkin_skip_building_tests': False, 'cmake_args': None, 'cmake_clean_cache': False, 'cmake_clean_first': False, 'cmake_force_configure': False, 'cmake_target': None, 'cmake_target_skip_unavailable': False, 'install_base': '/home/hibiki/Robomech_HR/Eglantyne/simulation/install/ros2_control_demo_example_1', 'merge_install': False, 'path': '/home/hibiki/Robomech_HR/Eglantyne/simulation/src/ros2_control_demos/example_1', 'symlink_install': False, 'test_result_base': None}
[0.149s] Level 5:colcon.colcon_core.verb:set package 'ros2_control_demo_example_10' build argument 'cmake_args' from command line to 'None'
[0.149s] Level 5:colcon.colcon_core.verb:set package 'ros2_control_demo_example_10' build argument 'cmake_target' from command line to 'None'
[0.149s] Level 5:colcon.colcon_core.verb:set package 'ros2_control_demo_example_10' build argument 'cmake_target_skip_unavailable' from command line to 'False'
[0.149s] Level 5:colcon.colcon_core.verb:set package 'ros2_control_demo_example_10' build argument 'cmake_clean_cache' from command line to 'False'
[0.149s] Level 5:colcon.colcon_core.verb:set package 'ros2_control_demo_example_10' build argument 'cmake_clean_first' from command line to 'False'
[0.149s] Level 5:colcon.colcon_core.verb:set package 'ros2_control_demo_example_10' build argument 'cmake_force_configure' from command line to 'False'
[0.149s] Level 5:colcon.colcon_core.verb:set package 'ros2_control_demo_example_10' build argument 'ament_cmake_args' from command line to 'None'
[0.149s] Level 5:colcon.colcon_core.verb:set package 'ros2_control_demo_example_10' build argument 'catkin_cmake_args' from command line to 'None'
[0.149s] Level 5:colcon.colcon_core.verb:set package 'ros2_control_demo_example_10' build argument 'catkin_skip_building_tests' from command line to 'False'
[0.149s] DEBUG:colcon.colcon_core.verb:Building package 'ros2_control_demo_example_10' with the following arguments: {'ament_cmake_args': None, 'build_base': '/home/hibiki/Robomech_HR/Eglantyne/simulation/build/ros2_control_demo_example_10', 'catkin_cmake_args': None, 'catkin_skip_building_tests': False, 'cmake_args': None, 'cmake_clean_cache': False, 'cmake_clean_first': False, 'cmake_force_configure': False, 'cmake_target': None, 'cmake_target_skip_unavailable': False, 'install_base': '/home/hibiki/Robomech_HR/Eglantyne/simulation/install/ros2_control_demo_example_10', 'merge_install': False, 'path': '/home/hibiki/Robomech_HR/Eglantyne/simulation/src/ros2_control_demos/example_10', 'symlink_install': False, 'test_result_base': None}
[0.149s] Level 5:colcon.colcon_core.verb:set package 'ros2_control_demo_example_11' build argument 'cmake_args' from command line to 'None'
[0.149s] Level 5:colcon.colcon_core.verb:set package 'ros2_control_demo_example_11' build argument 'cmake_target' from command line to 'None'
[0.149s] Level 5:colcon.colcon_core.verb:set package 'ros2_control_demo_example_11' build argument 'cmake_target_skip_unavailable' from command line to 'False'
[0.149s] Level 5:colcon.colcon_core.verb:set package 'ros2_control_demo_example_11' build argument 'cmake_clean_cache' from command line to 'False'
[0.149s] Level 5:colcon.colcon_core.verb:set package 'ros2_control_demo_example_11' build argument 'cmake_clean_first' from command line to 'False'
[0.149s] Level 5:colcon.colcon_core.verb:set package 'ros2_control_demo_example_11' build argument 'cmake_force_configure' from command line to 'False'
[0.149s] Level 5:colcon.colcon_core.verb:set package 'ros2_control_demo_example_11' build argument 'ament_cmake_args' from command line to 'None'
[0.149s] Level 5:colcon.colcon_core.verb:set package 'ros2_control_demo_example_11' build argument 'catkin_cmake_args' from command line to 'None'
[0.149s] Level 5:colcon.colcon_core.verb:set package 'ros2_control_demo_example_11' build argument 'catkin_skip_building_tests' from command line to 'False'
[0.149s] DEBUG:colcon.colcon_core.verb:Building package 'ros2_control_demo_example_11' with the following arguments: {'ament_cmake_args': None, 'build_base': '/home/hibiki/Robomech_HR/Eglantyne/simulation/build/ros2_control_demo_example_11', 'catkin_cmake_args': None, 'catkin_skip_building_tests': False, 'cmake_args': None, 'cmake_clean_cache': False, 'cmake_clean_first': False, 'cmake_force_configure': False, 'cmake_target': None, 'cmake_target_skip_unavailable': False, 'install_base': '/home/hibiki/Robomech_HR/Eglantyne/simulation/install/ros2_control_demo_example_11', 'merge_install': False, 'path': '/home/hibiki/Robomech_HR/Eglantyne/simulation/src/ros2_control_demos/example_11', 'symlink_install': False, 'test_result_base': None}
[0.149s] Level 5:colcon.colcon_core.verb:set package 'ros2_control_demo_example_12' build argument 'cmake_args' from command line to 'None'
[0.149s] Level 5:colcon.colcon_core.verb:set package 'ros2_control_demo_example_12' build argument 'cmake_target' from command line to 'None'
[0.149s] Level 5:colcon.colcon_core.verb:set package 'ros2_control_demo_example_12' build argument 'cmake_target_skip_unavailable' from command line to 'False'
[0.150s] Level 5:colcon.colcon_core.verb:set package 'ros2_control_demo_example_12' build argument 'cmake_clean_cache' from command line to 'False'
[0.150s] Level 5:colcon.colcon_core.verb:set package 'ros2_control_demo_example_12' build argument 'cmake_clean_first' from command line to 'False'
[0.150s] Level 5:colcon.colcon_core.verb:set package 'ros2_control_demo_example_12' build argument 'cmake_force_configure' from command line to 'False'
[0.150s] Level 5:colcon.colcon_core.verb:set package 'ros2_control_demo_example_12' build argument 'ament_cmake_args' from command line to 'None'
[0.150s] Level 5:colcon.colcon_core.verb:set package 'ros2_control_demo_example_12' build argument 'catkin_cmake_args' from command line to 'None'
[0.150s] Level 5:colcon.colcon_core.verb:set package 'ros2_control_demo_example_12' build argument 'catkin_skip_building_tests' from command line to 'False'
[0.150s] DEBUG:colcon.colcon_core.verb:Building package 'ros2_control_demo_example_12' with the following arguments: {'ament_cmake_args': None, 'build_base': '/home/hibiki/Robomech_HR/Eglantyne/simulation/build/ros2_control_demo_example_12', 'catkin_cmake_args': None, 'catkin_skip_building_tests': False, 'cmake_args': None, 'cmake_clean_cache': False, 'cmake_clean_first': False, 'cmake_force_configure': False, 'cmake_target': None, 'cmake_target_skip_unavailable': False, 'install_base': '/home/hibiki/Robomech_HR/Eglantyne/simulation/install/ros2_control_demo_example_12', 'merge_install': False, 'path': '/home/hibiki/Robomech_HR/Eglantyne/simulation/src/ros2_control_demos/example_12', 'symlink_install': False, 'test_result_base': None}
[0.150s] Level 5:colcon.colcon_core.verb:set package 'ros2_control_demo_example_14' build argument 'cmake_args' from command line to 'None'
[0.150s] Level 5:colcon.colcon_core.verb:set package 'ros2_control_demo_example_14' build argument 'cmake_target' from command line to 'None'
[0.150s] Level 5:colcon.colcon_core.verb:set package 'ros2_control_demo_example_14' build argument 'cmake_target_skip_unavailable' from command line to 'False'
[0.150s] Level 5:colcon.colcon_core.verb:set package 'ros2_control_demo_example_14' build argument 'cmake_clean_cache' from command line to 'False'
[0.150s] Level 5:colcon.colcon_core.verb:set package 'ros2_control_demo_example_14' build argument 'cmake_clean_first' from command line to 'False'
[0.150s] Level 5:colcon.colcon_core.verb:set package 'ros2_control_demo_example_14' build argument 'cmake_force_configure' from command line to 'False'
[0.150s] Level 5:colcon.colcon_core.verb:set package 'ros2_control_demo_example_14' build argument 'ament_cmake_args' from command line to 'None'
[0.150s] Level 5:colcon.colcon_core.verb:set package 'ros2_control_demo_example_14' build argument 'catkin_cmake_args' from command line to 'None'
[0.150s] Level 5:colcon.colcon_core.verb:set package 'ros2_control_demo_example_14' build argument 'catkin_skip_building_tests' from command line to 'False'
[0.150s] DEBUG:colcon.colcon_core.verb:Building package 'ros2_control_demo_example_14' with the following arguments: {'ament_cmake_args': None, 'build_base': '/home/hibiki/Robomech_HR/Eglantyne/simulation/build/ros2_control_demo_example_14', 'catkin_cmake_args': None, 'catkin_skip_building_tests': False, 'cmake_args': None, 'cmake_clean_cache': False, 'cmake_clean_first': False, 'cmake_force_configure': False, 'cmake_target': None, 'cmake_target_skip_unavailable': False, 'install_base': '/home/hibiki/Robomech_HR/Eglantyne/simulation/install/ros2_control_demo_example_14', 'merge_install': False, 'path': '/home/hibiki/Robomech_HR/Eglantyne/simulation/src/ros2_control_demos/example_14', 'symlink_install': False, 'test_result_base': None}
[0.150s] Level 5:colcon.colcon_core.verb:set package 'ros2_control_demo_example_2' build argument 'cmake_args' from command line to 'None'
[0.150s] Level 5:colcon.colcon_core.verb:set package 'ros2_control_demo_example_2' build argument 'cmake_target' from command line to 'None'
[0.150s] Level 5:colcon.colcon_core.verb:set package 'ros2_control_demo_example_2' build argument 'cmake_target_skip_unavailable' from command line to 'False'
[0.150s] Level 5:colcon.colcon_core.verb:set package 'ros2_control_demo_example_2' build argument 'cmake_clean_cache' from command line to 'False'
[0.150s] Level 5:colcon.colcon_core.verb:set package 'ros2_control_demo_example_2' build argument 'cmake_clean_first' from command line to 'False'
[0.150s] Level 5:colcon.colcon_core.verb:set package 'ros2_control_demo_example_2' build argument 'cmake_force_configure' from command line to 'False'
[0.150s] Level 5:colcon.colcon_core.verb:set package 'ros2_control_demo_example_2' build argument 'ament_cmake_args' from command line to 'None'
[0.150s] Level 5:colcon.colcon_core.verb:set package 'ros2_control_demo_example_2' build argument 'catkin_cmake_args' from command line to 'None'
[0.150s] Level 5:colcon.colcon_core.verb:set package 'ros2_control_demo_example_2' build argument 'catkin_skip_building_tests' from command line to 'False'
[0.150s] DEBUG:colcon.colcon_core.verb:Building package 'ros2_control_demo_example_2' with the following arguments: {'ament_cmake_args': None, 'build_base': '/home/hibiki/Robomech_HR/Eglantyne/simulation/build/ros2_control_demo_example_2', 'catkin_cmake_args': None, 'catkin_skip_building_tests': False, 'cmake_args': None, 'cmake_clean_cache': False, 'cmake_clean_first': False, 'cmake_force_configure': False, 'cmake_target': None, 'cmake_target_skip_unavailable': False, 'install_base': '/home/hibiki/Robomech_HR/Eglantyne/simulation/install/ros2_control_demo_example_2', 'merge_install': False, 'path': '/home/hibiki/Robomech_HR/Eglantyne/simulation/src/ros2_control_demos/example_2', 'symlink_install': False, 'test_result_base': None}
[0.150s] Level 5:colcon.colcon_core.verb:set package 'ros2_control_demo_example_3' build argument 'cmake_args' from command line to 'None'
[0.150s] Level 5:colcon.colcon_core.verb:set package 'ros2_control_demo_example_3' build argument 'cmake_target' from command line to 'None'
[0.150s] Level 5:colcon.colcon_core.verb:set package 'ros2_control_demo_example_3' build argument 'cmake_target_skip_unavailable' from command line to 'False'
[0.150s] Level 5:colcon.colcon_core.verb:set package 'ros2_control_demo_example_3' build argument 'cmake_clean_cache' from command line to 'False'
[0.150s] Level 5:colcon.colcon_core.verb:set package 'ros2_control_demo_example_3' build argument 'cmake_clean_first' from command line to 'False'
[0.150s] Level 5:colcon.colcon_core.verb:set package 'ros2_control_demo_example_3' build argument 'cmake_force_configure' from command line to 'False'
[0.150s] Level 5:colcon.colcon_core.verb:set package 'ros2_control_demo_example_3' build argument 'ament_cmake_args' from command line to 'None'
[0.150s] Level 5:colcon.colcon_core.verb:set package 'ros2_control_demo_example_3' build argument 'catkin_cmake_args' from command line to 'None'
[0.150s] Level 5:colcon.colcon_core.verb:set package 'ros2_control_demo_example_3' build argument 'catkin_skip_building_tests' from command line to 'False'
[0.150s] DEBUG:colcon.colcon_core.verb:Building package 'ros2_control_demo_example_3' with the following arguments: {'ament_cmake_args': None, 'build_base': '/home/hibiki/Robomech_HR/Eglantyne/simulation/build/ros2_control_demo_example_3', 'catkin_cmake_args': None, 'catkin_skip_building_tests': False, 'cmake_args': None, 'cmake_clean_cache': False, 'cmake_clean_first': False, 'cmake_force_configure': False, 'cmake_target': None, 'cmake_target_skip_unavailable': False, 'install_base': '/home/hibiki/Robomech_HR/Eglantyne/simulation/install/ros2_control_demo_example_3', 'merge_install': False, 'path': '/home/hibiki/Robomech_HR/Eglantyne/simulation/src/ros2_control_demos/example_3', 'symlink_install': False, 'test_result_base': None}
[0.151s] Level 5:colcon.colcon_core.verb:set package 'ros2_control_demo_example_4' build argument 'cmake_args' from command line to 'None'
[0.151s] Level 5:colcon.colcon_core.verb:set package 'ros2_control_demo_example_4' build argument 'cmake_target' from command line to 'None'
[0.151s] Level 5:colcon.colcon_core.verb:set package 'ros2_control_demo_example_4' build argument 'cmake_target_skip_unavailable' from command line to 'False'
[0.151s] Level 5:colcon.colcon_core.verb:set package 'ros2_control_demo_example_4' build argument 'cmake_clean_cache' from command line to 'False'
[0.151s] Level 5:colcon.colcon_core.verb:set package 'ros2_control_demo_example_4' build argument 'cmake_clean_first' from command line to 'False'
[0.151s] Level 5:colcon.colcon_core.verb:set package 'ros2_control_demo_example_4' build argument 'cmake_force_configure' from command line to 'False'
[0.151s] Level 5:colcon.colcon_core.verb:set package 'ros2_control_demo_example_4' build argument 'ament_cmake_args' from command line to 'None'
[0.151s] Level 5:colcon.colcon_core.verb:set package 'ros2_control_demo_example_4' build argument 'catkin_cmake_args' from command line to 'None'
[0.151s] Level 5:colcon.colcon_core.verb:set package 'ros2_control_demo_example_4' build argument 'catkin_skip_building_tests' from command line to 'False'
[0.151s] DEBUG:colcon.colcon_core.verb:Building package 'ros2_control_demo_example_4' with the following arguments: {'ament_cmake_args': None, 'build_base': '/home/hibiki/Robomech_HR/Eglantyne/simulation/build/ros2_control_demo_example_4', 'catkin_cmake_args': None, 'catkin_skip_building_tests': False, 'cmake_args': None, 'cmake_clean_cache': False, 'cmake_clean_first': False, 'cmake_force_configure': False, 'cmake_target': None, 'cmake_target_skip_unavailable': False, 'install_base': '/home/hibiki/Robomech_HR/Eglantyne/simulation/install/ros2_control_demo_example_4', 'merge_install': False, 'path': '/home/hibiki/Robomech_HR/Eglantyne/simulation/src/ros2_control_demos/example_4', 'symlink_install': False, 'test_result_base': None}
[0.151s] Level 5:colcon.colcon_core.verb:set package 'ros2_control_demo_example_5' build argument 'cmake_args' from command line to 'None'
[0.151s] Level 5:colcon.colcon_core.verb:set package 'ros2_control_demo_example_5' build argument 'cmake_target' from command line to 'None'
[0.151s] Level 5:colcon.colcon_core.verb:set package 'ros2_control_demo_example_5' build argument 'cmake_target_skip_unavailable' from command line to 'False'
[0.151s] Level 5:colcon.colcon_core.verb:set package 'ros2_control_demo_example_5' build argument 'cmake_clean_cache' from command line to 'False'
[0.151s] Level 5:colcon.colcon_core.verb:set package 'ros2_control_demo_example_5' build argument 'cmake_clean_first' from command line to 'False'
[0.151s] Level 5:colcon.colcon_core.verb:set package 'ros2_control_demo_example_5' build argument 'cmake_force_configure' from command line to 'False'
[0.151s] Level 5:colcon.colcon_core.verb:set package 'ros2_control_demo_example_5' build argument 'ament_cmake_args' from command line to 'None'
[0.151s] Level 5:colcon.colcon_core.verb:set package 'ros2_control_demo_example_5' build argument 'catkin_cmake_args' from command line to 'None'
[0.151s] Level 5:colcon.colcon_core.verb:set package 'ros2_control_demo_example_5' build argument 'catkin_skip_building_tests' from command line to 'False'
[0.151s] DEBUG:colcon.colcon_core.verb:Building package 'ros2_control_demo_example_5' with the following arguments: {'ament_cmake_args': None, 'build_base': '/home/hibiki/Robomech_HR/Eglantyne/simulation/build/ros2_control_demo_example_5', 'catkin_cmake_args': None, 'catkin_skip_building_tests': False, 'cmake_args': None, 'cmake_clean_cache': False, 'cmake_clean_first': False, 'cmake_force_configure': False, 'cmake_target': None, 'cmake_target_skip_unavailable': False, 'install_base': '/home/hibiki/Robomech_HR/Eglantyne/simulation/install/ros2_control_demo_example_5', 'merge_install': False, 'path': '/home/hibiki/Robomech_HR/Eglantyne/simulation/src/ros2_control_demos/example_5', 'symlink_install': False, 'test_result_base': None}
[0.151s] Level 5:colcon.colcon_core.verb:set package 'ros2_control_demo_example_6' build argument 'cmake_args' from command line to 'None'
[0.151s] Level 5:colcon.colcon_core.verb:set package 'ros2_control_demo_example_6' build argument 'cmake_target' from command line to 'None'
[0.151s] Level 5:colcon.colcon_core.verb:set package 'ros2_control_demo_example_6' build argument 'cmake_target_skip_unavailable' from command line to 'False'
[0.151s] Level 5:colcon.colcon_core.verb:set package 'ros2_control_demo_example_6' build argument 'cmake_clean_cache' from command line to 'False'
[0.151s] Level 5:colcon.colcon_core.verb:set package 'ros2_control_demo_example_6' build argument 'cmake_clean_first' from command line to 'False'
[0.151s] Level 5:colcon.colcon_core.verb:set package 'ros2_control_demo_example_6' build argument 'cmake_force_configure' from command line to 'False'
[0.151s] Level 5:colcon.colcon_core.verb:set package 'ros2_control_demo_example_6' build argument 'ament_cmake_args' from command line to 'None'
[0.151s] Level 5:colcon.colcon_core.verb:set package 'ros2_control_demo_example_6' build argument 'catkin_cmake_args' from command line to 'None'
[0.151s] Level 5:colcon.colcon_core.verb:set package 'ros2_control_demo_example_6' build argument 'catkin_skip_building_tests' from command line to 'False'
[0.151s] DEBUG:colcon.colcon_core.verb:Building package 'ros2_control_demo_example_6' with the following arguments: {'ament_cmake_args': None, 'build_base': '/home/hibiki/Robomech_HR/Eglantyne/simulation/build/ros2_control_demo_example_6', 'catkin_cmake_args': None, 'catkin_skip_building_tests': False, 'cmake_args': None, 'cmake_clean_cache': False, 'cmake_clean_first': False, 'cmake_force_configure': False, 'cmake_target': None, 'cmake_target_skip_unavailable': False, 'install_base': '/home/hibiki/Robomech_HR/Eglantyne/simulation/install/ros2_control_demo_example_6', 'merge_install': False, 'path': '/home/hibiki/Robomech_HR/Eglantyne/simulation/src/ros2_control_demos/example_6', 'symlink_install': False, 'test_result_base': None}
[0.151s] Level 5:colcon.colcon_core.verb:set package 'ros2_control_demo_example_7' build argument 'cmake_args' from command line to 'None'
[0.152s] Level 5:colcon.colcon_core.verb:set package 'ros2_control_demo_example_7' build argument 'cmake_target' from command line to 'None'
[0.152s] Level 5:colcon.colcon_core.verb:set package 'ros2_control_demo_example_7' build argument 'cmake_target_skip_unavailable' from command line to 'False'
[0.152s] Level 5:colcon.colcon_core.verb:set package 'ros2_control_demo_example_7' build argument 'cmake_clean_cache' from command line to 'False'
[0.152s] Level 5:colcon.colcon_core.verb:set package 'ros2_control_demo_example_7' build argument 'cmake_clean_first' from command line to 'False'
[0.152s] Level 5:colcon.colcon_core.verb:set package 'ros2_control_demo_example_7' build argument 'cmake_force_configure' from command line to 'False'
[0.152s] Level 5:colcon.colcon_core.verb:set package 'ros2_control_demo_example_7' build argument 'ament_cmake_args' from command line to 'None'
[0.152s] Level 5:colcon.colcon_core.verb:set package 'ros2_control_demo_example_7' build argument 'catkin_cmake_args' from command line to 'None'
[0.152s] Level 5:colcon.colcon_core.verb:set package 'ros2_control_demo_example_7' build argument 'catkin_skip_building_tests' from command line to 'False'
[0.152s] DEBUG:colcon.colcon_core.verb:Building package 'ros2_control_demo_example_7' with the following arguments: {'ament_cmake_args': None, 'build_base': '/home/hibiki/Robomech_HR/Eglantyne/simulation/build/ros2_control_demo_example_7', 'catkin_cmake_args': None, 'catkin_skip_building_tests': False, 'cmake_args': None, 'cmake_clean_cache': False, 'cmake_clean_first': False, 'cmake_force_configure': False, 'cmake_target': None, 'cmake_target_skip_unavailable': False, 'install_base': '/home/hibiki/Robomech_HR/Eglantyne/simulation/install/ros2_control_demo_example_7', 'merge_install': False, 'path': '/home/hibiki/Robomech_HR/Eglantyne/simulation/src/ros2_control_demos/example_7', 'symlink_install': False, 'test_result_base': None}
[0.152s] Level 5:colcon.colcon_core.verb:set package 'ros2_control_demo_example_8' build argument 'cmake_args' from command line to 'None'
[0.152s] Level 5:colcon.colcon_core.verb:set package 'ros2_control_demo_example_8' build argument 'cmake_target' from command line to 'None'
[0.152s] Level 5:colcon.colcon_core.verb:set package 'ros2_control_demo_example_8' build argument 'cmake_target_skip_unavailable' from command line to 'False'
[0.152s] Level 5:colcon.colcon_core.verb:set package 'ros2_control_demo_example_8' build argument 'cmake_clean_cache' from command line to 'False'
[0.152s] Level 5:colcon.colcon_core.verb:set package 'ros2_control_demo_example_8' build argument 'cmake_clean_first' from command line to 'False'
[0.152s] Level 5:colcon.colcon_core.verb:set package 'ros2_control_demo_example_8' build argument 'cmake_force_configure' from command line to 'False'
[0.152s] Level 5:colcon.colcon_core.verb:set package 'ros2_control_demo_example_8' build argument 'ament_cmake_args' from command line to 'None'
[0.152s] Level 5:colcon.colcon_core.verb:set package 'ros2_control_demo_example_8' build argument 'catkin_cmake_args' from command line to 'None'
[0.152s] Level 5:colcon.colcon_core.verb:set package 'ros2_control_demo_example_8' build argument 'catkin_skip_building_tests' from command line to 'False'
[0.152s] DEBUG:colcon.colcon_core.verb:Building package 'ros2_control_demo_example_8' with the following arguments: {'ament_cmake_args': None, 'build_base': '/home/hibiki/Robomech_HR/Eglantyne/simulation/build/ros2_control_demo_example_8', 'catkin_cmake_args': None, 'catkin_skip_building_tests': False, 'cmake_args': None, 'cmake_clean_cache': False, 'cmake_clean_first': False, 'cmake_force_configure': False, 'cmake_target': None, 'cmake_target_skip_unavailable': False, 'install_base': '/home/hibiki/Robomech_HR/Eglantyne/simulation/install/ros2_control_demo_example_8', 'merge_install': False, 'path': '/home/hibiki/Robomech_HR/Eglantyne/simulation/src/ros2_control_demos/example_8', 'symlink_install': False, 'test_result_base': None}
[0.152s] Level 5:colcon.colcon_core.verb:set package 'ros2_control_demo_example_9' build argument 'cmake_args' from command line to 'None'
[0.152s] Level 5:colcon.colcon_core.verb:set package 'ros2_control_demo_example_9' build argument 'cmake_target' from command line to 'None'
[0.152s] Level 5:colcon.colcon_core.verb:set package 'ros2_control_demo_example_9' build argument 'cmake_target_skip_unavailable' from command line to 'False'
[0.152s] Level 5:colcon.colcon_core.verb:set package 'ros2_control_demo_example_9' build argument 'cmake_clean_cache' from command line to 'False'
[0.152s] Level 5:colcon.colcon_core.verb:set package 'ros2_control_demo_example_9' build argument 'cmake_clean_first' from command line to 'False'
[0.152s] Level 5:colcon.colcon_core.verb:set package 'ros2_control_demo_example_9' build argument 'cmake_force_configure' from command line to 'False'
[0.152s] Level 5:colcon.colcon_core.verb:set package 'ros2_control_demo_example_9' build argument 'ament_cmake_args' from command line to 'None'
[0.152s] Level 5:colcon.colcon_core.verb:set package 'ros2_control_demo_example_9' build argument 'catkin_cmake_args' from command line to 'None'
[0.152s] Level 5:colcon.colcon_core.verb:set package 'ros2_control_demo_example_9' build argument 'catkin_skip_building_tests' from command line to 'False'
[0.152s] DEBUG:colcon.colcon_core.verb:Building package 'ros2_control_demo_example_9' with the following arguments: {'ament_cmake_args': None, 'build_base': '/home/hibiki/Robomech_HR/Eglantyne/simulation/build/ros2_control_demo_example_9', 'catkin_cmake_args': None, 'catkin_skip_building_tests': False, 'cmake_args': None, 'cmake_clean_cache': False, 'cmake_clean_first': False, 'cmake_force_configure': False, 'cmake_target': None, 'cmake_target_skip_unavailable': False, 'install_base': '/home/hibiki/Robomech_HR/Eglantyne/simulation/install/ros2_control_demo_example_9', 'merge_install': False, 'path': '/home/hibiki/Robomech_HR/Eglantyne/simulation/src/ros2_control_demos/example_9', 'symlink_install': False, 'test_result_base': None}
[0.152s] Level 5:colcon.colcon_core.verb:set package 'champ_bringup' build argument 'cmake_args' from command line to 'None'
[0.152s] Level 5:colcon.colcon_core.verb:set package 'champ_bringup' build argument 'cmake_target' from command line to 'None'
[0.152s] Level 5:colcon.colcon_core.verb:set package 'champ_bringup' build argument 'cmake_target_skip_unavailable' from command line to 'False'
[0.152s] Level 5:colcon.colcon_core.verb:set package 'champ_bringup' build argument 'cmake_clean_cache' from command line to 'False'
[0.152s] Level 5:colcon.colcon_core.verb:set package 'champ_bringup' build argument 'cmake_clean_first' from command line to 'False'
[0.152s] Level 5:colcon.colcon_core.verb:set package 'champ_bringup' build argument 'cmake_force_configure' from command line to 'False'
[0.152s] Level 5:colcon.colcon_core.verb:set package 'champ_bringup' build argument 'ament_cmake_args' from command line to 'None'
[0.152s] Level 5:colcon.colcon_core.verb:set package 'champ_bringup' build argument 'catkin_cmake_args' from command line to 'None'
[0.152s] Level 5:colcon.colcon_core.verb:set package 'champ_bringup' build argument 'catkin_skip_building_tests' from command line to 'False'
[0.152s] DEBUG:colcon.colcon_core.verb:Building package 'champ_bringup' with the following arguments: {'ament_cmake_args': None, 'build_base': '/home/hibiki/Robomech_HR/Eglantyne/simulation/build/champ_bringup', 'catkin_cmake_args': None, 'catkin_skip_building_tests': False, 'cmake_args': None, 'cmake_clean_cache': False, 'cmake_clean_first': False, 'cmake_force_configure': False, 'cmake_target': None, 'cmake_target_skip_unavailable': False, 'install_base': '/home/hibiki/Robomech_HR/Eglantyne/simulation/install/champ_bringup', 'merge_install': False, 'path': '/home/hibiki/Robomech_HR/Eglantyne/simulation/src/champ/champ_bringup', 'symlink_install': False, 'test_result_base': None}
[0.153s] Level 5:colcon.colcon_core.verb:set package 'ros2_control_demo_example_15' build argument 'cmake_args' from command line to 'None'
[0.153s] Level 5:colcon.colcon_core.verb:set package 'ros2_control_demo_example_15' build argument 'cmake_target' from command line to 'None'
[0.153s] Level 5:colcon.colcon_core.verb:set package 'ros2_control_demo_example_15' build argument 'cmake_target_skip_unavailable' from command line to 'False'
[0.153s] Level 5:colcon.colcon_core.verb:set package 'ros2_control_demo_example_15' build argument 'cmake_clean_cache' from command line to 'False'
[0.153s] Level 5:colcon.colcon_core.verb:set package 'ros2_control_demo_example_15' build argument 'cmake_clean_first' from command line to 'False'
[0.153s] Level 5:colcon.colcon_core.verb:set package 'ros2_control_demo_example_15' build argument 'cmake_force_configure' from command line to 'False'
[0.153s] Level 5:colcon.colcon_core.verb:set package 'ros2_control_demo_example_15' build argument 'ament_cmake_args' from command line to 'None'
[0.153s] Level 5:colcon.colcon_core.verb:set package 'ros2_control_demo_example_15' build argument 'catkin_cmake_args' from command line to 'None'
[0.153s] Level 5:colcon.colcon_core.verb:set package 'ros2_control_demo_example_15' build argument 'catkin_skip_building_tests' from command line to 'False'
[0.153s] DEBUG:colcon.colcon_core.verb:Building package 'ros2_control_demo_example_15' with the following arguments: {'ament_cmake_args': None, 'build_base': '/home/hibiki/Robomech_HR/Eglantyne/simulation/build/ros2_control_demo_example_15', 'catkin_cmake_args': None, 'catkin_skip_building_tests': False, 'cmake_args': None, 'cmake_clean_cache': False, 'cmake_clean_first': False, 'cmake_force_configure': False, 'cmake_target': None, 'cmake_target_skip_unavailable': False, 'install_base': '/home/hibiki/Robomech_HR/Eglantyne/simulation/install/ros2_control_demo_example_15', 'merge_install': False, 'path': '/home/hibiki/Robomech_HR/Eglantyne/simulation/src/ros2_control_demos/example_15', 'symlink_install': False, 'test_result_base': None}
[0.153s] Level 5:colcon.colcon_core.verb:set package 'ros2_control_demos' build argument 'cmake_args' from command line to 'None'
[0.153s] Level 5:colcon.colcon_core.verb:set package 'ros2_control_demos' build argument 'cmake_target' from command line to 'None'
[0.153s] Level 5:colcon.colcon_core.verb:set package 'ros2_control_demos' build argument 'cmake_target_skip_unavailable' from command line to 'False'
[0.153s] Level 5:colcon.colcon_core.verb:set package 'ros2_control_demos' build argument 'cmake_clean_cache' from command line to 'False'
[0.153s] Level 5:colcon.colcon_core.verb:set package 'ros2_control_demos' build argument 'cmake_clean_first' from command line to 'False'
[0.153s] Level 5:colcon.colcon_core.verb:set package 'ros2_control_demos' build argument 'cmake_force_configure' from command line to 'False'
[0.153s] Level 5:colcon.colcon_core.verb:set package 'ros2_control_demos' build argument 'ament_cmake_args' from command line to 'None'
[0.153s] Level 5:colcon.colcon_core.verb:set package 'ros2_control_demos' build argument 'catkin_cmake_args' from command line to 'None'
[0.153s] Level 5:colcon.colcon_core.verb:set package 'ros2_control_demos' build argument 'catkin_skip_building_tests' from command line to 'False'
[0.153s] DEBUG:colcon.colcon_core.verb:Building package 'ros2_control_demos' with the following arguments: {'ament_cmake_args': None, 'build_base': '/home/hibiki/Robomech_HR/Eglantyne/simulation/build/ros2_control_demos', 'catkin_cmake_args': None, 'catkin_skip_building_tests': False, 'cmake_args': None, 'cmake_clean_cache': False, 'cmake_clean_first': False, 'cmake_force_configure': False, 'cmake_target': None, 'cmake_target_skip_unavailable': False, 'install_base': '/home/hibiki/Robomech_HR/Eglantyne/simulation/install/ros2_control_demos', 'merge_install': False, 'path': '/home/hibiki/Robomech_HR/Eglantyne/simulation/src/ros2_control_demos/ros2_control_demos', 'symlink_install': False, 'test_result_base': None}
[0.153s] INFO:colcon.colcon_core.executor:Executing jobs using 'parallel' executor
[0.154s] DEBUG:colcon.colcon_parallel_executor.executor.parallel:run_until_complete
[0.154s] INFO:colcon.colcon_ros.task.ament_cmake.build:Building ROS package in '/home/hibiki/Robomech_HR/Eglantyne/simulation/src/ros2_control_demos/ros2_control_demo_description' with build type 'ament_cmake'
[0.154s] INFO:colcon.colcon_cmake.task.cmake.build:Building CMake package in '/home/hibiki/Robomech_HR/Eglantyne/simulation/src/ros2_control_demos/ros2_control_demo_description'
[0.156s] INFO:colcon.colcon_core.plugin_system:Skipping extension 'colcon_core.shell.bat': Not used on non-Windows systems
[0.156s] INFO:colcon.colcon_core.shell:Skip shell extension 'powershell' for command environment: Not usable outside of PowerShell
[0.156s] DEBUG:colcon.colcon_core.shell:Skip shell extension 'dsv' for command environment
[0.159s] INFO:colcon.colcon_ros.task.ament_python.build:Building ROS package in '/home/hibiki/Robomech_HR/Eglantyne/simulation/src/ros2_control_demos/ros2_control_demo_testing' with build type 'ament_python'
[0.160s] Level 1:colcon.colcon_core.shell:create_environment_hook('ros2_control_demo_testing', 'ament_prefix_path')
[0.160s] INFO:colcon.colcon_core.shell:Creating environment hook '/home/hibiki/Robomech_HR/Eglantyne/simulation/install/ros2_control_demo_testing/share/ros2_control_demo_testing/hook/ament_prefix_path.ps1'
[0.160s] INFO:colcon.colcon_core.shell:Creating environment descriptor '/home/hibiki/Robomech_HR/Eglantyne/simulation/install/ros2_control_demo_testing/share/ros2_control_demo_testing/hook/ament_prefix_path.dsv'
[0.160s] INFO:colcon.colcon_core.shell:Creating environment hook '/home/hibiki/Robomech_HR/Eglantyne/simulation/install/ros2_control_demo_testing/share/ros2_control_demo_testing/hook/ament_prefix_path.sh'
[0.161s] INFO:colcon.colcon_core.shell:Skip shell extension 'powershell' for command environment: Not usable outside of PowerShell
[0.161s] DEBUG:colcon.colcon_core.shell:Skip shell extension 'dsv' for command environment
[0.163s] INFO:colcon.colcon_ros.task.ament_cmake.build:Building ROS package in '/home/hibiki/Robomech_HR/Eglantyne/simulation/src/champ/champ' with build type 'ament_cmake'
[0.163s] INFO:colcon.colcon_cmake.task.cmake.build:Building CMake package in '/home/hibiki/Robomech_HR/Eglantyne/simulation/src/champ/champ'
[0.163s] INFO:colcon.colcon_core.shell:Skip shell extension 'powershell' for command environment: Not usable outside of PowerShell
[0.163s] DEBUG:colcon.colcon_core.shell:Skip shell extension 'dsv' for command environment
[0.166s] INFO:colcon.colcon_ros.task.ament_cmake.build:Building ROS package in '/home/hibiki/Robomech_HR/Eglantyne/simulation/src/champ/champ_msgs' with build type 'ament_cmake'
[0.166s] INFO:colcon.colcon_cmake.task.cmake.build:Building CMake package in '/home/hibiki/Robomech_HR/Eglantyne/simulation/src/champ/champ_msgs'
[0.166s] INFO:colcon.colcon_core.shell:Skip shell extension 'powershell' for command environment: Not usable outside of PowerShell
[0.166s] DEBUG:colcon.colcon_core.shell:Skip shell extension 'dsv' for command environment
[0.169s] INFO:colcon.colcon_ros.task.ament_cmake.build:Building ROS package in '/home/hibiki/Robomech_HR/Eglantyne/simulation/src/champ/champ_description' with build type 'ament_cmake'
[0.169s] INFO:colcon.colcon_cmake.task.cmake.build:Building CMake package in '/home/hibiki/Robomech_HR/Eglantyne/simulation/src/champ/champ_description'
[0.169s] INFO:colcon.colcon_core.shell:Skip shell extension 'powershell' for command environment: Not usable outside of PowerShell
[0.169s] DEBUG:colcon.colcon_core.shell:Skip shell extension 'dsv' for command environment
[0.172s] INFO:colcon.colcon_ros.task.ament_cmake.build:Building ROS package in '/home/hibiki/Robomech_HR/Eglantyne/simulation/src/champ/champ_config' with build type 'ament_cmake'
[0.172s] INFO:colcon.colcon_cmake.task.cmake.build:Building CMake package in '/home/hibiki/Robomech_HR/Eglantyne/simulation/src/champ/champ_config'
[0.172s] INFO:colcon.colcon_core.shell:Skip shell extension 'powershell' for command environment: Not usable outside of PowerShell
[0.172s] DEBUG:colcon.colcon_core.shell:Skip shell extension 'dsv' for command environment
[0.175s] INFO:colcon.colcon_ros.task.ament_cmake.build:Building ROS package in '/home/hibiki/Robomech_HR/Eglantyne/simulation/src/champ/champ_navigation' with build type 'ament_cmake'
[0.175s] INFO:colcon.colcon_cmake.task.cmake.build:Building CMake package in '/home/hibiki/Robomech_HR/Eglantyne/simulation/src/champ/champ_navigation'
[0.175s] INFO:colcon.colcon_core.shell:Skip shell extension 'powershell' for command environment: Not usable outside of PowerShell
[0.175s] DEBUG:colcon.colcon_core.shell:Skip shell extension 'dsv' for command environment
[0.178s] INFO:colcon.colcon_ros.task.ament_cmake.build:Building ROS package in '/home/hibiki/Robomech_HR/Eglantyne/simulation/src/champ_teleop' with build type 'ament_cmake'
[0.178s] INFO:colcon.colcon_cmake.task.cmake.build:Building CMake package in '/home/hibiki/Robomech_HR/Eglantyne/simulation/src/champ_teleop'
[0.178s] INFO:colcon.colcon_core.shell:Skip shell extension 'powershell' for command environment: Not usable outside of PowerShell
[0.178s] DEBUG:colcon.colcon_core.shell:Skip shell extension 'dsv' for command environment
[0.181s] INFO:colcon.colcon_ros.task.ament_cmake.build:Building ROS package in '/home/hibiki/Robomech_HR/Eglantyne/simulation/src/gazebo_ros2_control/gazebo_ros2_control_demos' with build type 'ament_cmake'
[0.181s] INFO:colcon.colcon_cmake.task.cmake.build:Building CMake package in '/home/hibiki/Robomech_HR/Eglantyne/simulation/src/gazebo_ros2_control/gazebo_ros2_control_demos'
[0.181s] INFO:colcon.colcon_core.shell:Skip shell extension 'powershell' for command environment: Not usable outside of PowerShell
[0.181s] DEBUG:colcon.colcon_core.shell:Skip shell extension 'dsv' for command environment
[0.184s] INFO:colcon.colcon_ros.task.ament_cmake.build:Building ROS package in '/home/hibiki/Robomech_HR/Eglantyne/simulation/src/simple_sim' with build type 'ament_cmake'
[0.184s] INFO:colcon.colcon_cmake.task.cmake.build:Building CMake package in '/home/hibiki/Robomech_HR/Eglantyne/simulation/src/simple_sim'
[0.184s] INFO:colcon.colcon_core.shell:Skip shell extension 'powershell' for command environment: Not usable outside of PowerShell
[0.184s] DEBUG:colcon.colcon_core.shell:Skip shell extension 'dsv' for command environment
[0.191s] DEBUG:colcon.colcon_core.event_handler.log_command:Invoking command in '/home/hibiki/Robomech_HR/Eglantyne/simulation/build/ros2_control_demo_description': CMAKE_PREFIX_PATH=/home/hibiki/Robomech_HR/Eglantyne/simulation/install/simple_sim:/home/hibiki/Robomech_HR/Eglantyne/simulation/install/ros2_control_demos:/home/hibiki/Robomech_HR/Eglantyne/simulation/install/ros2_control_demo_example_9:/home/hibiki/Robomech_HR/Eglantyne/simulation/install/ros2_control_demo_example_8:/home/hibiki/Robomech_HR/Eglantyne/simulation/install/ros2_control_demo_example_7:/home/hibiki/Robomech_HR/Eglantyne/simulation/install/ros2_control_demo_example_6:/home/hibiki/Robomech_HR/Eglantyne/simulation/install/ros2_control_demo_example_15:/home/hibiki/Robomech_HR/Eglantyne/simulation/install/ros2_control_demo_example_5:/home/hibiki/Robomech_HR/Eglantyne/simulation/install/ros2_control_demo_example_4:/home/hibiki/Robomech_HR/Eglantyne/simulation/install/ros2_control_demo_example_3:/home/hibiki/Robomech_HR/Eglantyne/simulation/install/ros2_control_demo_example_2:/home/hibiki/Robomech_HR/Eglantyne/simulation/install/ros2_control_demo_example_14:/home/hibiki/Robomech_HR/Eglantyne/simulation/install/ros2_control_demo_example_12:/home/hibiki/Robomech_HR/Eglantyne/simulation/install/ros2_control_demo_example_11:/home/hibiki/Robomech_HR/Eglantyne/simulation/install/ros2_control_demo_example_10:/home/hibiki/Robomech_HR/Eglantyne/simulation/install/ros2_control_demo_example_1:/home/hibiki/Robomech_HR/Eglantyne/simulation/install/ros2_control_demo_description:/home/hibiki/Robomech_HR/Eglantyne/simulation/install/gazebo_ros2_control_demos:/home/hibiki/Robomech_HR/Eglantyne/simulation/install/champ_teleop:/home/hibiki/Robomech_HR/Eglantyne/simulation/install/champ_navigation:/home/hibiki/Robomech_HR/Eglantyne/simulation/install/champ_gazebo:/home/hibiki/Robomech_HR/Eglantyne/simulation/install/champ_bringup:/home/hibiki/Robomech_HR/Eglantyne/simulation/install/champ_base:/home/hibiki/Robomech_HR/Eglantyne/simulation/install/champ_msgs:/home/hibiki/Robomech_HR/Eglantyne/simulation/install/champ_description:/home/hibiki/Robomech_HR/Eglantyne/simulation/install/champ_config:/home/hibiki/Robomech_HR/Eglantyne/simulation/install/ros2_control_demo_testing:/opt/ros/humble:/home/hibiki/Robomech_HR/Eglantyne/simulation/install/champ:/home/hibiki/Robomech_HR/Eglantyne/microros/ros2_pub_test/install/vel_pub /usr/bin/cmake --build /home/hibiki/Robomech_HR/Eglantyne/simulation/build/ros2_control_demo_description -- -j16 -l16
[0.295s] INFO:colcon.colcon_core.task.python.build:Building Python package in '/home/hibiki/Robomech_HR/Eglantyne/simulation/src/ros2_control_demos/ros2_control_demo_testing'
[0.295s] INFO:colcon.colcon_core.shell:Skip shell extension 'powershell' for command environment: Not usable outside of PowerShell
[0.295s] DEBUG:colcon.colcon_core.shell:Skip shell extension 'dsv' for command environment
[0.300s] DEBUG:colcon.colcon_core.event_handler.log_command:Invoking command in '/home/hibiki/Robomech_HR/Eglantyne/simulation/build/champ': CMAKE_PREFIX_PATH=/home/hibiki/Robomech_HR/Eglantyne/simulation/install/simple_sim:/home/hibiki/Robomech_HR/Eglantyne/simulation/install/ros2_control_demos:/home/hibiki/Robomech_HR/Eglantyne/simulation/install/ros2_control_demo_example_9:/home/hibiki/Robomech_HR/Eglantyne/simulation/install/ros2_control_demo_example_8:/home/hibiki/Robomech_HR/Eglantyne/simulation/install/ros2_control_demo_example_7:/home/hibiki/Robomech_HR/Eglantyne/simulation/install/ros2_control_demo_example_6:/home/hibiki/Robomech_HR/Eglantyne/simulation/install/ros2_control_demo_example_15:/home/hibiki/Robomech_HR/Eglantyne/simulation/install/ros2_control_demo_example_5:/home/hibiki/Robomech_HR/Eglantyne/simulation/install/ros2_control_demo_example_4:/home/hibiki/Robomech_HR/Eglantyne/simulation/install/ros2_control_demo_example_3:/home/hibiki/Robomech_HR/Eglantyne/simulation/install/ros2_control_demo_example_2:/home/hibiki/Robomech_HR/Eglantyne/simulation/install/ros2_control_demo_example_14:/home/hibiki/Robomech_HR/Eglantyne/simulation/install/ros2_control_demo_example_12:/home/hibiki/Robomech_HR/Eglantyne/simulation/install/ros2_control_demo_example_11:/home/hibiki/Robomech_HR/Eglantyne/simulation/install/ros2_control_demo_example_10:/home/hibiki/Robomech_HR/Eglantyne/simulation/install/ros2_control_demo_example_1:/home/hibiki/Robomech_HR/Eglantyne/simulation/install/ros2_control_demo_description:/home/hibiki/Robomech_HR/Eglantyne/simulation/install/gazebo_ros2_control_demos:/home/hibiki/Robomech_HR/Eglantyne/simulation/install/champ_teleop:/home/hibiki/Robomech_HR/Eglantyne/simulation/install/champ_navigation:/home/hibiki/Robomech_HR/Eglantyne/simulation/install/champ_gazebo:/home/hibiki/Robomech_HR/Eglantyne/simulation/install/champ_bringup:/home/hibiki/Robomech_HR/Eglantyne/simulation/install/champ_base:/home/hibiki/Robomech_HR/Eglantyne/simulation/install/champ_msgs:/home/hibiki/Robomech_HR/Eglantyne/simulation/install/champ_description:/home/hibiki/Robomech_HR/Eglantyne/simulation/install/champ_config:/home/hibiki/Robomech_HR/Eglantyne/simulation/install/ros2_control_demo_testing:/opt/ros/humble:/home/hibiki/Robomech_HR/Eglantyne/simulation/install/champ:/home/hibiki/Robomech_HR/Eglantyne/microros/ros2_pub_test/install/vel_pub /usr/bin/cmake --build /home/hibiki/Robomech_HR/Eglantyne/simulation/build/champ -- -j16 -l16
[0.301s] DEBUG:colcon.colcon_core.event_handler.log_command:Invoking command in '/home/hibiki/Robomech_HR/Eglantyne/simulation/build/champ_msgs': CMAKE_PREFIX_PATH=/home/hibiki/Robomech_HR/Eglantyne/simulation/install/simple_sim:/home/hibiki/Robomech_HR/Eglantyne/simulation/install/ros2_control_demos:/home/hibiki/Robomech_HR/Eglantyne/simulation/install/ros2_control_demo_example_9:/home/hibiki/Robomech_HR/Eglantyne/simulation/install/ros2_control_demo_example_8:/home/hibiki/Robomech_HR/Eglantyne/simulation/install/ros2_control_demo_example_7:/home/hibiki/Robomech_HR/Eglantyne/simulation/install/ros2_control_demo_example_6:/home/hibiki/Robomech_HR/Eglantyne/simulation/install/ros2_control_demo_example_15:/home/hibiki/Robomech_HR/Eglantyne/simulation/install/ros2_control_demo_example_5:/home/hibiki/Robomech_HR/Eglantyne/simulation/install/ros2_control_demo_example_4:/home/hibiki/Robomech_HR/Eglantyne/simulation/install/ros2_control_demo_example_3:/home/hibiki/Robomech_HR/Eglantyne/simulation/install/ros2_control_demo_example_2:/home/hibiki/Robomech_HR/Eglantyne/simulation/install/ros2_control_demo_example_14:/home/hibiki/Robomech_HR/Eglantyne/simulation/install/ros2_control_demo_example_12:/home/hibiki/Robomech_HR/Eglantyne/simulation/install/ros2_control_demo_example_11:/home/hibiki/Robomech_HR/Eglantyne/simulation/install/ros2_control_demo_example_10:/home/hibiki/Robomech_HR/Eglantyne/simulation/install/ros2_control_demo_example_1:/home/hibiki/Robomech_HR/Eglantyne/simulation/install/ros2_control_demo_description:/home/hibiki/Robomech_HR/Eglantyne/simulation/install/gazebo_ros2_control_demos:/home/hibiki/Robomech_HR/Eglantyne/simulation/install/champ_teleop:/home/hibiki/Robomech_HR/Eglantyne/simulation/install/champ_navigation:/home/hibiki/Robomech_HR/Eglantyne/simulation/install/champ_gazebo:/home/hibiki/Robomech_HR/Eglantyne/simulation/install/champ_bringup:/home/hibiki/Robomech_HR/Eglantyne/simulation/install/champ_base:/home/hibiki/Robomech_HR/Eglantyne/simulation/install/champ_msgs:/home/hibiki/Robomech_HR/Eglantyne/simulation/install/champ_description:/home/hibiki/Robomech_HR/Eglantyne/simulation/install/champ_config:/home/hibiki/Robomech_HR/Eglantyne/simulation/install/ros2_control_demo_testing:/opt/ros/humble:/home/hibiki/Robomech_HR/Eglantyne/simulation/install/champ:/home/hibiki/Robomech_HR/Eglantyne/microros/ros2_pub_test/install/vel_pub /usr/bin/cmake --build /home/hibiki/Robomech_HR/Eglantyne/simulation/build/champ_msgs -- -j16 -l16
[0.303s] DEBUG:colcon.colcon_core.event_handler.log_command:Invoking command in '/home/hibiki/Robomech_HR/Eglantyne/simulation/build/champ_description': CMAKE_PREFIX_PATH=/home/hibiki/Robomech_HR/Eglantyne/simulation/install/simple_sim:/home/hibiki/Robomech_HR/Eglantyne/simulation/install/ros2_control_demos:/home/hibiki/Robomech_HR/Eglantyne/simulation/install/ros2_control_demo_example_9:/home/hibiki/Robomech_HR/Eglantyne/simulation/install/ros2_control_demo_example_8:/home/hibiki/Robomech_HR/Eglantyne/simulation/install/ros2_control_demo_example_7:/home/hibiki/Robomech_HR/Eglantyne/simulation/install/ros2_control_demo_example_6:/home/hibiki/Robomech_HR/Eglantyne/simulation/install/ros2_control_demo_example_15:/home/hibiki/Robomech_HR/Eglantyne/simulation/install/ros2_control_demo_example_5:/home/hibiki/Robomech_HR/Eglantyne/simulation/install/ros2_control_demo_example_4:/home/hibiki/Robomech_HR/Eglantyne/simulation/install/ros2_control_demo_example_3:/home/hibiki/Robomech_HR/Eglantyne/simulation/install/ros2_control_demo_example_2:/home/hibiki/Robomech_HR/Eglantyne/simulation/install/ros2_control_demo_example_14:/home/hibiki/Robomech_HR/Eglantyne/simulation/install/ros2_control_demo_example_12:/home/hibiki/Robomech_HR/Eglantyne/simulation/install/ros2_control_demo_example_11:/home/hibiki/Robomech_HR/Eglantyne/simulation/install/ros2_control_demo_example_10:/home/hibiki/Robomech_HR/Eglantyne/simulation/install/ros2_control_demo_example_1:/home/hibiki/Robomech_HR/Eglantyne/simulation/install/ros2_control_demo_description:/home/hibiki/Robomech_HR/Eglantyne/simulation/install/gazebo_ros2_control_demos:/home/hibiki/Robomech_HR/Eglantyne/simulation/install/champ_teleop:/home/hibiki/Robomech_HR/Eglantyne/simulation/install/champ_navigation:/home/hibiki/Robomech_HR/Eglantyne/simulation/install/champ_gazebo:/home/hibiki/Robomech_HR/Eglantyne/simulation/install/champ_bringup:/home/hibiki/Robomech_HR/Eglantyne/simulation/install/champ_base:/home/hibiki/Robomech_HR/Eglantyne/simulation/install/champ_msgs:/home/hibiki/Robomech_HR/Eglantyne/simulation/install/champ_description:/home/hibiki/Robomech_HR/Eglantyne/simulation/install/champ_config:/home/hibiki/Robomech_HR/Eglantyne/simulation/install/ros2_control_demo_testing:/opt/ros/humble:/home/hibiki/Robomech_HR/Eglantyne/simulation/install/champ:/home/hibiki/Robomech_HR/Eglantyne/microros/ros2_pub_test/install/vel_pub /usr/bin/cmake --build /home/hibiki/Robomech_HR/Eglantyne/simulation/build/champ_description -- -j16 -l16
[0.304s] DEBUG:colcon.colcon_core.event_handler.log_command:Invoking command in '/home/hibiki/Robomech_HR/Eglantyne/simulation/build/champ_config': CMAKE_PREFIX_PATH=/home/hibiki/Robomech_HR/Eglantyne/simulation/install/simple_sim:/home/hibiki/Robomech_HR/Eglantyne/simulation/install/ros2_control_demos:/home/hibiki/Robomech_HR/Eglantyne/simulation/install/ros2_control_demo_example_9:/home/hibiki/Robomech_HR/Eglantyne/simulation/install/ros2_control_demo_example_8:/home/hibiki/Robomech_HR/Eglantyne/simulation/install/ros2_control_demo_example_7:/home/hibiki/Robomech_HR/Eglantyne/simulation/install/ros2_control_demo_example_6:/home/hibiki/Robomech_HR/Eglantyne/simulation/install/ros2_control_demo_example_15:/home/hibiki/Robomech_HR/Eglantyne/simulation/install/ros2_control_demo_example_5:/home/hibiki/Robomech_HR/Eglantyne/simulation/install/ros2_control_demo_example_4:/home/hibiki/Robomech_HR/Eglantyne/simulation/install/ros2_control_demo_example_3:/home/hibiki/Robomech_HR/Eglantyne/simulation/install/ros2_control_demo_example_2:/home/hibiki/Robomech_HR/Eglantyne/simulation/install/ros2_control_demo_example_14:/home/hibiki/Robomech_HR/Eglantyne/simulation/install/ros2_control_demo_example_12:/home/hibiki/Robomech_HR/Eglantyne/simulation/install/ros2_control_demo_example_11:/home/hibiki/Robomech_HR/Eglantyne/simulation/install/ros2_control_demo_example_10:/home/hibiki/Robomech_HR/Eglantyne/simulation/install/ros2_control_demo_example_1:/home/hibiki/Robomech_HR/Eglantyne/simulation/install/ros2_control_demo_description:/home/hibiki/Robomech_HR/Eglantyne/simulation/install/gazebo_ros2_control_demos:/home/hibiki/Robomech_HR/Eglantyne/simulation/install/champ_teleop:/home/hibiki/Robomech_HR/Eglantyne/simulation/install/champ_navigation:/home/hibiki/Robomech_HR/Eglantyne/simulation/install/champ_gazebo:/home/hibiki/Robomech_HR/Eglantyne/simulation/install/champ_bringup:/home/hibiki/Robomech_HR/Eglantyne/simulation/install/champ_base:/home/hibiki/Robomech_HR/Eglantyne/simulation/install/champ_msgs:/home/hibiki/Robomech_HR/Eglantyne/simulation/install/champ_description:/home/hibiki/Robomech_HR/Eglantyne/simulation/install/champ_config:/home/hibiki/Robomech_HR/Eglantyne/simulation/install/ros2_control_demo_testing:/opt/ros/humble:/home/hibiki/Robomech_HR/Eglantyne/simulation/install/champ:/home/hibiki/Robomech_HR/Eglantyne/microros/ros2_pub_test/install/vel_pub /usr/bin/cmake --build /home/hibiki/Robomech_HR/Eglantyne/simulation/build/champ_config -- -j16 -l16
[0.307s] DEBUG:colcon.colcon_core.event_handler.log_command:Invoking command in '/home/hibiki/Robomech_HR/Eglantyne/simulation/build/champ_navigation': CMAKE_PREFIX_PATH=/home/hibiki/Robomech_HR/Eglantyne/simulation/install/simple_sim:/home/hibiki/Robomech_HR/Eglantyne/simulation/install/ros2_control_demos:/home/hibiki/Robomech_HR/Eglantyne/simulation/install/ros2_control_demo_example_9:/home/hibiki/Robomech_HR/Eglantyne/simulation/install/ros2_control_demo_example_8:/home/hibiki/Robomech_HR/Eglantyne/simulation/install/ros2_control_demo_example_7:/home/hibiki/Robomech_HR/Eglantyne/simulation/install/ros2_control_demo_example_6:/home/hibiki/Robomech_HR/Eglantyne/simulation/install/ros2_control_demo_example_15:/home/hibiki/Robomech_HR/Eglantyne/simulation/install/ros2_control_demo_example_5:/home/hibiki/Robomech_HR/Eglantyne/simulation/install/ros2_control_demo_example_4:/home/hibiki/Robomech_HR/Eglantyne/simulation/install/ros2_control_demo_example_3:/home/hibiki/Robomech_HR/Eglantyne/simulation/install/ros2_control_demo_example_2:/home/hibiki/Robomech_HR/Eglantyne/simulation/install/ros2_control_demo_example_14:/home/hibiki/Robomech_HR/Eglantyne/simulation/install/ros2_control_demo_example_12:/home/hibiki/Robomech_HR/Eglantyne/simulation/install/ros2_control_demo_example_11:/home/hibiki/Robomech_HR/Eglantyne/simulation/install/ros2_control_demo_example_10:/home/hibiki/Robomech_HR/Eglantyne/simulation/install/ros2_control_demo_example_1:/home/hibiki/Robomech_HR/Eglantyne/simulation/install/ros2_control_demo_description:/home/hibiki/Robomech_HR/Eglantyne/simulation/install/gazebo_ros2_control_demos:/home/hibiki/Robomech_HR/Eglantyne/simulation/install/champ_teleop:/home/hibiki/Robomech_HR/Eglantyne/simulation/install/champ_navigation:/home/hibiki/Robomech_HR/Eglantyne/simulation/install/champ_gazebo:/home/hibiki/Robomech_HR/Eglantyne/simulation/install/champ_bringup:/home/hibiki/Robomech_HR/Eglantyne/simulation/install/champ_base:/home/hibiki/Robomech_HR/Eglantyne/simulation/install/champ_msgs:/home/hibiki/Robomech_HR/Eglantyne/simulation/install/champ_description:/home/hibiki/Robomech_HR/Eglantyne/simulation/install/champ_config:/home/hibiki/Robomech_HR/Eglantyne/simulation/install/ros2_control_demo_testing:/opt/ros/humble:/home/hibiki/Robomech_HR/Eglantyne/simulation/install/champ:/home/hibiki/Robomech_HR/Eglantyne/microros/ros2_pub_test/install/vel_pub /usr/bin/cmake --build /home/hibiki/Robomech_HR/Eglantyne/simulation/build/champ_navigation -- -j16 -l16
[0.308s] DEBUG:colcon.colcon_core.event_handler.log_command:Invoking command in '/home/hibiki/Robomech_HR/Eglantyne/simulation/build/champ_teleop': CMAKE_PREFIX_PATH=/home/hibiki/Robomech_HR/Eglantyne/simulation/install/simple_sim:/home/hibiki/Robomech_HR/Eglantyne/simulation/install/ros2_control_demos:/home/hibiki/Robomech_HR/Eglantyne/simulation/install/ros2_control_demo_example_9:/home/hibiki/Robomech_HR/Eglantyne/simulation/install/ros2_control_demo_example_8:/home/hibiki/Robomech_HR/Eglantyne/simulation/install/ros2_control_demo_example_7:/home/hibiki/Robomech_HR/Eglantyne/simulation/install/ros2_control_demo_example_6:/home/hibiki/Robomech_HR/Eglantyne/simulation/install/ros2_control_demo_example_15:/home/hibiki/Robomech_HR/Eglantyne/simulation/install/ros2_control_demo_example_5:/home/hibiki/Robomech_HR/Eglantyne/simulation/install/ros2_control_demo_example_4:/home/hibiki/Robomech_HR/Eglantyne/simulation/install/ros2_control_demo_example_3:/home/hibiki/Robomech_HR/Eglantyne/simulation/install/ros2_control_demo_example_2:/home/hibiki/Robomech_HR/Eglantyne/simulation/install/ros2_control_demo_example_14:/home/hibiki/Robomech_HR/Eglantyne/simulation/install/ros2_control_demo_example_12:/home/hibiki/Robomech_HR/Eglantyne/simulation/install/ros2_control_demo_example_11:/home/hibiki/Robomech_HR/Eglantyne/simulation/install/ros2_control_demo_example_10:/home/hibiki/Robomech_HR/Eglantyne/simulation/install/ros2_control_demo_example_1:/home/hibiki/Robomech_HR/Eglantyne/simulation/install/ros2_control_demo_description:/home/hibiki/Robomech_HR/Eglantyne/simulation/install/gazebo_ros2_control_demos:/home/hibiki/Robomech_HR/Eglantyne/simulation/install/champ_teleop:/home/hibiki/Robomech_HR/Eglantyne/simulation/install/champ_navigation:/home/hibiki/Robomech_HR/Eglantyne/simulation/install/champ_gazebo:/home/hibiki/Robomech_HR/Eglantyne/simulation/install/champ_bringup:/home/hibiki/Robomech_HR/Eglantyne/simulation/install/champ_base:/home/hibiki/Robomech_HR/Eglantyne/simulation/install/champ_msgs:/home/hibiki/Robomech_HR/Eglantyne/simulation/install/champ_description:/home/hibiki/Robomech_HR/Eglantyne/simulation/install/champ_config:/home/hibiki/Robomech_HR/Eglantyne/simulation/install/ros2_control_demo_testing:/opt/ros/humble:/home/hibiki/Robomech_HR/Eglantyne/simulation/install/champ:/home/hibiki/Robomech_HR/Eglantyne/microros/ros2_pub_test/install/vel_pub /usr/bin/cmake --build /home/hibiki/Robomech_HR/Eglantyne/simulation/build/champ_teleop -- -j16 -l16
[0.313s] DEBUG:colcon.colcon_core.event_handler.log_command:Invoking command in '/home/hibiki/Robomech_HR/Eglantyne/simulation/build/gazebo_ros2_control_demos': CMAKE_PREFIX_PATH=/home/hibiki/Robomech_HR/Eglantyne/simulation/install/simple_sim:/home/hibiki/Robomech_HR/Eglantyne/simulation/install/ros2_control_demos:/home/hibiki/Robomech_HR/Eglantyne/simulation/install/ros2_control_demo_example_9:/home/hibiki/Robomech_HR/Eglantyne/simulation/install/ros2_control_demo_example_8:/home/hibiki/Robomech_HR/Eglantyne/simulation/install/ros2_control_demo_example_7:/home/hibiki/Robomech_HR/Eglantyne/simulation/install/ros2_control_demo_example_6:/home/hibiki/Robomech_HR/Eglantyne/simulation/install/ros2_control_demo_example_15:/home/hibiki/Robomech_HR/Eglantyne/simulation/install/ros2_control_demo_example_5:/home/hibiki/Robomech_HR/Eglantyne/simulation/install/ros2_control_demo_example_4:/home/hibiki/Robomech_HR/Eglantyne/simulation/install/ros2_control_demo_example_3:/home/hibiki/Robomech_HR/Eglantyne/simulation/install/ros2_control_demo_example_2:/home/hibiki/Robomech_HR/Eglantyne/simulation/install/ros2_control_demo_example_14:/home/hibiki/Robomech_HR/Eglantyne/simulation/install/ros2_control_demo_example_12:/home/hibiki/Robomech_HR/Eglantyne/simulation/install/ros2_control_demo_example_11:/home/hibiki/Robomech_HR/Eglantyne/simulation/install/ros2_control_demo_example_10:/home/hibiki/Robomech_HR/Eglantyne/simulation/install/ros2_control_demo_example_1:/home/hibiki/Robomech_HR/Eglantyne/simulation/install/ros2_control_demo_description:/home/hibiki/Robomech_HR/Eglantyne/simulation/install/gazebo_ros2_control_demos:/home/hibiki/Robomech_HR/Eglantyne/simulation/install/champ_teleop:/home/hibiki/Robomech_HR/Eglantyne/simulation/install/champ_navigation:/home/hibiki/Robomech_HR/Eglantyne/simulation/install/champ_gazebo:/home/hibiki/Robomech_HR/Eglantyne/simulation/install/champ_bringup:/home/hibiki/Robomech_HR/Eglantyne/simulation/install/champ_base:/home/hibiki/Robomech_HR/Eglantyne/simulation/install/champ_msgs:/home/hibiki/Robomech_HR/Eglantyne/simulation/install/champ_description:/home/hibiki/Robomech_HR/Eglantyne/simulation/install/champ_config:/home/hibiki/Robomech_HR/Eglantyne/simulation/install/ros2_control_demo_testing:/opt/ros/humble:/home/hibiki/Robomech_HR/Eglantyne/simulation/install/champ:/home/hibiki/Robomech_HR/Eglantyne/microros/ros2_pub_test/install/vel_pub /usr/bin/cmake --build /home/hibiki/Robomech_HR/Eglantyne/simulation/build/gazebo_ros2_control_demos -- -j16 -l16
[0.319s] DEBUG:colcon.colcon_core.event_handler.log_command:Invoked command in '/home/hibiki/Robomech_HR/Eglantyne/simulation/build/ros2_control_demo_description' returned '0': CMAKE_PREFIX_PATH=/home/hibiki/Robomech_HR/Eglantyne/simulation/install/simple_sim:/home/hibiki/Robomech_HR/Eglantyne/simulation/install/ros2_control_demos:/home/hibiki/Robomech_HR/Eglantyne/simulation/install/ros2_control_demo_example_9:/home/hibiki/Robomech_HR/Eglantyne/simulation/install/ros2_control_demo_example_8:/home/hibiki/Robomech_HR/Eglantyne/simulation/install/ros2_control_demo_example_7:/home/hibiki/Robomech_HR/Eglantyne/simulation/install/ros2_control_demo_example_6:/home/hibiki/Robomech_HR/Eglantyne/simulation/install/ros2_control_demo_example_15:/home/hibiki/Robomech_HR/Eglantyne/simulation/install/ros2_control_demo_example_5:/home/hibiki/Robomech_HR/Eglantyne/simulation/install/ros2_control_demo_example_4:/home/hibiki/Robomech_HR/Eglantyne/simulation/install/ros2_control_demo_example_3:/home/hibiki/Robomech_HR/Eglantyne/simulation/install/ros2_control_demo_example_2:/home/hibiki/Robomech_HR/Eglantyne/simulation/install/ros2_control_demo_example_14:/home/hibiki/Robomech_HR/Eglantyne/simulation/install/ros2_control_demo_example_12:/home/hibiki/Robomech_HR/Eglantyne/simulation/install/ros2_control_demo_example_11:/home/hibiki/Robomech_HR/Eglantyne/simulation/install/ros2_control_demo_example_10:/home/hibiki/Robomech_HR/Eglantyne/simulation/install/ros2_control_demo_example_1:/home/hibiki/Robomech_HR/Eglantyne/simulation/install/ros2_control_demo_description:/home/hibiki/Robomech_HR/Eglantyne/simulation/install/gazebo_ros2_control_demos:/home/hibiki/Robomech_HR/Eglantyne/simulation/install/champ_teleop:/home/hibiki/Robomech_HR/Eglantyne/simulation/install/champ_navigation:/home/hibiki/Robomech_HR/Eglantyne/simulation/install/champ_gazebo:/home/hibiki/Robomech_HR/Eglantyne/simulation/install/champ_bringup:/home/hibiki/Robomech_HR/Eglantyne/simulation/install/champ_base:/home/hibiki/Robomech_HR/Eglantyne/simulation/install/champ_msgs:/home/hibiki/Robomech_HR/Eglantyne/simulation/install/champ_description:/home/hibiki/Robomech_HR/Eglantyne/simulation/install/champ_config:/home/hibiki/Robomech_HR/Eglantyne/simulation/install/ros2_control_demo_testing:/opt/ros/humble:/home/hibiki/Robomech_HR/Eglantyne/simulation/install/champ:/home/hibiki/Robomech_HR/Eglantyne/microros/ros2_pub_test/install/vel_pub /usr/bin/cmake --build /home/hibiki/Robomech_HR/Eglantyne/simulation/build/ros2_control_demo_description -- -j16 -l16
[0.329s] DEBUG:colcon.colcon_core.event_handler.log_command:Invoking command in '/home/hibiki/Robomech_HR/Eglantyne/simulation/build/simple_sim': CMAKE_PREFIX_PATH=/home/hibiki/Robomech_HR/Eglantyne/simulation/install/simple_sim:/home/hibiki/Robomech_HR/Eglantyne/simulation/install/ros2_control_demos:/home/hibiki/Robomech_HR/Eglantyne/simulation/install/ros2_control_demo_example_9:/home/hibiki/Robomech_HR/Eglantyne/simulation/install/ros2_control_demo_example_8:/home/hibiki/Robomech_HR/Eglantyne/simulation/install/ros2_control_demo_example_7:/home/hibiki/Robomech_HR/Eglantyne/simulation/install/ros2_control_demo_example_6:/home/hibiki/Robomech_HR/Eglantyne/simulation/install/ros2_control_demo_example_15:/home/hibiki/Robomech_HR/Eglantyne/simulation/install/ros2_control_demo_example_5:/home/hibiki/Robomech_HR/Eglantyne/simulation/install/ros2_control_demo_example_4:/home/hibiki/Robomech_HR/Eglantyne/simulation/install/ros2_control_demo_example_3:/home/hibiki/Robomech_HR/Eglantyne/simulation/install/ros2_control_demo_example_2:/home/hibiki/Robomech_HR/Eglantyne/simulation/install/ros2_control_demo_example_14:/home/hibiki/Robomech_HR/Eglantyne/simulation/install/ros2_control_demo_example_12:/home/hibiki/Robomech_HR/Eglantyne/simulation/install/ros2_control_demo_example_11:/home/hibiki/Robomech_HR/Eglantyne/simulation/install/ros2_control_demo_example_10:/home/hibiki/Robomech_HR/Eglantyne/simulation/install/ros2_control_demo_example_1:/home/hibiki/Robomech_HR/Eglantyne/simulation/install/ros2_control_demo_description:/home/hibiki/Robomech_HR/Eglantyne/simulation/install/gazebo_ros2_control_demos:/home/hibiki/Robomech_HR/Eglantyne/simulation/install/champ_teleop:/home/hibiki/Robomech_HR/Eglantyne/simulation/install/champ_navigation:/home/hibiki/Robomech_HR/Eglantyne/simulation/install/champ_gazebo:/home/hibiki/Robomech_HR/Eglantyne/simulation/install/champ_bringup:/home/hibiki/Robomech_HR/Eglantyne/simulation/install/champ_base:/home/hibiki/Robomech_HR/Eglantyne/simulation/install/champ_msgs:/home/hibiki/Robomech_HR/Eglantyne/simulation/install/champ_description:/home/hibiki/Robomech_HR/Eglantyne/simulation/install/champ_config:/home/hibiki/Robomech_HR/Eglantyne/simulation/install/ros2_control_demo_testing:/opt/ros/humble:/home/hibiki/Robomech_HR/Eglantyne/simulation/install/champ:/home/hibiki/Robomech_HR/Eglantyne/microros/ros2_pub_test/install/vel_pub /usr/bin/cmake --build /home/hibiki/Robomech_HR/Eglantyne/simulation/build/simple_sim -- -j16 -l16
[0.331s] DEBUG:colcon.colcon_core.event_handler.log_command:Invoked command in '/home/hibiki/Robomech_HR/Eglantyne/simulation/build/champ_description' returned '0': CMAKE_PREFIX_PATH=/home/hibiki/Robomech_HR/Eglantyne/simulation/install/simple_sim:/home/hibiki/Robomech_HR/Eglantyne/simulation/install/ros2_control_demos:/home/hibiki/Robomech_HR/Eglantyne/simulation/install/ros2_control_demo_example_9:/home/hibiki/Robomech_HR/Eglantyne/simulation/install/ros2_control_demo_example_8:/home/hibiki/Robomech_HR/Eglantyne/simulation/install/ros2_control_demo_example_7:/home/hibiki/Robomech_HR/Eglantyne/simulation/install/ros2_control_demo_example_6:/home/hibiki/Robomech_HR/Eglantyne/simulation/install/ros2_control_demo_example_15:/home/hibiki/Robomech_HR/Eglantyne/simulation/install/ros2_control_demo_example_5:/home/hibiki/Robomech_HR/Eglantyne/simulation/install/ros2_control_demo_example_4:/home/hibiki/Robomech_HR/Eglantyne/simulation/install/ros2_control_demo_example_3:/home/hibiki/Robomech_HR/Eglantyne/simulation/install/ros2_control_demo_example_2:/home/hibiki/Robomech_HR/Eglantyne/simulation/install/ros2_control_demo_example_14:/home/hibiki/Robomech_HR/Eglantyne/simulation/install/ros2_control_demo_example_12:/home/hibiki/Robomech_HR/Eglantyne/simulation/install/ros2_control_demo_example_11:/home/hibiki/Robomech_HR/Eglantyne/simulation/install/ros2_control_demo_example_10:/home/hibiki/Robomech_HR/Eglantyne/simulation/install/ros2_control_demo_example_1:/home/hibiki/Robomech_HR/Eglantyne/simulation/install/ros2_control_demo_description:/home/hibiki/Robomech_HR/Eglantyne/simulation/install/gazebo_ros2_control_demos:/home/hibiki/Robomech_HR/Eglantyne/simulation/install/champ_teleop:/home/hibiki/Robomech_HR/Eglantyne/simulation/install/champ_navigation:/home/hibiki/Robomech_HR/Eglantyne/simulation/install/champ_gazebo:/home/hibiki/Robomech_HR/Eglantyne/simulation/install/champ_bringup:/home/hibiki/Robomech_HR/Eglantyne/simulation/install/champ_base:/home/hibiki/Robomech_HR/Eglantyne/simulation/install/champ_msgs:/home/hibiki/Robomech_HR/Eglantyne/simulation/install/champ_description:/home/hibiki/Robomech_HR/Eglantyne/simulation/install/champ_config:/home/hibiki/Robomech_HR/Eglantyne/simulation/install/ros2_control_demo_testing:/opt/ros/humble:/home/hibiki/Robomech_HR/Eglantyne/simulation/install/champ:/home/hibiki/Robomech_HR/Eglantyne/microros/ros2_pub_test/install/vel_pub /usr/bin/cmake --build /home/hibiki/Robomech_HR/Eglantyne/simulation/build/champ_description -- -j16 -l16
[0.336s] DEBUG:colcon.colcon_core.event_handler.log_command:Invoked command in '/home/hibiki/Robomech_HR/Eglantyne/simulation/build/champ' returned '0': CMAKE_PREFIX_PATH=/home/hibiki/Robomech_HR/Eglantyne/simulation/install/simple_sim:/home/hibiki/Robomech_HR/Eglantyne/simulation/install/ros2_control_demos:/home/hibiki/Robomech_HR/Eglantyne/simulation/install/ros2_control_demo_example_9:/home/hibiki/Robomech_HR/Eglantyne/simulation/install/ros2_control_demo_example_8:/home/hibiki/Robomech_HR/Eglantyne/simulation/install/ros2_control_demo_example_7:/home/hibiki/Robomech_HR/Eglantyne/simulation/install/ros2_control_demo_example_6:/home/hibiki/Robomech_HR/Eglantyne/simulation/install/ros2_control_demo_example_15:/home/hibiki/Robomech_HR/Eglantyne/simulation/install/ros2_control_demo_example_5:/home/hibiki/Robomech_HR/Eglantyne/simulation/install/ros2_control_demo_example_4:/home/hibiki/Robomech_HR/Eglantyne/simulation/install/ros2_control_demo_example_3:/home/hibiki/Robomech_HR/Eglantyne/simulation/install/ros2_control_demo_example_2:/home/hibiki/Robomech_HR/Eglantyne/simulation/install/ros2_control_demo_example_14:/home/hibiki/Robomech_HR/Eglantyne/simulation/install/ros2_control_demo_example_12:/home/hibiki/Robomech_HR/Eglantyne/simulation/install/ros2_control_demo_example_11:/home/hibiki/Robomech_HR/Eglantyne/simulation/install/ros2_control_demo_example_10:/home/hibiki/Robomech_HR/Eglantyne/simulation/install/ros2_control_demo_example_1:/home/hibiki/Robomech_HR/Eglantyne/simulation/install/ros2_control_demo_description:/home/hibiki/Robomech_HR/Eglantyne/simulation/install/gazebo_ros2_control_demos:/home/hibiki/Robomech_HR/Eglantyne/simulation/install/champ_teleop:/home/hibiki/Robomech_HR/Eglantyne/simulation/install/champ_navigation:/home/hibiki/Robomech_HR/Eglantyne/simulation/install/champ_gazebo:/home/hibiki/Robomech_HR/Eglantyne/simulation/install/champ_bringup:/home/hibiki/Robomech_HR/Eglantyne/simulation/install/champ_base:/home/hibiki/Robomech_HR/Eglantyne/simulation/install/champ_msgs:/home/hibiki/Robomech_HR/Eglantyne/simulation/install/champ_description:/home/hibiki/Robomech_HR/Eglantyne/simulation/install/champ_config:/home/hibiki/Robomech_HR/Eglantyne/simulation/install/ros2_control_demo_testing:/opt/ros/humble:/home/hibiki/Robomech_HR/Eglantyne/simulation/install/champ:/home/hibiki/Robomech_HR/Eglantyne/microros/ros2_pub_test/install/vel_pub /usr/bin/cmake --build /home/hibiki/Robomech_HR/Eglantyne/simulation/build/champ -- -j16 -l16
[0.340s] DEBUG:colcon.colcon_core.event_handler.log_command:Invoked command in '/home/hibiki/Robomech_HR/Eglantyne/simulation/build/champ_config' returned '0': CMAKE_PREFIX_PATH=/home/hibiki/Robomech_HR/Eglantyne/simulation/install/simple_sim:/home/hibiki/Robomech_HR/Eglantyne/simulation/install/ros2_control_demos:/home/hibiki/Robomech_HR/Eglantyne/simulation/install/ros2_control_demo_example_9:/home/hibiki/Robomech_HR/Eglantyne/simulation/install/ros2_control_demo_example_8:/home/hibiki/Robomech_HR/Eglantyne/simulation/install/ros2_control_demo_example_7:/home/hibiki/Robomech_HR/Eglantyne/simulation/install/ros2_control_demo_example_6:/home/hibiki/Robomech_HR/Eglantyne/simulation/install/ros2_control_demo_example_15:/home/hibiki/Robomech_HR/Eglantyne/simulation/install/ros2_control_demo_example_5:/home/hibiki/Robomech_HR/Eglantyne/simulation/install/ros2_control_demo_example_4:/home/hibiki/Robomech_HR/Eglantyne/simulation/install/ros2_control_demo_example_3:/home/hibiki/Robomech_HR/Eglantyne/simulation/install/ros2_control_demo_example_2:/home/hibiki/Robomech_HR/Eglantyne/simulation/install/ros2_control_demo_example_14:/home/hibiki/Robomech_HR/Eglantyne/simulation/install/ros2_control_demo_example_12:/home/hibiki/Robomech_HR/Eglantyne/simulation/install/ros2_control_demo_example_11:/home/hibiki/Robomech_HR/Eglantyne/simulation/install/ros2_control_demo_example_10:/home/hibiki/Robomech_HR/Eglantyne/simulation/install/ros2_control_demo_example_1:/home/hibiki/Robomech_HR/Eglantyne/simulation/install/ros2_control_demo_description:/home/hibiki/Robomech_HR/Eglantyne/simulation/install/gazebo_ros2_control_demos:/home/hibiki/Robomech_HR/Eglantyne/simulation/install/champ_teleop:/home/hibiki/Robomech_HR/Eglantyne/simulation/install/champ_navigation:/home/hibiki/Robomech_HR/Eglantyne/simulation/install/champ_gazebo:/home/hibiki/Robomech_HR/Eglantyne/simulation/install/champ_bringup:/home/hibiki/Robomech_HR/Eglantyne/simulation/install/champ_base:/home/hibiki/Robomech_HR/Eglantyne/simulation/install/champ_msgs:/home/hibiki/Robomech_HR/Eglantyne/simulation/install/champ_description:/home/hibiki/Robomech_HR/Eglantyne/simulation/install/champ_config:/home/hibiki/Robomech_HR/Eglantyne/simulation/install/ros2_control_demo_testing:/opt/ros/humble:/home/hibiki/Robomech_HR/Eglantyne/simulation/install/champ:/home/hibiki/Robomech_HR/Eglantyne/microros/ros2_pub_test/install/vel_pub /usr/bin/cmake --build /home/hibiki/Robomech_HR/Eglantyne/simulation/build/champ_config -- -j16 -l16
[0.345s] DEBUG:colcon.colcon_core.event_handler.log_command:Invoked command in '/home/hibiki/Robomech_HR/Eglantyne/simulation/build/champ_navigation' returned '0': CMAKE_PREFIX_PATH=/home/hibiki/Robomech_HR/Eglantyne/simulation/install/simple_sim:/home/hibiki/Robomech_HR/Eglantyne/simulation/install/ros2_control_demos:/home/hibiki/Robomech_HR/Eglantyne/simulation/install/ros2_control_demo_example_9:/home/hibiki/Robomech_HR/Eglantyne/simulation/install/ros2_control_demo_example_8:/home/hibiki/Robomech_HR/Eglantyne/simulation/install/ros2_control_demo_example_7:/home/hibiki/Robomech_HR/Eglantyne/simulation/install/ros2_control_demo_example_6:/home/hibiki/Robomech_HR/Eglantyne/simulation/install/ros2_control_demo_example_15:/home/hibiki/Robomech_HR/Eglantyne/simulation/install/ros2_control_demo_example_5:/home/hibiki/Robomech_HR/Eglantyne/simulation/install/ros2_control_demo_example_4:/home/hibiki/Robomech_HR/Eglantyne/simulation/install/ros2_control_demo_example_3:/home/hibiki/Robomech_HR/Eglantyne/simulation/install/ros2_control_demo_example_2:/home/hibiki/Robomech_HR/Eglantyne/simulation/install/ros2_control_demo_example_14:/home/hibiki/Robomech_HR/Eglantyne/simulation/install/ros2_control_demo_example_12:/home/hibiki/Robomech_HR/Eglantyne/simulation/install/ros2_control_demo_example_11:/home/hibiki/Robomech_HR/Eglantyne/simulation/install/ros2_control_demo_example_10:/home/hibiki/Robomech_HR/Eglantyne/simulation/install/ros2_control_demo_example_1:/home/hibiki/Robomech_HR/Eglantyne/simulation/install/ros2_control_demo_description:/home/hibiki/Robomech_HR/Eglantyne/simulation/install/gazebo_ros2_control_demos:/home/hibiki/Robomech_HR/Eglantyne/simulation/install/champ_teleop:/home/hibiki/Robomech_HR/Eglantyne/simulation/install/champ_navigation:/home/hibiki/Robomech_HR/Eglantyne/simulation/install/champ_gazebo:/home/hibiki/Robomech_HR/Eglantyne/simulation/install/champ_bringup:/home/hibiki/Robomech_HR/Eglantyne/simulation/install/champ_base:/home/hibiki/Robomech_HR/Eglantyne/simulation/install/champ_msgs:/home/hibiki/Robomech_HR/Eglantyne/simulation/install/champ_description:/home/hibiki/Robomech_HR/Eglantyne/simulation/install/champ_config:/home/hibiki/Robomech_HR/Eglantyne/simulation/install/ros2_control_demo_testing:/opt/ros/humble:/home/hibiki/Robomech_HR/Eglantyne/simulation/install/champ:/home/hibiki/Robomech_HR/Eglantyne/microros/ros2_pub_test/install/vel_pub /usr/bin/cmake --build /home/hibiki/Robomech_HR/Eglantyne/simulation/build/champ_navigation -- -j16 -l16
[0.347s] DEBUG:colcon.colcon_core.event_handler.log_command:Invoked command in '/home/hibiki/Robomech_HR/Eglantyne/simulation/build/champ_teleop' returned '0': CMAKE_PREFIX_PATH=/home/hibiki/Robomech_HR/Eglantyne/simulation/install/simple_sim:/home/hibiki/Robomech_HR/Eglantyne/simulation/install/ros2_control_demos:/home/hibiki/Robomech_HR/Eglantyne/simulation/install/ros2_control_demo_example_9:/home/hibiki/Robomech_HR/Eglantyne/simulation/install/ros2_control_demo_example_8:/home/hibiki/Robomech_HR/Eglantyne/simulation/install/ros2_control_demo_example_7:/home/hibiki/Robomech_HR/Eglantyne/simulation/install/ros2_control_demo_example_6:/home/hibiki/Robomech_HR/Eglantyne/simulation/install/ros2_control_demo_example_15:/home/hibiki/Robomech_HR/Eglantyne/simulation/install/ros2_control_demo_example_5:/home/hibiki/Robomech_HR/Eglantyne/simulation/install/ros2_control_demo_example_4:/home/hibiki/Robomech_HR/Eglantyne/simulation/install/ros2_control_demo_example_3:/home/hibiki/Robomech_HR/Eglantyne/simulation/install/ros2_control_demo_example_2:/home/hibiki/Robomech_HR/Eglantyne/simulation/install/ros2_control_demo_example_14:/home/hibiki/Robomech_HR/Eglantyne/simulation/install/ros2_control_demo_example_12:/home/hibiki/Robomech_HR/Eglantyne/simulation/install/ros2_control_demo_example_11:/home/hibiki/Robomech_HR/Eglantyne/simulation/install/ros2_control_demo_example_10:/home/hibiki/Robomech_HR/Eglantyne/simulation/install/ros2_control_demo_example_1:/home/hibiki/Robomech_HR/Eglantyne/simulation/install/ros2_control_demo_description:/home/hibiki/Robomech_HR/Eglantyne/simulation/install/gazebo_ros2_control_demos:/home/hibiki/Robomech_HR/Eglantyne/simulation/install/champ_teleop:/home/hibiki/Robomech_HR/Eglantyne/simulation/install/champ_navigation:/home/hibiki/Robomech_HR/Eglantyne/simulation/install/champ_gazebo:/home/hibiki/Robomech_HR/Eglantyne/simulation/install/champ_bringup:/home/hibiki/Robomech_HR/Eglantyne/simulation/install/champ_base:/home/hibiki/Robomech_HR/Eglantyne/simulation/install/champ_msgs:/home/hibiki/Robomech_HR/Eglantyne/simulation/install/champ_description:/home/hibiki/Robomech_HR/Eglantyne/simulation/install/champ_config:/home/hibiki/Robomech_HR/Eglantyne/simulation/install/ros2_control_demo_testing:/opt/ros/humble:/home/hibiki/Robomech_HR/Eglantyne/simulation/install/champ:/home/hibiki/Robomech_HR/Eglantyne/microros/ros2_pub_test/install/vel_pub /usr/bin/cmake --build /home/hibiki/Robomech_HR/Eglantyne/simulation/build/champ_teleop -- -j16 -l16
[0.353s] DEBUG:colcon.colcon_core.event_handler.log_command:Invoking command in '/home/hibiki/Robomech_HR/Eglantyne/simulation/build/ros2_control_demo_description': CMAKE_PREFIX_PATH=/home/hibiki/Robomech_HR/Eglantyne/simulation/install/simple_sim:/home/hibiki/Robomech_HR/Eglantyne/simulation/install/ros2_control_demos:/home/hibiki/Robomech_HR/Eglantyne/simulation/install/ros2_control_demo_example_9:/home/hibiki/Robomech_HR/Eglantyne/simulation/install/ros2_control_demo_example_8:/home/hibiki/Robomech_HR/Eglantyne/simulation/install/ros2_control_demo_example_7:/home/hibiki/Robomech_HR/Eglantyne/simulation/install/ros2_control_demo_example_6:/home/hibiki/Robomech_HR/Eglantyne/simulation/install/ros2_control_demo_example_15:/home/hibiki/Robomech_HR/Eglantyne/simulation/install/ros2_control_demo_example_5:/home/hibiki/Robomech_HR/Eglantyne/simulation/install/ros2_control_demo_example_4:/home/hibiki/Robomech_HR/Eglantyne/simulation/install/ros2_control_demo_example_3:/home/hibiki/Robomech_HR/Eglantyne/simulation/install/ros2_control_demo_example_2:/home/hibiki/Robomech_HR/Eglantyne/simulation/install/ros2_control_demo_example_14:/home/hibiki/Robomech_HR/Eglantyne/simulation/install/ros2_control_demo_example_12:/home/hibiki/Robomech_HR/Eglantyne/simulation/install/ros2_control_demo_example_11:/home/hibiki/Robomech_HR/Eglantyne/simulation/install/ros2_control_demo_example_10:/home/hibiki/Robomech_HR/Eglantyne/simulation/install/ros2_control_demo_example_1:/home/hibiki/Robomech_HR/Eglantyne/simulation/install/ros2_control_demo_description:/home/hibiki/Robomech_HR/Eglantyne/simulation/install/gazebo_ros2_control_demos:/home/hibiki/Robomech_HR/Eglantyne/simulation/install/champ_teleop:/home/hibiki/Robomech_HR/Eglantyne/simulation/install/champ_navigation:/home/hibiki/Robomech_HR/Eglantyne/simulation/install/champ_gazebo:/home/hibiki/Robomech_HR/Eglantyne/simulation/install/champ_bringup:/home/hibiki/Robomech_HR/Eglantyne/simulation/install/champ_base:/home/hibiki/Robomech_HR/Eglantyne/simulation/install/champ_msgs:/home/hibiki/Robomech_HR/Eglantyne/simulation/install/champ_description:/home/hibiki/Robomech_HR/Eglantyne/simulation/install/champ_config:/home/hibiki/Robomech_HR/Eglantyne/simulation/install/ros2_control_demo_testing:/opt/ros/humble:/home/hibiki/Robomech_HR/Eglantyne/simulation/install/champ:/home/hibiki/Robomech_HR/Eglantyne/microros/ros2_pub_test/install/vel_pub /usr/bin/cmake --install /home/hibiki/Robomech_HR/Eglantyne/simulation/build/ros2_control_demo_description
[0.359s] DEBUG:colcon.colcon_core.event_handler.log_command:Invoking command in '/home/hibiki/Robomech_HR/Eglantyne/simulation/build/champ_description': CMAKE_PREFIX_PATH=/home/hibiki/Robomech_HR/Eglantyne/simulation/install/simple_sim:/home/hibiki/Robomech_HR/Eglantyne/simulation/install/ros2_control_demos:/home/hibiki/Robomech_HR/Eglantyne/simulation/install/ros2_control_demo_example_9:/home/hibiki/Robomech_HR/Eglantyne/simulation/install/ros2_control_demo_example_8:/home/hibiki/Robomech_HR/Eglantyne/simulation/install/ros2_control_demo_example_7:/home/hibiki/Robomech_HR/Eglantyne/simulation/install/ros2_control_demo_example_6:/home/hibiki/Robomech_HR/Eglantyne/simulation/install/ros2_control_demo_example_15:/home/hibiki/Robomech_HR/Eglantyne/simulation/install/ros2_control_demo_example_5:/home/hibiki/Robomech_HR/Eglantyne/simulation/install/ros2_control_demo_example_4:/home/hibiki/Robomech_HR/Eglantyne/simulation/install/ros2_control_demo_example_3:/home/hibiki/Robomech_HR/Eglantyne/simulation/install/ros2_control_demo_example_2:/home/hibiki/Robomech_HR/Eglantyne/simulation/install/ros2_control_demo_example_14:/home/hibiki/Robomech_HR/Eglantyne/simulation/install/ros2_control_demo_example_12:/home/hibiki/Robomech_HR/Eglantyne/simulation/install/ros2_control_demo_example_11:/home/hibiki/Robomech_HR/Eglantyne/simulation/install/ros2_control_demo_example_10:/home/hibiki/Robomech_HR/Eglantyne/simulation/install/ros2_control_demo_example_1:/home/hibiki/Robomech_HR/Eglantyne/simulation/install/ros2_control_demo_description:/home/hibiki/Robomech_HR/Eglantyne/simulation/install/gazebo_ros2_control_demos:/home/hibiki/Robomech_HR/Eglantyne/simulation/install/champ_teleop:/home/hibiki/Robomech_HR/Eglantyne/simulation/install/champ_navigation:/home/hibiki/Robomech_HR/Eglantyne/simulation/install/champ_gazebo:/home/hibiki/Robomech_HR/Eglantyne/simulation/install/champ_bringup:/home/hibiki/Robomech_HR/Eglantyne/simulation/install/champ_base:/home/hibiki/Robomech_HR/Eglantyne/simulation/install/champ_msgs:/home/hibiki/Robomech_HR/Eglantyne/simulation/install/champ_description:/home/hibiki/Robomech_HR/Eglantyne/simulation/install/champ_config:/home/hibiki/Robomech_HR/Eglantyne/simulation/install/ros2_control_demo_testing:/opt/ros/humble:/home/hibiki/Robomech_HR/Eglantyne/simulation/install/champ:/home/hibiki/Robomech_HR/Eglantyne/microros/ros2_pub_test/install/vel_pub /usr/bin/cmake --install /home/hibiki/Robomech_HR/Eglantyne/simulation/build/champ_description
[0.362s] Level 1:colcon.colcon_core.environment:create_environment_scripts_only(ros2_control_demo_description)
[0.369s] DEBUG:colcon.colcon_core.event_handler.log_command:Invoked command in '/home/hibiki/Robomech_HR/Eglantyne/simulation/build/ros2_control_demo_description' returned '0': CMAKE_PREFIX_PATH=/home/hibiki/Robomech_HR/Eglantyne/simulation/install/simple_sim:/home/hibiki/Robomech_HR/Eglantyne/simulation/install/ros2_control_demos:/home/hibiki/Robomech_HR/Eglantyne/simulation/install/ros2_control_demo_example_9:/home/hibiki/Robomech_HR/Eglantyne/simulation/install/ros2_control_demo_example_8:/home/hibiki/Robomech_HR/Eglantyne/simulation/install/ros2_control_demo_example_7:/home/hibiki/Robomech_HR/Eglantyne/simulation/install/ros2_control_demo_example_6:/home/hibiki/Robomech_HR/Eglantyne/simulation/install/ros2_control_demo_example_15:/home/hibiki/Robomech_HR/Eglantyne/simulation/install/ros2_control_demo_example_5:/home/hibiki/Robomech_HR/Eglantyne/simulation/install/ros2_control_demo_example_4:/home/hibiki/Robomech_HR/Eglantyne/simulation/install/ros2_control_demo_example_3:/home/hibiki/Robomech_HR/Eglantyne/simulation/install/ros2_control_demo_example_2:/home/hibiki/Robomech_HR/Eglantyne/simulation/install/ros2_control_demo_example_14:/home/hibiki/Robomech_HR/Eglantyne/simulation/install/ros2_control_demo_example_12:/home/hibiki/Robomech_HR/Eglantyne/simulation/install/ros2_control_demo_example_11:/home/hibiki/Robomech_HR/Eglantyne/simulation/install/ros2_control_demo_example_10:/home/hibiki/Robomech_HR/Eglantyne/simulation/install/ros2_control_demo_example_1:/home/hibiki/Robomech_HR/Eglantyne/simulation/install/ros2_control_demo_description:/home/hibiki/Robomech_HR/Eglantyne/simulation/install/gazebo_ros2_control_demos:/home/hibiki/Robomech_HR/Eglantyne/simulation/install/champ_teleop:/home/hibiki/Robomech_HR/Eglantyne/simulation/install/champ_navigation:/home/hibiki/Robomech_HR/Eglantyne/simulation/install/champ_gazebo:/home/hibiki/Robomech_HR/Eglantyne/simulation/install/champ_bringup:/home/hibiki/Robomech_HR/Eglantyne/simulation/install/champ_base:/home/hibiki/Robomech_HR/Eglantyne/simulation/install/champ_msgs:/home/hibiki/Robomech_HR/Eglantyne/simulation/install/champ_description:/home/hibiki/Robomech_HR/Eglantyne/simulation/install/champ_config:/home/hibiki/Robomech_HR/Eglantyne/simulation/install/ros2_control_demo_testing:/opt/ros/humble:/home/hibiki/Robomech_HR/Eglantyne/simulation/install/champ:/home/hibiki/Robomech_HR/Eglantyne/microros/ros2_pub_test/install/vel_pub /usr/bin/cmake --install /home/hibiki/Robomech_HR/Eglantyne/simulation/build/ros2_control_demo_description
[0.370s] Level 1:colcon.colcon_core.environment:checking '/home/hibiki/Robomech_HR/Eglantyne/simulation/install/ros2_control_demo_description' for CMake module files
[0.371s] Level 1:colcon.colcon_core.environment:checking '/home/hibiki/Robomech_HR/Eglantyne/simulation/install/ros2_control_demo_description' for CMake config files
[0.371s] Level 1:colcon.colcon_core.shell:create_environment_hook('ros2_control_demo_description', 'cmake_prefix_path')
[0.371s] INFO:colcon.colcon_core.shell:Creating environment hook '/home/hibiki/Robomech_HR/Eglantyne/simulation/install/ros2_control_demo_description/share/ros2_control_demo_description/hook/cmake_prefix_path.ps1'
[0.371s] INFO:colcon.colcon_core.shell:Creating environment descriptor '/home/hibiki/Robomech_HR/Eglantyne/simulation/install/ros2_control_demo_description/share/ros2_control_demo_description/hook/cmake_prefix_path.dsv'
[0.372s] INFO:colcon.colcon_core.shell:Creating environment hook '/home/hibiki/Robomech_HR/Eglantyne/simulation/install/ros2_control_demo_description/share/ros2_control_demo_description/hook/cmake_prefix_path.sh'
[0.372s] Level 1:colcon.colcon_core.environment:checking '/home/hibiki/Robomech_HR/Eglantyne/simulation/install/ros2_control_demo_description/bin'
[0.372s] Level 1:colcon.colcon_core.environment:checking '/home/hibiki/Robomech_HR/Eglantyne/simulation/install/ros2_control_demo_description/lib/pkgconfig/ros2_control_demo_description.pc'
[0.372s] Level 1:colcon.colcon_core.environment:checking '/home/hibiki/Robomech_HR/Eglantyne/simulation/install/ros2_control_demo_description/lib/python3.10/site-packages'
[0.372s] Level 1:colcon.colcon_core.environment:checking '/home/hibiki/Robomech_HR/Eglantyne/simulation/install/ros2_control_demo_description/bin'
[0.373s] INFO:colcon.colcon_core.shell:Creating package script '/home/hibiki/Robomech_HR/Eglantyne/simulation/install/ros2_control_demo_description/share/ros2_control_demo_description/package.ps1'
[0.373s] INFO:colcon.colcon_core.shell:Creating package descriptor '/home/hibiki/Robomech_HR/Eglantyne/simulation/install/ros2_control_demo_description/share/ros2_control_demo_description/package.dsv'
[0.373s] INFO:colcon.colcon_core.shell:Creating package script '/home/hibiki/Robomech_HR/Eglantyne/simulation/install/ros2_control_demo_description/share/ros2_control_demo_description/package.sh'
[0.374s] INFO:colcon.colcon_core.shell:Creating package script '/home/hibiki/Robomech_HR/Eglantyne/simulation/install/ros2_control_demo_description/share/ros2_control_demo_description/package.bash'
[0.374s] INFO:colcon.colcon_core.shell:Creating package script '/home/hibiki/Robomech_HR/Eglantyne/simulation/install/ros2_control_demo_description/share/ros2_control_demo_description/package.zsh'
[0.374s] Level 1:colcon.colcon_core.environment:create_file_with_runtime_dependencies(/home/hibiki/Robomech_HR/Eglantyne/simulation/install/ros2_control_demo_description/share/colcon-core/packages/ros2_control_demo_description)
[0.376s] DEBUG:colcon.colcon_core.event_handler.log_command:Invoking command in '/home/hibiki/Robomech_HR/Eglantyne/simulation/build/champ': CMAKE_PREFIX_PATH=/home/hibiki/Robomech_HR/Eglantyne/simulation/install/simple_sim:/home/hibiki/Robomech_HR/Eglantyne/simulation/install/ros2_control_demos:/home/hibiki/Robomech_HR/Eglantyne/simulation/install/ros2_control_demo_example_9:/home/hibiki/Robomech_HR/Eglantyne/simulation/install/ros2_control_demo_example_8:/home/hibiki/Robomech_HR/Eglantyne/simulation/install/ros2_control_demo_example_7:/home/hibiki/Robomech_HR/Eglantyne/simulation/install/ros2_control_demo_example_6:/home/hibiki/Robomech_HR/Eglantyne/simulation/install/ros2_control_demo_example_15:/home/hibiki/Robomech_HR/Eglantyne/simulation/install/ros2_control_demo_example_5:/home/hibiki/Robomech_HR/Eglantyne/simulation/install/ros2_control_demo_example_4:/home/hibiki/Robomech_HR/Eglantyne/simulation/install/ros2_control_demo_example_3:/home/hibiki/Robomech_HR/Eglantyne/simulation/install/ros2_control_demo_example_2:/home/hibiki/Robomech_HR/Eglantyne/simulation/install/ros2_control_demo_example_14:/home/hibiki/Robomech_HR/Eglantyne/simulation/install/ros2_control_demo_example_12:/home/hibiki/Robomech_HR/Eglantyne/simulation/install/ros2_control_demo_example_11:/home/hibiki/Robomech_HR/Eglantyne/simulation/install/ros2_control_demo_example_10:/home/hibiki/Robomech_HR/Eglantyne/simulation/install/ros2_control_demo_example_1:/home/hibiki/Robomech_HR/Eglantyne/simulation/install/ros2_control_demo_description:/home/hibiki/Robomech_HR/Eglantyne/simulation/install/gazebo_ros2_control_demos:/home/hibiki/Robomech_HR/Eglantyne/simulation/install/champ_teleop:/home/hibiki/Robomech_HR/Eglantyne/simulation/install/champ_navigation:/home/hibiki/Robomech_HR/Eglantyne/simulation/install/champ_gazebo:/home/hibiki/Robomech_HR/Eglantyne/simulation/install/champ_bringup:/home/hibiki/Robomech_HR/Eglantyne/simulation/install/champ_base:/home/hibiki/Robomech_HR/Eglantyne/simulation/install/champ_msgs:/home/hibiki/Robomech_HR/Eglantyne/simulation/install/champ_description:/home/hibiki/Robomech_HR/Eglantyne/simulation/install/champ_config:/home/hibiki/Robomech_HR/Eglantyne/simulation/install/ros2_control_demo_testing:/opt/ros/humble:/home/hibiki/Robomech_HR/Eglantyne/simulation/install/champ:/home/hibiki/Robomech_HR/Eglantyne/microros/ros2_pub_test/install/vel_pub /usr/bin/cmake --install /home/hibiki/Robomech_HR/Eglantyne/simulation/build/champ
[0.388s] DEBUG:colcon.colcon_core.event_handler.log_command:Invoking command in '/home/hibiki/Robomech_HR/Eglantyne/simulation/build/champ_config': CMAKE_PREFIX_PATH=/home/hibiki/Robomech_HR/Eglantyne/simulation/install/simple_sim:/home/hibiki/Robomech_HR/Eglantyne/simulation/install/ros2_control_demos:/home/hibiki/Robomech_HR/Eglantyne/simulation/install/ros2_control_demo_example_9:/home/hibiki/Robomech_HR/Eglantyne/simulation/install/ros2_control_demo_example_8:/home/hibiki/Robomech_HR/Eglantyne/simulation/install/ros2_control_demo_example_7:/home/hibiki/Robomech_HR/Eglantyne/simulation/install/ros2_control_demo_example_6:/home/hibiki/Robomech_HR/Eglantyne/simulation/install/ros2_control_demo_example_15:/home/hibiki/Robomech_HR/Eglantyne/simulation/install/ros2_control_demo_example_5:/home/hibiki/Robomech_HR/Eglantyne/simulation/install/ros2_control_demo_example_4:/home/hibiki/Robomech_HR/Eglantyne/simulation/install/ros2_control_demo_example_3:/home/hibiki/Robomech_HR/Eglantyne/simulation/install/ros2_control_demo_example_2:/home/hibiki/Robomech_HR/Eglantyne/simulation/install/ros2_control_demo_example_14:/home/hibiki/Robomech_HR/Eglantyne/simulation/install/ros2_control_demo_example_12:/home/hibiki/Robomech_HR/Eglantyne/simulation/install/ros2_control_demo_example_11:/home/hibiki/Robomech_HR/Eglantyne/simulation/install/ros2_control_demo_example_10:/home/hibiki/Robomech_HR/Eglantyne/simulation/install/ros2_control_demo_example_1:/home/hibiki/Robomech_HR/Eglantyne/simulation/install/ros2_control_demo_description:/home/hibiki/Robomech_HR/Eglantyne/simulation/install/gazebo_ros2_control_demos:/home/hibiki/Robomech_HR/Eglantyne/simulation/install/champ_teleop:/home/hibiki/Robomech_HR/Eglantyne/simulation/install/champ_navigation:/home/hibiki/Robomech_HR/Eglantyne/simulation/install/champ_gazebo:/home/hibiki/Robomech_HR/Eglantyne/simulation/install/champ_bringup:/home/hibiki/Robomech_HR/Eglantyne/simulation/install/champ_base:/home/hibiki/Robomech_HR/Eglantyne/simulation/install/champ_msgs:/home/hibiki/Robomech_HR/Eglantyne/simulation/install/champ_description:/home/hibiki/Robomech_HR/Eglantyne/simulation/install/champ_config:/home/hibiki/Robomech_HR/Eglantyne/simulation/install/ros2_control_demo_testing:/opt/ros/humble:/home/hibiki/Robomech_HR/Eglantyne/simulation/install/champ:/home/hibiki/Robomech_HR/Eglantyne/microros/ros2_pub_test/install/vel_pub /usr/bin/cmake --install /home/hibiki/Robomech_HR/Eglantyne/simulation/build/champ_config
[0.389s] DEBUG:colcon.colcon_core.event_handler.log_command:Invoked command in '/home/hibiki/Robomech_HR/Eglantyne/simulation/build/gazebo_ros2_control_demos' returned '0': CMAKE_PREFIX_PATH=/home/hibiki/Robomech_HR/Eglantyne/simulation/install/simple_sim:/home/hibiki/Robomech_HR/Eglantyne/simulation/install/ros2_control_demos:/home/hibiki/Robomech_HR/Eglantyne/simulation/install/ros2_control_demo_example_9:/home/hibiki/Robomech_HR/Eglantyne/simulation/install/ros2_control_demo_example_8:/home/hibiki/Robomech_HR/Eglantyne/simulation/install/ros2_control_demo_example_7:/home/hibiki/Robomech_HR/Eglantyne/simulation/install/ros2_control_demo_example_6:/home/hibiki/Robomech_HR/Eglantyne/simulation/install/ros2_control_demo_example_15:/home/hibiki/Robomech_HR/Eglantyne/simulation/install/ros2_control_demo_example_5:/home/hibiki/Robomech_HR/Eglantyne/simulation/install/ros2_control_demo_example_4:/home/hibiki/Robomech_HR/Eglantyne/simulation/install/ros2_control_demo_example_3:/home/hibiki/Robomech_HR/Eglantyne/simulation/install/ros2_control_demo_example_2:/home/hibiki/Robomech_HR/Eglantyne/simulation/install/ros2_control_demo_example_14:/home/hibiki/Robomech_HR/Eglantyne/simulation/install/ros2_control_demo_example_12:/home/hibiki/Robomech_HR/Eglantyne/simulation/install/ros2_control_demo_example_11:/home/hibiki/Robomech_HR/Eglantyne/simulation/install/ros2_control_demo_example_10:/home/hibiki/Robomech_HR/Eglantyne/simulation/install/ros2_control_demo_example_1:/home/hibiki/Robomech_HR/Eglantyne/simulation/install/ros2_control_demo_description:/home/hibiki/Robomech_HR/Eglantyne/simulation/install/gazebo_ros2_control_demos:/home/hibiki/Robomech_HR/Eglantyne/simulation/install/champ_teleop:/home/hibiki/Robomech_HR/Eglantyne/simulation/install/champ_navigation:/home/hibiki/Robomech_HR/Eglantyne/simulation/install/champ_gazebo:/home/hibiki/Robomech_HR/Eglantyne/simulation/install/champ_bringup:/home/hibiki/Robomech_HR/Eglantyne/simulation/install/champ_base:/home/hibiki/Robomech_HR/Eglantyne/simulation/install/champ_msgs:/home/hibiki/Robomech_HR/Eglantyne/simulation/install/champ_description:/home/hibiki/Robomech_HR/Eglantyne/simulation/install/champ_config:/home/hibiki/Robomech_HR/Eglantyne/simulation/install/ros2_control_demo_testing:/opt/ros/humble:/home/hibiki/Robomech_HR/Eglantyne/simulation/install/champ:/home/hibiki/Robomech_HR/Eglantyne/microros/ros2_pub_test/install/vel_pub /usr/bin/cmake --build /home/hibiki/Robomech_HR/Eglantyne/simulation/build/gazebo_ros2_control_demos -- -j16 -l16
[0.391s] DEBUG:colcon.colcon_core.event_handler.log_command:Invoking command in '/home/hibiki/Robomech_HR/Eglantyne/simulation/build/champ_navigation': CMAKE_PREFIX_PATH=/home/hibiki/Robomech_HR/Eglantyne/simulation/install/simple_sim:/home/hibiki/Robomech_HR/Eglantyne/simulation/install/ros2_control_demos:/home/hibiki/Robomech_HR/Eglantyne/simulation/install/ros2_control_demo_example_9:/home/hibiki/Robomech_HR/Eglantyne/simulation/install/ros2_control_demo_example_8:/home/hibiki/Robomech_HR/Eglantyne/simulation/install/ros2_control_demo_example_7:/home/hibiki/Robomech_HR/Eglantyne/simulation/install/ros2_control_demo_example_6:/home/hibiki/Robomech_HR/Eglantyne/simulation/install/ros2_control_demo_example_15:/home/hibiki/Robomech_HR/Eglantyne/simulation/install/ros2_control_demo_example_5:/home/hibiki/Robomech_HR/Eglantyne/simulation/install/ros2_control_demo_example_4:/home/hibiki/Robomech_HR/Eglantyne/simulation/install/ros2_control_demo_example_3:/home/hibiki/Robomech_HR/Eglantyne/simulation/install/ros2_control_demo_example_2:/home/hibiki/Robomech_HR/Eglantyne/simulation/install/ros2_control_demo_example_14:/home/hibiki/Robomech_HR/Eglantyne/simulation/install/ros2_control_demo_example_12:/home/hibiki/Robomech_HR/Eglantyne/simulation/install/ros2_control_demo_example_11:/home/hibiki/Robomech_HR/Eglantyne/simulation/install/ros2_control_demo_example_10:/home/hibiki/Robomech_HR/Eglantyne/simulation/install/ros2_control_demo_example_1:/home/hibiki/Robomech_HR/Eglantyne/simulation/install/ros2_control_demo_description:/home/hibiki/Robomech_HR/Eglantyne/simulation/install/gazebo_ros2_control_demos:/home/hibiki/Robomech_HR/Eglantyne/simulation/install/champ_teleop:/home/hibiki/Robomech_HR/Eglantyne/simulation/install/champ_navigation:/home/hibiki/Robomech_HR/Eglantyne/simulation/install/champ_gazebo:/home/hibiki/Robomech_HR/Eglantyne/simulation/install/champ_bringup:/home/hibiki/Robomech_HR/Eglantyne/simulation/install/champ_base:/home/hibiki/Robomech_HR/Eglantyne/simulation/install/champ_msgs:/home/hibiki/Robomech_HR/Eglantyne/simulation/install/champ_description:/home/hibiki/Robomech_HR/Eglantyne/simulation/install/champ_config:/home/hibiki/Robomech_HR/Eglantyne/simulation/install/ros2_control_demo_testing:/opt/ros/humble:/home/hibiki/Robomech_HR/Eglantyne/simulation/install/champ:/home/hibiki/Robomech_HR/Eglantyne/microros/ros2_pub_test/install/vel_pub /usr/bin/cmake --install /home/hibiki/Robomech_HR/Eglantyne/simulation/build/champ_navigation
[0.394s] Level 1:colcon.colcon_core.environment:create_environment_scripts_only(champ_description)
[0.395s] Level 1:colcon.colcon_core.environment:checking '/home/hibiki/Robomech_HR/Eglantyne/simulation/install/champ_description' for CMake module files
[0.398s] Level 1:colcon.colcon_core.environment:checking '/home/hibiki/Robomech_HR/Eglantyne/simulation/install/champ_description' for CMake config files
[0.401s] DEBUG:colcon.colcon_core.event_handler.log_command:Invoked command in '/home/hibiki/Robomech_HR/Eglantyne/simulation/build/champ_description' returned '0': CMAKE_PREFIX_PATH=/home/hibiki/Robomech_HR/Eglantyne/simulation/install/simple_sim:/home/hibiki/Robomech_HR/Eglantyne/simulation/install/ros2_control_demos:/home/hibiki/Robomech_HR/Eglantyne/simulation/install/ros2_control_demo_example_9:/home/hibiki/Robomech_HR/Eglantyne/simulation/install/ros2_control_demo_example_8:/home/hibiki/Robomech_HR/Eglantyne/simulation/install/ros2_control_demo_example_7:/home/hibiki/Robomech_HR/Eglantyne/simulation/install/ros2_control_demo_example_6:/home/hibiki/Robomech_HR/Eglantyne/simulation/install/ros2_control_demo_example_15:/home/hibiki/Robomech_HR/Eglantyne/simulation/install/ros2_control_demo_example_5:/home/hibiki/Robomech_HR/Eglantyne/simulation/install/ros2_control_demo_example_4:/home/hibiki/Robomech_HR/Eglantyne/simulation/install/ros2_control_demo_example_3:/home/hibiki/Robomech_HR/Eglantyne/simulation/install/ros2_control_demo_example_2:/home/hibiki/Robomech_HR/Eglantyne/simulation/install/ros2_control_demo_example_14:/home/hibiki/Robomech_HR/Eglantyne/simulation/install/ros2_control_demo_example_12:/home/hibiki/Robomech_HR/Eglantyne/simulation/install/ros2_control_demo_example_11:/home/hibiki/Robomech_HR/Eglantyne/simulation/install/ros2_control_demo_example_10:/home/hibiki/Robomech_HR/Eglantyne/simulation/install/ros2_control_demo_example_1:/home/hibiki/Robomech_HR/Eglantyne/simulation/install/ros2_control_demo_description:/home/hibiki/Robomech_HR/Eglantyne/simulation/install/gazebo_ros2_control_demos:/home/hibiki/Robomech_HR/Eglantyne/simulation/install/champ_teleop:/home/hibiki/Robomech_HR/Eglantyne/simulation/install/champ_navigation:/home/hibiki/Robomech_HR/Eglantyne/simulation/install/champ_gazebo:/home/hibiki/Robomech_HR/Eglantyne/simulation/install/champ_bringup:/home/hibiki/Robomech_HR/Eglantyne/simulation/install/champ_base:/home/hibiki/Robomech_HR/Eglantyne/simulation/install/champ_msgs:/home/hibiki/Robomech_HR/Eglantyne/simulation/install/champ_description:/home/hibiki/Robomech_HR/Eglantyne/simulation/install/champ_config:/home/hibiki/Robomech_HR/Eglantyne/simulation/install/ros2_control_demo_testing:/opt/ros/humble:/home/hibiki/Robomech_HR/Eglantyne/simulation/install/champ:/home/hibiki/Robomech_HR/Eglantyne/microros/ros2_pub_test/install/vel_pub /usr/bin/cmake --install /home/hibiki/Robomech_HR/Eglantyne/simulation/build/champ_description
[0.404s] Level 1:colcon.colcon_core.shell:create_environment_hook('champ_description', 'cmake_prefix_path')
[0.404s] INFO:colcon.colcon_core.shell:Creating environment hook '/home/hibiki/Robomech_HR/Eglantyne/simulation/install/champ_description/share/champ_description/hook/cmake_prefix_path.ps1'
[0.405s] INFO:colcon.colcon_core.shell:Creating environment descriptor '/home/hibiki/Robomech_HR/Eglantyne/simulation/install/champ_description/share/champ_description/hook/cmake_prefix_path.dsv'
[0.405s] INFO:colcon.colcon_core.shell:Creating environment hook '/home/hibiki/Robomech_HR/Eglantyne/simulation/install/champ_description/share/champ_description/hook/cmake_prefix_path.sh'
[0.406s] Level 1:colcon.colcon_core.environment:checking '/home/hibiki/Robomech_HR/Eglantyne/simulation/install/champ_description/bin'
[0.406s] Level 1:colcon.colcon_core.environment:checking '/home/hibiki/Robomech_HR/Eglantyne/simulation/install/champ_description/lib/pkgconfig/champ_description.pc'
[0.406s] Level 1:colcon.colcon_core.environment:checking '/home/hibiki/Robomech_HR/Eglantyne/simulation/install/champ_description/lib/python3.10/site-packages'
[0.406s] Level 1:colcon.colcon_core.environment:checking '/home/hibiki/Robomech_HR/Eglantyne/simulation/install/champ_description/bin'
[0.406s] INFO:colcon.colcon_core.shell:Creating package script '/home/hibiki/Robomech_HR/Eglantyne/simulation/install/champ_description/share/champ_description/package.ps1'
[0.407s] INFO:colcon.colcon_core.shell:Creating package descriptor '/home/hibiki/Robomech_HR/Eglantyne/simulation/install/champ_description/share/champ_description/package.dsv'
[0.407s] INFO:colcon.colcon_core.shell:Creating package script '/home/hibiki/Robomech_HR/Eglantyne/simulation/install/champ_description/share/champ_description/package.sh'
[0.408s] INFO:colcon.colcon_core.shell:Creating package script '/home/hibiki/Robomech_HR/Eglantyne/simulation/install/champ_description/share/champ_description/package.bash'
[0.408s] INFO:colcon.colcon_core.shell:Creating package script '/home/hibiki/Robomech_HR/Eglantyne/simulation/install/champ_description/share/champ_description/package.zsh'
[0.408s] Level 1:colcon.colcon_core.environment:create_file_with_runtime_dependencies(/home/hibiki/Robomech_HR/Eglantyne/simulation/install/champ_description/share/colcon-core/packages/champ_description)
[0.410s] DEBUG:colcon.colcon_core.event_handler.log_command:Invoking command in '/home/hibiki/Robomech_HR/Eglantyne/simulation/build/champ_teleop': CMAKE_PREFIX_PATH=/home/hibiki/Robomech_HR/Eglantyne/simulation/install/simple_sim:/home/hibiki/Robomech_HR/Eglantyne/simulation/install/ros2_control_demos:/home/hibiki/Robomech_HR/Eglantyne/simulation/install/ros2_control_demo_example_9:/home/hibiki/Robomech_HR/Eglantyne/simulation/install/ros2_control_demo_example_8:/home/hibiki/Robomech_HR/Eglantyne/simulation/install/ros2_control_demo_example_7:/home/hibiki/Robomech_HR/Eglantyne/simulation/install/ros2_control_demo_example_6:/home/hibiki/Robomech_HR/Eglantyne/simulation/install/ros2_control_demo_example_15:/home/hibiki/Robomech_HR/Eglantyne/simulation/install/ros2_control_demo_example_5:/home/hibiki/Robomech_HR/Eglantyne/simulation/install/ros2_control_demo_example_4:/home/hibiki/Robomech_HR/Eglantyne/simulation/install/ros2_control_demo_example_3:/home/hibiki/Robomech_HR/Eglantyne/simulation/install/ros2_control_demo_example_2:/home/hibiki/Robomech_HR/Eglantyne/simulation/install/ros2_control_demo_example_14:/home/hibiki/Robomech_HR/Eglantyne/simulation/install/ros2_control_demo_example_12:/home/hibiki/Robomech_HR/Eglantyne/simulation/install/ros2_control_demo_example_11:/home/hibiki/Robomech_HR/Eglantyne/simulation/install/ros2_control_demo_example_10:/home/hibiki/Robomech_HR/Eglantyne/simulation/install/ros2_control_demo_example_1:/home/hibiki/Robomech_HR/Eglantyne/simulation/install/ros2_control_demo_description:/home/hibiki/Robomech_HR/Eglantyne/simulation/install/gazebo_ros2_control_demos:/home/hibiki/Robomech_HR/Eglantyne/simulation/install/champ_teleop:/home/hibiki/Robomech_HR/Eglantyne/simulation/install/champ_navigation:/home/hibiki/Robomech_HR/Eglantyne/simulation/install/champ_gazebo:/home/hibiki/Robomech_HR/Eglantyne/simulation/install/champ_bringup:/home/hibiki/Robomech_HR/Eglantyne/simulation/install/champ_base:/home/hibiki/Robomech_HR/Eglantyne/simulation/install/champ_msgs:/home/hibiki/Robomech_HR/Eglantyne/simulation/install/champ_description:/home/hibiki/Robomech_HR/Eglantyne/simulation/install/champ_config:/home/hibiki/Robomech_HR/Eglantyne/simulation/install/ros2_control_demo_testing:/opt/ros/humble:/home/hibiki/Robomech_HR/Eglantyne/simulation/install/champ:/home/hibiki/Robomech_HR/Eglantyne/microros/ros2_pub_test/install/vel_pub /usr/bin/cmake --install /home/hibiki/Robomech_HR/Eglantyne/simulation/build/champ_teleop
[0.410s] Level 1:colcon.colcon_core.environment:create_environment_scripts_only(champ)
[0.411s] Level 1:colcon.colcon_core.environment:checking '/home/hibiki/Robomech_HR/Eglantyne/simulation/install/champ' for CMake module files
[0.411s] DEBUG:colcon.colcon_core.event_handler.log_command:Invoked command in '/home/hibiki/Robomech_HR/Eglantyne/simulation/build/champ' returned '0': CMAKE_PREFIX_PATH=/home/hibiki/Robomech_HR/Eglantyne/simulation/install/simple_sim:/home/hibiki/Robomech_HR/Eglantyne/simulation/install/ros2_control_demos:/home/hibiki/Robomech_HR/Eglantyne/simulation/install/ros2_control_demo_example_9:/home/hibiki/Robomech_HR/Eglantyne/simulation/install/ros2_control_demo_example_8:/home/hibiki/Robomech_HR/Eglantyne/simulation/install/ros2_control_demo_example_7:/home/hibiki/Robomech_HR/Eglantyne/simulation/install/ros2_control_demo_example_6:/home/hibiki/Robomech_HR/Eglantyne/simulation/install/ros2_control_demo_example_15:/home/hibiki/Robomech_HR/Eglantyne/simulation/install/ros2_control_demo_example_5:/home/hibiki/Robomech_HR/Eglantyne/simulation/install/ros2_control_demo_example_4:/home/hibiki/Robomech_HR/Eglantyne/simulation/install/ros2_control_demo_example_3:/home/hibiki/Robomech_HR/Eglantyne/simulation/install/ros2_control_demo_example_2:/home/hibiki/Robomech_HR/Eglantyne/simulation/install/ros2_control_demo_example_14:/home/hibiki/Robomech_HR/Eglantyne/simulation/install/ros2_control_demo_example_12:/home/hibiki/Robomech_HR/Eglantyne/simulation/install/ros2_control_demo_example_11:/home/hibiki/Robomech_HR/Eglantyne/simulation/install/ros2_control_demo_example_10:/home/hibiki/Robomech_HR/Eglantyne/simulation/install/ros2_control_demo_example_1:/home/hibiki/Robomech_HR/Eglantyne/simulation/install/ros2_control_demo_description:/home/hibiki/Robomech_HR/Eglantyne/simulation/install/gazebo_ros2_control_demos:/home/hibiki/Robomech_HR/Eglantyne/simulation/install/champ_teleop:/home/hibiki/Robomech_HR/Eglantyne/simulation/install/champ_navigation:/home/hibiki/Robomech_HR/Eglantyne/simulation/install/champ_gazebo:/home/hibiki/Robomech_HR/Eglantyne/simulation/install/champ_bringup:/home/hibiki/Robomech_HR/Eglantyne/simulation/install/champ_base:/home/hibiki/Robomech_HR/Eglantyne/simulation/install/champ_msgs:/home/hibiki/Robomech_HR/Eglantyne/simulation/install/champ_description:/home/hibiki/Robomech_HR/Eglantyne/simulation/install/champ_config:/home/hibiki/Robomech_HR/Eglantyne/simulation/install/ros2_control_demo_testing:/opt/ros/humble:/home/hibiki/Robomech_HR/Eglantyne/simulation/install/champ:/home/hibiki/Robomech_HR/Eglantyne/microros/ros2_pub_test/install/vel_pub /usr/bin/cmake --install /home/hibiki/Robomech_HR/Eglantyne/simulation/build/champ
[0.412s] Level 1:colcon.colcon_core.environment:checking '/home/hibiki/Robomech_HR/Eglantyne/simulation/install/champ' for CMake config files
[0.412s] Level 1:colcon.colcon_core.shell:create_environment_hook('champ', 'cmake_prefix_path')
[0.412s] INFO:colcon.colcon_core.shell:Creating environment hook '/home/hibiki/Robomech_HR/Eglantyne/simulation/install/champ/share/champ/hook/cmake_prefix_path.ps1'
[0.412s] INFO:colcon.colcon_core.shell:Creating environment descriptor '/home/hibiki/Robomech_HR/Eglantyne/simulation/install/champ/share/champ/hook/cmake_prefix_path.dsv'
[0.413s] INFO:colcon.colcon_core.shell:Creating environment hook '/home/hibiki/Robomech_HR/Eglantyne/simulation/install/champ/share/champ/hook/cmake_prefix_path.sh'
[0.413s] Level 1:colcon.colcon_core.environment:checking '/home/hibiki/Robomech_HR/Eglantyne/simulation/install/champ/bin'
[0.413s] Level 1:colcon.colcon_core.environment:checking '/home/hibiki/Robomech_HR/Eglantyne/simulation/install/champ/lib/pkgconfig/champ.pc'
[0.414s] Level 1:colcon.colcon_core.environment:checking '/home/hibiki/Robomech_HR/Eglantyne/simulation/install/champ/lib/python3.10/site-packages'
[0.414s] Level 1:colcon.colcon_core.environment:checking '/home/hibiki/Robomech_HR/Eglantyne/simulation/install/champ/bin'
[0.414s] INFO:colcon.colcon_core.shell:Creating package script '/home/hibiki/Robomech_HR/Eglantyne/simulation/install/champ/share/champ/package.ps1'
[0.415s] INFO:colcon.colcon_core.shell:Creating package descriptor '/home/hibiki/Robomech_HR/Eglantyne/simulation/install/champ/share/champ/package.dsv'
[0.415s] INFO:colcon.colcon_core.shell:Creating package script '/home/hibiki/Robomech_HR/Eglantyne/simulation/install/champ/share/champ/package.sh'
[0.415s] INFO:colcon.colcon_core.shell:Creating package script '/home/hibiki/Robomech_HR/Eglantyne/simulation/install/champ/share/champ/package.bash'
[0.416s] INFO:colcon.colcon_core.shell:Creating package script '/home/hibiki/Robomech_HR/Eglantyne/simulation/install/champ/share/champ/package.zsh'
[0.416s] Level 1:colcon.colcon_core.environment:create_file_with_runtime_dependencies(/home/hibiki/Robomech_HR/Eglantyne/simulation/install/champ/share/colcon-core/packages/champ)
[0.417s] Level 1:colcon.colcon_core.environment:create_environment_scripts_only(ros2_control_demo_description)
[0.418s] Level 1:colcon.colcon_core.environment:checking '/home/hibiki/Robomech_HR/Eglantyne/simulation/install/ros2_control_demo_description' for CMake module files
[0.418s] Level 1:colcon.colcon_core.environment:checking '/home/hibiki/Robomech_HR/Eglantyne/simulation/install/ros2_control_demo_description' for CMake config files
[0.419s] Level 1:colcon.colcon_core.shell:create_environment_hook('ros2_control_demo_description', 'cmake_prefix_path')
[0.419s] INFO:colcon.colcon_core.shell:Creating environment hook '/home/hibiki/Robomech_HR/Eglantyne/simulation/install/ros2_control_demo_description/share/ros2_control_demo_description/hook/cmake_prefix_path.ps1'
[0.419s] INFO:colcon.colcon_core.shell:Creating environment descriptor '/home/hibiki/Robomech_HR/Eglantyne/simulation/install/ros2_control_demo_description/share/ros2_control_demo_description/hook/cmake_prefix_path.dsv'
[0.420s] INFO:colcon.colcon_core.shell:Creating environment hook '/home/hibiki/Robomech_HR/Eglantyne/simulation/install/ros2_control_demo_description/share/ros2_control_demo_description/hook/cmake_prefix_path.sh'
[0.420s] Level 1:colcon.colcon_core.environment:checking '/home/hibiki/Robomech_HR/Eglantyne/simulation/install/ros2_control_demo_description/bin'
[0.420s] Level 1:colcon.colcon_core.environment:checking '/home/hibiki/Robomech_HR/Eglantyne/simulation/install/ros2_control_demo_description/lib/pkgconfig/ros2_control_demo_description.pc'
[0.420s] Level 1:colcon.colcon_core.environment:checking '/home/hibiki/Robomech_HR/Eglantyne/simulation/install/ros2_control_demo_description/lib/python3.10/site-packages'
[0.421s] Level 1:colcon.colcon_core.environment:checking '/home/hibiki/Robomech_HR/Eglantyne/simulation/install/ros2_control_demo_description/bin'
[0.421s] INFO:colcon.colcon_core.shell:Creating package script '/home/hibiki/Robomech_HR/Eglantyne/simulation/install/ros2_control_demo_description/share/ros2_control_demo_description/package.ps1'
[0.421s] INFO:colcon.colcon_core.shell:Creating package descriptor '/home/hibiki/Robomech_HR/Eglantyne/simulation/install/ros2_control_demo_description/share/ros2_control_demo_description/package.dsv'
[0.422s] INFO:colcon.colcon_core.shell:Creating package script '/home/hibiki/Robomech_HR/Eglantyne/simulation/install/ros2_control_demo_description/share/ros2_control_demo_description/package.sh'
[0.422s] INFO:colcon.colcon_core.shell:Creating package script '/home/hibiki/Robomech_HR/Eglantyne/simulation/install/ros2_control_demo_description/share/ros2_control_demo_description/package.bash'
[0.423s] INFO:colcon.colcon_core.shell:Creating package script '/home/hibiki/Robomech_HR/Eglantyne/simulation/install/ros2_control_demo_description/share/ros2_control_demo_description/package.zsh'
[0.423s] Level 1:colcon.colcon_core.environment:create_file_with_runtime_dependencies(/home/hibiki/Robomech_HR/Eglantyne/simulation/install/ros2_control_demo_description/share/colcon-core/packages/ros2_control_demo_description)
[0.424s] Level 1:colcon.colcon_core.environment:create_environment_scripts_only(champ_config)
[0.424s] Level 1:colcon.colcon_core.environment:checking '/home/hibiki/Robomech_HR/Eglantyne/simulation/install/champ_config' for CMake module files
[0.427s] DEBUG:colcon.colcon_core.event_handler.log_command:Invoked command in '/home/hibiki/Robomech_HR/Eglantyne/simulation/build/champ_config' returned '0': CMAKE_PREFIX_PATH=/home/hibiki/Robomech_HR/Eglantyne/simulation/install/simple_sim:/home/hibiki/Robomech_HR/Eglantyne/simulation/install/ros2_control_demos:/home/hibiki/Robomech_HR/Eglantyne/simulation/install/ros2_control_demo_example_9:/home/hibiki/Robomech_HR/Eglantyne/simulation/install/ros2_control_demo_example_8:/home/hibiki/Robomech_HR/Eglantyne/simulation/install/ros2_control_demo_example_7:/home/hibiki/Robomech_HR/Eglantyne/simulation/install/ros2_control_demo_example_6:/home/hibiki/Robomech_HR/Eglantyne/simulation/install/ros2_control_demo_example_15:/home/hibiki/Robomech_HR/Eglantyne/simulation/install/ros2_control_demo_example_5:/home/hibiki/Robomech_HR/Eglantyne/simulation/install/ros2_control_demo_example_4:/home/hibiki/Robomech_HR/Eglantyne/simulation/install/ros2_control_demo_example_3:/home/hibiki/Robomech_HR/Eglantyne/simulation/install/ros2_control_demo_example_2:/home/hibiki/Robomech_HR/Eglantyne/simulation/install/ros2_control_demo_example_14:/home/hibiki/Robomech_HR/Eglantyne/simulation/install/ros2_control_demo_example_12:/home/hibiki/Robomech_HR/Eglantyne/simulation/install/ros2_control_demo_example_11:/home/hibiki/Robomech_HR/Eglantyne/simulation/install/ros2_control_demo_example_10:/home/hibiki/Robomech_HR/Eglantyne/simulation/install/ros2_control_demo_example_1:/home/hibiki/Robomech_HR/Eglantyne/simulation/install/ros2_control_demo_description:/home/hibiki/Robomech_HR/Eglantyne/simulation/install/gazebo_ros2_control_demos:/home/hibiki/Robomech_HR/Eglantyne/simulation/install/champ_teleop:/home/hibiki/Robomech_HR/Eglantyne/simulation/install/champ_navigation:/home/hibiki/Robomech_HR/Eglantyne/simulation/install/champ_gazebo:/home/hibiki/Robomech_HR/Eglantyne/simulation/install/champ_bringup:/home/hibiki/Robomech_HR/Eglantyne/simulation/install/champ_base:/home/hibiki/Robomech_HR/Eglantyne/simulation/install/champ_msgs:/home/hibiki/Robomech_HR/Eglantyne/simulation/install/champ_description:/home/hibiki/Robomech_HR/Eglantyne/simulation/install/champ_config:/home/hibiki/Robomech_HR/Eglantyne/simulation/install/ros2_control_demo_testing:/opt/ros/humble:/home/hibiki/Robomech_HR/Eglantyne/simulation/install/champ:/home/hibiki/Robomech_HR/Eglantyne/microros/ros2_pub_test/install/vel_pub /usr/bin/cmake --install /home/hibiki/Robomech_HR/Eglantyne/simulation/build/champ_config
[0.427s] Level 1:colcon.colcon_core.environment:checking '/home/hibiki/Robomech_HR/Eglantyne/simulation/install/champ_config' for CMake config files
[0.427s] Level 1:colcon.colcon_core.shell:create_environment_hook('champ_config', 'cmake_prefix_path')
[0.428s] INFO:colcon.colcon_core.shell:Creating environment hook '/home/hibiki/Robomech_HR/Eglantyne/simulation/install/champ_config/share/champ_config/hook/cmake_prefix_path.ps1'
[0.428s] INFO:colcon.colcon_core.shell:Creating environment descriptor '/home/hibiki/Robomech_HR/Eglantyne/simulation/install/champ_config/share/champ_config/hook/cmake_prefix_path.dsv'
[0.428s] INFO:colcon.colcon_core.shell:Creating environment hook '/home/hibiki/Robomech_HR/Eglantyne/simulation/install/champ_config/share/champ_config/hook/cmake_prefix_path.sh'
[0.429s] Level 1:colcon.colcon_core.environment:checking '/home/hibiki/Robomech_HR/Eglantyne/simulation/install/champ_config/bin'
[0.429s] Level 1:colcon.colcon_core.environment:checking '/home/hibiki/Robomech_HR/Eglantyne/simulation/install/champ_config/lib/pkgconfig/champ_config.pc'
[0.429s] Level 1:colcon.colcon_core.environment:checking '/home/hibiki/Robomech_HR/Eglantyne/simulation/install/champ_config/lib/python3.10/site-packages'
[0.429s] Level 1:colcon.colcon_core.environment:checking '/home/hibiki/Robomech_HR/Eglantyne/simulation/install/champ_config/bin'
[0.430s] INFO:colcon.colcon_core.shell:Creating package script '/home/hibiki/Robomech_HR/Eglantyne/simulation/install/champ_config/share/champ_config/package.ps1'
[0.430s] INFO:colcon.colcon_core.shell:Creating package descriptor '/home/hibiki/Robomech_HR/Eglantyne/simulation/install/champ_config/share/champ_config/package.dsv'
[0.430s] INFO:colcon.colcon_core.shell:Creating package script '/home/hibiki/Robomech_HR/Eglantyne/simulation/install/champ_config/share/champ_config/package.sh'
[0.431s] INFO:colcon.colcon_core.shell:Creating package script '/home/hibiki/Robomech_HR/Eglantyne/simulation/install/champ_config/share/champ_config/package.bash'
[0.431s] INFO:colcon.colcon_core.shell:Creating package script '/home/hibiki/Robomech_HR/Eglantyne/simulation/install/champ_config/share/champ_config/package.zsh'
[0.431s] Level 1:colcon.colcon_core.environment:create_file_with_runtime_dependencies(/home/hibiki/Robomech_HR/Eglantyne/simulation/install/champ_config/share/colcon-core/packages/champ_config)
[0.433s] Level 1:colcon.colcon_core.environment:create_environment_scripts_only(champ_navigation)
[0.434s] Level 1:colcon.colcon_core.environment:checking '/home/hibiki/Robomech_HR/Eglantyne/simulation/install/champ_navigation' for CMake module files
[0.434s] DEBUG:colcon.colcon_core.event_handler.log_command:Invoked command in '/home/hibiki/Robomech_HR/Eglantyne/simulation/build/champ_navigation' returned '0': CMAKE_PREFIX_PATH=/home/hibiki/Robomech_HR/Eglantyne/simulation/install/simple_sim:/home/hibiki/Robomech_HR/Eglantyne/simulation/install/ros2_control_demos:/home/hibiki/Robomech_HR/Eglantyne/simulation/install/ros2_control_demo_example_9:/home/hibiki/Robomech_HR/Eglantyne/simulation/install/ros2_control_demo_example_8:/home/hibiki/Robomech_HR/Eglantyne/simulation/install/ros2_control_demo_example_7:/home/hibiki/Robomech_HR/Eglantyne/simulation/install/ros2_control_demo_example_6:/home/hibiki/Robomech_HR/Eglantyne/simulation/install/ros2_control_demo_example_15:/home/hibiki/Robomech_HR/Eglantyne/simulation/install/ros2_control_demo_example_5:/home/hibiki/Robomech_HR/Eglantyne/simulation/install/ros2_control_demo_example_4:/home/hibiki/Robomech_HR/Eglantyne/simulation/install/ros2_control_demo_example_3:/home/hibiki/Robomech_HR/Eglantyne/simulation/install/ros2_control_demo_example_2:/home/hibiki/Robomech_HR/Eglantyne/simulation/install/ros2_control_demo_example_14:/home/hibiki/Robomech_HR/Eglantyne/simulation/install/ros2_control_demo_example_12:/home/hibiki/Robomech_HR/Eglantyne/simulation/install/ros2_control_demo_example_11:/home/hibiki/Robomech_HR/Eglantyne/simulation/install/ros2_control_demo_example_10:/home/hibiki/Robomech_HR/Eglantyne/simulation/install/ros2_control_demo_example_1:/home/hibiki/Robomech_HR/Eglantyne/simulation/install/ros2_control_demo_description:/home/hibiki/Robomech_HR/Eglantyne/simulation/install/gazebo_ros2_control_demos:/home/hibiki/Robomech_HR/Eglantyne/simulation/install/champ_teleop:/home/hibiki/Robomech_HR/Eglantyne/simulation/install/champ_navigation:/home/hibiki/Robomech_HR/Eglantyne/simulation/install/champ_gazebo:/home/hibiki/Robomech_HR/Eglantyne/simulation/install/champ_bringup:/home/hibiki/Robomech_HR/Eglantyne/simulation/install/champ_base:/home/hibiki/Robomech_HR/Eglantyne/simulation/install/champ_msgs:/home/hibiki/Robomech_HR/Eglantyne/simulation/install/champ_description:/home/hibiki/Robomech_HR/Eglantyne/simulation/install/champ_config:/home/hibiki/Robomech_HR/Eglantyne/simulation/install/ros2_control_demo_testing:/opt/ros/humble:/home/hibiki/Robomech_HR/Eglantyne/simulation/install/champ:/home/hibiki/Robomech_HR/Eglantyne/microros/ros2_pub_test/install/vel_pub /usr/bin/cmake --install /home/hibiki/Robomech_HR/Eglantyne/simulation/build/champ_navigation
[0.434s] Level 1:colcon.colcon_core.environment:checking '/home/hibiki/Robomech_HR/Eglantyne/simulation/install/champ_navigation' for CMake config files
[0.435s] Level 1:colcon.colcon_core.shell:create_environment_hook('champ_navigation', 'cmake_prefix_path')
[0.435s] INFO:colcon.colcon_core.shell:Creating environment hook '/home/hibiki/Robomech_HR/Eglantyne/simulation/install/champ_navigation/share/champ_navigation/hook/cmake_prefix_path.ps1'
[0.435s] INFO:colcon.colcon_core.shell:Creating environment descriptor '/home/hibiki/Robomech_HR/Eglantyne/simulation/install/champ_navigation/share/champ_navigation/hook/cmake_prefix_path.dsv'
[0.436s] INFO:colcon.colcon_core.shell:Creating environment hook '/home/hibiki/Robomech_HR/Eglantyne/simulation/install/champ_navigation/share/champ_navigation/hook/cmake_prefix_path.sh'
[0.436s] Level 1:colcon.colcon_core.environment:checking '/home/hibiki/Robomech_HR/Eglantyne/simulation/install/champ_navigation/bin'
[0.436s] Level 1:colcon.colcon_core.environment:checking '/home/hibiki/Robomech_HR/Eglantyne/simulation/install/champ_navigation/lib/pkgconfig/champ_navigation.pc'
[0.436s] Level 1:colcon.colcon_core.environment:checking '/home/hibiki/Robomech_HR/Eglantyne/simulation/install/champ_navigation/lib/python3.10/site-packages'
[0.437s] Level 1:colcon.colcon_core.environment:checking '/home/hibiki/Robomech_HR/Eglantyne/simulation/install/champ_navigation/bin'
[0.437s] INFO:colcon.colcon_core.shell:Creating package script '/home/hibiki/Robomech_HR/Eglantyne/simulation/install/champ_navigation/share/champ_navigation/package.ps1'
[0.437s] INFO:colcon.colcon_core.shell:Creating package descriptor '/home/hibiki/Robomech_HR/Eglantyne/simulation/install/champ_navigation/share/champ_navigation/package.dsv'
[0.438s] INFO:colcon.colcon_core.shell:Creating package script '/home/hibiki/Robomech_HR/Eglantyne/simulation/install/champ_navigation/share/champ_navigation/package.sh'
[0.438s] INFO:colcon.colcon_core.shell:Creating package script '/home/hibiki/Robomech_HR/Eglantyne/simulation/install/champ_navigation/share/champ_navigation/package.bash'
[0.438s] INFO:colcon.colcon_core.shell:Creating package script '/home/hibiki/Robomech_HR/Eglantyne/simulation/install/champ_navigation/share/champ_navigation/package.zsh'
[0.439s] Level 1:colcon.colcon_core.environment:create_file_with_runtime_dependencies(/home/hibiki/Robomech_HR/Eglantyne/simulation/install/champ_navigation/share/colcon-core/packages/champ_navigation)
[0.440s] Level 1:colcon.colcon_core.environment:create_environment_scripts_only(champ_teleop)
[0.440s] Level 1:colcon.colcon_core.environment:checking '/home/hibiki/Robomech_HR/Eglantyne/simulation/install/champ_teleop' for CMake module files
[0.440s] DEBUG:colcon.colcon_core.event_handler.log_command:Invoked command in '/home/hibiki/Robomech_HR/Eglantyne/simulation/build/champ_teleop' returned '0': CMAKE_PREFIX_PATH=/home/hibiki/Robomech_HR/Eglantyne/simulation/install/simple_sim:/home/hibiki/Robomech_HR/Eglantyne/simulation/install/ros2_control_demos:/home/hibiki/Robomech_HR/Eglantyne/simulation/install/ros2_control_demo_example_9:/home/hibiki/Robomech_HR/Eglantyne/simulation/install/ros2_control_demo_example_8:/home/hibiki/Robomech_HR/Eglantyne/simulation/install/ros2_control_demo_example_7:/home/hibiki/Robomech_HR/Eglantyne/simulation/install/ros2_control_demo_example_6:/home/hibiki/Robomech_HR/Eglantyne/simulation/install/ros2_control_demo_example_15:/home/hibiki/Robomech_HR/Eglantyne/simulation/install/ros2_control_demo_example_5:/home/hibiki/Robomech_HR/Eglantyne/simulation/install/ros2_control_demo_example_4:/home/hibiki/Robomech_HR/Eglantyne/simulation/install/ros2_control_demo_example_3:/home/hibiki/Robomech_HR/Eglantyne/simulation/install/ros2_control_demo_example_2:/home/hibiki/Robomech_HR/Eglantyne/simulation/install/ros2_control_demo_example_14:/home/hibiki/Robomech_HR/Eglantyne/simulation/install/ros2_control_demo_example_12:/home/hibiki/Robomech_HR/Eglantyne/simulation/install/ros2_control_demo_example_11:/home/hibiki/Robomech_HR/Eglantyne/simulation/install/ros2_control_demo_example_10:/home/hibiki/Robomech_HR/Eglantyne/simulation/install/ros2_control_demo_example_1:/home/hibiki/Robomech_HR/Eglantyne/simulation/install/ros2_control_demo_description:/home/hibiki/Robomech_HR/Eglantyne/simulation/install/gazebo_ros2_control_demos:/home/hibiki/Robomech_HR/Eglantyne/simulation/install/champ_teleop:/home/hibiki/Robomech_HR/Eglantyne/simulation/install/champ_navigation:/home/hibiki/Robomech_HR/Eglantyne/simulation/install/champ_gazebo:/home/hibiki/Robomech_HR/Eglantyne/simulation/install/champ_bringup:/home/hibiki/Robomech_HR/Eglantyne/simulation/install/champ_base:/home/hibiki/Robomech_HR/Eglantyne/simulation/install/champ_msgs:/home/hibiki/Robomech_HR/Eglantyne/simulation/install/champ_description:/home/hibiki/Robomech_HR/Eglantyne/simulation/install/champ_config:/home/hibiki/Robomech_HR/Eglantyne/simulation/install/ros2_control_demo_testing:/opt/ros/humble:/home/hibiki/Robomech_HR/Eglantyne/simulation/install/champ:/home/hibiki/Robomech_HR/Eglantyne/microros/ros2_pub_test/install/vel_pub /usr/bin/cmake --install /home/hibiki/Robomech_HR/Eglantyne/simulation/build/champ_teleop
[0.441s] Level 1:colcon.colcon_core.environment:checking '/home/hibiki/Robomech_HR/Eglantyne/simulation/install/champ_teleop' for CMake config files
[0.441s] Level 1:colcon.colcon_core.shell:create_environment_hook('champ_teleop', 'cmake_prefix_path')
[0.441s] INFO:colcon.colcon_core.shell:Creating environment hook '/home/hibiki/Robomech_HR/Eglantyne/simulation/install/champ_teleop/share/champ_teleop/hook/cmake_prefix_path.ps1'
[0.442s] INFO:colcon.colcon_core.shell:Creating environment descriptor '/home/hibiki/Robomech_HR/Eglantyne/simulation/install/champ_teleop/share/champ_teleop/hook/cmake_prefix_path.dsv'
[0.442s] INFO:colcon.colcon_core.shell:Creating environment hook '/home/hibiki/Robomech_HR/Eglantyne/simulation/install/champ_teleop/share/champ_teleop/hook/cmake_prefix_path.sh'
[0.443s] Level 1:colcon.colcon_core.environment:checking '/home/hibiki/Robomech_HR/Eglantyne/simulation/install/champ_teleop/lib'
[0.443s] Level 1:colcon.colcon_core.environment:checking '/home/hibiki/Robomech_HR/Eglantyne/simulation/install/champ_teleop/bin'
[0.443s] Level 1:colcon.colcon_core.environment:checking '/home/hibiki/Robomech_HR/Eglantyne/simulation/install/champ_teleop/lib/pkgconfig/champ_teleop.pc'
[0.443s] Level 1:colcon.colcon_core.environment:checking '/home/hibiki/Robomech_HR/Eglantyne/simulation/install/champ_teleop/lib/python3.10/site-packages'
[0.443s] Level 1:colcon.colcon_core.environment:checking '/home/hibiki/Robomech_HR/Eglantyne/simulation/install/champ_teleop/bin'
[0.444s] INFO:colcon.colcon_core.shell:Creating package script '/home/hibiki/Robomech_HR/Eglantyne/simulation/install/champ_teleop/share/champ_teleop/package.ps1'
[0.444s] INFO:colcon.colcon_core.shell:Creating package descriptor '/home/hibiki/Robomech_HR/Eglantyne/simulation/install/champ_teleop/share/champ_teleop/package.dsv'
[0.444s] INFO:colcon.colcon_core.shell:Creating package script '/home/hibiki/Robomech_HR/Eglantyne/simulation/install/champ_teleop/share/champ_teleop/package.sh'
[0.445s] INFO:colcon.colcon_core.shell:Creating package script '/home/hibiki/Robomech_HR/Eglantyne/simulation/install/champ_teleop/share/champ_teleop/package.bash'
[0.445s] INFO:colcon.colcon_core.shell:Creating package script '/home/hibiki/Robomech_HR/Eglantyne/simulation/install/champ_teleop/share/champ_teleop/package.zsh'
[0.445s] Level 1:colcon.colcon_core.environment:create_file_with_runtime_dependencies(/home/hibiki/Robomech_HR/Eglantyne/simulation/install/champ_teleop/share/colcon-core/packages/champ_teleop)
[0.448s] DEBUG:colcon.colcon_core.event_handler.log_command:Invoking command in '/home/hibiki/Robomech_HR/Eglantyne/simulation/build/gazebo_ros2_control_demos': CMAKE_PREFIX_PATH=/home/hibiki/Robomech_HR/Eglantyne/simulation/install/simple_sim:/home/hibiki/Robomech_HR/Eglantyne/simulation/install/ros2_control_demos:/home/hibiki/Robomech_HR/Eglantyne/simulation/install/ros2_control_demo_example_9:/home/hibiki/Robomech_HR/Eglantyne/simulation/install/ros2_control_demo_example_8:/home/hibiki/Robomech_HR/Eglantyne/simulation/install/ros2_control_demo_example_7:/home/hibiki/Robomech_HR/Eglantyne/simulation/install/ros2_control_demo_example_6:/home/hibiki/Robomech_HR/Eglantyne/simulation/install/ros2_control_demo_example_15:/home/hibiki/Robomech_HR/Eglantyne/simulation/install/ros2_control_demo_example_5:/home/hibiki/Robomech_HR/Eglantyne/simulation/install/ros2_control_demo_example_4:/home/hibiki/Robomech_HR/Eglantyne/simulation/install/ros2_control_demo_example_3:/home/hibiki/Robomech_HR/Eglantyne/simulation/install/ros2_control_demo_example_2:/home/hibiki/Robomech_HR/Eglantyne/simulation/install/ros2_control_demo_example_14:/home/hibiki/Robomech_HR/Eglantyne/simulation/install/ros2_control_demo_example_12:/home/hibiki/Robomech_HR/Eglantyne/simulation/install/ros2_control_demo_example_11:/home/hibiki/Robomech_HR/Eglantyne/simulation/install/ros2_control_demo_example_10:/home/hibiki/Robomech_HR/Eglantyne/simulation/install/ros2_control_demo_example_1:/home/hibiki/Robomech_HR/Eglantyne/simulation/install/ros2_control_demo_description:/home/hibiki/Robomech_HR/Eglantyne/simulation/install/gazebo_ros2_control_demos:/home/hibiki/Robomech_HR/Eglantyne/simulation/install/champ_teleop:/home/hibiki/Robomech_HR/Eglantyne/simulation/install/champ_navigation:/home/hibiki/Robomech_HR/Eglantyne/simulation/install/champ_gazebo:/home/hibiki/Robomech_HR/Eglantyne/simulation/install/champ_bringup:/home/hibiki/Robomech_HR/Eglantyne/simulation/install/champ_base:/home/hibiki/Robomech_HR/Eglantyne/simulation/install/champ_msgs:/home/hibiki/Robomech_HR/Eglantyne/simulation/install/champ_description:/home/hibiki/Robomech_HR/Eglantyne/simulation/install/champ_config:/home/hibiki/Robomech_HR/Eglantyne/simulation/install/ros2_control_demo_testing:/opt/ros/humble:/home/hibiki/Robomech_HR/Eglantyne/simulation/install/champ:/home/hibiki/Robomech_HR/Eglantyne/microros/ros2_pub_test/install/vel_pub /usr/bin/cmake --install /home/hibiki/Robomech_HR/Eglantyne/simulation/build/gazebo_ros2_control_demos
[0.448s] Level 1:colcon.colcon_core.environment:create_environment_scripts_only(champ)
[0.448s] Level 1:colcon.colcon_core.environment:checking '/home/hibiki/Robomech_HR/Eglantyne/simulation/install/champ' for CMake module files
[0.449s] Level 1:colcon.colcon_core.environment:checking '/home/hibiki/Robomech_HR/Eglantyne/simulation/install/champ' for CMake config files
[0.449s] Level 1:colcon.colcon_core.shell:create_environment_hook('champ', 'cmake_prefix_path')
[0.449s] INFO:colcon.colcon_core.shell:Creating environment hook '/home/hibiki/Robomech_HR/Eglantyne/simulation/install/champ/share/champ/hook/cmake_prefix_path.ps1'
[0.449s] INFO:colcon.colcon_core.shell:Creating environment descriptor '/home/hibiki/Robomech_HR/Eglantyne/simulation/install/champ/share/champ/hook/cmake_prefix_path.dsv'
[0.450s] INFO:colcon.colcon_core.shell:Creating environment hook '/home/hibiki/Robomech_HR/Eglantyne/simulation/install/champ/share/champ/hook/cmake_prefix_path.sh'
[0.450s] Level 1:colcon.colcon_core.environment:checking '/home/hibiki/Robomech_HR/Eglantyne/simulation/install/champ/bin'
[0.450s] Level 1:colcon.colcon_core.environment:checking '/home/hibiki/Robomech_HR/Eglantyne/simulation/install/champ/lib/pkgconfig/champ.pc'
[0.451s] Level 1:colcon.colcon_core.environment:checking '/home/hibiki/Robomech_HR/Eglantyne/simulation/install/champ/lib/python3.10/site-packages'
[0.451s] Level 1:colcon.colcon_core.environment:checking '/home/hibiki/Robomech_HR/Eglantyne/simulation/install/champ/bin'
[0.451s] INFO:colcon.colcon_core.shell:Creating package script '/home/hibiki/Robomech_HR/Eglantyne/simulation/install/champ/share/champ/package.ps1'
[0.452s] INFO:colcon.colcon_core.shell:Creating package descriptor '/home/hibiki/Robomech_HR/Eglantyne/simulation/install/champ/share/champ/package.dsv'
[0.452s] INFO:colcon.colcon_core.shell:Creating package script '/home/hibiki/Robomech_HR/Eglantyne/simulation/install/champ/share/champ/package.sh'
[0.453s] INFO:colcon.colcon_core.shell:Creating package script '/home/hibiki/Robomech_HR/Eglantyne/simulation/install/champ/share/champ/package.bash'
[0.453s] INFO:colcon.colcon_core.shell:Creating package script '/home/hibiki/Robomech_HR/Eglantyne/simulation/install/champ/share/champ/package.zsh'
[0.453s] Level 1:colcon.colcon_core.environment:create_file_with_runtime_dependencies(/home/hibiki/Robomech_HR/Eglantyne/simulation/install/champ/share/colcon-core/packages/champ)
[0.454s] Level 1:colcon.colcon_core.environment:create_environment_scripts_only(champ_description)
[0.454s] Level 1:colcon.colcon_core.environment:checking '/home/hibiki/Robomech_HR/Eglantyne/simulation/install/champ_description' for CMake module files
[0.455s] Level 1:colcon.colcon_core.environment:checking '/home/hibiki/Robomech_HR/Eglantyne/simulation/install/champ_description' for CMake config files
[0.455s] Level 1:colcon.colcon_core.shell:create_environment_hook('champ_description', 'cmake_prefix_path')
[0.455s] INFO:colcon.colcon_core.shell:Creating environment hook '/home/hibiki/Robomech_HR/Eglantyne/simulation/install/champ_description/share/champ_description/hook/cmake_prefix_path.ps1'
[0.456s] INFO:colcon.colcon_core.shell:Creating environment descriptor '/home/hibiki/Robomech_HR/Eglantyne/simulation/install/champ_description/share/champ_description/hook/cmake_prefix_path.dsv'
[0.456s] INFO:colcon.colcon_core.shell:Creating environment hook '/home/hibiki/Robomech_HR/Eglantyne/simulation/install/champ_description/share/champ_description/hook/cmake_prefix_path.sh'
[0.456s] Level 1:colcon.colcon_core.environment:checking '/home/hibiki/Robomech_HR/Eglantyne/simulation/install/champ_description/bin'
[0.457s] Level 1:colcon.colcon_core.environment:checking '/home/hibiki/Robomech_HR/Eglantyne/simulation/install/champ_description/lib/pkgconfig/champ_description.pc'
[0.457s] Level 1:colcon.colcon_core.environment:checking '/home/hibiki/Robomech_HR/Eglantyne/simulation/install/champ_description/lib/python3.10/site-packages'
[0.457s] Level 1:colcon.colcon_core.environment:checking '/home/hibiki/Robomech_HR/Eglantyne/simulation/install/champ_description/bin'
[0.457s] INFO:colcon.colcon_core.shell:Creating package script '/home/hibiki/Robomech_HR/Eglantyne/simulation/install/champ_description/share/champ_description/package.ps1'
[0.458s] INFO:colcon.colcon_core.shell:Creating package descriptor '/home/hibiki/Robomech_HR/Eglantyne/simulation/install/champ_description/share/champ_description/package.dsv'
[0.458s] INFO:colcon.colcon_core.shell:Creating package script '/home/hibiki/Robomech_HR/Eglantyne/simulation/install/champ_description/share/champ_description/package.sh'
[0.459s] INFO:colcon.colcon_core.shell:Creating package script '/home/hibiki/Robomech_HR/Eglantyne/simulation/install/champ_description/share/champ_description/package.bash'
[0.459s] INFO:colcon.colcon_core.shell:Creating package script '/home/hibiki/Robomech_HR/Eglantyne/simulation/install/champ_description/share/champ_description/package.zsh'
[0.459s] Level 1:colcon.colcon_core.environment:create_file_with_runtime_dependencies(/home/hibiki/Robomech_HR/Eglantyne/simulation/install/champ_description/share/colcon-core/packages/champ_description)
[0.461s] Level 1:colcon.colcon_core.environment:create_environment_scripts_only(champ_config)
[0.461s] Level 1:colcon.colcon_core.environment:checking '/home/hibiki/Robomech_HR/Eglantyne/simulation/install/champ_config' for CMake module files
[0.463s] Level 1:colcon.colcon_core.environment:checking '/home/hibiki/Robomech_HR/Eglantyne/simulation/install/champ_config' for CMake config files
[0.465s] Level 1:colcon.colcon_core.shell:create_environment_hook('champ_config', 'cmake_prefix_path')
[0.466s] INFO:colcon.colcon_core.shell:Creating environment hook '/home/hibiki/Robomech_HR/Eglantyne/simulation/install/champ_config/share/champ_config/hook/cmake_prefix_path.ps1'
[0.466s] INFO:colcon.colcon_core.shell:Creating environment descriptor '/home/hibiki/Robomech_HR/Eglantyne/simulation/install/champ_config/share/champ_config/hook/cmake_prefix_path.dsv'
[0.467s] INFO:colcon.colcon_core.shell:Creating environment hook '/home/hibiki/Robomech_HR/Eglantyne/simulation/install/champ_config/share/champ_config/hook/cmake_prefix_path.sh'
[0.467s] Level 1:colcon.colcon_core.environment:checking '/home/hibiki/Robomech_HR/Eglantyne/simulation/install/champ_config/bin'
[0.467s] Level 1:colcon.colcon_core.environment:checking '/home/hibiki/Robomech_HR/Eglantyne/simulation/install/champ_config/lib/pkgconfig/champ_config.pc'
[0.467s] Level 1:colcon.colcon_core.environment:checking '/home/hibiki/Robomech_HR/Eglantyne/simulation/install/champ_config/lib/python3.10/site-packages'
[0.468s] Level 1:colcon.colcon_core.environment:checking '/home/hibiki/Robomech_HR/Eglantyne/simulation/install/champ_config/bin'
[0.468s] INFO:colcon.colcon_core.shell:Creating package script '/home/hibiki/Robomech_HR/Eglantyne/simulation/install/champ_config/share/champ_config/package.ps1'
[0.468s] INFO:colcon.colcon_core.shell:Creating package descriptor '/home/hibiki/Robomech_HR/Eglantyne/simulation/install/champ_config/share/champ_config/package.dsv'
[0.468s] INFO:colcon.colcon_core.shell:Creating package script '/home/hibiki/Robomech_HR/Eglantyne/simulation/install/champ_config/share/champ_config/package.sh'
[0.469s] INFO:colcon.colcon_core.shell:Creating package script '/home/hibiki/Robomech_HR/Eglantyne/simulation/install/champ_config/share/champ_config/package.bash'
[0.469s] INFO:colcon.colcon_core.shell:Creating package script '/home/hibiki/Robomech_HR/Eglantyne/simulation/install/champ_config/share/champ_config/package.zsh'
[0.469s] Level 1:colcon.colcon_core.environment:create_file_with_runtime_dependencies(/home/hibiki/Robomech_HR/Eglantyne/simulation/install/champ_config/share/colcon-core/packages/champ_config)
[0.469s] Level 1:colcon.colcon_core.environment:create_environment_scripts_only(champ_navigation)
[0.469s] Level 1:colcon.colcon_core.environment:checking '/home/hibiki/Robomech_HR/Eglantyne/simulation/install/champ_navigation' for CMake module files
[0.470s] Level 1:colcon.colcon_core.environment:checking '/home/hibiki/Robomech_HR/Eglantyne/simulation/install/champ_navigation' for CMake config files
[0.470s] Level 1:colcon.colcon_core.shell:create_environment_hook('champ_navigation', 'cmake_prefix_path')
[0.470s] INFO:colcon.colcon_core.shell:Creating environment hook '/home/hibiki/Robomech_HR/Eglantyne/simulation/install/champ_navigation/share/champ_navigation/hook/cmake_prefix_path.ps1'
[0.470s] INFO:colcon.colcon_core.shell:Creating environment descriptor '/home/hibiki/Robomech_HR/Eglantyne/simulation/install/champ_navigation/share/champ_navigation/hook/cmake_prefix_path.dsv'
[0.470s] INFO:colcon.colcon_core.shell:Creating environment hook '/home/hibiki/Robomech_HR/Eglantyne/simulation/install/champ_navigation/share/champ_navigation/hook/cmake_prefix_path.sh'
[0.471s] Level 1:colcon.colcon_core.environment:checking '/home/hibiki/Robomech_HR/Eglantyne/simulation/install/champ_navigation/bin'
[0.471s] Level 1:colcon.colcon_core.environment:checking '/home/hibiki/Robomech_HR/Eglantyne/simulation/install/champ_navigation/lib/pkgconfig/champ_navigation.pc'
[0.471s] Level 1:colcon.colcon_core.environment:checking '/home/hibiki/Robomech_HR/Eglantyne/simulation/install/champ_navigation/lib/python3.10/site-packages'
[0.471s] Level 1:colcon.colcon_core.environment:checking '/home/hibiki/Robomech_HR/Eglantyne/simulation/install/champ_navigation/bin'
[0.471s] INFO:colcon.colcon_core.shell:Creating package script '/home/hibiki/Robomech_HR/Eglantyne/simulation/install/champ_navigation/share/champ_navigation/package.ps1'
[0.472s] INFO:colcon.colcon_core.shell:Creating package descriptor '/home/hibiki/Robomech_HR/Eglantyne/simulation/install/champ_navigation/share/champ_navigation/package.dsv'
[0.472s] INFO:colcon.colcon_core.shell:Creating package script '/home/hibiki/Robomech_HR/Eglantyne/simulation/install/champ_navigation/share/champ_navigation/package.sh'
[0.472s] INFO:colcon.colcon_core.shell:Creating package script '/home/hibiki/Robomech_HR/Eglantyne/simulation/install/champ_navigation/share/champ_navigation/package.bash'
[0.472s] INFO:colcon.colcon_core.shell:Creating package script '/home/hibiki/Robomech_HR/Eglantyne/simulation/install/champ_navigation/share/champ_navigation/package.zsh'
[0.473s] Level 1:colcon.colcon_core.environment:create_file_with_runtime_dependencies(/home/hibiki/Robomech_HR/Eglantyne/simulation/install/champ_navigation/share/colcon-core/packages/champ_navigation)
[0.473s] Level 1:colcon.colcon_core.environment:create_environment_scripts_only(gazebo_ros2_control_demos)
[0.473s] Level 1:colcon.colcon_core.environment:checking '/home/hibiki/Robomech_HR/Eglantyne/simulation/install/gazebo_ros2_control_demos' for CMake module files
[0.474s] DEBUG:colcon.colcon_core.event_handler.log_command:Invoked command in '/home/hibiki/Robomech_HR/Eglantyne/simulation/build/gazebo_ros2_control_demos' returned '0': CMAKE_PREFIX_PATH=/home/hibiki/Robomech_HR/Eglantyne/simulation/install/simple_sim:/home/hibiki/Robomech_HR/Eglantyne/simulation/install/ros2_control_demos:/home/hibiki/Robomech_HR/Eglantyne/simulation/install/ros2_control_demo_example_9:/home/hibiki/Robomech_HR/Eglantyne/simulation/install/ros2_control_demo_example_8:/home/hibiki/Robomech_HR/Eglantyne/simulation/install/ros2_control_demo_example_7:/home/hibiki/Robomech_HR/Eglantyne/simulation/install/ros2_control_demo_example_6:/home/hibiki/Robomech_HR/Eglantyne/simulation/install/ros2_control_demo_example_15:/home/hibiki/Robomech_HR/Eglantyne/simulation/install/ros2_control_demo_example_5:/home/hibiki/Robomech_HR/Eglantyne/simulation/install/ros2_control_demo_example_4:/home/hibiki/Robomech_HR/Eglantyne/simulation/install/ros2_control_demo_example_3:/home/hibiki/Robomech_HR/Eglantyne/simulation/install/ros2_control_demo_example_2:/home/hibiki/Robomech_HR/Eglantyne/simulation/install/ros2_control_demo_example_14:/home/hibiki/Robomech_HR/Eglantyne/simulation/install/ros2_control_demo_example_12:/home/hibiki/Robomech_HR/Eglantyne/simulation/install/ros2_control_demo_example_11:/home/hibiki/Robomech_HR/Eglantyne/simulation/install/ros2_control_demo_example_10:/home/hibiki/Robomech_HR/Eglantyne/simulation/install/ros2_control_demo_example_1:/home/hibiki/Robomech_HR/Eglantyne/simulation/install/ros2_control_demo_description:/home/hibiki/Robomech_HR/Eglantyne/simulation/install/gazebo_ros2_control_demos:/home/hibiki/Robomech_HR/Eglantyne/simulation/install/champ_teleop:/home/hibiki/Robomech_HR/Eglantyne/simulation/install/champ_navigation:/home/hibiki/Robomech_HR/Eglantyne/simulation/install/champ_gazebo:/home/hibiki/Robomech_HR/Eglantyne/simulation/install/champ_bringup:/home/hibiki/Robomech_HR/Eglantyne/simulation/install/champ_base:/home/hibiki/Robomech_HR/Eglantyne/simulation/install/champ_msgs:/home/hibiki/Robomech_HR/Eglantyne/simulation/install/champ_description:/home/hibiki/Robomech_HR/Eglantyne/simulation/install/champ_config:/home/hibiki/Robomech_HR/Eglantyne/simulation/install/ros2_control_demo_testing:/opt/ros/humble:/home/hibiki/Robomech_HR/Eglantyne/simulation/install/champ:/home/hibiki/Robomech_HR/Eglantyne/microros/ros2_pub_test/install/vel_pub /usr/bin/cmake --install /home/hibiki/Robomech_HR/Eglantyne/simulation/build/gazebo_ros2_control_demos
[0.474s] Level 1:colcon.colcon_core.environment:checking '/home/hibiki/Robomech_HR/Eglantyne/simulation/install/gazebo_ros2_control_demos' for CMake config files
[0.474s] Level 1:colcon.colcon_core.shell:create_environment_hook('gazebo_ros2_control_demos', 'cmake_prefix_path')
[0.474s] INFO:colcon.colcon_core.shell:Creating environment hook '/home/hibiki/Robomech_HR/Eglantyne/simulation/install/gazebo_ros2_control_demos/share/gazebo_ros2_control_demos/hook/cmake_prefix_path.ps1'
[0.474s] INFO:colcon.colcon_core.shell:Creating environment descriptor '/home/hibiki/Robomech_HR/Eglantyne/simulation/install/gazebo_ros2_control_demos/share/gazebo_ros2_control_demos/hook/cmake_prefix_path.dsv'
[0.475s] INFO:colcon.colcon_core.shell:Creating environment hook '/home/hibiki/Robomech_HR/Eglantyne/simulation/install/gazebo_ros2_control_demos/share/gazebo_ros2_control_demos/hook/cmake_prefix_path.sh'
[0.475s] Level 1:colcon.colcon_core.environment:checking '/home/hibiki/Robomech_HR/Eglantyne/simulation/install/gazebo_ros2_control_demos/lib'
[0.475s] Level 1:colcon.colcon_core.environment:checking '/home/hibiki/Robomech_HR/Eglantyne/simulation/install/gazebo_ros2_control_demos/bin'
[0.475s] Level 1:colcon.colcon_core.environment:checking '/home/hibiki/Robomech_HR/Eglantyne/simulation/install/gazebo_ros2_control_demos/lib/pkgconfig/gazebo_ros2_control_demos.pc'
[0.475s] Level 1:colcon.colcon_core.environment:checking '/home/hibiki/Robomech_HR/Eglantyne/simulation/install/gazebo_ros2_control_demos/lib/python3.10/site-packages'
[0.475s] Level 1:colcon.colcon_core.environment:checking '/home/hibiki/Robomech_HR/Eglantyne/simulation/install/gazebo_ros2_control_demos/bin'
[0.476s] INFO:colcon.colcon_core.shell:Creating package script '/home/hibiki/Robomech_HR/Eglantyne/simulation/install/gazebo_ros2_control_demos/share/gazebo_ros2_control_demos/package.ps1'
[0.476s] INFO:colcon.colcon_core.shell:Creating package descriptor '/home/hibiki/Robomech_HR/Eglantyne/simulation/install/gazebo_ros2_control_demos/share/gazebo_ros2_control_demos/package.dsv'
[0.476s] INFO:colcon.colcon_core.shell:Creating package script '/home/hibiki/Robomech_HR/Eglantyne/simulation/install/gazebo_ros2_control_demos/share/gazebo_ros2_control_demos/package.sh'
[0.476s] INFO:colcon.colcon_core.shell:Creating package script '/home/hibiki/Robomech_HR/Eglantyne/simulation/install/gazebo_ros2_control_demos/share/gazebo_ros2_control_demos/package.bash'
[0.476s] INFO:colcon.colcon_core.shell:Creating package script '/home/hibiki/Robomech_HR/Eglantyne/simulation/install/gazebo_ros2_control_demos/share/gazebo_ros2_control_demos/package.zsh'
[0.477s] Level 1:colcon.colcon_core.environment:create_file_with_runtime_dependencies(/home/hibiki/Robomech_HR/Eglantyne/simulation/install/gazebo_ros2_control_demos/share/colcon-core/packages/gazebo_ros2_control_demos)
[0.477s] Level 1:colcon.colcon_core.environment:create_environment_scripts_only(champ_teleop)
[0.478s] Level 1:colcon.colcon_core.environment:checking '/home/hibiki/Robomech_HR/Eglantyne/simulation/install/champ_teleop' for CMake module files
[0.478s] Level 1:colcon.colcon_core.environment:checking '/home/hibiki/Robomech_HR/Eglantyne/simulation/install/champ_teleop' for CMake config files
[0.478s] Level 1:colcon.colcon_core.shell:create_environment_hook('champ_teleop', 'cmake_prefix_path')
[0.478s] INFO:colcon.colcon_core.shell:Creating environment hook '/home/hibiki/Robomech_HR/Eglantyne/simulation/install/champ_teleop/share/champ_teleop/hook/cmake_prefix_path.ps1'
[0.478s] INFO:colcon.colcon_core.shell:Creating environment descriptor '/home/hibiki/Robomech_HR/Eglantyne/simulation/install/champ_teleop/share/champ_teleop/hook/cmake_prefix_path.dsv'
[0.478s] INFO:colcon.colcon_core.shell:Creating environment hook '/home/hibiki/Robomech_HR/Eglantyne/simulation/install/champ_teleop/share/champ_teleop/hook/cmake_prefix_path.sh'
[0.479s] Level 1:colcon.colcon_core.environment:checking '/home/hibiki/Robomech_HR/Eglantyne/simulation/install/champ_teleop/lib'
[0.479s] Level 1:colcon.colcon_core.environment:checking '/home/hibiki/Robomech_HR/Eglantyne/simulation/install/champ_teleop/bin'
[0.479s] Level 1:colcon.colcon_core.environment:checking '/home/hibiki/Robomech_HR/Eglantyne/simulation/install/champ_teleop/lib/pkgconfig/champ_teleop.pc'
[0.479s] Level 1:colcon.colcon_core.environment:checking '/home/hibiki/Robomech_HR/Eglantyne/simulation/install/champ_teleop/lib/python3.10/site-packages'
[0.479s] Level 1:colcon.colcon_core.environment:checking '/home/hibiki/Robomech_HR/Eglantyne/simulation/install/champ_teleop/bin'
[0.479s] INFO:colcon.colcon_core.shell:Creating package script '/home/hibiki/Robomech_HR/Eglantyne/simulation/install/champ_teleop/share/champ_teleop/package.ps1'
[0.480s] INFO:colcon.colcon_core.shell:Creating package descriptor '/home/hibiki/Robomech_HR/Eglantyne/simulation/install/champ_teleop/share/champ_teleop/package.dsv'
[0.480s] INFO:colcon.colcon_core.shell:Creating package script '/home/hibiki/Robomech_HR/Eglantyne/simulation/install/champ_teleop/share/champ_teleop/package.sh'
[0.480s] INFO:colcon.colcon_core.shell:Creating package script '/home/hibiki/Robomech_HR/Eglantyne/simulation/install/champ_teleop/share/champ_teleop/package.bash'
[0.481s] INFO:colcon.colcon_core.shell:Creating package script '/home/hibiki/Robomech_HR/Eglantyne/simulation/install/champ_teleop/share/champ_teleop/package.zsh'
[0.481s] Level 1:colcon.colcon_core.environment:create_file_with_runtime_dependencies(/home/hibiki/Robomech_HR/Eglantyne/simulation/install/champ_teleop/share/colcon-core/packages/champ_teleop)
[0.519s] Level 1:colcon.colcon_core.environment:create_environment_scripts_only(gazebo_ros2_control_demos)
[0.520s] Level 1:colcon.colcon_core.environment:checking '/home/hibiki/Robomech_HR/Eglantyne/simulation/install/gazebo_ros2_control_demos' for CMake module files
[0.520s] Level 1:colcon.colcon_core.environment:checking '/home/hibiki/Robomech_HR/Eglantyne/simulation/install/gazebo_ros2_control_demos' for CMake config files
[0.520s] Level 1:colcon.colcon_core.shell:create_environment_hook('gazebo_ros2_control_demos', 'cmake_prefix_path')
[0.520s] INFO:colcon.colcon_core.shell:Creating environment hook '/home/hibiki/Robomech_HR/Eglantyne/simulation/install/gazebo_ros2_control_demos/share/gazebo_ros2_control_demos/hook/cmake_prefix_path.ps1'
[0.521s] INFO:colcon.colcon_core.shell:Creating environment descriptor '/home/hibiki/Robomech_HR/Eglantyne/simulation/install/gazebo_ros2_control_demos/share/gazebo_ros2_control_demos/hook/cmake_prefix_path.dsv'
[0.521s] INFO:colcon.colcon_core.shell:Creating environment hook '/home/hibiki/Robomech_HR/Eglantyne/simulation/install/gazebo_ros2_control_demos/share/gazebo_ros2_control_demos/hook/cmake_prefix_path.sh'
[0.522s] Level 1:colcon.colcon_core.environment:checking '/home/hibiki/Robomech_HR/Eglantyne/simulation/install/gazebo_ros2_control_demos/lib'
[0.522s] Level 1:colcon.colcon_core.environment:checking '/home/hibiki/Robomech_HR/Eglantyne/simulation/install/gazebo_ros2_control_demos/bin'
[0.522s] Level 1:colcon.colcon_core.environment:checking '/home/hibiki/Robomech_HR/Eglantyne/simulation/install/gazebo_ros2_control_demos/lib/pkgconfig/gazebo_ros2_control_demos.pc'
[0.522s] Level 1:colcon.colcon_core.environment:checking '/home/hibiki/Robomech_HR/Eglantyne/simulation/install/gazebo_ros2_control_demos/lib/python3.10/site-packages'
[0.522s] Level 1:colcon.colcon_core.environment:checking '/home/hibiki/Robomech_HR/Eglantyne/simulation/install/gazebo_ros2_control_demos/bin'
[0.522s] INFO:colcon.colcon_core.shell:Creating package script '/home/hibiki/Robomech_HR/Eglantyne/simulation/install/gazebo_ros2_control_demos/share/gazebo_ros2_control_demos/package.ps1'
[0.523s] INFO:colcon.colcon_core.shell:Creating package descriptor '/home/hibiki/Robomech_HR/Eglantyne/simulation/install/gazebo_ros2_control_demos/share/gazebo_ros2_control_demos/package.dsv'
[0.523s] INFO:colcon.colcon_core.shell:Creating package script '/home/hibiki/Robomech_HR/Eglantyne/simulation/install/gazebo_ros2_control_demos/share/gazebo_ros2_control_demos/package.sh'
[0.524s] INFO:colcon.colcon_core.shell:Creating package script '/home/hibiki/Robomech_HR/Eglantyne/simulation/install/gazebo_ros2_control_demos/share/gazebo_ros2_control_demos/package.bash'
[0.524s] INFO:colcon.colcon_core.shell:Creating package script '/home/hibiki/Robomech_HR/Eglantyne/simulation/install/gazebo_ros2_control_demos/share/gazebo_ros2_control_demos/package.zsh'
[0.524s] Level 1:colcon.colcon_core.environment:create_file_with_runtime_dependencies(/home/hibiki/Robomech_HR/Eglantyne/simulation/install/gazebo_ros2_control_demos/share/colcon-core/packages/gazebo_ros2_control_demos)
[0.561s] DEBUG:colcon.colcon_core.event_handler.log_command:Invoked command in '/home/hibiki/Robomech_HR/Eglantyne/simulation/build/champ_msgs' returned '0': CMAKE_PREFIX_PATH=/home/hibiki/Robomech_HR/Eglantyne/simulation/install/simple_sim:/home/hibiki/Robomech_HR/Eglantyne/simulation/install/ros2_control_demos:/home/hibiki/Robomech_HR/Eglantyne/simulation/install/ros2_control_demo_example_9:/home/hibiki/Robomech_HR/Eglantyne/simulation/install/ros2_control_demo_example_8:/home/hibiki/Robomech_HR/Eglantyne/simulation/install/ros2_control_demo_example_7:/home/hibiki/Robomech_HR/Eglantyne/simulation/install/ros2_control_demo_example_6:/home/hibiki/Robomech_HR/Eglantyne/simulation/install/ros2_control_demo_example_15:/home/hibiki/Robomech_HR/Eglantyne/simulation/install/ros2_control_demo_example_5:/home/hibiki/Robomech_HR/Eglantyne/simulation/install/ros2_control_demo_example_4:/home/hibiki/Robomech_HR/Eglantyne/simulation/install/ros2_control_demo_example_3:/home/hibiki/Robomech_HR/Eglantyne/simulation/install/ros2_control_demo_example_2:/home/hibiki/Robomech_HR/Eglantyne/simulation/install/ros2_control_demo_example_14:/home/hibiki/Robomech_HR/Eglantyne/simulation/install/ros2_control_demo_example_12:/home/hibiki/Robomech_HR/Eglantyne/simulation/install/ros2_control_demo_example_11:/home/hibiki/Robomech_HR/Eglantyne/simulation/install/ros2_control_demo_example_10:/home/hibiki/Robomech_HR/Eglantyne/simulation/install/ros2_control_demo_example_1:/home/hibiki/Robomech_HR/Eglantyne/simulation/install/ros2_control_demo_description:/home/hibiki/Robomech_HR/Eglantyne/simulation/install/gazebo_ros2_control_demos:/home/hibiki/Robomech_HR/Eglantyne/simulation/install/champ_teleop:/home/hibiki/Robomech_HR/Eglantyne/simulation/install/champ_navigation:/home/hibiki/Robomech_HR/Eglantyne/simulation/install/champ_gazebo:/home/hibiki/Robomech_HR/Eglantyne/simulation/install/champ_bringup:/home/hibiki/Robomech_HR/Eglantyne/simulation/install/champ_base:/home/hibiki/Robomech_HR/Eglantyne/simulation/install/champ_msgs:/home/hibiki/Robomech_HR/Eglantyne/simulation/install/champ_description:/home/hibiki/Robomech_HR/Eglantyne/simulation/install/champ_config:/home/hibiki/Robomech_HR/Eglantyne/simulation/install/ros2_control_demo_testing:/opt/ros/humble:/home/hibiki/Robomech_HR/Eglantyne/simulation/install/champ:/home/hibiki/Robomech_HR/Eglantyne/microros/ros2_pub_test/install/vel_pub /usr/bin/cmake --build /home/hibiki/Robomech_HR/Eglantyne/simulation/build/champ_msgs -- -j16 -l16
[0.610s] DEBUG:colcon.colcon_core.event_handler.log_command:Invoking command in '/home/hibiki/Robomech_HR/Eglantyne/simulation/src/ros2_control_demos/ros2_control_demo_testing': PYTHONPATH=/home/hibiki/Robomech_HR/Eglantyne/simulation/build/ros2_control_demo_testing/prefix_override:/home/hibiki/Robomech_HR/Eglantyne/simulation/install/ros2_control_demo_testing/lib/python3.10/site-packages:${PYTHONPATH} /home/hibiki/.espressif/python_env/idf5.4_py3.10_env/bin/python -W ignore:setup.py install is deprecated setup.py egg_info --egg-base ../../../build/ros2_control_demo_testing build --build-base /home/hibiki/Robomech_HR/Eglantyne/simulation/build/ros2_control_demo_testing/build install --record /home/hibiki/Robomech_HR/Eglantyne/simulation/build/ros2_control_demo_testing/install.log --single-version-externally-managed install_data
[0.792s] DEBUG:colcon.colcon_core.event_handler.log_command:Invoking command in '/home/hibiki/Robomech_HR/Eglantyne/simulation/build/champ_msgs': CMAKE_PREFIX_PATH=/home/hibiki/Robomech_HR/Eglantyne/simulation/install/simple_sim:/home/hibiki/Robomech_HR/Eglantyne/simulation/install/ros2_control_demos:/home/hibiki/Robomech_HR/Eglantyne/simulation/install/ros2_control_demo_example_9:/home/hibiki/Robomech_HR/Eglantyne/simulation/install/ros2_control_demo_example_8:/home/hibiki/Robomech_HR/Eglantyne/simulation/install/ros2_control_demo_example_7:/home/hibiki/Robomech_HR/Eglantyne/simulation/install/ros2_control_demo_example_6:/home/hibiki/Robomech_HR/Eglantyne/simulation/install/ros2_control_demo_example_15:/home/hibiki/Robomech_HR/Eglantyne/simulation/install/ros2_control_demo_example_5:/home/hibiki/Robomech_HR/Eglantyne/simulation/install/ros2_control_demo_example_4:/home/hibiki/Robomech_HR/Eglantyne/simulation/install/ros2_control_demo_example_3:/home/hibiki/Robomech_HR/Eglantyne/simulation/install/ros2_control_demo_example_2:/home/hibiki/Robomech_HR/Eglantyne/simulation/install/ros2_control_demo_example_14:/home/hibiki/Robomech_HR/Eglantyne/simulation/install/ros2_control_demo_example_12:/home/hibiki/Robomech_HR/Eglantyne/simulation/install/ros2_control_demo_example_11:/home/hibiki/Robomech_HR/Eglantyne/simulation/install/ros2_control_demo_example_10:/home/hibiki/Robomech_HR/Eglantyne/simulation/install/ros2_control_demo_example_1:/home/hibiki/Robomech_HR/Eglantyne/simulation/install/ros2_control_demo_description:/home/hibiki/Robomech_HR/Eglantyne/simulation/install/gazebo_ros2_control_demos:/home/hibiki/Robomech_HR/Eglantyne/simulation/install/champ_teleop:/home/hibiki/Robomech_HR/Eglantyne/simulation/install/champ_navigation:/home/hibiki/Robomech_HR/Eglantyne/simulation/install/champ_gazebo:/home/hibiki/Robomech_HR/Eglantyne/simulation/install/champ_bringup:/home/hibiki/Robomech_HR/Eglantyne/simulation/install/champ_base:/home/hibiki/Robomech_HR/Eglantyne/simulation/install/champ_msgs:/home/hibiki/Robomech_HR/Eglantyne/simulation/install/champ_description:/home/hibiki/Robomech_HR/Eglantyne/simulation/install/champ_config:/home/hibiki/Robomech_HR/Eglantyne/simulation/install/ros2_control_demo_testing:/opt/ros/humble:/home/hibiki/Robomech_HR/Eglantyne/simulation/install/champ:/home/hibiki/Robomech_HR/Eglantyne/microros/ros2_pub_test/install/vel_pub /usr/bin/cmake --install /home/hibiki/Robomech_HR/Eglantyne/simulation/build/champ_msgs
[0.828s] Level 1:colcon.colcon_core.environment:create_environment_scripts_only(champ_msgs)
[0.828s] Level 1:colcon.colcon_core.environment:checking '/home/hibiki/Robomech_HR/Eglantyne/simulation/install/champ_msgs' for CMake module files
[0.828s] DEBUG:colcon.colcon_core.event_handler.log_command:Invoked command in '/home/hibiki/Robomech_HR/Eglantyne/simulation/build/champ_msgs' returned '0': CMAKE_PREFIX_PATH=/home/hibiki/Robomech_HR/Eglantyne/simulation/install/simple_sim:/home/hibiki/Robomech_HR/Eglantyne/simulation/install/ros2_control_demos:/home/hibiki/Robomech_HR/Eglantyne/simulation/install/ros2_control_demo_example_9:/home/hibiki/Robomech_HR/Eglantyne/simulation/install/ros2_control_demo_example_8:/home/hibiki/Robomech_HR/Eglantyne/simulation/install/ros2_control_demo_example_7:/home/hibiki/Robomech_HR/Eglantyne/simulation/install/ros2_control_demo_example_6:/home/hibiki/Robomech_HR/Eglantyne/simulation/install/ros2_control_demo_example_15:/home/hibiki/Robomech_HR/Eglantyne/simulation/install/ros2_control_demo_example_5:/home/hibiki/Robomech_HR/Eglantyne/simulation/install/ros2_control_demo_example_4:/home/hibiki/Robomech_HR/Eglantyne/simulation/install/ros2_control_demo_example_3:/home/hibiki/Robomech_HR/Eglantyne/simulation/install/ros2_control_demo_example_2:/home/hibiki/Robomech_HR/Eglantyne/simulation/install/ros2_control_demo_example_14:/home/hibiki/Robomech_HR/Eglantyne/simulation/install/ros2_control_demo_example_12:/home/hibiki/Robomech_HR/Eglantyne/simulation/install/ros2_control_demo_example_11:/home/hibiki/Robomech_HR/Eglantyne/simulation/install/ros2_control_demo_example_10:/home/hibiki/Robomech_HR/Eglantyne/simulation/install/ros2_control_demo_example_1:/home/hibiki/Robomech_HR/Eglantyne/simulation/install/ros2_control_demo_description:/home/hibiki/Robomech_HR/Eglantyne/simulation/install/gazebo_ros2_control_demos:/home/hibiki/Robomech_HR/Eglantyne/simulation/install/champ_teleop:/home/hibiki/Robomech_HR/Eglantyne/simulation/install/champ_navigation:/home/hibiki/Robomech_HR/Eglantyne/simulation/install/champ_gazebo:/home/hibiki/Robomech_HR/Eglantyne/simulation/install/champ_bringup:/home/hibiki/Robomech_HR/Eglantyne/simulation/install/champ_base:/home/hibiki/Robomech_HR/Eglantyne/simulation/install/champ_msgs:/home/hibiki/Robomech_HR/Eglantyne/simulation/install/champ_description:/home/hibiki/Robomech_HR/Eglantyne/simulation/install/champ_config:/home/hibiki/Robomech_HR/Eglantyne/simulation/install/ros2_control_demo_testing:/opt/ros/humble:/home/hibiki/Robomech_HR/Eglantyne/simulation/install/champ:/home/hibiki/Robomech_HR/Eglantyne/microros/ros2_pub_test/install/vel_pub /usr/bin/cmake --install /home/hibiki/Robomech_HR/Eglantyne/simulation/build/champ_msgs
[0.829s] Level 1:colcon.colcon_core.environment:checking '/home/hibiki/Robomech_HR/Eglantyne/simulation/install/champ_msgs' for CMake config files
[0.829s] Level 1:colcon.colcon_core.shell:create_environment_hook('champ_msgs', 'cmake_prefix_path')
[0.829s] INFO:colcon.colcon_core.shell:Creating environment hook '/home/hibiki/Robomech_HR/Eglantyne/simulation/install/champ_msgs/share/champ_msgs/hook/cmake_prefix_path.ps1'
[0.829s] INFO:colcon.colcon_core.shell:Creating environment descriptor '/home/hibiki/Robomech_HR/Eglantyne/simulation/install/champ_msgs/share/champ_msgs/hook/cmake_prefix_path.dsv'
[0.829s] INFO:colcon.colcon_core.shell:Creating environment hook '/home/hibiki/Robomech_HR/Eglantyne/simulation/install/champ_msgs/share/champ_msgs/hook/cmake_prefix_path.sh'
[0.830s] Level 1:colcon.colcon_core.environment:checking '/home/hibiki/Robomech_HR/Eglantyne/simulation/install/champ_msgs/lib'
[0.830s] Level 1:colcon.colcon_core.shell:create_environment_hook('champ_msgs', 'ld_library_path_lib')
[0.830s] INFO:colcon.colcon_core.shell:Creating environment hook '/home/hibiki/Robomech_HR/Eglantyne/simulation/install/champ_msgs/share/champ_msgs/hook/ld_library_path_lib.ps1'
[0.830s] INFO:colcon.colcon_core.shell:Creating environment descriptor '/home/hibiki/Robomech_HR/Eglantyne/simulation/install/champ_msgs/share/champ_msgs/hook/ld_library_path_lib.dsv'
[0.830s] INFO:colcon.colcon_core.shell:Creating environment hook '/home/hibiki/Robomech_HR/Eglantyne/simulation/install/champ_msgs/share/champ_msgs/hook/ld_library_path_lib.sh'
[0.830s] Level 1:colcon.colcon_core.environment:checking '/home/hibiki/Robomech_HR/Eglantyne/simulation/install/champ_msgs/bin'
[0.830s] Level 1:colcon.colcon_core.environment:checking '/home/hibiki/Robomech_HR/Eglantyne/simulation/install/champ_msgs/lib/pkgconfig/champ_msgs.pc'
[0.830s] Level 1:colcon.colcon_core.environment:checking '/home/hibiki/Robomech_HR/Eglantyne/simulation/install/champ_msgs/lib/python3.10/site-packages'
[0.831s] Level 1:colcon.colcon_core.shell:create_environment_hook('champ_msgs', 'pythonpath')
[0.831s] INFO:colcon.colcon_core.shell:Creating environment hook '/home/hibiki/Robomech_HR/Eglantyne/simulation/install/champ_msgs/share/champ_msgs/hook/pythonpath.ps1'
[0.831s] INFO:colcon.colcon_core.shell:Creating environment descriptor '/home/hibiki/Robomech_HR/Eglantyne/simulation/install/champ_msgs/share/champ_msgs/hook/pythonpath.dsv'
[0.831s] INFO:colcon.colcon_core.shell:Creating environment hook '/home/hibiki/Robomech_HR/Eglantyne/simulation/install/champ_msgs/share/champ_msgs/hook/pythonpath.sh'
[0.831s] Level 1:colcon.colcon_core.environment:checking '/home/hibiki/Robomech_HR/Eglantyne/simulation/install/champ_msgs/bin'
[0.831s] INFO:colcon.colcon_core.shell:Creating package script '/home/hibiki/Robomech_HR/Eglantyne/simulation/install/champ_msgs/share/champ_msgs/package.ps1'
[0.832s] INFO:colcon.colcon_core.shell:Creating package descriptor '/home/hibiki/Robomech_HR/Eglantyne/simulation/install/champ_msgs/share/champ_msgs/package.dsv'
[0.832s] INFO:colcon.colcon_core.shell:Creating package script '/home/hibiki/Robomech_HR/Eglantyne/simulation/install/champ_msgs/share/champ_msgs/package.sh'
[0.832s] INFO:colcon.colcon_core.shell:Creating package script '/home/hibiki/Robomech_HR/Eglantyne/simulation/install/champ_msgs/share/champ_msgs/package.bash'
[0.832s] INFO:colcon.colcon_core.shell:Creating package script '/home/hibiki/Robomech_HR/Eglantyne/simulation/install/champ_msgs/share/champ_msgs/package.zsh'
[0.833s] Level 1:colcon.colcon_core.environment:create_file_with_runtime_dependencies(/home/hibiki/Robomech_HR/Eglantyne/simulation/install/champ_msgs/share/colcon-core/packages/champ_msgs)
[0.864s] Level 1:colcon.colcon_core.environment:checking '/home/hibiki/Robomech_HR/Eglantyne/simulation/install/ros2_control_demo_testing' for CMake module files
[0.864s] DEBUG:colcon.colcon_core.event_handler.log_command:Invoked command in '/home/hibiki/Robomech_HR/Eglantyne/simulation/src/ros2_control_demos/ros2_control_demo_testing' returned '0': PYTHONPATH=/home/hibiki/Robomech_HR/Eglantyne/simulation/build/ros2_control_demo_testing/prefix_override:/home/hibiki/Robomech_HR/Eglantyne/simulation/install/ros2_control_demo_testing/lib/python3.10/site-packages:${PYTHONPATH} /home/hibiki/.espressif/python_env/idf5.4_py3.10_env/bin/python -W ignore:setup.py install is deprecated setup.py egg_info --egg-base ../../../build/ros2_control_demo_testing build --build-base /home/hibiki/Robomech_HR/Eglantyne/simulation/build/ros2_control_demo_testing/build install --record /home/hibiki/Robomech_HR/Eglantyne/simulation/build/ros2_control_demo_testing/install.log --single-version-externally-managed install_data
[0.864s] Level 1:colcon.colcon_core.environment:checking '/home/hibiki/Robomech_HR/Eglantyne/simulation/install/ros2_control_demo_testing' for CMake config files
[0.865s] Level 1:colcon.colcon_core.environment:checking '/home/hibiki/Robomech_HR/Eglantyne/simulation/install/ros2_control_demo_testing/lib'
[0.865s] Level 1:colcon.colcon_core.environment:checking '/home/hibiki/Robomech_HR/Eglantyne/simulation/install/ros2_control_demo_testing/bin'
[0.865s] Level 1:colcon.colcon_core.environment:checking '/home/hibiki/Robomech_HR/Eglantyne/simulation/install/ros2_control_demo_testing/lib/pkgconfig/ros2_control_demo_testing.pc'
[0.865s] Level 1:colcon.colcon_core.environment:checking '/home/hibiki/Robomech_HR/Eglantyne/simulation/install/ros2_control_demo_testing/lib/python3.10/site-packages'
[0.865s] Level 1:colcon.colcon_core.shell:create_environment_hook('ros2_control_demo_testing', 'pythonpath')
[0.866s] INFO:colcon.colcon_core.shell:Creating environment hook '/home/hibiki/Robomech_HR/Eglantyne/simulation/install/ros2_control_demo_testing/share/ros2_control_demo_testing/hook/pythonpath.ps1'
[0.866s] INFO:colcon.colcon_core.shell:Creating environment descriptor '/home/hibiki/Robomech_HR/Eglantyne/simulation/install/ros2_control_demo_testing/share/ros2_control_demo_testing/hook/pythonpath.dsv'
[0.866s] INFO:colcon.colcon_core.shell:Creating environment hook '/home/hibiki/Robomech_HR/Eglantyne/simulation/install/ros2_control_demo_testing/share/ros2_control_demo_testing/hook/pythonpath.sh'
[0.867s] Level 1:colcon.colcon_core.environment:checking '/home/hibiki/Robomech_HR/Eglantyne/simulation/install/ros2_control_demo_testing/bin'
[0.867s] Level 1:colcon.colcon_core.environment:create_environment_scripts_only(ros2_control_demo_testing)
[0.867s] INFO:colcon.colcon_core.shell:Creating package script '/home/hibiki/Robomech_HR/Eglantyne/simulation/install/ros2_control_demo_testing/share/ros2_control_demo_testing/package.ps1'
[0.867s] INFO:colcon.colcon_core.shell:Creating package descriptor '/home/hibiki/Robomech_HR/Eglantyne/simulation/install/ros2_control_demo_testing/share/ros2_control_demo_testing/package.dsv'
[0.868s] INFO:colcon.colcon_core.shell:Creating package script '/home/hibiki/Robomech_HR/Eglantyne/simulation/install/ros2_control_demo_testing/share/ros2_control_demo_testing/package.sh'
[0.868s] INFO:colcon.colcon_core.shell:Creating package script '/home/hibiki/Robomech_HR/Eglantyne/simulation/install/ros2_control_demo_testing/share/ros2_control_demo_testing/package.bash'
[0.868s] INFO:colcon.colcon_core.shell:Creating package script '/home/hibiki/Robomech_HR/Eglantyne/simulation/install/ros2_control_demo_testing/share/ros2_control_demo_testing/package.zsh'
[0.869s] Level 1:colcon.colcon_core.environment:create_file_with_runtime_dependencies(/home/hibiki/Robomech_HR/Eglantyne/simulation/install/ros2_control_demo_testing/share/colcon-core/packages/ros2_control_demo_testing)
[0.869s] INFO:colcon.colcon_ros.task.ament_cmake.build:Building ROS package in '/home/hibiki/Robomech_HR/Eglantyne/simulation/src/ros2_control_demos/example_1' with build type 'ament_cmake'
[0.869s] INFO:colcon.colcon_cmake.task.cmake.build:Building CMake package in '/home/hibiki/Robomech_HR/Eglantyne/simulation/src/ros2_control_demos/example_1'
[0.869s] INFO:colcon.colcon_core.shell:Skip shell extension 'powershell' for command environment: Not usable outside of PowerShell
[0.869s] DEBUG:colcon.colcon_core.shell:Skip shell extension 'dsv' for command environment
[0.875s] INFO:colcon.colcon_ros.task.ament_cmake.build:Building ROS package in '/home/hibiki/Robomech_HR/Eglantyne/simulation/src/ros2_control_demos/example_5' with build type 'ament_cmake'
[0.875s] INFO:colcon.colcon_cmake.task.cmake.build:Building CMake package in '/home/hibiki/Robomech_HR/Eglantyne/simulation/src/ros2_control_demos/example_5'
[0.875s] INFO:colcon.colcon_core.shell:Skip shell extension 'powershell' for command environment: Not usable outside of PowerShell
[0.875s] DEBUG:colcon.colcon_core.shell:Skip shell extension 'dsv' for command environment
[0.879s] INFO:colcon.colcon_ros.task.ament_cmake.build:Building ROS package in '/home/hibiki/Robomech_HR/Eglantyne/simulation/src/ros2_control_demos/example_10' with build type 'ament_cmake'
[0.879s] INFO:colcon.colcon_cmake.task.cmake.build:Building CMake package in '/home/hibiki/Robomech_HR/Eglantyne/simulation/src/ros2_control_demos/example_10'
[0.879s] INFO:colcon.colcon_core.shell:Skip shell extension 'powershell' for command environment: Not usable outside of PowerShell
[0.879s] DEBUG:colcon.colcon_core.shell:Skip shell extension 'dsv' for command environment
[0.882s] INFO:colcon.colcon_ros.task.ament_cmake.build:Building ROS package in '/home/hibiki/Robomech_HR/Eglantyne/simulation/src/ros2_control_demos/example_11' with build type 'ament_cmake'
[0.882s] INFO:colcon.colcon_cmake.task.cmake.build:Building CMake package in '/home/hibiki/Robomech_HR/Eglantyne/simulation/src/ros2_control_demos/example_11'
[0.882s] INFO:colcon.colcon_core.shell:Skip shell extension 'powershell' for command environment: Not usable outside of PowerShell
[0.882s] DEBUG:colcon.colcon_core.shell:Skip shell extension 'dsv' for command environment
[0.886s] INFO:colcon.colcon_ros.task.ament_cmake.build:Building ROS package in '/home/hibiki/Robomech_HR/Eglantyne/simulation/src/ros2_control_demos/example_12' with build type 'ament_cmake'
[0.886s] INFO:colcon.colcon_cmake.task.cmake.build:Building CMake package in '/home/hibiki/Robomech_HR/Eglantyne/simulation/src/ros2_control_demos/example_12'
[0.886s] INFO:colcon.colcon_core.shell:Skip shell extension 'powershell' for command environment: Not usable outside of PowerShell
[0.886s] DEBUG:colcon.colcon_core.shell:Skip shell extension 'dsv' for command environment
[0.889s] INFO:colcon.colcon_ros.task.ament_cmake.build:Building ROS package in '/home/hibiki/Robomech_HR/Eglantyne/simulation/src/ros2_control_demos/example_14' with build type 'ament_cmake'
[0.889s] INFO:colcon.colcon_cmake.task.cmake.build:Building CMake package in '/home/hibiki/Robomech_HR/Eglantyne/simulation/src/ros2_control_demos/example_14'
[0.889s] INFO:colcon.colcon_core.shell:Skip shell extension 'powershell' for command environment: Not usable outside of PowerShell
[0.889s] DEBUG:colcon.colcon_core.shell:Skip shell extension 'dsv' for command environment
[0.893s] INFO:colcon.colcon_ros.task.ament_cmake.build:Building ROS package in '/home/hibiki/Robomech_HR/Eglantyne/simulation/src/ros2_control_demos/example_2' with build type 'ament_cmake'
[0.893s] INFO:colcon.colcon_cmake.task.cmake.build:Building CMake package in '/home/hibiki/Robomech_HR/Eglantyne/simulation/src/ros2_control_demos/example_2'
[0.893s] INFO:colcon.colcon_core.shell:Skip shell extension 'powershell' for command environment: Not usable outside of PowerShell
[0.893s] DEBUG:colcon.colcon_core.shell:Skip shell extension 'dsv' for command environment
[0.896s] INFO:colcon.colcon_ros.task.ament_cmake.build:Building ROS package in '/home/hibiki/Robomech_HR/Eglantyne/simulation/src/ros2_control_demos/example_3' with build type 'ament_cmake'
[0.896s] INFO:colcon.colcon_cmake.task.cmake.build:Building CMake package in '/home/hibiki/Robomech_HR/Eglantyne/simulation/src/ros2_control_demos/example_3'
[0.896s] INFO:colcon.colcon_core.shell:Skip shell extension 'powershell' for command environment: Not usable outside of PowerShell
[0.896s] DEBUG:colcon.colcon_core.shell:Skip shell extension 'dsv' for command environment
[0.900s] INFO:colcon.colcon_ros.task.ament_cmake.build:Building ROS package in '/home/hibiki/Robomech_HR/Eglantyne/simulation/src/ros2_control_demos/example_4' with build type 'ament_cmake'
[0.900s] INFO:colcon.colcon_cmake.task.cmake.build:Building CMake package in '/home/hibiki/Robomech_HR/Eglantyne/simulation/src/ros2_control_demos/example_4'
[0.900s] INFO:colcon.colcon_core.shell:Skip shell extension 'powershell' for command environment: Not usable outside of PowerShell
[0.900s] DEBUG:colcon.colcon_core.shell:Skip shell extension 'dsv' for command environment
[0.903s] INFO:colcon.colcon_ros.task.ament_cmake.build:Building ROS package in '/home/hibiki/Robomech_HR/Eglantyne/simulation/src/ros2_control_demos/example_6' with build type 'ament_cmake'
[0.903s] INFO:colcon.colcon_cmake.task.cmake.build:Building CMake package in '/home/hibiki/Robomech_HR/Eglantyne/simulation/src/ros2_control_demos/example_6'
[0.903s] INFO:colcon.colcon_core.shell:Skip shell extension 'powershell' for command environment: Not usable outside of PowerShell
[0.903s] DEBUG:colcon.colcon_core.shell:Skip shell extension 'dsv' for command environment
[0.906s] INFO:colcon.colcon_ros.task.ament_cmake.build:Building ROS package in '/home/hibiki/Robomech_HR/Eglantyne/simulation/src/ros2_control_demos/example_7' with build type 'ament_cmake'
[0.906s] INFO:colcon.colcon_cmake.task.cmake.build:Building CMake package in '/home/hibiki/Robomech_HR/Eglantyne/simulation/src/ros2_control_demos/example_7'
[0.906s] INFO:colcon.colcon_core.shell:Skip shell extension 'powershell' for command environment: Not usable outside of PowerShell
[0.907s] DEBUG:colcon.colcon_core.shell:Skip shell extension 'dsv' for command environment
[0.910s] INFO:colcon.colcon_ros.task.ament_cmake.build:Building ROS package in '/home/hibiki/Robomech_HR/Eglantyne/simulation/src/ros2_control_demos/example_8' with build type 'ament_cmake'
[0.910s] INFO:colcon.colcon_cmake.task.cmake.build:Building CMake package in '/home/hibiki/Robomech_HR/Eglantyne/simulation/src/ros2_control_demos/example_8'
[0.910s] INFO:colcon.colcon_core.shell:Skip shell extension 'powershell' for command environment: Not usable outside of PowerShell
[0.910s] DEBUG:colcon.colcon_core.shell:Skip shell extension 'dsv' for command environment
[0.913s] INFO:colcon.colcon_ros.task.ament_cmake.build:Building ROS package in '/home/hibiki/Robomech_HR/Eglantyne/simulation/src/ros2_control_demos/example_9' with build type 'ament_cmake'
[0.913s] INFO:colcon.colcon_cmake.task.cmake.build:Building CMake package in '/home/hibiki/Robomech_HR/Eglantyne/simulation/src/ros2_control_demos/example_9'
[0.913s] INFO:colcon.colcon_core.shell:Skip shell extension 'powershell' for command environment: Not usable outside of PowerShell
[0.913s] DEBUG:colcon.colcon_core.shell:Skip shell extension 'dsv' for command environment
[0.921s] DEBUG:colcon.colcon_core.event_handler.log_command:Invoking command in '/home/hibiki/Robomech_HR/Eglantyne/simulation/build/ros2_control_demo_example_1': AMENT_PREFIX_PATH=/home/hibiki/Robomech_HR/Eglantyne/simulation/install/ros2_control_demo_testing:/home/hibiki/Robomech_HR/Eglantyne/simulation/install/simple_sim:/home/hibiki/Robomech_HR/Eglantyne/simulation/install/ros2_control_demos:/home/hibiki/Robomech_HR/Eglantyne/simulation/install/ros2_control_demo_example_9:/home/hibiki/Robomech_HR/Eglantyne/simulation/install/ros2_control_demo_example_8:/home/hibiki/Robomech_HR/Eglantyne/simulation/install/ros2_control_demo_example_7:/home/hibiki/Robomech_HR/Eglantyne/simulation/install/ros2_control_demo_example_6:/home/hibiki/Robomech_HR/Eglantyne/simulation/install/ros2_control_demo_example_15:/home/hibiki/Robomech_HR/Eglantyne/simulation/install/ros2_control_demo_example_5:/home/hibiki/Robomech_HR/Eglantyne/simulation/install/ros2_control_demo_example_4:/home/hibiki/Robomech_HR/Eglantyne/simulation/install/ros2_control_demo_example_3:/home/hibiki/Robomech_HR/Eglantyne/simulation/install/ros2_control_demo_example_2:/home/hibiki/Robomech_HR/Eglantyne/simulation/install/ros2_control_demo_example_14:/home/hibiki/Robomech_HR/Eglantyne/simulation/install/ros2_control_demo_example_12:/home/hibiki/Robomech_HR/Eglantyne/simulation/install/ros2_control_demo_example_11:/home/hibiki/Robomech_HR/Eglantyne/simulation/install/ros2_control_demo_example_10:/home/hibiki/Robomech_HR/Eglantyne/simulation/install/ros2_control_demo_example_1:/home/hibiki/Robomech_HR/Eglantyne/simulation/install/ros2_control_demo_description:/home/hibiki/Robomech_HR/Eglantyne/simulation/install/gazebo_ros2_control_demos:/home/hibiki/Robomech_HR/Eglantyne/simulation/install/champ_teleop:/home/hibiki/Robomech_HR/Eglantyne/simulation/install/champ_navigation:/home/hibiki/Robomech_HR/Eglantyne/simulation/install/champ_gazebo:/home/hibiki/Robomech_HR/Eglantyne/simulation/install/champ_bringup:/home/hibiki/Robomech_HR/Eglantyne/simulation/install/champ_base:/home/hibiki/Robomech_HR/Eglantyne/simulation/install/champ_msgs:/home/hibiki/Robomech_HR/Eglantyne/simulation/install/champ_description:/home/hibiki/Robomech_HR/Eglantyne/simulation/install/champ_config:/home/hibiki/Robomech_HR/Eglantyne/simulation/install/champ:/home/hibiki/Robomech_HR/Eglantyne/microros/ros2_pub_test/install/vel_pub:/opt/ros/humble CMAKE_PREFIX_PATH=/home/hibiki/Robomech_HR/Eglantyne/simulation/install/ros2_control_demo_description:/home/hibiki/Robomech_HR/Eglantyne/simulation/install/simple_sim:/home/hibiki/Robomech_HR/Eglantyne/simulation/install/ros2_control_demos:/home/hibiki/Robomech_HR/Eglantyne/simulation/install/ros2_control_demo_example_9:/home/hibiki/Robomech_HR/Eglantyne/simulation/install/ros2_control_demo_example_8:/home/hibiki/Robomech_HR/Eglantyne/simulation/install/ros2_control_demo_example_7:/home/hibiki/Robomech_HR/Eglantyne/simulation/install/ros2_control_demo_example_6:/home/hibiki/Robomech_HR/Eglantyne/simulation/install/ros2_control_demo_example_15:/home/hibiki/Robomech_HR/Eglantyne/simulation/install/ros2_control_demo_example_5:/home/hibiki/Robomech_HR/Eglantyne/simulation/install/ros2_control_demo_example_4:/home/hibiki/Robomech_HR/Eglantyne/simulation/install/ros2_control_demo_example_3:/home/hibiki/Robomech_HR/Eglantyne/simulation/install/ros2_control_demo_example_2:/home/hibiki/Robomech_HR/Eglantyne/simulation/install/ros2_control_demo_example_14:/home/hibiki/Robomech_HR/Eglantyne/simulation/install/ros2_control_demo_example_12:/home/hibiki/Robomech_HR/Eglantyne/simulation/install/ros2_control_demo_example_11:/home/hibiki/Robomech_HR/Eglantyne/simulation/install/ros2_control_demo_example_10:/home/hibiki/Robomech_HR/Eglantyne/simulation/install/ros2_control_demo_example_1:/home/hibiki/Robomech_HR/Eglantyne/simulation/install/gazebo_ros2_control_demos:/home/hibiki/Robomech_HR/Eglantyne/simulation/install/champ_teleop:/home/hibiki/Robomech_HR/Eglantyne/simulation/install/champ_navigation:/home/hibiki/Robomech_HR/Eglantyne/simulation/install/champ_gazebo:/home/hibiki/Robomech_HR/Eglantyne/simulation/install/champ_bringup:/home/hibiki/Robomech_HR/Eglantyne/simulation/install/champ_base:/home/hibiki/Robomech_HR/Eglantyne/simulation/install/champ_msgs:/home/hibiki/Robomech_HR/Eglantyne/simulation/install/champ_description:/home/hibiki/Robomech_HR/Eglantyne/simulation/install/champ_config:/home/hibiki/Robomech_HR/Eglantyne/simulation/install/ros2_control_demo_testing:/opt/ros/humble:/home/hibiki/Robomech_HR/Eglantyne/simulation/install/champ:/home/hibiki/Robomech_HR/Eglantyne/microros/ros2_pub_test/install/vel_pub PYTHONPATH=/home/hibiki/Robomech_HR/Eglantyne/simulation/install/ros2_control_demo_testing/lib/python3.10/site-packages:/home/hibiki/Robomech_HR/Eglantyne/simulation/install/simple_sim/lib/python3.10/site-packages:/home/hibiki/Robomech_HR/Eglantyne/simulation/install/champ_bringup/lib/python3.10/site-packages:/home/hibiki/Robomech_HR/Eglantyne/simulation/install/champ_msgs/lib/python3.10/site-packages:/opt/ros/humble/lib/python3.10/site-packages:/opt/ros/humble/local/lib/python3.10/dist-packages /usr/bin/cmake --build /home/hibiki/Robomech_HR/Eglantyne/simulation/build/ros2_control_demo_example_1 -- -j16 -l16
[0.922s] DEBUG:colcon.colcon_core.event_handler.log_command:Invoking command in '/home/hibiki/Robomech_HR/Eglantyne/simulation/build/ros2_control_demo_example_5': AMENT_PREFIX_PATH=/home/hibiki/Robomech_HR/Eglantyne/simulation/install/ros2_control_demo_testing:/home/hibiki/Robomech_HR/Eglantyne/simulation/install/simple_sim:/home/hibiki/Robomech_HR/Eglantyne/simulation/install/ros2_control_demos:/home/hibiki/Robomech_HR/Eglantyne/simulation/install/ros2_control_demo_example_9:/home/hibiki/Robomech_HR/Eglantyne/simulation/install/ros2_control_demo_example_8:/home/hibiki/Robomech_HR/Eglantyne/simulation/install/ros2_control_demo_example_7:/home/hibiki/Robomech_HR/Eglantyne/simulation/install/ros2_control_demo_example_6:/home/hibiki/Robomech_HR/Eglantyne/simulation/install/ros2_control_demo_example_15:/home/hibiki/Robomech_HR/Eglantyne/simulation/install/ros2_control_demo_example_5:/home/hibiki/Robomech_HR/Eglantyne/simulation/install/ros2_control_demo_example_4:/home/hibiki/Robomech_HR/Eglantyne/simulation/install/ros2_control_demo_example_3:/home/hibiki/Robomech_HR/Eglantyne/simulation/install/ros2_control_demo_example_2:/home/hibiki/Robomech_HR/Eglantyne/simulation/install/ros2_control_demo_example_14:/home/hibiki/Robomech_HR/Eglantyne/simulation/install/ros2_control_demo_example_12:/home/hibiki/Robomech_HR/Eglantyne/simulation/install/ros2_control_demo_example_11:/home/hibiki/Robomech_HR/Eglantyne/simulation/install/ros2_control_demo_example_10:/home/hibiki/Robomech_HR/Eglantyne/simulation/install/ros2_control_demo_example_1:/home/hibiki/Robomech_HR/Eglantyne/simulation/install/ros2_control_demo_description:/home/hibiki/Robomech_HR/Eglantyne/simulation/install/gazebo_ros2_control_demos:/home/hibiki/Robomech_HR/Eglantyne/simulation/install/champ_teleop:/home/hibiki/Robomech_HR/Eglantyne/simulation/install/champ_navigation:/home/hibiki/Robomech_HR/Eglantyne/simulation/install/champ_gazebo:/home/hibiki/Robomech_HR/Eglantyne/simulation/install/champ_bringup:/home/hibiki/Robomech_HR/Eglantyne/simulation/install/champ_base:/home/hibiki/Robomech_HR/Eglantyne/simulation/install/champ_msgs:/home/hibiki/Robomech_HR/Eglantyne/simulation/install/champ_description:/home/hibiki/Robomech_HR/Eglantyne/simulation/install/champ_config:/home/hibiki/Robomech_HR/Eglantyne/simulation/install/champ:/home/hibiki/Robomech_HR/Eglantyne/microros/ros2_pub_test/install/vel_pub:/opt/ros/humble CMAKE_PREFIX_PATH=/home/hibiki/Robomech_HR/Eglantyne/simulation/install/ros2_control_demo_description:/home/hibiki/Robomech_HR/Eglantyne/simulation/install/simple_sim:/home/hibiki/Robomech_HR/Eglantyne/simulation/install/ros2_control_demos:/home/hibiki/Robomech_HR/Eglantyne/simulation/install/ros2_control_demo_example_9:/home/hibiki/Robomech_HR/Eglantyne/simulation/install/ros2_control_demo_example_8:/home/hibiki/Robomech_HR/Eglantyne/simulation/install/ros2_control_demo_example_7:/home/hibiki/Robomech_HR/Eglantyne/simulation/install/ros2_control_demo_example_6:/home/hibiki/Robomech_HR/Eglantyne/simulation/install/ros2_control_demo_example_15:/home/hibiki/Robomech_HR/Eglantyne/simulation/install/ros2_control_demo_example_5:/home/hibiki/Robomech_HR/Eglantyne/simulation/install/ros2_control_demo_example_4:/home/hibiki/Robomech_HR/Eglantyne/simulation/install/ros2_control_demo_example_3:/home/hibiki/Robomech_HR/Eglantyne/simulation/install/ros2_control_demo_example_2:/home/hibiki/Robomech_HR/Eglantyne/simulation/install/ros2_control_demo_example_14:/home/hibiki/Robomech_HR/Eglantyne/simulation/install/ros2_control_demo_example_12:/home/hibiki/Robomech_HR/Eglantyne/simulation/install/ros2_control_demo_example_11:/home/hibiki/Robomech_HR/Eglantyne/simulation/install/ros2_control_demo_example_10:/home/hibiki/Robomech_HR/Eglantyne/simulation/install/ros2_control_demo_example_1:/home/hibiki/Robomech_HR/Eglantyne/simulation/install/gazebo_ros2_control_demos:/home/hibiki/Robomech_HR/Eglantyne/simulation/install/champ_teleop:/home/hibiki/Robomech_HR/Eglantyne/simulation/install/champ_navigation:/home/hibiki/Robomech_HR/Eglantyne/simulation/install/champ_gazebo:/home/hibiki/Robomech_HR/Eglantyne/simulation/install/champ_bringup:/home/hibiki/Robomech_HR/Eglantyne/simulation/install/champ_base:/home/hibiki/Robomech_HR/Eglantyne/simulation/install/champ_msgs:/home/hibiki/Robomech_HR/Eglantyne/simulation/install/champ_description:/home/hibiki/Robomech_HR/Eglantyne/simulation/install/champ_config:/home/hibiki/Robomech_HR/Eglantyne/simulation/install/ros2_control_demo_testing:/opt/ros/humble:/home/hibiki/Robomech_HR/Eglantyne/simulation/install/champ:/home/hibiki/Robomech_HR/Eglantyne/microros/ros2_pub_test/install/vel_pub PYTHONPATH=/home/hibiki/Robomech_HR/Eglantyne/simulation/install/ros2_control_demo_testing/lib/python3.10/site-packages:/home/hibiki/Robomech_HR/Eglantyne/simulation/install/simple_sim/lib/python3.10/site-packages:/home/hibiki/Robomech_HR/Eglantyne/simulation/install/champ_bringup/lib/python3.10/site-packages:/home/hibiki/Robomech_HR/Eglantyne/simulation/install/champ_msgs/lib/python3.10/site-packages:/opt/ros/humble/lib/python3.10/site-packages:/opt/ros/humble/local/lib/python3.10/dist-packages /usr/bin/cmake --build /home/hibiki/Robomech_HR/Eglantyne/simulation/build/ros2_control_demo_example_5 -- -j16 -l16
[0.924s] DEBUG:colcon.colcon_core.event_handler.log_command:Invoking command in '/home/hibiki/Robomech_HR/Eglantyne/simulation/build/ros2_control_demo_example_10': AMENT_PREFIX_PATH=/home/hibiki/Robomech_HR/Eglantyne/simulation/install/ros2_control_demo_testing:/home/hibiki/Robomech_HR/Eglantyne/simulation/install/simple_sim:/home/hibiki/Robomech_HR/Eglantyne/simulation/install/ros2_control_demos:/home/hibiki/Robomech_HR/Eglantyne/simulation/install/ros2_control_demo_example_9:/home/hibiki/Robomech_HR/Eglantyne/simulation/install/ros2_control_demo_example_8:/home/hibiki/Robomech_HR/Eglantyne/simulation/install/ros2_control_demo_example_7:/home/hibiki/Robomech_HR/Eglantyne/simulation/install/ros2_control_demo_example_6:/home/hibiki/Robomech_HR/Eglantyne/simulation/install/ros2_control_demo_example_15:/home/hibiki/Robomech_HR/Eglantyne/simulation/install/ros2_control_demo_example_5:/home/hibiki/Robomech_HR/Eglantyne/simulation/install/ros2_control_demo_example_4:/home/hibiki/Robomech_HR/Eglantyne/simulation/install/ros2_control_demo_example_3:/home/hibiki/Robomech_HR/Eglantyne/simulation/install/ros2_control_demo_example_2:/home/hibiki/Robomech_HR/Eglantyne/simulation/install/ros2_control_demo_example_14:/home/hibiki/Robomech_HR/Eglantyne/simulation/install/ros2_control_demo_example_12:/home/hibiki/Robomech_HR/Eglantyne/simulation/install/ros2_control_demo_example_11:/home/hibiki/Robomech_HR/Eglantyne/simulation/install/ros2_control_demo_example_10:/home/hibiki/Robomech_HR/Eglantyne/simulation/install/ros2_control_demo_example_1:/home/hibiki/Robomech_HR/Eglantyne/simulation/install/ros2_control_demo_description:/home/hibiki/Robomech_HR/Eglantyne/simulation/install/gazebo_ros2_control_demos:/home/hibiki/Robomech_HR/Eglantyne/simulation/install/champ_teleop:/home/hibiki/Robomech_HR/Eglantyne/simulation/install/champ_navigation:/home/hibiki/Robomech_HR/Eglantyne/simulation/install/champ_gazebo:/home/hibiki/Robomech_HR/Eglantyne/simulation/install/champ_bringup:/home/hibiki/Robomech_HR/Eglantyne/simulation/install/champ_base:/home/hibiki/Robomech_HR/Eglantyne/simulation/install/champ_msgs:/home/hibiki/Robomech_HR/Eglantyne/simulation/install/champ_description:/home/hibiki/Robomech_HR/Eglantyne/simulation/install/champ_config:/home/hibiki/Robomech_HR/Eglantyne/simulation/install/champ:/home/hibiki/Robomech_HR/Eglantyne/microros/ros2_pub_test/install/vel_pub:/opt/ros/humble CMAKE_PREFIX_PATH=/home/hibiki/Robomech_HR/Eglantyne/simulation/install/ros2_control_demo_description:/home/hibiki/Robomech_HR/Eglantyne/simulation/install/simple_sim:/home/hibiki/Robomech_HR/Eglantyne/simulation/install/ros2_control_demos:/home/hibiki/Robomech_HR/Eglantyne/simulation/install/ros2_control_demo_example_9:/home/hibiki/Robomech_HR/Eglantyne/simulation/install/ros2_control_demo_example_8:/home/hibiki/Robomech_HR/Eglantyne/simulation/install/ros2_control_demo_example_7:/home/hibiki/Robomech_HR/Eglantyne/simulation/install/ros2_control_demo_example_6:/home/hibiki/Robomech_HR/Eglantyne/simulation/install/ros2_control_demo_example_15:/home/hibiki/Robomech_HR/Eglantyne/simulation/install/ros2_control_demo_example_5:/home/hibiki/Robomech_HR/Eglantyne/simulation/install/ros2_control_demo_example_4:/home/hibiki/Robomech_HR/Eglantyne/simulation/install/ros2_control_demo_example_3:/home/hibiki/Robomech_HR/Eglantyne/simulation/install/ros2_control_demo_example_2:/home/hibiki/Robomech_HR/Eglantyne/simulation/install/ros2_control_demo_example_14:/home/hibiki/Robomech_HR/Eglantyne/simulation/install/ros2_control_demo_example_12:/home/hibiki/Robomech_HR/Eglantyne/simulation/install/ros2_control_demo_example_11:/home/hibiki/Robomech_HR/Eglantyne/simulation/install/ros2_control_demo_example_10:/home/hibiki/Robomech_HR/Eglantyne/simulation/install/ros2_control_demo_example_1:/home/hibiki/Robomech_HR/Eglantyne/simulation/install/gazebo_ros2_control_demos:/home/hibiki/Robomech_HR/Eglantyne/simulation/install/champ_teleop:/home/hibiki/Robomech_HR/Eglantyne/simulation/install/champ_navigation:/home/hibiki/Robomech_HR/Eglantyne/simulation/install/champ_gazebo:/home/hibiki/Robomech_HR/Eglantyne/simulation/install/champ_bringup:/home/hibiki/Robomech_HR/Eglantyne/simulation/install/champ_base:/home/hibiki/Robomech_HR/Eglantyne/simulation/install/champ_msgs:/home/hibiki/Robomech_HR/Eglantyne/simulation/install/champ_description:/home/hibiki/Robomech_HR/Eglantyne/simulation/install/champ_config:/home/hibiki/Robomech_HR/Eglantyne/simulation/install/ros2_control_demo_testing:/opt/ros/humble:/home/hibiki/Robomech_HR/Eglantyne/simulation/install/champ:/home/hibiki/Robomech_HR/Eglantyne/microros/ros2_pub_test/install/vel_pub PYTHONPATH=/home/hibiki/Robomech_HR/Eglantyne/simulation/install/ros2_control_demo_testing/lib/python3.10/site-packages:/home/hibiki/Robomech_HR/Eglantyne/simulation/install/simple_sim/lib/python3.10/site-packages:/home/hibiki/Robomech_HR/Eglantyne/simulation/install/champ_bringup/lib/python3.10/site-packages:/home/hibiki/Robomech_HR/Eglantyne/simulation/install/champ_msgs/lib/python3.10/site-packages:/opt/ros/humble/lib/python3.10/site-packages:/opt/ros/humble/local/lib/python3.10/dist-packages /usr/bin/cmake --build /home/hibiki/Robomech_HR/Eglantyne/simulation/build/ros2_control_demo_example_10 -- -j16 -l16
[0.926s] DEBUG:colcon.colcon_core.event_handler.log_command:Invoking command in '/home/hibiki/Robomech_HR/Eglantyne/simulation/build/ros2_control_demo_example_11': AMENT_PREFIX_PATH=/home/hibiki/Robomech_HR/Eglantyne/simulation/install/ros2_control_demo_testing:/home/hibiki/Robomech_HR/Eglantyne/simulation/install/simple_sim:/home/hibiki/Robomech_HR/Eglantyne/simulation/install/ros2_control_demos:/home/hibiki/Robomech_HR/Eglantyne/simulation/install/ros2_control_demo_example_9:/home/hibiki/Robomech_HR/Eglantyne/simulation/install/ros2_control_demo_example_8:/home/hibiki/Robomech_HR/Eglantyne/simulation/install/ros2_control_demo_example_7:/home/hibiki/Robomech_HR/Eglantyne/simulation/install/ros2_control_demo_example_6:/home/hibiki/Robomech_HR/Eglantyne/simulation/install/ros2_control_demo_example_15:/home/hibiki/Robomech_HR/Eglantyne/simulation/install/ros2_control_demo_example_5:/home/hibiki/Robomech_HR/Eglantyne/simulation/install/ros2_control_demo_example_4:/home/hibiki/Robomech_HR/Eglantyne/simulation/install/ros2_control_demo_example_3:/home/hibiki/Robomech_HR/Eglantyne/simulation/install/ros2_control_demo_example_2:/home/hibiki/Robomech_HR/Eglantyne/simulation/install/ros2_control_demo_example_14:/home/hibiki/Robomech_HR/Eglantyne/simulation/install/ros2_control_demo_example_12:/home/hibiki/Robomech_HR/Eglantyne/simulation/install/ros2_control_demo_example_11:/home/hibiki/Robomech_HR/Eglantyne/simulation/install/ros2_control_demo_example_10:/home/hibiki/Robomech_HR/Eglantyne/simulation/install/ros2_control_demo_example_1:/home/hibiki/Robomech_HR/Eglantyne/simulation/install/ros2_control_demo_description:/home/hibiki/Robomech_HR/Eglantyne/simulation/install/gazebo_ros2_control_demos:/home/hibiki/Robomech_HR/Eglantyne/simulation/install/champ_teleop:/home/hibiki/Robomech_HR/Eglantyne/simulation/install/champ_navigation:/home/hibiki/Robomech_HR/Eglantyne/simulation/install/champ_gazebo:/home/hibiki/Robomech_HR/Eglantyne/simulation/install/champ_bringup:/home/hibiki/Robomech_HR/Eglantyne/simulation/install/champ_base:/home/hibiki/Robomech_HR/Eglantyne/simulation/install/champ_msgs:/home/hibiki/Robomech_HR/Eglantyne/simulation/install/champ_description:/home/hibiki/Robomech_HR/Eglantyne/simulation/install/champ_config:/home/hibiki/Robomech_HR/Eglantyne/simulation/install/champ:/home/hibiki/Robomech_HR/Eglantyne/microros/ros2_pub_test/install/vel_pub:/opt/ros/humble CMAKE_PREFIX_PATH=/home/hibiki/Robomech_HR/Eglantyne/simulation/install/ros2_control_demo_description:/home/hibiki/Robomech_HR/Eglantyne/simulation/install/simple_sim:/home/hibiki/Robomech_HR/Eglantyne/simulation/install/ros2_control_demos:/home/hibiki/Robomech_HR/Eglantyne/simulation/install/ros2_control_demo_example_9:/home/hibiki/Robomech_HR/Eglantyne/simulation/install/ros2_control_demo_example_8:/home/hibiki/Robomech_HR/Eglantyne/simulation/install/ros2_control_demo_example_7:/home/hibiki/Robomech_HR/Eglantyne/simulation/install/ros2_control_demo_example_6:/home/hibiki/Robomech_HR/Eglantyne/simulation/install/ros2_control_demo_example_15:/home/hibiki/Robomech_HR/Eglantyne/simulation/install/ros2_control_demo_example_5:/home/hibiki/Robomech_HR/Eglantyne/simulation/install/ros2_control_demo_example_4:/home/hibiki/Robomech_HR/Eglantyne/simulation/install/ros2_control_demo_example_3:/home/hibiki/Robomech_HR/Eglantyne/simulation/install/ros2_control_demo_example_2:/home/hibiki/Robomech_HR/Eglantyne/simulation/install/ros2_control_demo_example_14:/home/hibiki/Robomech_HR/Eglantyne/simulation/install/ros2_control_demo_example_12:/home/hibiki/Robomech_HR/Eglantyne/simulation/install/ros2_control_demo_example_11:/home/hibiki/Robomech_HR/Eglantyne/simulation/install/ros2_control_demo_example_10:/home/hibiki/Robomech_HR/Eglantyne/simulation/install/ros2_control_demo_example_1:/home/hibiki/Robomech_HR/Eglantyne/simulation/install/gazebo_ros2_control_demos:/home/hibiki/Robomech_HR/Eglantyne/simulation/install/champ_teleop:/home/hibiki/Robomech_HR/Eglantyne/simulation/install/champ_navigation:/home/hibiki/Robomech_HR/Eglantyne/simulation/install/champ_gazebo:/home/hibiki/Robomech_HR/Eglantyne/simulation/install/champ_bringup:/home/hibiki/Robomech_HR/Eglantyne/simulation/install/champ_base:/home/hibiki/Robomech_HR/Eglantyne/simulation/install/champ_msgs:/home/hibiki/Robomech_HR/Eglantyne/simulation/install/champ_description:/home/hibiki/Robomech_HR/Eglantyne/simulation/install/champ_config:/home/hibiki/Robomech_HR/Eglantyne/simulation/install/ros2_control_demo_testing:/opt/ros/humble:/home/hibiki/Robomech_HR/Eglantyne/simulation/install/champ:/home/hibiki/Robomech_HR/Eglantyne/microros/ros2_pub_test/install/vel_pub PYTHONPATH=/home/hibiki/Robomech_HR/Eglantyne/simulation/install/ros2_control_demo_testing/lib/python3.10/site-packages:/home/hibiki/Robomech_HR/Eglantyne/simulation/install/simple_sim/lib/python3.10/site-packages:/home/hibiki/Robomech_HR/Eglantyne/simulation/install/champ_bringup/lib/python3.10/site-packages:/home/hibiki/Robomech_HR/Eglantyne/simulation/install/champ_msgs/lib/python3.10/site-packages:/opt/ros/humble/lib/python3.10/site-packages:/opt/ros/humble/local/lib/python3.10/dist-packages /usr/bin/cmake --build /home/hibiki/Robomech_HR/Eglantyne/simulation/build/ros2_control_demo_example_11 -- -j16 -l16
[0.929s] DEBUG:colcon.colcon_core.event_handler.log_command:Invoking command in '/home/hibiki/Robomech_HR/Eglantyne/simulation/build/ros2_control_demo_example_12': AMENT_PREFIX_PATH=/home/hibiki/Robomech_HR/Eglantyne/simulation/install/ros2_control_demo_testing:/home/hibiki/Robomech_HR/Eglantyne/simulation/install/simple_sim:/home/hibiki/Robomech_HR/Eglantyne/simulation/install/ros2_control_demos:/home/hibiki/Robomech_HR/Eglantyne/simulation/install/ros2_control_demo_example_9:/home/hibiki/Robomech_HR/Eglantyne/simulation/install/ros2_control_demo_example_8:/home/hibiki/Robomech_HR/Eglantyne/simulation/install/ros2_control_demo_example_7:/home/hibiki/Robomech_HR/Eglantyne/simulation/install/ros2_control_demo_example_6:/home/hibiki/Robomech_HR/Eglantyne/simulation/install/ros2_control_demo_example_15:/home/hibiki/Robomech_HR/Eglantyne/simulation/install/ros2_control_demo_example_5:/home/hibiki/Robomech_HR/Eglantyne/simulation/install/ros2_control_demo_example_4:/home/hibiki/Robomech_HR/Eglantyne/simulation/install/ros2_control_demo_example_3:/home/hibiki/Robomech_HR/Eglantyne/simulation/install/ros2_control_demo_example_2:/home/hibiki/Robomech_HR/Eglantyne/simulation/install/ros2_control_demo_example_14:/home/hibiki/Robomech_HR/Eglantyne/simulation/install/ros2_control_demo_example_12:/home/hibiki/Robomech_HR/Eglantyne/simulation/install/ros2_control_demo_example_11:/home/hibiki/Robomech_HR/Eglantyne/simulation/install/ros2_control_demo_example_10:/home/hibiki/Robomech_HR/Eglantyne/simulation/install/ros2_control_demo_example_1:/home/hibiki/Robomech_HR/Eglantyne/simulation/install/ros2_control_demo_description:/home/hibiki/Robomech_HR/Eglantyne/simulation/install/gazebo_ros2_control_demos:/home/hibiki/Robomech_HR/Eglantyne/simulation/install/champ_teleop:/home/hibiki/Robomech_HR/Eglantyne/simulation/install/champ_navigation:/home/hibiki/Robomech_HR/Eglantyne/simulation/install/champ_gazebo:/home/hibiki/Robomech_HR/Eglantyne/simulation/install/champ_bringup:/home/hibiki/Robomech_HR/Eglantyne/simulation/install/champ_base:/home/hibiki/Robomech_HR/Eglantyne/simulation/install/champ_msgs:/home/hibiki/Robomech_HR/Eglantyne/simulation/install/champ_description:/home/hibiki/Robomech_HR/Eglantyne/simulation/install/champ_config:/home/hibiki/Robomech_HR/Eglantyne/simulation/install/champ:/home/hibiki/Robomech_HR/Eglantyne/microros/ros2_pub_test/install/vel_pub:/opt/ros/humble CMAKE_PREFIX_PATH=/home/hibiki/Robomech_HR/Eglantyne/simulation/install/ros2_control_demo_description:/home/hibiki/Robomech_HR/Eglantyne/simulation/install/simple_sim:/home/hibiki/Robomech_HR/Eglantyne/simulation/install/ros2_control_demos:/home/hibiki/Robomech_HR/Eglantyne/simulation/install/ros2_control_demo_example_9:/home/hibiki/Robomech_HR/Eglantyne/simulation/install/ros2_control_demo_example_8:/home/hibiki/Robomech_HR/Eglantyne/simulation/install/ros2_control_demo_example_7:/home/hibiki/Robomech_HR/Eglantyne/simulation/install/ros2_control_demo_example_6:/home/hibiki/Robomech_HR/Eglantyne/simulation/install/ros2_control_demo_example_15:/home/hibiki/Robomech_HR/Eglantyne/simulation/install/ros2_control_demo_example_5:/home/hibiki/Robomech_HR/Eglantyne/simulation/install/ros2_control_demo_example_4:/home/hibiki/Robomech_HR/Eglantyne/simulation/install/ros2_control_demo_example_3:/home/hibiki/Robomech_HR/Eglantyne/simulation/install/ros2_control_demo_example_2:/home/hibiki/Robomech_HR/Eglantyne/simulation/install/ros2_control_demo_example_14:/home/hibiki/Robomech_HR/Eglantyne/simulation/install/ros2_control_demo_example_12:/home/hibiki/Robomech_HR/Eglantyne/simulation/install/ros2_control_demo_example_11:/home/hibiki/Robomech_HR/Eglantyne/simulation/install/ros2_control_demo_example_10:/home/hibiki/Robomech_HR/Eglantyne/simulation/install/ros2_control_demo_example_1:/home/hibiki/Robomech_HR/Eglantyne/simulation/install/gazebo_ros2_control_demos:/home/hibiki/Robomech_HR/Eglantyne/simulation/install/champ_teleop:/home/hibiki/Robomech_HR/Eglantyne/simulation/install/champ_navigation:/home/hibiki/Robomech_HR/Eglantyne/simulation/install/champ_gazebo:/home/hibiki/Robomech_HR/Eglantyne/simulation/install/champ_bringup:/home/hibiki/Robomech_HR/Eglantyne/simulation/install/champ_base:/home/hibiki/Robomech_HR/Eglantyne/simulation/install/champ_msgs:/home/hibiki/Robomech_HR/Eglantyne/simulation/install/champ_description:/home/hibiki/Robomech_HR/Eglantyne/simulation/install/champ_config:/home/hibiki/Robomech_HR/Eglantyne/simulation/install/ros2_control_demo_testing:/opt/ros/humble:/home/hibiki/Robomech_HR/Eglantyne/simulation/install/champ:/home/hibiki/Robomech_HR/Eglantyne/microros/ros2_pub_test/install/vel_pub PYTHONPATH=/home/hibiki/Robomech_HR/Eglantyne/simulation/install/ros2_control_demo_testing/lib/python3.10/site-packages:/home/hibiki/Robomech_HR/Eglantyne/simulation/install/simple_sim/lib/python3.10/site-packages:/home/hibiki/Robomech_HR/Eglantyne/simulation/install/champ_bringup/lib/python3.10/site-packages:/home/hibiki/Robomech_HR/Eglantyne/simulation/install/champ_msgs/lib/python3.10/site-packages:/opt/ros/humble/lib/python3.10/site-packages:/opt/ros/humble/local/lib/python3.10/dist-packages /usr/bin/cmake --build /home/hibiki/Robomech_HR/Eglantyne/simulation/build/ros2_control_demo_example_12 -- -j16 -l16
[0.931s] DEBUG:colcon.colcon_core.event_handler.log_command:Invoking command in '/home/hibiki/Robomech_HR/Eglantyne/simulation/build/ros2_control_demo_example_14': AMENT_PREFIX_PATH=/home/hibiki/Robomech_HR/Eglantyne/simulation/install/ros2_control_demo_testing:/home/hibiki/Robomech_HR/Eglantyne/simulation/install/simple_sim:/home/hibiki/Robomech_HR/Eglantyne/simulation/install/ros2_control_demos:/home/hibiki/Robomech_HR/Eglantyne/simulation/install/ros2_control_demo_example_9:/home/hibiki/Robomech_HR/Eglantyne/simulation/install/ros2_control_demo_example_8:/home/hibiki/Robomech_HR/Eglantyne/simulation/install/ros2_control_demo_example_7:/home/hibiki/Robomech_HR/Eglantyne/simulation/install/ros2_control_demo_example_6:/home/hibiki/Robomech_HR/Eglantyne/simulation/install/ros2_control_demo_example_15:/home/hibiki/Robomech_HR/Eglantyne/simulation/install/ros2_control_demo_example_5:/home/hibiki/Robomech_HR/Eglantyne/simulation/install/ros2_control_demo_example_4:/home/hibiki/Robomech_HR/Eglantyne/simulation/install/ros2_control_demo_example_3:/home/hibiki/Robomech_HR/Eglantyne/simulation/install/ros2_control_demo_example_2:/home/hibiki/Robomech_HR/Eglantyne/simulation/install/ros2_control_demo_example_14:/home/hibiki/Robomech_HR/Eglantyne/simulation/install/ros2_control_demo_example_12:/home/hibiki/Robomech_HR/Eglantyne/simulation/install/ros2_control_demo_example_11:/home/hibiki/Robomech_HR/Eglantyne/simulation/install/ros2_control_demo_example_10:/home/hibiki/Robomech_HR/Eglantyne/simulation/install/ros2_control_demo_example_1:/home/hibiki/Robomech_HR/Eglantyne/simulation/install/ros2_control_demo_description:/home/hibiki/Robomech_HR/Eglantyne/simulation/install/gazebo_ros2_control_demos:/home/hibiki/Robomech_HR/Eglantyne/simulation/install/champ_teleop:/home/hibiki/Robomech_HR/Eglantyne/simulation/install/champ_navigation:/home/hibiki/Robomech_HR/Eglantyne/simulation/install/champ_gazebo:/home/hibiki/Robomech_HR/Eglantyne/simulation/install/champ_bringup:/home/hibiki/Robomech_HR/Eglantyne/simulation/install/champ_base:/home/hibiki/Robomech_HR/Eglantyne/simulation/install/champ_msgs:/home/hibiki/Robomech_HR/Eglantyne/simulation/install/champ_description:/home/hibiki/Robomech_HR/Eglantyne/simulation/install/champ_config:/home/hibiki/Robomech_HR/Eglantyne/simulation/install/champ:/home/hibiki/Robomech_HR/Eglantyne/microros/ros2_pub_test/install/vel_pub:/opt/ros/humble CMAKE_PREFIX_PATH=/home/hibiki/Robomech_HR/Eglantyne/simulation/install/ros2_control_demo_description:/home/hibiki/Robomech_HR/Eglantyne/simulation/install/simple_sim:/home/hibiki/Robomech_HR/Eglantyne/simulation/install/ros2_control_demos:/home/hibiki/Robomech_HR/Eglantyne/simulation/install/ros2_control_demo_example_9:/home/hibiki/Robomech_HR/Eglantyne/simulation/install/ros2_control_demo_example_8:/home/hibiki/Robomech_HR/Eglantyne/simulation/install/ros2_control_demo_example_7:/home/hibiki/Robomech_HR/Eglantyne/simulation/install/ros2_control_demo_example_6:/home/hibiki/Robomech_HR/Eglantyne/simulation/install/ros2_control_demo_example_15:/home/hibiki/Robomech_HR/Eglantyne/simulation/install/ros2_control_demo_example_5:/home/hibiki/Robomech_HR/Eglantyne/simulation/install/ros2_control_demo_example_4:/home/hibiki/Robomech_HR/Eglantyne/simulation/install/ros2_control_demo_example_3:/home/hibiki/Robomech_HR/Eglantyne/simulation/install/ros2_control_demo_example_2:/home/hibiki/Robomech_HR/Eglantyne/simulation/install/ros2_control_demo_example_14:/home/hibiki/Robomech_HR/Eglantyne/simulation/install/ros2_control_demo_example_12:/home/hibiki/Robomech_HR/Eglantyne/simulation/install/ros2_control_demo_example_11:/home/hibiki/Robomech_HR/Eglantyne/simulation/install/ros2_control_demo_example_10:/home/hibiki/Robomech_HR/Eglantyne/simulation/install/ros2_control_demo_example_1:/home/hibiki/Robomech_HR/Eglantyne/simulation/install/gazebo_ros2_control_demos:/home/hibiki/Robomech_HR/Eglantyne/simulation/install/champ_teleop:/home/hibiki/Robomech_HR/Eglantyne/simulation/install/champ_navigation:/home/hibiki/Robomech_HR/Eglantyne/simulation/install/champ_gazebo:/home/hibiki/Robomech_HR/Eglantyne/simulation/install/champ_bringup:/home/hibiki/Robomech_HR/Eglantyne/simulation/install/champ_base:/home/hibiki/Robomech_HR/Eglantyne/simulation/install/champ_msgs:/home/hibiki/Robomech_HR/Eglantyne/simulation/install/champ_description:/home/hibiki/Robomech_HR/Eglantyne/simulation/install/champ_config:/home/hibiki/Robomech_HR/Eglantyne/simulation/install/ros2_control_demo_testing:/opt/ros/humble:/home/hibiki/Robomech_HR/Eglantyne/simulation/install/champ:/home/hibiki/Robomech_HR/Eglantyne/microros/ros2_pub_test/install/vel_pub PYTHONPATH=/home/hibiki/Robomech_HR/Eglantyne/simulation/install/ros2_control_demo_testing/lib/python3.10/site-packages:/home/hibiki/Robomech_HR/Eglantyne/simulation/install/simple_sim/lib/python3.10/site-packages:/home/hibiki/Robomech_HR/Eglantyne/simulation/install/champ_bringup/lib/python3.10/site-packages:/home/hibiki/Robomech_HR/Eglantyne/simulation/install/champ_msgs/lib/python3.10/site-packages:/opt/ros/humble/lib/python3.10/site-packages:/opt/ros/humble/local/lib/python3.10/dist-packages /usr/bin/cmake --build /home/hibiki/Robomech_HR/Eglantyne/simulation/build/ros2_control_demo_example_14 -- -j16 -l16
[0.934s] DEBUG:colcon.colcon_core.event_handler.log_command:Invoking command in '/home/hibiki/Robomech_HR/Eglantyne/simulation/build/ros2_control_demo_example_2': AMENT_PREFIX_PATH=/home/hibiki/Robomech_HR/Eglantyne/simulation/install/ros2_control_demo_testing:/home/hibiki/Robomech_HR/Eglantyne/simulation/install/simple_sim:/home/hibiki/Robomech_HR/Eglantyne/simulation/install/ros2_control_demos:/home/hibiki/Robomech_HR/Eglantyne/simulation/install/ros2_control_demo_example_9:/home/hibiki/Robomech_HR/Eglantyne/simulation/install/ros2_control_demo_example_8:/home/hibiki/Robomech_HR/Eglantyne/simulation/install/ros2_control_demo_example_7:/home/hibiki/Robomech_HR/Eglantyne/simulation/install/ros2_control_demo_example_6:/home/hibiki/Robomech_HR/Eglantyne/simulation/install/ros2_control_demo_example_15:/home/hibiki/Robomech_HR/Eglantyne/simulation/install/ros2_control_demo_example_5:/home/hibiki/Robomech_HR/Eglantyne/simulation/install/ros2_control_demo_example_4:/home/hibiki/Robomech_HR/Eglantyne/simulation/install/ros2_control_demo_example_3:/home/hibiki/Robomech_HR/Eglantyne/simulation/install/ros2_control_demo_example_2:/home/hibiki/Robomech_HR/Eglantyne/simulation/install/ros2_control_demo_example_14:/home/hibiki/Robomech_HR/Eglantyne/simulation/install/ros2_control_demo_example_12:/home/hibiki/Robomech_HR/Eglantyne/simulation/install/ros2_control_demo_example_11:/home/hibiki/Robomech_HR/Eglantyne/simulation/install/ros2_control_demo_example_10:/home/hibiki/Robomech_HR/Eglantyne/simulation/install/ros2_control_demo_example_1:/home/hibiki/Robomech_HR/Eglantyne/simulation/install/ros2_control_demo_description:/home/hibiki/Robomech_HR/Eglantyne/simulation/install/gazebo_ros2_control_demos:/home/hibiki/Robomech_HR/Eglantyne/simulation/install/champ_teleop:/home/hibiki/Robomech_HR/Eglantyne/simulation/install/champ_navigation:/home/hibiki/Robomech_HR/Eglantyne/simulation/install/champ_gazebo:/home/hibiki/Robomech_HR/Eglantyne/simulation/install/champ_bringup:/home/hibiki/Robomech_HR/Eglantyne/simulation/install/champ_base:/home/hibiki/Robomech_HR/Eglantyne/simulation/install/champ_msgs:/home/hibiki/Robomech_HR/Eglantyne/simulation/install/champ_description:/home/hibiki/Robomech_HR/Eglantyne/simulation/install/champ_config:/home/hibiki/Robomech_HR/Eglantyne/simulation/install/champ:/home/hibiki/Robomech_HR/Eglantyne/microros/ros2_pub_test/install/vel_pub:/opt/ros/humble CMAKE_PREFIX_PATH=/home/hibiki/Robomech_HR/Eglantyne/simulation/install/ros2_control_demo_description:/home/hibiki/Robomech_HR/Eglantyne/simulation/install/simple_sim:/home/hibiki/Robomech_HR/Eglantyne/simulation/install/ros2_control_demos:/home/hibiki/Robomech_HR/Eglantyne/simulation/install/ros2_control_demo_example_9:/home/hibiki/Robomech_HR/Eglantyne/simulation/install/ros2_control_demo_example_8:/home/hibiki/Robomech_HR/Eglantyne/simulation/install/ros2_control_demo_example_7:/home/hibiki/Robomech_HR/Eglantyne/simulation/install/ros2_control_demo_example_6:/home/hibiki/Robomech_HR/Eglantyne/simulation/install/ros2_control_demo_example_15:/home/hibiki/Robomech_HR/Eglantyne/simulation/install/ros2_control_demo_example_5:/home/hibiki/Robomech_HR/Eglantyne/simulation/install/ros2_control_demo_example_4:/home/hibiki/Robomech_HR/Eglantyne/simulation/install/ros2_control_demo_example_3:/home/hibiki/Robomech_HR/Eglantyne/simulation/install/ros2_control_demo_example_2:/home/hibiki/Robomech_HR/Eglantyne/simulation/install/ros2_control_demo_example_14:/home/hibiki/Robomech_HR/Eglantyne/simulation/install/ros2_control_demo_example_12:/home/hibiki/Robomech_HR/Eglantyne/simulation/install/ros2_control_demo_example_11:/home/hibiki/Robomech_HR/Eglantyne/simulation/install/ros2_control_demo_example_10:/home/hibiki/Robomech_HR/Eglantyne/simulation/install/ros2_control_demo_example_1:/home/hibiki/Robomech_HR/Eglantyne/simulation/install/gazebo_ros2_control_demos:/home/hibiki/Robomech_HR/Eglantyne/simulation/install/champ_teleop:/home/hibiki/Robomech_HR/Eglantyne/simulation/install/champ_navigation:/home/hibiki/Robomech_HR/Eglantyne/simulation/install/champ_gazebo:/home/hibiki/Robomech_HR/Eglantyne/simulation/install/champ_bringup:/home/hibiki/Robomech_HR/Eglantyne/simulation/install/champ_base:/home/hibiki/Robomech_HR/Eglantyne/simulation/install/champ_msgs:/home/hibiki/Robomech_HR/Eglantyne/simulation/install/champ_description:/home/hibiki/Robomech_HR/Eglantyne/simulation/install/champ_config:/home/hibiki/Robomech_HR/Eglantyne/simulation/install/ros2_control_demo_testing:/opt/ros/humble:/home/hibiki/Robomech_HR/Eglantyne/simulation/install/champ:/home/hibiki/Robomech_HR/Eglantyne/microros/ros2_pub_test/install/vel_pub PYTHONPATH=/home/hibiki/Robomech_HR/Eglantyne/simulation/install/ros2_control_demo_testing/lib/python3.10/site-packages:/home/hibiki/Robomech_HR/Eglantyne/simulation/install/simple_sim/lib/python3.10/site-packages:/home/hibiki/Robomech_HR/Eglantyne/simulation/install/champ_bringup/lib/python3.10/site-packages:/home/hibiki/Robomech_HR/Eglantyne/simulation/install/champ_msgs/lib/python3.10/site-packages:/opt/ros/humble/lib/python3.10/site-packages:/opt/ros/humble/local/lib/python3.10/dist-packages /usr/bin/cmake --build /home/hibiki/Robomech_HR/Eglantyne/simulation/build/ros2_control_demo_example_2 -- -j16 -l16
[0.937s] DEBUG:colcon.colcon_core.event_handler.log_command:Invoking command in '/home/hibiki/Robomech_HR/Eglantyne/simulation/build/ros2_control_demo_example_3': AMENT_PREFIX_PATH=/home/hibiki/Robomech_HR/Eglantyne/simulation/install/ros2_control_demo_testing:/home/hibiki/Robomech_HR/Eglantyne/simulation/install/simple_sim:/home/hibiki/Robomech_HR/Eglantyne/simulation/install/ros2_control_demos:/home/hibiki/Robomech_HR/Eglantyne/simulation/install/ros2_control_demo_example_9:/home/hibiki/Robomech_HR/Eglantyne/simulation/install/ros2_control_demo_example_8:/home/hibiki/Robomech_HR/Eglantyne/simulation/install/ros2_control_demo_example_7:/home/hibiki/Robomech_HR/Eglantyne/simulation/install/ros2_control_demo_example_6:/home/hibiki/Robomech_HR/Eglantyne/simulation/install/ros2_control_demo_example_15:/home/hibiki/Robomech_HR/Eglantyne/simulation/install/ros2_control_demo_example_5:/home/hibiki/Robomech_HR/Eglantyne/simulation/install/ros2_control_demo_example_4:/home/hibiki/Robomech_HR/Eglantyne/simulation/install/ros2_control_demo_example_3:/home/hibiki/Robomech_HR/Eglantyne/simulation/install/ros2_control_demo_example_2:/home/hibiki/Robomech_HR/Eglantyne/simulation/install/ros2_control_demo_example_14:/home/hibiki/Robomech_HR/Eglantyne/simulation/install/ros2_control_demo_example_12:/home/hibiki/Robomech_HR/Eglantyne/simulation/install/ros2_control_demo_example_11:/home/hibiki/Robomech_HR/Eglantyne/simulation/install/ros2_control_demo_example_10:/home/hibiki/Robomech_HR/Eglantyne/simulation/install/ros2_control_demo_example_1:/home/hibiki/Robomech_HR/Eglantyne/simulation/install/ros2_control_demo_description:/home/hibiki/Robomech_HR/Eglantyne/simulation/install/gazebo_ros2_control_demos:/home/hibiki/Robomech_HR/Eglantyne/simulation/install/champ_teleop:/home/hibiki/Robomech_HR/Eglantyne/simulation/install/champ_navigation:/home/hibiki/Robomech_HR/Eglantyne/simulation/install/champ_gazebo:/home/hibiki/Robomech_HR/Eglantyne/simulation/install/champ_bringup:/home/hibiki/Robomech_HR/Eglantyne/simulation/install/champ_base:/home/hibiki/Robomech_HR/Eglantyne/simulation/install/champ_msgs:/home/hibiki/Robomech_HR/Eglantyne/simulation/install/champ_description:/home/hibiki/Robomech_HR/Eglantyne/simulation/install/champ_config:/home/hibiki/Robomech_HR/Eglantyne/simulation/install/champ:/home/hibiki/Robomech_HR/Eglantyne/microros/ros2_pub_test/install/vel_pub:/opt/ros/humble CMAKE_PREFIX_PATH=/home/hibiki/Robomech_HR/Eglantyne/simulation/install/ros2_control_demo_description:/home/hibiki/Robomech_HR/Eglantyne/simulation/install/simple_sim:/home/hibiki/Robomech_HR/Eglantyne/simulation/install/ros2_control_demos:/home/hibiki/Robomech_HR/Eglantyne/simulation/install/ros2_control_demo_example_9:/home/hibiki/Robomech_HR/Eglantyne/simulation/install/ros2_control_demo_example_8:/home/hibiki/Robomech_HR/Eglantyne/simulation/install/ros2_control_demo_example_7:/home/hibiki/Robomech_HR/Eglantyne/simulation/install/ros2_control_demo_example_6:/home/hibiki/Robomech_HR/Eglantyne/simulation/install/ros2_control_demo_example_15:/home/hibiki/Robomech_HR/Eglantyne/simulation/install/ros2_control_demo_example_5:/home/hibiki/Robomech_HR/Eglantyne/simulation/install/ros2_control_demo_example_4:/home/hibiki/Robomech_HR/Eglantyne/simulation/install/ros2_control_demo_example_3:/home/hibiki/Robomech_HR/Eglantyne/simulation/install/ros2_control_demo_example_2:/home/hibiki/Robomech_HR/Eglantyne/simulation/install/ros2_control_demo_example_14:/home/hibiki/Robomech_HR/Eglantyne/simulation/install/ros2_control_demo_example_12:/home/hibiki/Robomech_HR/Eglantyne/simulation/install/ros2_control_demo_example_11:/home/hibiki/Robomech_HR/Eglantyne/simulation/install/ros2_control_demo_example_10:/home/hibiki/Robomech_HR/Eglantyne/simulation/install/ros2_control_demo_example_1:/home/hibiki/Robomech_HR/Eglantyne/simulation/install/gazebo_ros2_control_demos:/home/hibiki/Robomech_HR/Eglantyne/simulation/install/champ_teleop:/home/hibiki/Robomech_HR/Eglantyne/simulation/install/champ_navigation:/home/hibiki/Robomech_HR/Eglantyne/simulation/install/champ_gazebo:/home/hibiki/Robomech_HR/Eglantyne/simulation/install/champ_bringup:/home/hibiki/Robomech_HR/Eglantyne/simulation/install/champ_base:/home/hibiki/Robomech_HR/Eglantyne/simulation/install/champ_msgs:/home/hibiki/Robomech_HR/Eglantyne/simulation/install/champ_description:/home/hibiki/Robomech_HR/Eglantyne/simulation/install/champ_config:/home/hibiki/Robomech_HR/Eglantyne/simulation/install/ros2_control_demo_testing:/opt/ros/humble:/home/hibiki/Robomech_HR/Eglantyne/simulation/install/champ:/home/hibiki/Robomech_HR/Eglantyne/microros/ros2_pub_test/install/vel_pub PYTHONPATH=/home/hibiki/Robomech_HR/Eglantyne/simulation/install/ros2_control_demo_testing/lib/python3.10/site-packages:/home/hibiki/Robomech_HR/Eglantyne/simulation/install/simple_sim/lib/python3.10/site-packages:/home/hibiki/Robomech_HR/Eglantyne/simulation/install/champ_bringup/lib/python3.10/site-packages:/home/hibiki/Robomech_HR/Eglantyne/simulation/install/champ_msgs/lib/python3.10/site-packages:/opt/ros/humble/lib/python3.10/site-packages:/opt/ros/humble/local/lib/python3.10/dist-packages /usr/bin/cmake --build /home/hibiki/Robomech_HR/Eglantyne/simulation/build/ros2_control_demo_example_3 -- -j16 -l16
[0.941s] DEBUG:colcon.colcon_core.event_handler.log_command:Invoking command in '/home/hibiki/Robomech_HR/Eglantyne/simulation/build/ros2_control_demo_example_4': AMENT_PREFIX_PATH=/home/hibiki/Robomech_HR/Eglantyne/simulation/install/ros2_control_demo_testing:/home/hibiki/Robomech_HR/Eglantyne/simulation/install/simple_sim:/home/hibiki/Robomech_HR/Eglantyne/simulation/install/ros2_control_demos:/home/hibiki/Robomech_HR/Eglantyne/simulation/install/ros2_control_demo_example_9:/home/hibiki/Robomech_HR/Eglantyne/simulation/install/ros2_control_demo_example_8:/home/hibiki/Robomech_HR/Eglantyne/simulation/install/ros2_control_demo_example_7:/home/hibiki/Robomech_HR/Eglantyne/simulation/install/ros2_control_demo_example_6:/home/hibiki/Robomech_HR/Eglantyne/simulation/install/ros2_control_demo_example_15:/home/hibiki/Robomech_HR/Eglantyne/simulation/install/ros2_control_demo_example_5:/home/hibiki/Robomech_HR/Eglantyne/simulation/install/ros2_control_demo_example_4:/home/hibiki/Robomech_HR/Eglantyne/simulation/install/ros2_control_demo_example_3:/home/hibiki/Robomech_HR/Eglantyne/simulation/install/ros2_control_demo_example_2:/home/hibiki/Robomech_HR/Eglantyne/simulation/install/ros2_control_demo_example_14:/home/hibiki/Robomech_HR/Eglantyne/simulation/install/ros2_control_demo_example_12:/home/hibiki/Robomech_HR/Eglantyne/simulation/install/ros2_control_demo_example_11:/home/hibiki/Robomech_HR/Eglantyne/simulation/install/ros2_control_demo_example_10:/home/hibiki/Robomech_HR/Eglantyne/simulation/install/ros2_control_demo_example_1:/home/hibiki/Robomech_HR/Eglantyne/simulation/install/ros2_control_demo_description:/home/hibiki/Robomech_HR/Eglantyne/simulation/install/gazebo_ros2_control_demos:/home/hibiki/Robomech_HR/Eglantyne/simulation/install/champ_teleop:/home/hibiki/Robomech_HR/Eglantyne/simulation/install/champ_navigation:/home/hibiki/Robomech_HR/Eglantyne/simulation/install/champ_gazebo:/home/hibiki/Robomech_HR/Eglantyne/simulation/install/champ_bringup:/home/hibiki/Robomech_HR/Eglantyne/simulation/install/champ_base:/home/hibiki/Robomech_HR/Eglantyne/simulation/install/champ_msgs:/home/hibiki/Robomech_HR/Eglantyne/simulation/install/champ_description:/home/hibiki/Robomech_HR/Eglantyne/simulation/install/champ_config:/home/hibiki/Robomech_HR/Eglantyne/simulation/install/champ:/home/hibiki/Robomech_HR/Eglantyne/microros/ros2_pub_test/install/vel_pub:/opt/ros/humble CMAKE_PREFIX_PATH=/home/hibiki/Robomech_HR/Eglantyne/simulation/install/ros2_control_demo_description:/home/hibiki/Robomech_HR/Eglantyne/simulation/install/simple_sim:/home/hibiki/Robomech_HR/Eglantyne/simulation/install/ros2_control_demos:/home/hibiki/Robomech_HR/Eglantyne/simulation/install/ros2_control_demo_example_9:/home/hibiki/Robomech_HR/Eglantyne/simulation/install/ros2_control_demo_example_8:/home/hibiki/Robomech_HR/Eglantyne/simulation/install/ros2_control_demo_example_7:/home/hibiki/Robomech_HR/Eglantyne/simulation/install/ros2_control_demo_example_6:/home/hibiki/Robomech_HR/Eglantyne/simulation/install/ros2_control_demo_example_15:/home/hibiki/Robomech_HR/Eglantyne/simulation/install/ros2_control_demo_example_5:/home/hibiki/Robomech_HR/Eglantyne/simulation/install/ros2_control_demo_example_4:/home/hibiki/Robomech_HR/Eglantyne/simulation/install/ros2_control_demo_example_3:/home/hibiki/Robomech_HR/Eglantyne/simulation/install/ros2_control_demo_example_2:/home/hibiki/Robomech_HR/Eglantyne/simulation/install/ros2_control_demo_example_14:/home/hibiki/Robomech_HR/Eglantyne/simulation/install/ros2_control_demo_example_12:/home/hibiki/Robomech_HR/Eglantyne/simulation/install/ros2_control_demo_example_11:/home/hibiki/Robomech_HR/Eglantyne/simulation/install/ros2_control_demo_example_10:/home/hibiki/Robomech_HR/Eglantyne/simulation/install/ros2_control_demo_example_1:/home/hibiki/Robomech_HR/Eglantyne/simulation/install/gazebo_ros2_control_demos:/home/hibiki/Robomech_HR/Eglantyne/simulation/install/champ_teleop:/home/hibiki/Robomech_HR/Eglantyne/simulation/install/champ_navigation:/home/hibiki/Robomech_HR/Eglantyne/simulation/install/champ_gazebo:/home/hibiki/Robomech_HR/Eglantyne/simulation/install/champ_bringup:/home/hibiki/Robomech_HR/Eglantyne/simulation/install/champ_base:/home/hibiki/Robomech_HR/Eglantyne/simulation/install/champ_msgs:/home/hibiki/Robomech_HR/Eglantyne/simulation/install/champ_description:/home/hibiki/Robomech_HR/Eglantyne/simulation/install/champ_config:/home/hibiki/Robomech_HR/Eglantyne/simulation/install/ros2_control_demo_testing:/opt/ros/humble:/home/hibiki/Robomech_HR/Eglantyne/simulation/install/champ:/home/hibiki/Robomech_HR/Eglantyne/microros/ros2_pub_test/install/vel_pub PYTHONPATH=/home/hibiki/Robomech_HR/Eglantyne/simulation/install/ros2_control_demo_testing/lib/python3.10/site-packages:/home/hibiki/Robomech_HR/Eglantyne/simulation/install/simple_sim/lib/python3.10/site-packages:/home/hibiki/Robomech_HR/Eglantyne/simulation/install/champ_bringup/lib/python3.10/site-packages:/home/hibiki/Robomech_HR/Eglantyne/simulation/install/champ_msgs/lib/python3.10/site-packages:/opt/ros/humble/lib/python3.10/site-packages:/opt/ros/humble/local/lib/python3.10/dist-packages /usr/bin/cmake --build /home/hibiki/Robomech_HR/Eglantyne/simulation/build/ros2_control_demo_example_4 -- -j16 -l16
[0.944s] DEBUG:colcon.colcon_core.event_handler.log_command:Invoking command in '/home/hibiki/Robomech_HR/Eglantyne/simulation/build/ros2_control_demo_example_6': AMENT_PREFIX_PATH=/home/hibiki/Robomech_HR/Eglantyne/simulation/install/ros2_control_demo_testing:/home/hibiki/Robomech_HR/Eglantyne/simulation/install/simple_sim:/home/hibiki/Robomech_HR/Eglantyne/simulation/install/ros2_control_demos:/home/hibiki/Robomech_HR/Eglantyne/simulation/install/ros2_control_demo_example_9:/home/hibiki/Robomech_HR/Eglantyne/simulation/install/ros2_control_demo_example_8:/home/hibiki/Robomech_HR/Eglantyne/simulation/install/ros2_control_demo_example_7:/home/hibiki/Robomech_HR/Eglantyne/simulation/install/ros2_control_demo_example_6:/home/hibiki/Robomech_HR/Eglantyne/simulation/install/ros2_control_demo_example_15:/home/hibiki/Robomech_HR/Eglantyne/simulation/install/ros2_control_demo_example_5:/home/hibiki/Robomech_HR/Eglantyne/simulation/install/ros2_control_demo_example_4:/home/hibiki/Robomech_HR/Eglantyne/simulation/install/ros2_control_demo_example_3:/home/hibiki/Robomech_HR/Eglantyne/simulation/install/ros2_control_demo_example_2:/home/hibiki/Robomech_HR/Eglantyne/simulation/install/ros2_control_demo_example_14:/home/hibiki/Robomech_HR/Eglantyne/simulation/install/ros2_control_demo_example_12:/home/hibiki/Robomech_HR/Eglantyne/simulation/install/ros2_control_demo_example_11:/home/hibiki/Robomech_HR/Eglantyne/simulation/install/ros2_control_demo_example_10:/home/hibiki/Robomech_HR/Eglantyne/simulation/install/ros2_control_demo_example_1:/home/hibiki/Robomech_HR/Eglantyne/simulation/install/ros2_control_demo_description:/home/hibiki/Robomech_HR/Eglantyne/simulation/install/gazebo_ros2_control_demos:/home/hibiki/Robomech_HR/Eglantyne/simulation/install/champ_teleop:/home/hibiki/Robomech_HR/Eglantyne/simulation/install/champ_navigation:/home/hibiki/Robomech_HR/Eglantyne/simulation/install/champ_gazebo:/home/hibiki/Robomech_HR/Eglantyne/simulation/install/champ_bringup:/home/hibiki/Robomech_HR/Eglantyne/simulation/install/champ_base:/home/hibiki/Robomech_HR/Eglantyne/simulation/install/champ_msgs:/home/hibiki/Robomech_HR/Eglantyne/simulation/install/champ_description:/home/hibiki/Robomech_HR/Eglantyne/simulation/install/champ_config:/home/hibiki/Robomech_HR/Eglantyne/simulation/install/champ:/home/hibiki/Robomech_HR/Eglantyne/microros/ros2_pub_test/install/vel_pub:/opt/ros/humble CMAKE_PREFIX_PATH=/home/hibiki/Robomech_HR/Eglantyne/simulation/install/ros2_control_demo_description:/home/hibiki/Robomech_HR/Eglantyne/simulation/install/simple_sim:/home/hibiki/Robomech_HR/Eglantyne/simulation/install/ros2_control_demos:/home/hibiki/Robomech_HR/Eglantyne/simulation/install/ros2_control_demo_example_9:/home/hibiki/Robomech_HR/Eglantyne/simulation/install/ros2_control_demo_example_8:/home/hibiki/Robomech_HR/Eglantyne/simulation/install/ros2_control_demo_example_7:/home/hibiki/Robomech_HR/Eglantyne/simulation/install/ros2_control_demo_example_6:/home/hibiki/Robomech_HR/Eglantyne/simulation/install/ros2_control_demo_example_15:/home/hibiki/Robomech_HR/Eglantyne/simulation/install/ros2_control_demo_example_5:/home/hibiki/Robomech_HR/Eglantyne/simulation/install/ros2_control_demo_example_4:/home/hibiki/Robomech_HR/Eglantyne/simulation/install/ros2_control_demo_example_3:/home/hibiki/Robomech_HR/Eglantyne/simulation/install/ros2_control_demo_example_2:/home/hibiki/Robomech_HR/Eglantyne/simulation/install/ros2_control_demo_example_14:/home/hibiki/Robomech_HR/Eglantyne/simulation/install/ros2_control_demo_example_12:/home/hibiki/Robomech_HR/Eglantyne/simulation/install/ros2_control_demo_example_11:/home/hibiki/Robomech_HR/Eglantyne/simulation/install/ros2_control_demo_example_10:/home/hibiki/Robomech_HR/Eglantyne/simulation/install/ros2_control_demo_example_1:/home/hibiki/Robomech_HR/Eglantyne/simulation/install/gazebo_ros2_control_demos:/home/hibiki/Robomech_HR/Eglantyne/simulation/install/champ_teleop:/home/hibiki/Robomech_HR/Eglantyne/simulation/install/champ_navigation:/home/hibiki/Robomech_HR/Eglantyne/simulation/install/champ_gazebo:/home/hibiki/Robomech_HR/Eglantyne/simulation/install/champ_bringup:/home/hibiki/Robomech_HR/Eglantyne/simulation/install/champ_base:/home/hibiki/Robomech_HR/Eglantyne/simulation/install/champ_msgs:/home/hibiki/Robomech_HR/Eglantyne/simulation/install/champ_description:/home/hibiki/Robomech_HR/Eglantyne/simulation/install/champ_config:/home/hibiki/Robomech_HR/Eglantyne/simulation/install/ros2_control_demo_testing:/opt/ros/humble:/home/hibiki/Robomech_HR/Eglantyne/simulation/install/champ:/home/hibiki/Robomech_HR/Eglantyne/microros/ros2_pub_test/install/vel_pub PYTHONPATH=/home/hibiki/Robomech_HR/Eglantyne/simulation/install/ros2_control_demo_testing/lib/python3.10/site-packages:/home/hibiki/Robomech_HR/Eglantyne/simulation/install/simple_sim/lib/python3.10/site-packages:/home/hibiki/Robomech_HR/Eglantyne/simulation/install/champ_bringup/lib/python3.10/site-packages:/home/hibiki/Robomech_HR/Eglantyne/simulation/install/champ_msgs/lib/python3.10/site-packages:/opt/ros/humble/lib/python3.10/site-packages:/opt/ros/humble/local/lib/python3.10/dist-packages /usr/bin/cmake --build /home/hibiki/Robomech_HR/Eglantyne/simulation/build/ros2_control_demo_example_6 -- -j16 -l16
[0.949s] DEBUG:colcon.colcon_core.event_handler.log_command:Invoking command in '/home/hibiki/Robomech_HR/Eglantyne/simulation/build/ros2_control_demo_example_7': AMENT_PREFIX_PATH=/home/hibiki/Robomech_HR/Eglantyne/simulation/install/ros2_control_demo_testing:/home/hibiki/Robomech_HR/Eglantyne/simulation/install/simple_sim:/home/hibiki/Robomech_HR/Eglantyne/simulation/install/ros2_control_demos:/home/hibiki/Robomech_HR/Eglantyne/simulation/install/ros2_control_demo_example_9:/home/hibiki/Robomech_HR/Eglantyne/simulation/install/ros2_control_demo_example_8:/home/hibiki/Robomech_HR/Eglantyne/simulation/install/ros2_control_demo_example_7:/home/hibiki/Robomech_HR/Eglantyne/simulation/install/ros2_control_demo_example_6:/home/hibiki/Robomech_HR/Eglantyne/simulation/install/ros2_control_demo_example_15:/home/hibiki/Robomech_HR/Eglantyne/simulation/install/ros2_control_demo_example_5:/home/hibiki/Robomech_HR/Eglantyne/simulation/install/ros2_control_demo_example_4:/home/hibiki/Robomech_HR/Eglantyne/simulation/install/ros2_control_demo_example_3:/home/hibiki/Robomech_HR/Eglantyne/simulation/install/ros2_control_demo_example_2:/home/hibiki/Robomech_HR/Eglantyne/simulation/install/ros2_control_demo_example_14:/home/hibiki/Robomech_HR/Eglantyne/simulation/install/ros2_control_demo_example_12:/home/hibiki/Robomech_HR/Eglantyne/simulation/install/ros2_control_demo_example_11:/home/hibiki/Robomech_HR/Eglantyne/simulation/install/ros2_control_demo_example_10:/home/hibiki/Robomech_HR/Eglantyne/simulation/install/ros2_control_demo_example_1:/home/hibiki/Robomech_HR/Eglantyne/simulation/install/ros2_control_demo_description:/home/hibiki/Robomech_HR/Eglantyne/simulation/install/gazebo_ros2_control_demos:/home/hibiki/Robomech_HR/Eglantyne/simulation/install/champ_teleop:/home/hibiki/Robomech_HR/Eglantyne/simulation/install/champ_navigation:/home/hibiki/Robomech_HR/Eglantyne/simulation/install/champ_gazebo:/home/hibiki/Robomech_HR/Eglantyne/simulation/install/champ_bringup:/home/hibiki/Robomech_HR/Eglantyne/simulation/install/champ_base:/home/hibiki/Robomech_HR/Eglantyne/simulation/install/champ_msgs:/home/hibiki/Robomech_HR/Eglantyne/simulation/install/champ_description:/home/hibiki/Robomech_HR/Eglantyne/simulation/install/champ_config:/home/hibiki/Robomech_HR/Eglantyne/simulation/install/champ:/home/hibiki/Robomech_HR/Eglantyne/microros/ros2_pub_test/install/vel_pub:/opt/ros/humble CMAKE_PREFIX_PATH=/home/hibiki/Robomech_HR/Eglantyne/simulation/install/ros2_control_demo_description:/home/hibiki/Robomech_HR/Eglantyne/simulation/install/simple_sim:/home/hibiki/Robomech_HR/Eglantyne/simulation/install/ros2_control_demos:/home/hibiki/Robomech_HR/Eglantyne/simulation/install/ros2_control_demo_example_9:/home/hibiki/Robomech_HR/Eglantyne/simulation/install/ros2_control_demo_example_8:/home/hibiki/Robomech_HR/Eglantyne/simulation/install/ros2_control_demo_example_7:/home/hibiki/Robomech_HR/Eglantyne/simulation/install/ros2_control_demo_example_6:/home/hibiki/Robomech_HR/Eglantyne/simulation/install/ros2_control_demo_example_15:/home/hibiki/Robomech_HR/Eglantyne/simulation/install/ros2_control_demo_example_5:/home/hibiki/Robomech_HR/Eglantyne/simulation/install/ros2_control_demo_example_4:/home/hibiki/Robomech_HR/Eglantyne/simulation/install/ros2_control_demo_example_3:/home/hibiki/Robomech_HR/Eglantyne/simulation/install/ros2_control_demo_example_2:/home/hibiki/Robomech_HR/Eglantyne/simulation/install/ros2_control_demo_example_14:/home/hibiki/Robomech_HR/Eglantyne/simulation/install/ros2_control_demo_example_12:/home/hibiki/Robomech_HR/Eglantyne/simulation/install/ros2_control_demo_example_11:/home/hibiki/Robomech_HR/Eglantyne/simulation/install/ros2_control_demo_example_10:/home/hibiki/Robomech_HR/Eglantyne/simulation/install/ros2_control_demo_example_1:/home/hibiki/Robomech_HR/Eglantyne/simulation/install/gazebo_ros2_control_demos:/home/hibiki/Robomech_HR/Eglantyne/simulation/install/champ_teleop:/home/hibiki/Robomech_HR/Eglantyne/simulation/install/champ_navigation:/home/hibiki/Robomech_HR/Eglantyne/simulation/install/champ_gazebo:/home/hibiki/Robomech_HR/Eglantyne/simulation/install/champ_bringup:/home/hibiki/Robomech_HR/Eglantyne/simulation/install/champ_base:/home/hibiki/Robomech_HR/Eglantyne/simulation/install/champ_msgs:/home/hibiki/Robomech_HR/Eglantyne/simulation/install/champ_description:/home/hibiki/Robomech_HR/Eglantyne/simulation/install/champ_config:/home/hibiki/Robomech_HR/Eglantyne/simulation/install/ros2_control_demo_testing:/opt/ros/humble:/home/hibiki/Robomech_HR/Eglantyne/simulation/install/champ:/home/hibiki/Robomech_HR/Eglantyne/microros/ros2_pub_test/install/vel_pub PYTHONPATH=/home/hibiki/Robomech_HR/Eglantyne/simulation/install/ros2_control_demo_testing/lib/python3.10/site-packages:/home/hibiki/Robomech_HR/Eglantyne/simulation/install/simple_sim/lib/python3.10/site-packages:/home/hibiki/Robomech_HR/Eglantyne/simulation/install/champ_bringup/lib/python3.10/site-packages:/home/hibiki/Robomech_HR/Eglantyne/simulation/install/champ_msgs/lib/python3.10/site-packages:/opt/ros/humble/lib/python3.10/site-packages:/opt/ros/humble/local/lib/python3.10/dist-packages /usr/bin/cmake --build /home/hibiki/Robomech_HR/Eglantyne/simulation/build/ros2_control_demo_example_7 -- -j16 -l16
[0.955s] DEBUG:colcon.colcon_core.event_handler.log_command:Invoking command in '/home/hibiki/Robomech_HR/Eglantyne/simulation/build/ros2_control_demo_example_8': AMENT_PREFIX_PATH=/home/hibiki/Robomech_HR/Eglantyne/simulation/install/ros2_control_demo_testing:/home/hibiki/Robomech_HR/Eglantyne/simulation/install/simple_sim:/home/hibiki/Robomech_HR/Eglantyne/simulation/install/ros2_control_demos:/home/hibiki/Robomech_HR/Eglantyne/simulation/install/ros2_control_demo_example_9:/home/hibiki/Robomech_HR/Eglantyne/simulation/install/ros2_control_demo_example_8:/home/hibiki/Robomech_HR/Eglantyne/simulation/install/ros2_control_demo_example_7:/home/hibiki/Robomech_HR/Eglantyne/simulation/install/ros2_control_demo_example_6:/home/hibiki/Robomech_HR/Eglantyne/simulation/install/ros2_control_demo_example_15:/home/hibiki/Robomech_HR/Eglantyne/simulation/install/ros2_control_demo_example_5:/home/hibiki/Robomech_HR/Eglantyne/simulation/install/ros2_control_demo_example_4:/home/hibiki/Robomech_HR/Eglantyne/simulation/install/ros2_control_demo_example_3:/home/hibiki/Robomech_HR/Eglantyne/simulation/install/ros2_control_demo_example_2:/home/hibiki/Robomech_HR/Eglantyne/simulation/install/ros2_control_demo_example_14:/home/hibiki/Robomech_HR/Eglantyne/simulation/install/ros2_control_demo_example_12:/home/hibiki/Robomech_HR/Eglantyne/simulation/install/ros2_control_demo_example_11:/home/hibiki/Robomech_HR/Eglantyne/simulation/install/ros2_control_demo_example_10:/home/hibiki/Robomech_HR/Eglantyne/simulation/install/ros2_control_demo_example_1:/home/hibiki/Robomech_HR/Eglantyne/simulation/install/ros2_control_demo_description:/home/hibiki/Robomech_HR/Eglantyne/simulation/install/gazebo_ros2_control_demos:/home/hibiki/Robomech_HR/Eglantyne/simulation/install/champ_teleop:/home/hibiki/Robomech_HR/Eglantyne/simulation/install/champ_navigation:/home/hibiki/Robomech_HR/Eglantyne/simulation/install/champ_gazebo:/home/hibiki/Robomech_HR/Eglantyne/simulation/install/champ_bringup:/home/hibiki/Robomech_HR/Eglantyne/simulation/install/champ_base:/home/hibiki/Robomech_HR/Eglantyne/simulation/install/champ_msgs:/home/hibiki/Robomech_HR/Eglantyne/simulation/install/champ_description:/home/hibiki/Robomech_HR/Eglantyne/simulation/install/champ_config:/home/hibiki/Robomech_HR/Eglantyne/simulation/install/champ:/home/hibiki/Robomech_HR/Eglantyne/microros/ros2_pub_test/install/vel_pub:/opt/ros/humble CMAKE_PREFIX_PATH=/home/hibiki/Robomech_HR/Eglantyne/simulation/install/ros2_control_demo_description:/home/hibiki/Robomech_HR/Eglantyne/simulation/install/simple_sim:/home/hibiki/Robomech_HR/Eglantyne/simulation/install/ros2_control_demos:/home/hibiki/Robomech_HR/Eglantyne/simulation/install/ros2_control_demo_example_9:/home/hibiki/Robomech_HR/Eglantyne/simulation/install/ros2_control_demo_example_8:/home/hibiki/Robomech_HR/Eglantyne/simulation/install/ros2_control_demo_example_7:/home/hibiki/Robomech_HR/Eglantyne/simulation/install/ros2_control_demo_example_6:/home/hibiki/Robomech_HR/Eglantyne/simulation/install/ros2_control_demo_example_15:/home/hibiki/Robomech_HR/Eglantyne/simulation/install/ros2_control_demo_example_5:/home/hibiki/Robomech_HR/Eglantyne/simulation/install/ros2_control_demo_example_4:/home/hibiki/Robomech_HR/Eglantyne/simulation/install/ros2_control_demo_example_3:/home/hibiki/Robomech_HR/Eglantyne/simulation/install/ros2_control_demo_example_2:/home/hibiki/Robomech_HR/Eglantyne/simulation/install/ros2_control_demo_example_14:/home/hibiki/Robomech_HR/Eglantyne/simulation/install/ros2_control_demo_example_12:/home/hibiki/Robomech_HR/Eglantyne/simulation/install/ros2_control_demo_example_11:/home/hibiki/Robomech_HR/Eglantyne/simulation/install/ros2_control_demo_example_10:/home/hibiki/Robomech_HR/Eglantyne/simulation/install/ros2_control_demo_example_1:/home/hibiki/Robomech_HR/Eglantyne/simulation/install/gazebo_ros2_control_demos:/home/hibiki/Robomech_HR/Eglantyne/simulation/install/champ_teleop:/home/hibiki/Robomech_HR/Eglantyne/simulation/install/champ_navigation:/home/hibiki/Robomech_HR/Eglantyne/simulation/install/champ_gazebo:/home/hibiki/Robomech_HR/Eglantyne/simulation/install/champ_bringup:/home/hibiki/Robomech_HR/Eglantyne/simulation/install/champ_base:/home/hibiki/Robomech_HR/Eglantyne/simulation/install/champ_msgs:/home/hibiki/Robomech_HR/Eglantyne/simulation/install/champ_description:/home/hibiki/Robomech_HR/Eglantyne/simulation/install/champ_config:/home/hibiki/Robomech_HR/Eglantyne/simulation/install/ros2_control_demo_testing:/opt/ros/humble:/home/hibiki/Robomech_HR/Eglantyne/simulation/install/champ:/home/hibiki/Robomech_HR/Eglantyne/microros/ros2_pub_test/install/vel_pub PYTHONPATH=/home/hibiki/Robomech_HR/Eglantyne/simulation/install/ros2_control_demo_testing/lib/python3.10/site-packages:/home/hibiki/Robomech_HR/Eglantyne/simulation/install/simple_sim/lib/python3.10/site-packages:/home/hibiki/Robomech_HR/Eglantyne/simulation/install/champ_bringup/lib/python3.10/site-packages:/home/hibiki/Robomech_HR/Eglantyne/simulation/install/champ_msgs/lib/python3.10/site-packages:/opt/ros/humble/lib/python3.10/site-packages:/opt/ros/humble/local/lib/python3.10/dist-packages /usr/bin/cmake --build /home/hibiki/Robomech_HR/Eglantyne/simulation/build/ros2_control_demo_example_8 -- -j16 -l16
[0.963s] DEBUG:colcon.colcon_core.event_handler.log_command:Invoking command in '/home/hibiki/Robomech_HR/Eglantyne/simulation/build/ros2_control_demo_example_9': AMENT_PREFIX_PATH=/home/hibiki/Robomech_HR/Eglantyne/simulation/install/ros2_control_demo_testing:/home/hibiki/Robomech_HR/Eglantyne/simulation/install/simple_sim:/home/hibiki/Robomech_HR/Eglantyne/simulation/install/ros2_control_demos:/home/hibiki/Robomech_HR/Eglantyne/simulation/install/ros2_control_demo_example_9:/home/hibiki/Robomech_HR/Eglantyne/simulation/install/ros2_control_demo_example_8:/home/hibiki/Robomech_HR/Eglantyne/simulation/install/ros2_control_demo_example_7:/home/hibiki/Robomech_HR/Eglantyne/simulation/install/ros2_control_demo_example_6:/home/hibiki/Robomech_HR/Eglantyne/simulation/install/ros2_control_demo_example_15:/home/hibiki/Robomech_HR/Eglantyne/simulation/install/ros2_control_demo_example_5:/home/hibiki/Robomech_HR/Eglantyne/simulation/install/ros2_control_demo_example_4:/home/hibiki/Robomech_HR/Eglantyne/simulation/install/ros2_control_demo_example_3:/home/hibiki/Robomech_HR/Eglantyne/simulation/install/ros2_control_demo_example_2:/home/hibiki/Robomech_HR/Eglantyne/simulation/install/ros2_control_demo_example_14:/home/hibiki/Robomech_HR/Eglantyne/simulation/install/ros2_control_demo_example_12:/home/hibiki/Robomech_HR/Eglantyne/simulation/install/ros2_control_demo_example_11:/home/hibiki/Robomech_HR/Eglantyne/simulation/install/ros2_control_demo_example_10:/home/hibiki/Robomech_HR/Eglantyne/simulation/install/ros2_control_demo_example_1:/home/hibiki/Robomech_HR/Eglantyne/simulation/install/ros2_control_demo_description:/home/hibiki/Robomech_HR/Eglantyne/simulation/install/gazebo_ros2_control_demos:/home/hibiki/Robomech_HR/Eglantyne/simulation/install/champ_teleop:/home/hibiki/Robomech_HR/Eglantyne/simulation/install/champ_navigation:/home/hibiki/Robomech_HR/Eglantyne/simulation/install/champ_gazebo:/home/hibiki/Robomech_HR/Eglantyne/simulation/install/champ_bringup:/home/hibiki/Robomech_HR/Eglantyne/simulation/install/champ_base:/home/hibiki/Robomech_HR/Eglantyne/simulation/install/champ_msgs:/home/hibiki/Robomech_HR/Eglantyne/simulation/install/champ_description:/home/hibiki/Robomech_HR/Eglantyne/simulation/install/champ_config:/home/hibiki/Robomech_HR/Eglantyne/simulation/install/champ:/home/hibiki/Robomech_HR/Eglantyne/microros/ros2_pub_test/install/vel_pub:/opt/ros/humble CMAKE_PREFIX_PATH=/home/hibiki/Robomech_HR/Eglantyne/simulation/install/ros2_control_demo_description:/home/hibiki/Robomech_HR/Eglantyne/simulation/install/simple_sim:/home/hibiki/Robomech_HR/Eglantyne/simulation/install/ros2_control_demos:/home/hibiki/Robomech_HR/Eglantyne/simulation/install/ros2_control_demo_example_9:/home/hibiki/Robomech_HR/Eglantyne/simulation/install/ros2_control_demo_example_8:/home/hibiki/Robomech_HR/Eglantyne/simulation/install/ros2_control_demo_example_7:/home/hibiki/Robomech_HR/Eglantyne/simulation/install/ros2_control_demo_example_6:/home/hibiki/Robomech_HR/Eglantyne/simulation/install/ros2_control_demo_example_15:/home/hibiki/Robomech_HR/Eglantyne/simulation/install/ros2_control_demo_example_5:/home/hibiki/Robomech_HR/Eglantyne/simulation/install/ros2_control_demo_example_4:/home/hibiki/Robomech_HR/Eglantyne/simulation/install/ros2_control_demo_example_3:/home/hibiki/Robomech_HR/Eglantyne/simulation/install/ros2_control_demo_example_2:/home/hibiki/Robomech_HR/Eglantyne/simulation/install/ros2_control_demo_example_14:/home/hibiki/Robomech_HR/Eglantyne/simulation/install/ros2_control_demo_example_12:/home/hibiki/Robomech_HR/Eglantyne/simulation/install/ros2_control_demo_example_11:/home/hibiki/Robomech_HR/Eglantyne/simulation/install/ros2_control_demo_example_10:/home/hibiki/Robomech_HR/Eglantyne/simulation/install/ros2_control_demo_example_1:/home/hibiki/Robomech_HR/Eglantyne/simulation/install/gazebo_ros2_control_demos:/home/hibiki/Robomech_HR/Eglantyne/simulation/install/champ_teleop:/home/hibiki/Robomech_HR/Eglantyne/simulation/install/champ_navigation:/home/hibiki/Robomech_HR/Eglantyne/simulation/install/champ_gazebo:/home/hibiki/Robomech_HR/Eglantyne/simulation/install/champ_bringup:/home/hibiki/Robomech_HR/Eglantyne/simulation/install/champ_base:/home/hibiki/Robomech_HR/Eglantyne/simulation/install/champ_msgs:/home/hibiki/Robomech_HR/Eglantyne/simulation/install/champ_description:/home/hibiki/Robomech_HR/Eglantyne/simulation/install/champ_config:/home/hibiki/Robomech_HR/Eglantyne/simulation/install/ros2_control_demo_testing:/opt/ros/humble:/home/hibiki/Robomech_HR/Eglantyne/simulation/install/champ:/home/hibiki/Robomech_HR/Eglantyne/microros/ros2_pub_test/install/vel_pub PYTHONPATH=/home/hibiki/Robomech_HR/Eglantyne/simulation/install/ros2_control_demo_testing/lib/python3.10/site-packages:/home/hibiki/Robomech_HR/Eglantyne/simulation/install/simple_sim/lib/python3.10/site-packages:/home/hibiki/Robomech_HR/Eglantyne/simulation/install/champ_bringup/lib/python3.10/site-packages:/home/hibiki/Robomech_HR/Eglantyne/simulation/install/champ_msgs/lib/python3.10/site-packages:/opt/ros/humble/lib/python3.10/site-packages:/opt/ros/humble/local/lib/python3.10/dist-packages /usr/bin/cmake --build /home/hibiki/Robomech_HR/Eglantyne/simulation/build/ros2_control_demo_example_9 -- -j16 -l16
[0.964s] DEBUG:colcon.colcon_core.event_handler.log_command:Invoked command in '/home/hibiki/Robomech_HR/Eglantyne/simulation/build/ros2_control_demo_example_1' returned '0': AMENT_PREFIX_PATH=/home/hibiki/Robomech_HR/Eglantyne/simulation/install/ros2_control_demo_testing:/home/hibiki/Robomech_HR/Eglantyne/simulation/install/simple_sim:/home/hibiki/Robomech_HR/Eglantyne/simulation/install/ros2_control_demos:/home/hibiki/Robomech_HR/Eglantyne/simulation/install/ros2_control_demo_example_9:/home/hibiki/Robomech_HR/Eglantyne/simulation/install/ros2_control_demo_example_8:/home/hibiki/Robomech_HR/Eglantyne/simulation/install/ros2_control_demo_example_7:/home/hibiki/Robomech_HR/Eglantyne/simulation/install/ros2_control_demo_example_6:/home/hibiki/Robomech_HR/Eglantyne/simulation/install/ros2_control_demo_example_15:/home/hibiki/Robomech_HR/Eglantyne/simulation/install/ros2_control_demo_example_5:/home/hibiki/Robomech_HR/Eglantyne/simulation/install/ros2_control_demo_example_4:/home/hibiki/Robomech_HR/Eglantyne/simulation/install/ros2_control_demo_example_3:/home/hibiki/Robomech_HR/Eglantyne/simulation/install/ros2_control_demo_example_2:/home/hibiki/Robomech_HR/Eglantyne/simulation/install/ros2_control_demo_example_14:/home/hibiki/Robomech_HR/Eglantyne/simulation/install/ros2_control_demo_example_12:/home/hibiki/Robomech_HR/Eglantyne/simulation/install/ros2_control_demo_example_11:/home/hibiki/Robomech_HR/Eglantyne/simulation/install/ros2_control_demo_example_10:/home/hibiki/Robomech_HR/Eglantyne/simulation/install/ros2_control_demo_example_1:/home/hibiki/Robomech_HR/Eglantyne/simulation/install/ros2_control_demo_description:/home/hibiki/Robomech_HR/Eglantyne/simulation/install/gazebo_ros2_control_demos:/home/hibiki/Robomech_HR/Eglantyne/simulation/install/champ_teleop:/home/hibiki/Robomech_HR/Eglantyne/simulation/install/champ_navigation:/home/hibiki/Robomech_HR/Eglantyne/simulation/install/champ_gazebo:/home/hibiki/Robomech_HR/Eglantyne/simulation/install/champ_bringup:/home/hibiki/Robomech_HR/Eglantyne/simulation/install/champ_base:/home/hibiki/Robomech_HR/Eglantyne/simulation/install/champ_msgs:/home/hibiki/Robomech_HR/Eglantyne/simulation/install/champ_description:/home/hibiki/Robomech_HR/Eglantyne/simulation/install/champ_config:/home/hibiki/Robomech_HR/Eglantyne/simulation/install/champ:/home/hibiki/Robomech_HR/Eglantyne/microros/ros2_pub_test/install/vel_pub:/opt/ros/humble CMAKE_PREFIX_PATH=/home/hibiki/Robomech_HR/Eglantyne/simulation/install/ros2_control_demo_description:/home/hibiki/Robomech_HR/Eglantyne/simulation/install/simple_sim:/home/hibiki/Robomech_HR/Eglantyne/simulation/install/ros2_control_demos:/home/hibiki/Robomech_HR/Eglantyne/simulation/install/ros2_control_demo_example_9:/home/hibiki/Robomech_HR/Eglantyne/simulation/install/ros2_control_demo_example_8:/home/hibiki/Robomech_HR/Eglantyne/simulation/install/ros2_control_demo_example_7:/home/hibiki/Robomech_HR/Eglantyne/simulation/install/ros2_control_demo_example_6:/home/hibiki/Robomech_HR/Eglantyne/simulation/install/ros2_control_demo_example_15:/home/hibiki/Robomech_HR/Eglantyne/simulation/install/ros2_control_demo_example_5:/home/hibiki/Robomech_HR/Eglantyne/simulation/install/ros2_control_demo_example_4:/home/hibiki/Robomech_HR/Eglantyne/simulation/install/ros2_control_demo_example_3:/home/hibiki/Robomech_HR/Eglantyne/simulation/install/ros2_control_demo_example_2:/home/hibiki/Robomech_HR/Eglantyne/simulation/install/ros2_control_demo_example_14:/home/hibiki/Robomech_HR/Eglantyne/simulation/install/ros2_control_demo_example_12:/home/hibiki/Robomech_HR/Eglantyne/simulation/install/ros2_control_demo_example_11:/home/hibiki/Robomech_HR/Eglantyne/simulation/install/ros2_control_demo_example_10:/home/hibiki/Robomech_HR/Eglantyne/simulation/install/ros2_control_demo_example_1:/home/hibiki/Robomech_HR/Eglantyne/simulation/install/gazebo_ros2_control_demos:/home/hibiki/Robomech_HR/Eglantyne/simulation/install/champ_teleop:/home/hibiki/Robomech_HR/Eglantyne/simulation/install/champ_navigation:/home/hibiki/Robomech_HR/Eglantyne/simulation/install/champ_gazebo:/home/hibiki/Robomech_HR/Eglantyne/simulation/install/champ_bringup:/home/hibiki/Robomech_HR/Eglantyne/simulation/install/champ_base:/home/hibiki/Robomech_HR/Eglantyne/simulation/install/champ_msgs:/home/hibiki/Robomech_HR/Eglantyne/simulation/install/champ_description:/home/hibiki/Robomech_HR/Eglantyne/simulation/install/champ_config:/home/hibiki/Robomech_HR/Eglantyne/simulation/install/ros2_control_demo_testing:/opt/ros/humble:/home/hibiki/Robomech_HR/Eglantyne/simulation/install/champ:/home/hibiki/Robomech_HR/Eglantyne/microros/ros2_pub_test/install/vel_pub PYTHONPATH=/home/hibiki/Robomech_HR/Eglantyne/simulation/install/ros2_control_demo_testing/lib/python3.10/site-packages:/home/hibiki/Robomech_HR/Eglantyne/simulation/install/simple_sim/lib/python3.10/site-packages:/home/hibiki/Robomech_HR/Eglantyne/simulation/install/champ_bringup/lib/python3.10/site-packages:/home/hibiki/Robomech_HR/Eglantyne/simulation/install/champ_msgs/lib/python3.10/site-packages:/opt/ros/humble/lib/python3.10/site-packages:/opt/ros/humble/local/lib/python3.10/dist-packages /usr/bin/cmake --build /home/hibiki/Robomech_HR/Eglantyne/simulation/build/ros2_control_demo_example_1 -- -j16 -l16
[0.965s] DEBUG:colcon.colcon_core.event_handler.log_command:Invoked command in '/home/hibiki/Robomech_HR/Eglantyne/simulation/build/ros2_control_demo_example_5' returned '0': AMENT_PREFIX_PATH=/home/hibiki/Robomech_HR/Eglantyne/simulation/install/ros2_control_demo_testing:/home/hibiki/Robomech_HR/Eglantyne/simulation/install/simple_sim:/home/hibiki/Robomech_HR/Eglantyne/simulation/install/ros2_control_demos:/home/hibiki/Robomech_HR/Eglantyne/simulation/install/ros2_control_demo_example_9:/home/hibiki/Robomech_HR/Eglantyne/simulation/install/ros2_control_demo_example_8:/home/hibiki/Robomech_HR/Eglantyne/simulation/install/ros2_control_demo_example_7:/home/hibiki/Robomech_HR/Eglantyne/simulation/install/ros2_control_demo_example_6:/home/hibiki/Robomech_HR/Eglantyne/simulation/install/ros2_control_demo_example_15:/home/hibiki/Robomech_HR/Eglantyne/simulation/install/ros2_control_demo_example_5:/home/hibiki/Robomech_HR/Eglantyne/simulation/install/ros2_control_demo_example_4:/home/hibiki/Robomech_HR/Eglantyne/simulation/install/ros2_control_demo_example_3:/home/hibiki/Robomech_HR/Eglantyne/simulation/install/ros2_control_demo_example_2:/home/hibiki/Robomech_HR/Eglantyne/simulation/install/ros2_control_demo_example_14:/home/hibiki/Robomech_HR/Eglantyne/simulation/install/ros2_control_demo_example_12:/home/hibiki/Robomech_HR/Eglantyne/simulation/install/ros2_control_demo_example_11:/home/hibiki/Robomech_HR/Eglantyne/simulation/install/ros2_control_demo_example_10:/home/hibiki/Robomech_HR/Eglantyne/simulation/install/ros2_control_demo_example_1:/home/hibiki/Robomech_HR/Eglantyne/simulation/install/ros2_control_demo_description:/home/hibiki/Robomech_HR/Eglantyne/simulation/install/gazebo_ros2_control_demos:/home/hibiki/Robomech_HR/Eglantyne/simulation/install/champ_teleop:/home/hibiki/Robomech_HR/Eglantyne/simulation/install/champ_navigation:/home/hibiki/Robomech_HR/Eglantyne/simulation/install/champ_gazebo:/home/hibiki/Robomech_HR/Eglantyne/simulation/install/champ_bringup:/home/hibiki/Robomech_HR/Eglantyne/simulation/install/champ_base:/home/hibiki/Robomech_HR/Eglantyne/simulation/install/champ_msgs:/home/hibiki/Robomech_HR/Eglantyne/simulation/install/champ_description:/home/hibiki/Robomech_HR/Eglantyne/simulation/install/champ_config:/home/hibiki/Robomech_HR/Eglantyne/simulation/install/champ:/home/hibiki/Robomech_HR/Eglantyne/microros/ros2_pub_test/install/vel_pub:/opt/ros/humble CMAKE_PREFIX_PATH=/home/hibiki/Robomech_HR/Eglantyne/simulation/install/ros2_control_demo_description:/home/hibiki/Robomech_HR/Eglantyne/simulation/install/simple_sim:/home/hibiki/Robomech_HR/Eglantyne/simulation/install/ros2_control_demos:/home/hibiki/Robomech_HR/Eglantyne/simulation/install/ros2_control_demo_example_9:/home/hibiki/Robomech_HR/Eglantyne/simulation/install/ros2_control_demo_example_8:/home/hibiki/Robomech_HR/Eglantyne/simulation/install/ros2_control_demo_example_7:/home/hibiki/Robomech_HR/Eglantyne/simulation/install/ros2_control_demo_example_6:/home/hibiki/Robomech_HR/Eglantyne/simulation/install/ros2_control_demo_example_15:/home/hibiki/Robomech_HR/Eglantyne/simulation/install/ros2_control_demo_example_5:/home/hibiki/Robomech_HR/Eglantyne/simulation/install/ros2_control_demo_example_4:/home/hibiki/Robomech_HR/Eglantyne/simulation/install/ros2_control_demo_example_3:/home/hibiki/Robomech_HR/Eglantyne/simulation/install/ros2_control_demo_example_2:/home/hibiki/Robomech_HR/Eglantyne/simulation/install/ros2_control_demo_example_14:/home/hibiki/Robomech_HR/Eglantyne/simulation/install/ros2_control_demo_example_12:/home/hibiki/Robomech_HR/Eglantyne/simulation/install/ros2_control_demo_example_11:/home/hibiki/Robomech_HR/Eglantyne/simulation/install/ros2_control_demo_example_10:/home/hibiki/Robomech_HR/Eglantyne/simulation/install/ros2_control_demo_example_1:/home/hibiki/Robomech_HR/Eglantyne/simulation/install/gazebo_ros2_control_demos:/home/hibiki/Robomech_HR/Eglantyne/simulation/install/champ_teleop:/home/hibiki/Robomech_HR/Eglantyne/simulation/install/champ_navigation:/home/hibiki/Robomech_HR/Eglantyne/simulation/install/champ_gazebo:/home/hibiki/Robomech_HR/Eglantyne/simulation/install/champ_bringup:/home/hibiki/Robomech_HR/Eglantyne/simulation/install/champ_base:/home/hibiki/Robomech_HR/Eglantyne/simulation/install/champ_msgs:/home/hibiki/Robomech_HR/Eglantyne/simulation/install/champ_description:/home/hibiki/Robomech_HR/Eglantyne/simulation/install/champ_config:/home/hibiki/Robomech_HR/Eglantyne/simulation/install/ros2_control_demo_testing:/opt/ros/humble:/home/hibiki/Robomech_HR/Eglantyne/simulation/install/champ:/home/hibiki/Robomech_HR/Eglantyne/microros/ros2_pub_test/install/vel_pub PYTHONPATH=/home/hibiki/Robomech_HR/Eglantyne/simulation/install/ros2_control_demo_testing/lib/python3.10/site-packages:/home/hibiki/Robomech_HR/Eglantyne/simulation/install/simple_sim/lib/python3.10/site-packages:/home/hibiki/Robomech_HR/Eglantyne/simulation/install/champ_bringup/lib/python3.10/site-packages:/home/hibiki/Robomech_HR/Eglantyne/simulation/install/champ_msgs/lib/python3.10/site-packages:/opt/ros/humble/lib/python3.10/site-packages:/opt/ros/humble/local/lib/python3.10/dist-packages /usr/bin/cmake --build /home/hibiki/Robomech_HR/Eglantyne/simulation/build/ros2_control_demo_example_5 -- -j16 -l16
[0.966s] DEBUG:colcon.colcon_core.event_handler.log_command:Invoked command in '/home/hibiki/Robomech_HR/Eglantyne/simulation/build/ros2_control_demo_example_11' returned '0': AMENT_PREFIX_PATH=/home/hibiki/Robomech_HR/Eglantyne/simulation/install/ros2_control_demo_testing:/home/hibiki/Robomech_HR/Eglantyne/simulation/install/simple_sim:/home/hibiki/Robomech_HR/Eglantyne/simulation/install/ros2_control_demos:/home/hibiki/Robomech_HR/Eglantyne/simulation/install/ros2_control_demo_example_9:/home/hibiki/Robomech_HR/Eglantyne/simulation/install/ros2_control_demo_example_8:/home/hibiki/Robomech_HR/Eglantyne/simulation/install/ros2_control_demo_example_7:/home/hibiki/Robomech_HR/Eglantyne/simulation/install/ros2_control_demo_example_6:/home/hibiki/Robomech_HR/Eglantyne/simulation/install/ros2_control_demo_example_15:/home/hibiki/Robomech_HR/Eglantyne/simulation/install/ros2_control_demo_example_5:/home/hibiki/Robomech_HR/Eglantyne/simulation/install/ros2_control_demo_example_4:/home/hibiki/Robomech_HR/Eglantyne/simulation/install/ros2_control_demo_example_3:/home/hibiki/Robomech_HR/Eglantyne/simulation/install/ros2_control_demo_example_2:/home/hibiki/Robomech_HR/Eglantyne/simulation/install/ros2_control_demo_example_14:/home/hibiki/Robomech_HR/Eglantyne/simulation/install/ros2_control_demo_example_12:/home/hibiki/Robomech_HR/Eglantyne/simulation/install/ros2_control_demo_example_11:/home/hibiki/Robomech_HR/Eglantyne/simulation/install/ros2_control_demo_example_10:/home/hibiki/Robomech_HR/Eglantyne/simulation/install/ros2_control_demo_example_1:/home/hibiki/Robomech_HR/Eglantyne/simulation/install/ros2_control_demo_description:/home/hibiki/Robomech_HR/Eglantyne/simulation/install/gazebo_ros2_control_demos:/home/hibiki/Robomech_HR/Eglantyne/simulation/install/champ_teleop:/home/hibiki/Robomech_HR/Eglantyne/simulation/install/champ_navigation:/home/hibiki/Robomech_HR/Eglantyne/simulation/install/champ_gazebo:/home/hibiki/Robomech_HR/Eglantyne/simulation/install/champ_bringup:/home/hibiki/Robomech_HR/Eglantyne/simulation/install/champ_base:/home/hibiki/Robomech_HR/Eglantyne/simulation/install/champ_msgs:/home/hibiki/Robomech_HR/Eglantyne/simulation/install/champ_description:/home/hibiki/Robomech_HR/Eglantyne/simulation/install/champ_config:/home/hibiki/Robomech_HR/Eglantyne/simulation/install/champ:/home/hibiki/Robomech_HR/Eglantyne/microros/ros2_pub_test/install/vel_pub:/opt/ros/humble CMAKE_PREFIX_PATH=/home/hibiki/Robomech_HR/Eglantyne/simulation/install/ros2_control_demo_description:/home/hibiki/Robomech_HR/Eglantyne/simulation/install/simple_sim:/home/hibiki/Robomech_HR/Eglantyne/simulation/install/ros2_control_demos:/home/hibiki/Robomech_HR/Eglantyne/simulation/install/ros2_control_demo_example_9:/home/hibiki/Robomech_HR/Eglantyne/simulation/install/ros2_control_demo_example_8:/home/hibiki/Robomech_HR/Eglantyne/simulation/install/ros2_control_demo_example_7:/home/hibiki/Robomech_HR/Eglantyne/simulation/install/ros2_control_demo_example_6:/home/hibiki/Robomech_HR/Eglantyne/simulation/install/ros2_control_demo_example_15:/home/hibiki/Robomech_HR/Eglantyne/simulation/install/ros2_control_demo_example_5:/home/hibiki/Robomech_HR/Eglantyne/simulation/install/ros2_control_demo_example_4:/home/hibiki/Robomech_HR/Eglantyne/simulation/install/ros2_control_demo_example_3:/home/hibiki/Robomech_HR/Eglantyne/simulation/install/ros2_control_demo_example_2:/home/hibiki/Robomech_HR/Eglantyne/simulation/install/ros2_control_demo_example_14:/home/hibiki/Robomech_HR/Eglantyne/simulation/install/ros2_control_demo_example_12:/home/hibiki/Robomech_HR/Eglantyne/simulation/install/ros2_control_demo_example_11:/home/hibiki/Robomech_HR/Eglantyne/simulation/install/ros2_control_demo_example_10:/home/hibiki/Robomech_HR/Eglantyne/simulation/install/ros2_control_demo_example_1:/home/hibiki/Robomech_HR/Eglantyne/simulation/install/gazebo_ros2_control_demos:/home/hibiki/Robomech_HR/Eglantyne/simulation/install/champ_teleop:/home/hibiki/Robomech_HR/Eglantyne/simulation/install/champ_navigation:/home/hibiki/Robomech_HR/Eglantyne/simulation/install/champ_gazebo:/home/hibiki/Robomech_HR/Eglantyne/simulation/install/champ_bringup:/home/hibiki/Robomech_HR/Eglantyne/simulation/install/champ_base:/home/hibiki/Robomech_HR/Eglantyne/simulation/install/champ_msgs:/home/hibiki/Robomech_HR/Eglantyne/simulation/install/champ_description:/home/hibiki/Robomech_HR/Eglantyne/simulation/install/champ_config:/home/hibiki/Robomech_HR/Eglantyne/simulation/install/ros2_control_demo_testing:/opt/ros/humble:/home/hibiki/Robomech_HR/Eglantyne/simulation/install/champ:/home/hibiki/Robomech_HR/Eglantyne/microros/ros2_pub_test/install/vel_pub PYTHONPATH=/home/hibiki/Robomech_HR/Eglantyne/simulation/install/ros2_control_demo_testing/lib/python3.10/site-packages:/home/hibiki/Robomech_HR/Eglantyne/simulation/install/simple_sim/lib/python3.10/site-packages:/home/hibiki/Robomech_HR/Eglantyne/simulation/install/champ_bringup/lib/python3.10/site-packages:/home/hibiki/Robomech_HR/Eglantyne/simulation/install/champ_msgs/lib/python3.10/site-packages:/opt/ros/humble/lib/python3.10/site-packages:/opt/ros/humble/local/lib/python3.10/dist-packages /usr/bin/cmake --build /home/hibiki/Robomech_HR/Eglantyne/simulation/build/ros2_control_demo_example_11 -- -j16 -l16
[0.967s] DEBUG:colcon.colcon_core.event_handler.log_command:Invoked command in '/home/hibiki/Robomech_HR/Eglantyne/simulation/build/ros2_control_demo_example_10' returned '0': AMENT_PREFIX_PATH=/home/hibiki/Robomech_HR/Eglantyne/simulation/install/ros2_control_demo_testing:/home/hibiki/Robomech_HR/Eglantyne/simulation/install/simple_sim:/home/hibiki/Robomech_HR/Eglantyne/simulation/install/ros2_control_demos:/home/hibiki/Robomech_HR/Eglantyne/simulation/install/ros2_control_demo_example_9:/home/hibiki/Robomech_HR/Eglantyne/simulation/install/ros2_control_demo_example_8:/home/hibiki/Robomech_HR/Eglantyne/simulation/install/ros2_control_demo_example_7:/home/hibiki/Robomech_HR/Eglantyne/simulation/install/ros2_control_demo_example_6:/home/hibiki/Robomech_HR/Eglantyne/simulation/install/ros2_control_demo_example_15:/home/hibiki/Robomech_HR/Eglantyne/simulation/install/ros2_control_demo_example_5:/home/hibiki/Robomech_HR/Eglantyne/simulation/install/ros2_control_demo_example_4:/home/hibiki/Robomech_HR/Eglantyne/simulation/install/ros2_control_demo_example_3:/home/hibiki/Robomech_HR/Eglantyne/simulation/install/ros2_control_demo_example_2:/home/hibiki/Robomech_HR/Eglantyne/simulation/install/ros2_control_demo_example_14:/home/hibiki/Robomech_HR/Eglantyne/simulation/install/ros2_control_demo_example_12:/home/hibiki/Robomech_HR/Eglantyne/simulation/install/ros2_control_demo_example_11:/home/hibiki/Robomech_HR/Eglantyne/simulation/install/ros2_control_demo_example_10:/home/hibiki/Robomech_HR/Eglantyne/simulation/install/ros2_control_demo_example_1:/home/hibiki/Robomech_HR/Eglantyne/simulation/install/ros2_control_demo_description:/home/hibiki/Robomech_HR/Eglantyne/simulation/install/gazebo_ros2_control_demos:/home/hibiki/Robomech_HR/Eglantyne/simulation/install/champ_teleop:/home/hibiki/Robomech_HR/Eglantyne/simulation/install/champ_navigation:/home/hibiki/Robomech_HR/Eglantyne/simulation/install/champ_gazebo:/home/hibiki/Robomech_HR/Eglantyne/simulation/install/champ_bringup:/home/hibiki/Robomech_HR/Eglantyne/simulation/install/champ_base:/home/hibiki/Robomech_HR/Eglantyne/simulation/install/champ_msgs:/home/hibiki/Robomech_HR/Eglantyne/simulation/install/champ_description:/home/hibiki/Robomech_HR/Eglantyne/simulation/install/champ_config:/home/hibiki/Robomech_HR/Eglantyne/simulation/install/champ:/home/hibiki/Robomech_HR/Eglantyne/microros/ros2_pub_test/install/vel_pub:/opt/ros/humble CMAKE_PREFIX_PATH=/home/hibiki/Robomech_HR/Eglantyne/simulation/install/ros2_control_demo_description:/home/hibiki/Robomech_HR/Eglantyne/simulation/install/simple_sim:/home/hibiki/Robomech_HR/Eglantyne/simulation/install/ros2_control_demos:/home/hibiki/Robomech_HR/Eglantyne/simulation/install/ros2_control_demo_example_9:/home/hibiki/Robomech_HR/Eglantyne/simulation/install/ros2_control_demo_example_8:/home/hibiki/Robomech_HR/Eglantyne/simulation/install/ros2_control_demo_example_7:/home/hibiki/Robomech_HR/Eglantyne/simulation/install/ros2_control_demo_example_6:/home/hibiki/Robomech_HR/Eglantyne/simulation/install/ros2_control_demo_example_15:/home/hibiki/Robomech_HR/Eglantyne/simulation/install/ros2_control_demo_example_5:/home/hibiki/Robomech_HR/Eglantyne/simulation/install/ros2_control_demo_example_4:/home/hibiki/Robomech_HR/Eglantyne/simulation/install/ros2_control_demo_example_3:/home/hibiki/Robomech_HR/Eglantyne/simulation/install/ros2_control_demo_example_2:/home/hibiki/Robomech_HR/Eglantyne/simulation/install/ros2_control_demo_example_14:/home/hibiki/Robomech_HR/Eglantyne/simulation/install/ros2_control_demo_example_12:/home/hibiki/Robomech_HR/Eglantyne/simulation/install/ros2_control_demo_example_11:/home/hibiki/Robomech_HR/Eglantyne/simulation/install/ros2_control_demo_example_10:/home/hibiki/Robomech_HR/Eglantyne/simulation/install/ros2_control_demo_example_1:/home/hibiki/Robomech_HR/Eglantyne/simulation/install/gazebo_ros2_control_demos:/home/hibiki/Robomech_HR/Eglantyne/simulation/install/champ_teleop:/home/hibiki/Robomech_HR/Eglantyne/simulation/install/champ_navigation:/home/hibiki/Robomech_HR/Eglantyne/simulation/install/champ_gazebo:/home/hibiki/Robomech_HR/Eglantyne/simulation/install/champ_bringup:/home/hibiki/Robomech_HR/Eglantyne/simulation/install/champ_base:/home/hibiki/Robomech_HR/Eglantyne/simulation/install/champ_msgs:/home/hibiki/Robomech_HR/Eglantyne/simulation/install/champ_description:/home/hibiki/Robomech_HR/Eglantyne/simulation/install/champ_config:/home/hibiki/Robomech_HR/Eglantyne/simulation/install/ros2_control_demo_testing:/opt/ros/humble:/home/hibiki/Robomech_HR/Eglantyne/simulation/install/champ:/home/hibiki/Robomech_HR/Eglantyne/microros/ros2_pub_test/install/vel_pub PYTHONPATH=/home/hibiki/Robomech_HR/Eglantyne/simulation/install/ros2_control_demo_testing/lib/python3.10/site-packages:/home/hibiki/Robomech_HR/Eglantyne/simulation/install/simple_sim/lib/python3.10/site-packages:/home/hibiki/Robomech_HR/Eglantyne/simulation/install/champ_bringup/lib/python3.10/site-packages:/home/hibiki/Robomech_HR/Eglantyne/simulation/install/champ_msgs/lib/python3.10/site-packages:/opt/ros/humble/lib/python3.10/site-packages:/opt/ros/humble/local/lib/python3.10/dist-packages /usr/bin/cmake --build /home/hibiki/Robomech_HR/Eglantyne/simulation/build/ros2_control_demo_example_10 -- -j16 -l16
[0.971s] DEBUG:colcon.colcon_core.event_handler.log_command:Invoked command in '/home/hibiki/Robomech_HR/Eglantyne/simulation/build/ros2_control_demo_example_2' returned '0': AMENT_PREFIX_PATH=/home/hibiki/Robomech_HR/Eglantyne/simulation/install/ros2_control_demo_testing:/home/hibiki/Robomech_HR/Eglantyne/simulation/install/simple_sim:/home/hibiki/Robomech_HR/Eglantyne/simulation/install/ros2_control_demos:/home/hibiki/Robomech_HR/Eglantyne/simulation/install/ros2_control_demo_example_9:/home/hibiki/Robomech_HR/Eglantyne/simulation/install/ros2_control_demo_example_8:/home/hibiki/Robomech_HR/Eglantyne/simulation/install/ros2_control_demo_example_7:/home/hibiki/Robomech_HR/Eglantyne/simulation/install/ros2_control_demo_example_6:/home/hibiki/Robomech_HR/Eglantyne/simulation/install/ros2_control_demo_example_15:/home/hibiki/Robomech_HR/Eglantyne/simulation/install/ros2_control_demo_example_5:/home/hibiki/Robomech_HR/Eglantyne/simulation/install/ros2_control_demo_example_4:/home/hibiki/Robomech_HR/Eglantyne/simulation/install/ros2_control_demo_example_3:/home/hibiki/Robomech_HR/Eglantyne/simulation/install/ros2_control_demo_example_2:/home/hibiki/Robomech_HR/Eglantyne/simulation/install/ros2_control_demo_example_14:/home/hibiki/Robomech_HR/Eglantyne/simulation/install/ros2_control_demo_example_12:/home/hibiki/Robomech_HR/Eglantyne/simulation/install/ros2_control_demo_example_11:/home/hibiki/Robomech_HR/Eglantyne/simulation/install/ros2_control_demo_example_10:/home/hibiki/Robomech_HR/Eglantyne/simulation/install/ros2_control_demo_example_1:/home/hibiki/Robomech_HR/Eglantyne/simulation/install/ros2_control_demo_description:/home/hibiki/Robomech_HR/Eglantyne/simulation/install/gazebo_ros2_control_demos:/home/hibiki/Robomech_HR/Eglantyne/simulation/install/champ_teleop:/home/hibiki/Robomech_HR/Eglantyne/simulation/install/champ_navigation:/home/hibiki/Robomech_HR/Eglantyne/simulation/install/champ_gazebo:/home/hibiki/Robomech_HR/Eglantyne/simulation/install/champ_bringup:/home/hibiki/Robomech_HR/Eglantyne/simulation/install/champ_base:/home/hibiki/Robomech_HR/Eglantyne/simulation/install/champ_msgs:/home/hibiki/Robomech_HR/Eglantyne/simulation/install/champ_description:/home/hibiki/Robomech_HR/Eglantyne/simulation/install/champ_config:/home/hibiki/Robomech_HR/Eglantyne/simulation/install/champ:/home/hibiki/Robomech_HR/Eglantyne/microros/ros2_pub_test/install/vel_pub:/opt/ros/humble CMAKE_PREFIX_PATH=/home/hibiki/Robomech_HR/Eglantyne/simulation/install/ros2_control_demo_description:/home/hibiki/Robomech_HR/Eglantyne/simulation/install/simple_sim:/home/hibiki/Robomech_HR/Eglantyne/simulation/install/ros2_control_demos:/home/hibiki/Robomech_HR/Eglantyne/simulation/install/ros2_control_demo_example_9:/home/hibiki/Robomech_HR/Eglantyne/simulation/install/ros2_control_demo_example_8:/home/hibiki/Robomech_HR/Eglantyne/simulation/install/ros2_control_demo_example_7:/home/hibiki/Robomech_HR/Eglantyne/simulation/install/ros2_control_demo_example_6:/home/hibiki/Robomech_HR/Eglantyne/simulation/install/ros2_control_demo_example_15:/home/hibiki/Robomech_HR/Eglantyne/simulation/install/ros2_control_demo_example_5:/home/hibiki/Robomech_HR/Eglantyne/simulation/install/ros2_control_demo_example_4:/home/hibiki/Robomech_HR/Eglantyne/simulation/install/ros2_control_demo_example_3:/home/hibiki/Robomech_HR/Eglantyne/simulation/install/ros2_control_demo_example_2:/home/hibiki/Robomech_HR/Eglantyne/simulation/install/ros2_control_demo_example_14:/home/hibiki/Robomech_HR/Eglantyne/simulation/install/ros2_control_demo_example_12:/home/hibiki/Robomech_HR/Eglantyne/simulation/install/ros2_control_demo_example_11:/home/hibiki/Robomech_HR/Eglantyne/simulation/install/ros2_control_demo_example_10:/home/hibiki/Robomech_HR/Eglantyne/simulation/install/ros2_control_demo_example_1:/home/hibiki/Robomech_HR/Eglantyne/simulation/install/gazebo_ros2_control_demos:/home/hibiki/Robomech_HR/Eglantyne/simulation/install/champ_teleop:/home/hibiki/Robomech_HR/Eglantyne/simulation/install/champ_navigation:/home/hibiki/Robomech_HR/Eglantyne/simulation/install/champ_gazebo:/home/hibiki/Robomech_HR/Eglantyne/simulation/install/champ_bringup:/home/hibiki/Robomech_HR/Eglantyne/simulation/install/champ_base:/home/hibiki/Robomech_HR/Eglantyne/simulation/install/champ_msgs:/home/hibiki/Robomech_HR/Eglantyne/simulation/install/champ_description:/home/hibiki/Robomech_HR/Eglantyne/simulation/install/champ_config:/home/hibiki/Robomech_HR/Eglantyne/simulation/install/ros2_control_demo_testing:/opt/ros/humble:/home/hibiki/Robomech_HR/Eglantyne/simulation/install/champ:/home/hibiki/Robomech_HR/Eglantyne/microros/ros2_pub_test/install/vel_pub PYTHONPATH=/home/hibiki/Robomech_HR/Eglantyne/simulation/install/ros2_control_demo_testing/lib/python3.10/site-packages:/home/hibiki/Robomech_HR/Eglantyne/simulation/install/simple_sim/lib/python3.10/site-packages:/home/hibiki/Robomech_HR/Eglantyne/simulation/install/champ_bringup/lib/python3.10/site-packages:/home/hibiki/Robomech_HR/Eglantyne/simulation/install/champ_msgs/lib/python3.10/site-packages:/opt/ros/humble/lib/python3.10/site-packages:/opt/ros/humble/local/lib/python3.10/dist-packages /usr/bin/cmake --build /home/hibiki/Robomech_HR/Eglantyne/simulation/build/ros2_control_demo_example_2 -- -j16 -l16
[0.974s] DEBUG:colcon.colcon_core.event_handler.log_command:Invoked command in '/home/hibiki/Robomech_HR/Eglantyne/simulation/build/ros2_control_demo_example_14' returned '0': AMENT_PREFIX_PATH=/home/hibiki/Robomech_HR/Eglantyne/simulation/install/ros2_control_demo_testing:/home/hibiki/Robomech_HR/Eglantyne/simulation/install/simple_sim:/home/hibiki/Robomech_HR/Eglantyne/simulation/install/ros2_control_demos:/home/hibiki/Robomech_HR/Eglantyne/simulation/install/ros2_control_demo_example_9:/home/hibiki/Robomech_HR/Eglantyne/simulation/install/ros2_control_demo_example_8:/home/hibiki/Robomech_HR/Eglantyne/simulation/install/ros2_control_demo_example_7:/home/hibiki/Robomech_HR/Eglantyne/simulation/install/ros2_control_demo_example_6:/home/hibiki/Robomech_HR/Eglantyne/simulation/install/ros2_control_demo_example_15:/home/hibiki/Robomech_HR/Eglantyne/simulation/install/ros2_control_demo_example_5:/home/hibiki/Robomech_HR/Eglantyne/simulation/install/ros2_control_demo_example_4:/home/hibiki/Robomech_HR/Eglantyne/simulation/install/ros2_control_demo_example_3:/home/hibiki/Robomech_HR/Eglantyne/simulation/install/ros2_control_demo_example_2:/home/hibiki/Robomech_HR/Eglantyne/simulation/install/ros2_control_demo_example_14:/home/hibiki/Robomech_HR/Eglantyne/simulation/install/ros2_control_demo_example_12:/home/hibiki/Robomech_HR/Eglantyne/simulation/install/ros2_control_demo_example_11:/home/hibiki/Robomech_HR/Eglantyne/simulation/install/ros2_control_demo_example_10:/home/hibiki/Robomech_HR/Eglantyne/simulation/install/ros2_control_demo_example_1:/home/hibiki/Robomech_HR/Eglantyne/simulation/install/ros2_control_demo_description:/home/hibiki/Robomech_HR/Eglantyne/simulation/install/gazebo_ros2_control_demos:/home/hibiki/Robomech_HR/Eglantyne/simulation/install/champ_teleop:/home/hibiki/Robomech_HR/Eglantyne/simulation/install/champ_navigation:/home/hibiki/Robomech_HR/Eglantyne/simulation/install/champ_gazebo:/home/hibiki/Robomech_HR/Eglantyne/simulation/install/champ_bringup:/home/hibiki/Robomech_HR/Eglantyne/simulation/install/champ_base:/home/hibiki/Robomech_HR/Eglantyne/simulation/install/champ_msgs:/home/hibiki/Robomech_HR/Eglantyne/simulation/install/champ_description:/home/hibiki/Robomech_HR/Eglantyne/simulation/install/champ_config:/home/hibiki/Robomech_HR/Eglantyne/simulation/install/champ:/home/hibiki/Robomech_HR/Eglantyne/microros/ros2_pub_test/install/vel_pub:/opt/ros/humble CMAKE_PREFIX_PATH=/home/hibiki/Robomech_HR/Eglantyne/simulation/install/ros2_control_demo_description:/home/hibiki/Robomech_HR/Eglantyne/simulation/install/simple_sim:/home/hibiki/Robomech_HR/Eglantyne/simulation/install/ros2_control_demos:/home/hibiki/Robomech_HR/Eglantyne/simulation/install/ros2_control_demo_example_9:/home/hibiki/Robomech_HR/Eglantyne/simulation/install/ros2_control_demo_example_8:/home/hibiki/Robomech_HR/Eglantyne/simulation/install/ros2_control_demo_example_7:/home/hibiki/Robomech_HR/Eglantyne/simulation/install/ros2_control_demo_example_6:/home/hibiki/Robomech_HR/Eglantyne/simulation/install/ros2_control_demo_example_15:/home/hibiki/Robomech_HR/Eglantyne/simulation/install/ros2_control_demo_example_5:/home/hibiki/Robomech_HR/Eglantyne/simulation/install/ros2_control_demo_example_4:/home/hibiki/Robomech_HR/Eglantyne/simulation/install/ros2_control_demo_example_3:/home/hibiki/Robomech_HR/Eglantyne/simulation/install/ros2_control_demo_example_2:/home/hibiki/Robomech_HR/Eglantyne/simulation/install/ros2_control_demo_example_14:/home/hibiki/Robomech_HR/Eglantyne/simulation/install/ros2_control_demo_example_12:/home/hibiki/Robomech_HR/Eglantyne/simulation/install/ros2_control_demo_example_11:/home/hibiki/Robomech_HR/Eglantyne/simulation/install/ros2_control_demo_example_10:/home/hibiki/Robomech_HR/Eglantyne/simulation/install/ros2_control_demo_example_1:/home/hibiki/Robomech_HR/Eglantyne/simulation/install/gazebo_ros2_control_demos:/home/hibiki/Robomech_HR/Eglantyne/simulation/install/champ_teleop:/home/hibiki/Robomech_HR/Eglantyne/simulation/install/champ_navigation:/home/hibiki/Robomech_HR/Eglantyne/simulation/install/champ_gazebo:/home/hibiki/Robomech_HR/Eglantyne/simulation/install/champ_bringup:/home/hibiki/Robomech_HR/Eglantyne/simulation/install/champ_base:/home/hibiki/Robomech_HR/Eglantyne/simulation/install/champ_msgs:/home/hibiki/Robomech_HR/Eglantyne/simulation/install/champ_description:/home/hibiki/Robomech_HR/Eglantyne/simulation/install/champ_config:/home/hibiki/Robomech_HR/Eglantyne/simulation/install/ros2_control_demo_testing:/opt/ros/humble:/home/hibiki/Robomech_HR/Eglantyne/simulation/install/champ:/home/hibiki/Robomech_HR/Eglantyne/microros/ros2_pub_test/install/vel_pub PYTHONPATH=/home/hibiki/Robomech_HR/Eglantyne/simulation/install/ros2_control_demo_testing/lib/python3.10/site-packages:/home/hibiki/Robomech_HR/Eglantyne/simulation/install/simple_sim/lib/python3.10/site-packages:/home/hibiki/Robomech_HR/Eglantyne/simulation/install/champ_bringup/lib/python3.10/site-packages:/home/hibiki/Robomech_HR/Eglantyne/simulation/install/champ_msgs/lib/python3.10/site-packages:/opt/ros/humble/lib/python3.10/site-packages:/opt/ros/humble/local/lib/python3.10/dist-packages /usr/bin/cmake --build /home/hibiki/Robomech_HR/Eglantyne/simulation/build/ros2_control_demo_example_14 -- -j16 -l16
[0.977s] DEBUG:colcon.colcon_core.event_handler.log_command:Invoked command in '/home/hibiki/Robomech_HR/Eglantyne/simulation/build/ros2_control_demo_example_3' returned '0': AMENT_PREFIX_PATH=/home/hibiki/Robomech_HR/Eglantyne/simulation/install/ros2_control_demo_testing:/home/hibiki/Robomech_HR/Eglantyne/simulation/install/simple_sim:/home/hibiki/Robomech_HR/Eglantyne/simulation/install/ros2_control_demos:/home/hibiki/Robomech_HR/Eglantyne/simulation/install/ros2_control_demo_example_9:/home/hibiki/Robomech_HR/Eglantyne/simulation/install/ros2_control_demo_example_8:/home/hibiki/Robomech_HR/Eglantyne/simulation/install/ros2_control_demo_example_7:/home/hibiki/Robomech_HR/Eglantyne/simulation/install/ros2_control_demo_example_6:/home/hibiki/Robomech_HR/Eglantyne/simulation/install/ros2_control_demo_example_15:/home/hibiki/Robomech_HR/Eglantyne/simulation/install/ros2_control_demo_example_5:/home/hibiki/Robomech_HR/Eglantyne/simulation/install/ros2_control_demo_example_4:/home/hibiki/Robomech_HR/Eglantyne/simulation/install/ros2_control_demo_example_3:/home/hibiki/Robomech_HR/Eglantyne/simulation/install/ros2_control_demo_example_2:/home/hibiki/Robomech_HR/Eglantyne/simulation/install/ros2_control_demo_example_14:/home/hibiki/Robomech_HR/Eglantyne/simulation/install/ros2_control_demo_example_12:/home/hibiki/Robomech_HR/Eglantyne/simulation/install/ros2_control_demo_example_11:/home/hibiki/Robomech_HR/Eglantyne/simulation/install/ros2_control_demo_example_10:/home/hibiki/Robomech_HR/Eglantyne/simulation/install/ros2_control_demo_example_1:/home/hibiki/Robomech_HR/Eglantyne/simulation/install/ros2_control_demo_description:/home/hibiki/Robomech_HR/Eglantyne/simulation/install/gazebo_ros2_control_demos:/home/hibiki/Robomech_HR/Eglantyne/simulation/install/champ_teleop:/home/hibiki/Robomech_HR/Eglantyne/simulation/install/champ_navigation:/home/hibiki/Robomech_HR/Eglantyne/simulation/install/champ_gazebo:/home/hibiki/Robomech_HR/Eglantyne/simulation/install/champ_bringup:/home/hibiki/Robomech_HR/Eglantyne/simulation/install/champ_base:/home/hibiki/Robomech_HR/Eglantyne/simulation/install/champ_msgs:/home/hibiki/Robomech_HR/Eglantyne/simulation/install/champ_description:/home/hibiki/Robomech_HR/Eglantyne/simulation/install/champ_config:/home/hibiki/Robomech_HR/Eglantyne/simulation/install/champ:/home/hibiki/Robomech_HR/Eglantyne/microros/ros2_pub_test/install/vel_pub:/opt/ros/humble CMAKE_PREFIX_PATH=/home/hibiki/Robomech_HR/Eglantyne/simulation/install/ros2_control_demo_description:/home/hibiki/Robomech_HR/Eglantyne/simulation/install/simple_sim:/home/hibiki/Robomech_HR/Eglantyne/simulation/install/ros2_control_demos:/home/hibiki/Robomech_HR/Eglantyne/simulation/install/ros2_control_demo_example_9:/home/hibiki/Robomech_HR/Eglantyne/simulation/install/ros2_control_demo_example_8:/home/hibiki/Robomech_HR/Eglantyne/simulation/install/ros2_control_demo_example_7:/home/hibiki/Robomech_HR/Eglantyne/simulation/install/ros2_control_demo_example_6:/home/hibiki/Robomech_HR/Eglantyne/simulation/install/ros2_control_demo_example_15:/home/hibiki/Robomech_HR/Eglantyne/simulation/install/ros2_control_demo_example_5:/home/hibiki/Robomech_HR/Eglantyne/simulation/install/ros2_control_demo_example_4:/home/hibiki/Robomech_HR/Eglantyne/simulation/install/ros2_control_demo_example_3:/home/hibiki/Robomech_HR/Eglantyne/simulation/install/ros2_control_demo_example_2:/home/hibiki/Robomech_HR/Eglantyne/simulation/install/ros2_control_demo_example_14:/home/hibiki/Robomech_HR/Eglantyne/simulation/install/ros2_control_demo_example_12:/home/hibiki/Robomech_HR/Eglantyne/simulation/install/ros2_control_demo_example_11:/home/hibiki/Robomech_HR/Eglantyne/simulation/install/ros2_control_demo_example_10:/home/hibiki/Robomech_HR/Eglantyne/simulation/install/ros2_control_demo_example_1:/home/hibiki/Robomech_HR/Eglantyne/simulation/install/gazebo_ros2_control_demos:/home/hibiki/Robomech_HR/Eglantyne/simulation/install/champ_teleop:/home/hibiki/Robomech_HR/Eglantyne/simulation/install/champ_navigation:/home/hibiki/Robomech_HR/Eglantyne/simulation/install/champ_gazebo:/home/hibiki/Robomech_HR/Eglantyne/simulation/install/champ_bringup:/home/hibiki/Robomech_HR/Eglantyne/simulation/install/champ_base:/home/hibiki/Robomech_HR/Eglantyne/simulation/install/champ_msgs:/home/hibiki/Robomech_HR/Eglantyne/simulation/install/champ_description:/home/hibiki/Robomech_HR/Eglantyne/simulation/install/champ_config:/home/hibiki/Robomech_HR/Eglantyne/simulation/install/ros2_control_demo_testing:/opt/ros/humble:/home/hibiki/Robomech_HR/Eglantyne/simulation/install/champ:/home/hibiki/Robomech_HR/Eglantyne/microros/ros2_pub_test/install/vel_pub PYTHONPATH=/home/hibiki/Robomech_HR/Eglantyne/simulation/install/ros2_control_demo_testing/lib/python3.10/site-packages:/home/hibiki/Robomech_HR/Eglantyne/simulation/install/simple_sim/lib/python3.10/site-packages:/home/hibiki/Robomech_HR/Eglantyne/simulation/install/champ_bringup/lib/python3.10/site-packages:/home/hibiki/Robomech_HR/Eglantyne/simulation/install/champ_msgs/lib/python3.10/site-packages:/opt/ros/humble/lib/python3.10/site-packages:/opt/ros/humble/local/lib/python3.10/dist-packages /usr/bin/cmake --build /home/hibiki/Robomech_HR/Eglantyne/simulation/build/ros2_control_demo_example_3 -- -j16 -l16
[0.980s] DEBUG:colcon.colcon_core.event_handler.log_command:Invoked command in '/home/hibiki/Robomech_HR/Eglantyne/simulation/build/ros2_control_demo_example_4' returned '0': AMENT_PREFIX_PATH=/home/hibiki/Robomech_HR/Eglantyne/simulation/install/ros2_control_demo_testing:/home/hibiki/Robomech_HR/Eglantyne/simulation/install/simple_sim:/home/hibiki/Robomech_HR/Eglantyne/simulation/install/ros2_control_demos:/home/hibiki/Robomech_HR/Eglantyne/simulation/install/ros2_control_demo_example_9:/home/hibiki/Robomech_HR/Eglantyne/simulation/install/ros2_control_demo_example_8:/home/hibiki/Robomech_HR/Eglantyne/simulation/install/ros2_control_demo_example_7:/home/hibiki/Robomech_HR/Eglantyne/simulation/install/ros2_control_demo_example_6:/home/hibiki/Robomech_HR/Eglantyne/simulation/install/ros2_control_demo_example_15:/home/hibiki/Robomech_HR/Eglantyne/simulation/install/ros2_control_demo_example_5:/home/hibiki/Robomech_HR/Eglantyne/simulation/install/ros2_control_demo_example_4:/home/hibiki/Robomech_HR/Eglantyne/simulation/install/ros2_control_demo_example_3:/home/hibiki/Robomech_HR/Eglantyne/simulation/install/ros2_control_demo_example_2:/home/hibiki/Robomech_HR/Eglantyne/simulation/install/ros2_control_demo_example_14:/home/hibiki/Robomech_HR/Eglantyne/simulation/install/ros2_control_demo_example_12:/home/hibiki/Robomech_HR/Eglantyne/simulation/install/ros2_control_demo_example_11:/home/hibiki/Robomech_HR/Eglantyne/simulation/install/ros2_control_demo_example_10:/home/hibiki/Robomech_HR/Eglantyne/simulation/install/ros2_control_demo_example_1:/home/hibiki/Robomech_HR/Eglantyne/simulation/install/ros2_control_demo_description:/home/hibiki/Robomech_HR/Eglantyne/simulation/install/gazebo_ros2_control_demos:/home/hibiki/Robomech_HR/Eglantyne/simulation/install/champ_teleop:/home/hibiki/Robomech_HR/Eglantyne/simulation/install/champ_navigation:/home/hibiki/Robomech_HR/Eglantyne/simulation/install/champ_gazebo:/home/hibiki/Robomech_HR/Eglantyne/simulation/install/champ_bringup:/home/hibiki/Robomech_HR/Eglantyne/simulation/install/champ_base:/home/hibiki/Robomech_HR/Eglantyne/simulation/install/champ_msgs:/home/hibiki/Robomech_HR/Eglantyne/simulation/install/champ_description:/home/hibiki/Robomech_HR/Eglantyne/simulation/install/champ_config:/home/hibiki/Robomech_HR/Eglantyne/simulation/install/champ:/home/hibiki/Robomech_HR/Eglantyne/microros/ros2_pub_test/install/vel_pub:/opt/ros/humble CMAKE_PREFIX_PATH=/home/hibiki/Robomech_HR/Eglantyne/simulation/install/ros2_control_demo_description:/home/hibiki/Robomech_HR/Eglantyne/simulation/install/simple_sim:/home/hibiki/Robomech_HR/Eglantyne/simulation/install/ros2_control_demos:/home/hibiki/Robomech_HR/Eglantyne/simulation/install/ros2_control_demo_example_9:/home/hibiki/Robomech_HR/Eglantyne/simulation/install/ros2_control_demo_example_8:/home/hibiki/Robomech_HR/Eglantyne/simulation/install/ros2_control_demo_example_7:/home/hibiki/Robomech_HR/Eglantyne/simulation/install/ros2_control_demo_example_6:/home/hibiki/Robomech_HR/Eglantyne/simulation/install/ros2_control_demo_example_15:/home/hibiki/Robomech_HR/Eglantyne/simulation/install/ros2_control_demo_example_5:/home/hibiki/Robomech_HR/Eglantyne/simulation/install/ros2_control_demo_example_4:/home/hibiki/Robomech_HR/Eglantyne/simulation/install/ros2_control_demo_example_3:/home/hibiki/Robomech_HR/Eglantyne/simulation/install/ros2_control_demo_example_2:/home/hibiki/Robomech_HR/Eglantyne/simulation/install/ros2_control_demo_example_14:/home/hibiki/Robomech_HR/Eglantyne/simulation/install/ros2_control_demo_example_12:/home/hibiki/Robomech_HR/Eglantyne/simulation/install/ros2_control_demo_example_11:/home/hibiki/Robomech_HR/Eglantyne/simulation/install/ros2_control_demo_example_10:/home/hibiki/Robomech_HR/Eglantyne/simulation/install/ros2_control_demo_example_1:/home/hibiki/Robomech_HR/Eglantyne/simulation/install/gazebo_ros2_control_demos:/home/hibiki/Robomech_HR/Eglantyne/simulation/install/champ_teleop:/home/hibiki/Robomech_HR/Eglantyne/simulation/install/champ_navigation:/home/hibiki/Robomech_HR/Eglantyne/simulation/install/champ_gazebo:/home/hibiki/Robomech_HR/Eglantyne/simulation/install/champ_bringup:/home/hibiki/Robomech_HR/Eglantyne/simulation/install/champ_base:/home/hibiki/Robomech_HR/Eglantyne/simulation/install/champ_msgs:/home/hibiki/Robomech_HR/Eglantyne/simulation/install/champ_description:/home/hibiki/Robomech_HR/Eglantyne/simulation/install/champ_config:/home/hibiki/Robomech_HR/Eglantyne/simulation/install/ros2_control_demo_testing:/opt/ros/humble:/home/hibiki/Robomech_HR/Eglantyne/simulation/install/champ:/home/hibiki/Robomech_HR/Eglantyne/microros/ros2_pub_test/install/vel_pub PYTHONPATH=/home/hibiki/Robomech_HR/Eglantyne/simulation/install/ros2_control_demo_testing/lib/python3.10/site-packages:/home/hibiki/Robomech_HR/Eglantyne/simulation/install/simple_sim/lib/python3.10/site-packages:/home/hibiki/Robomech_HR/Eglantyne/simulation/install/champ_bringup/lib/python3.10/site-packages:/home/hibiki/Robomech_HR/Eglantyne/simulation/install/champ_msgs/lib/python3.10/site-packages:/opt/ros/humble/lib/python3.10/site-packages:/opt/ros/humble/local/lib/python3.10/dist-packages /usr/bin/cmake --build /home/hibiki/Robomech_HR/Eglantyne/simulation/build/ros2_control_demo_example_4 -- -j16 -l16
[0.982s] DEBUG:colcon.colcon_core.event_handler.log_command:Invoked command in '/home/hibiki/Robomech_HR/Eglantyne/simulation/build/ros2_control_demo_example_12' returned '0': AMENT_PREFIX_PATH=/home/hibiki/Robomech_HR/Eglantyne/simulation/install/ros2_control_demo_testing:/home/hibiki/Robomech_HR/Eglantyne/simulation/install/simple_sim:/home/hibiki/Robomech_HR/Eglantyne/simulation/install/ros2_control_demos:/home/hibiki/Robomech_HR/Eglantyne/simulation/install/ros2_control_demo_example_9:/home/hibiki/Robomech_HR/Eglantyne/simulation/install/ros2_control_demo_example_8:/home/hibiki/Robomech_HR/Eglantyne/simulation/install/ros2_control_demo_example_7:/home/hibiki/Robomech_HR/Eglantyne/simulation/install/ros2_control_demo_example_6:/home/hibiki/Robomech_HR/Eglantyne/simulation/install/ros2_control_demo_example_15:/home/hibiki/Robomech_HR/Eglantyne/simulation/install/ros2_control_demo_example_5:/home/hibiki/Robomech_HR/Eglantyne/simulation/install/ros2_control_demo_example_4:/home/hibiki/Robomech_HR/Eglantyne/simulation/install/ros2_control_demo_example_3:/home/hibiki/Robomech_HR/Eglantyne/simulation/install/ros2_control_demo_example_2:/home/hibiki/Robomech_HR/Eglantyne/simulation/install/ros2_control_demo_example_14:/home/hibiki/Robomech_HR/Eglantyne/simulation/install/ros2_control_demo_example_12:/home/hibiki/Robomech_HR/Eglantyne/simulation/install/ros2_control_demo_example_11:/home/hibiki/Robomech_HR/Eglantyne/simulation/install/ros2_control_demo_example_10:/home/hibiki/Robomech_HR/Eglantyne/simulation/install/ros2_control_demo_example_1:/home/hibiki/Robomech_HR/Eglantyne/simulation/install/ros2_control_demo_description:/home/hibiki/Robomech_HR/Eglantyne/simulation/install/gazebo_ros2_control_demos:/home/hibiki/Robomech_HR/Eglantyne/simulation/install/champ_teleop:/home/hibiki/Robomech_HR/Eglantyne/simulation/install/champ_navigation:/home/hibiki/Robomech_HR/Eglantyne/simulation/install/champ_gazebo:/home/hibiki/Robomech_HR/Eglantyne/simulation/install/champ_bringup:/home/hibiki/Robomech_HR/Eglantyne/simulation/install/champ_base:/home/hibiki/Robomech_HR/Eglantyne/simulation/install/champ_msgs:/home/hibiki/Robomech_HR/Eglantyne/simulation/install/champ_description:/home/hibiki/Robomech_HR/Eglantyne/simulation/install/champ_config:/home/hibiki/Robomech_HR/Eglantyne/simulation/install/champ:/home/hibiki/Robomech_HR/Eglantyne/microros/ros2_pub_test/install/vel_pub:/opt/ros/humble CMAKE_PREFIX_PATH=/home/hibiki/Robomech_HR/Eglantyne/simulation/install/ros2_control_demo_description:/home/hibiki/Robomech_HR/Eglantyne/simulation/install/simple_sim:/home/hibiki/Robomech_HR/Eglantyne/simulation/install/ros2_control_demos:/home/hibiki/Robomech_HR/Eglantyne/simulation/install/ros2_control_demo_example_9:/home/hibiki/Robomech_HR/Eglantyne/simulation/install/ros2_control_demo_example_8:/home/hibiki/Robomech_HR/Eglantyne/simulation/install/ros2_control_demo_example_7:/home/hibiki/Robomech_HR/Eglantyne/simulation/install/ros2_control_demo_example_6:/home/hibiki/Robomech_HR/Eglantyne/simulation/install/ros2_control_demo_example_15:/home/hibiki/Robomech_HR/Eglantyne/simulation/install/ros2_control_demo_example_5:/home/hibiki/Robomech_HR/Eglantyne/simulation/install/ros2_control_demo_example_4:/home/hibiki/Robomech_HR/Eglantyne/simulation/install/ros2_control_demo_example_3:/home/hibiki/Robomech_HR/Eglantyne/simulation/install/ros2_control_demo_example_2:/home/hibiki/Robomech_HR/Eglantyne/simulation/install/ros2_control_demo_example_14:/home/hibiki/Robomech_HR/Eglantyne/simulation/install/ros2_control_demo_example_12:/home/hibiki/Robomech_HR/Eglantyne/simulation/install/ros2_control_demo_example_11:/home/hibiki/Robomech_HR/Eglantyne/simulation/install/ros2_control_demo_example_10:/home/hibiki/Robomech_HR/Eglantyne/simulation/install/ros2_control_demo_example_1:/home/hibiki/Robomech_HR/Eglantyne/simulation/install/gazebo_ros2_control_demos:/home/hibiki/Robomech_HR/Eglantyne/simulation/install/champ_teleop:/home/hibiki/Robomech_HR/Eglantyne/simulation/install/champ_navigation:/home/hibiki/Robomech_HR/Eglantyne/simulation/install/champ_gazebo:/home/hibiki/Robomech_HR/Eglantyne/simulation/install/champ_bringup:/home/hibiki/Robomech_HR/Eglantyne/simulation/install/champ_base:/home/hibiki/Robomech_HR/Eglantyne/simulation/install/champ_msgs:/home/hibiki/Robomech_HR/Eglantyne/simulation/install/champ_description:/home/hibiki/Robomech_HR/Eglantyne/simulation/install/champ_config:/home/hibiki/Robomech_HR/Eglantyne/simulation/install/ros2_control_demo_testing:/opt/ros/humble:/home/hibiki/Robomech_HR/Eglantyne/simulation/install/champ:/home/hibiki/Robomech_HR/Eglantyne/microros/ros2_pub_test/install/vel_pub PYTHONPATH=/home/hibiki/Robomech_HR/Eglantyne/simulation/install/ros2_control_demo_testing/lib/python3.10/site-packages:/home/hibiki/Robomech_HR/Eglantyne/simulation/install/simple_sim/lib/python3.10/site-packages:/home/hibiki/Robomech_HR/Eglantyne/simulation/install/champ_bringup/lib/python3.10/site-packages:/home/hibiki/Robomech_HR/Eglantyne/simulation/install/champ_msgs/lib/python3.10/site-packages:/opt/ros/humble/lib/python3.10/site-packages:/opt/ros/humble/local/lib/python3.10/dist-packages /usr/bin/cmake --build /home/hibiki/Robomech_HR/Eglantyne/simulation/build/ros2_control_demo_example_12 -- -j16 -l16
[0.984s] DEBUG:colcon.colcon_core.event_handler.log_command:Invoked command in '/home/hibiki/Robomech_HR/Eglantyne/simulation/build/ros2_control_demo_example_6' returned '0': AMENT_PREFIX_PATH=/home/hibiki/Robomech_HR/Eglantyne/simulation/install/ros2_control_demo_testing:/home/hibiki/Robomech_HR/Eglantyne/simulation/install/simple_sim:/home/hibiki/Robomech_HR/Eglantyne/simulation/install/ros2_control_demos:/home/hibiki/Robomech_HR/Eglantyne/simulation/install/ros2_control_demo_example_9:/home/hibiki/Robomech_HR/Eglantyne/simulation/install/ros2_control_demo_example_8:/home/hibiki/Robomech_HR/Eglantyne/simulation/install/ros2_control_demo_example_7:/home/hibiki/Robomech_HR/Eglantyne/simulation/install/ros2_control_demo_example_6:/home/hibiki/Robomech_HR/Eglantyne/simulation/install/ros2_control_demo_example_15:/home/hibiki/Robomech_HR/Eglantyne/simulation/install/ros2_control_demo_example_5:/home/hibiki/Robomech_HR/Eglantyne/simulation/install/ros2_control_demo_example_4:/home/hibiki/Robomech_HR/Eglantyne/simulation/install/ros2_control_demo_example_3:/home/hibiki/Robomech_HR/Eglantyne/simulation/install/ros2_control_demo_example_2:/home/hibiki/Robomech_HR/Eglantyne/simulation/install/ros2_control_demo_example_14:/home/hibiki/Robomech_HR/Eglantyne/simulation/install/ros2_control_demo_example_12:/home/hibiki/Robomech_HR/Eglantyne/simulation/install/ros2_control_demo_example_11:/home/hibiki/Robomech_HR/Eglantyne/simulation/install/ros2_control_demo_example_10:/home/hibiki/Robomech_HR/Eglantyne/simulation/install/ros2_control_demo_example_1:/home/hibiki/Robomech_HR/Eglantyne/simulation/install/ros2_control_demo_description:/home/hibiki/Robomech_HR/Eglantyne/simulation/install/gazebo_ros2_control_demos:/home/hibiki/Robomech_HR/Eglantyne/simulation/install/champ_teleop:/home/hibiki/Robomech_HR/Eglantyne/simulation/install/champ_navigation:/home/hibiki/Robomech_HR/Eglantyne/simulation/install/champ_gazebo:/home/hibiki/Robomech_HR/Eglantyne/simulation/install/champ_bringup:/home/hibiki/Robomech_HR/Eglantyne/simulation/install/champ_base:/home/hibiki/Robomech_HR/Eglantyne/simulation/install/champ_msgs:/home/hibiki/Robomech_HR/Eglantyne/simulation/install/champ_description:/home/hibiki/Robomech_HR/Eglantyne/simulation/install/champ_config:/home/hibiki/Robomech_HR/Eglantyne/simulation/install/champ:/home/hibiki/Robomech_HR/Eglantyne/microros/ros2_pub_test/install/vel_pub:/opt/ros/humble CMAKE_PREFIX_PATH=/home/hibiki/Robomech_HR/Eglantyne/simulation/install/ros2_control_demo_description:/home/hibiki/Robomech_HR/Eglantyne/simulation/install/simple_sim:/home/hibiki/Robomech_HR/Eglantyne/simulation/install/ros2_control_demos:/home/hibiki/Robomech_HR/Eglantyne/simulation/install/ros2_control_demo_example_9:/home/hibiki/Robomech_HR/Eglantyne/simulation/install/ros2_control_demo_example_8:/home/hibiki/Robomech_HR/Eglantyne/simulation/install/ros2_control_demo_example_7:/home/hibiki/Robomech_HR/Eglantyne/simulation/install/ros2_control_demo_example_6:/home/hibiki/Robomech_HR/Eglantyne/simulation/install/ros2_control_demo_example_15:/home/hibiki/Robomech_HR/Eglantyne/simulation/install/ros2_control_demo_example_5:/home/hibiki/Robomech_HR/Eglantyne/simulation/install/ros2_control_demo_example_4:/home/hibiki/Robomech_HR/Eglantyne/simulation/install/ros2_control_demo_example_3:/home/hibiki/Robomech_HR/Eglantyne/simulation/install/ros2_control_demo_example_2:/home/hibiki/Robomech_HR/Eglantyne/simulation/install/ros2_control_demo_example_14:/home/hibiki/Robomech_HR/Eglantyne/simulation/install/ros2_control_demo_example_12:/home/hibiki/Robomech_HR/Eglantyne/simulation/install/ros2_control_demo_example_11:/home/hibiki/Robomech_HR/Eglantyne/simulation/install/ros2_control_demo_example_10:/home/hibiki/Robomech_HR/Eglantyne/simulation/install/ros2_control_demo_example_1:/home/hibiki/Robomech_HR/Eglantyne/simulation/install/gazebo_ros2_control_demos:/home/hibiki/Robomech_HR/Eglantyne/simulation/install/champ_teleop:/home/hibiki/Robomech_HR/Eglantyne/simulation/install/champ_navigation:/home/hibiki/Robomech_HR/Eglantyne/simulation/install/champ_gazebo:/home/hibiki/Robomech_HR/Eglantyne/simulation/install/champ_bringup:/home/hibiki/Robomech_HR/Eglantyne/simulation/install/champ_base:/home/hibiki/Robomech_HR/Eglantyne/simulation/install/champ_msgs:/home/hibiki/Robomech_HR/Eglantyne/simulation/install/champ_description:/home/hibiki/Robomech_HR/Eglantyne/simulation/install/champ_config:/home/hibiki/Robomech_HR/Eglantyne/simulation/install/ros2_control_demo_testing:/opt/ros/humble:/home/hibiki/Robomech_HR/Eglantyne/simulation/install/champ:/home/hibiki/Robomech_HR/Eglantyne/microros/ros2_pub_test/install/vel_pub PYTHONPATH=/home/hibiki/Robomech_HR/Eglantyne/simulation/install/ros2_control_demo_testing/lib/python3.10/site-packages:/home/hibiki/Robomech_HR/Eglantyne/simulation/install/simple_sim/lib/python3.10/site-packages:/home/hibiki/Robomech_HR/Eglantyne/simulation/install/champ_bringup/lib/python3.10/site-packages:/home/hibiki/Robomech_HR/Eglantyne/simulation/install/champ_msgs/lib/python3.10/site-packages:/opt/ros/humble/lib/python3.10/site-packages:/opt/ros/humble/local/lib/python3.10/dist-packages /usr/bin/cmake --build /home/hibiki/Robomech_HR/Eglantyne/simulation/build/ros2_control_demo_example_6 -- -j16 -l16
[0.988s] DEBUG:colcon.colcon_core.event_handler.log_command:Invoked command in '/home/hibiki/Robomech_HR/Eglantyne/simulation/build/ros2_control_demo_example_8' returned '0': AMENT_PREFIX_PATH=/home/hibiki/Robomech_HR/Eglantyne/simulation/install/ros2_control_demo_testing:/home/hibiki/Robomech_HR/Eglantyne/simulation/install/simple_sim:/home/hibiki/Robomech_HR/Eglantyne/simulation/install/ros2_control_demos:/home/hibiki/Robomech_HR/Eglantyne/simulation/install/ros2_control_demo_example_9:/home/hibiki/Robomech_HR/Eglantyne/simulation/install/ros2_control_demo_example_8:/home/hibiki/Robomech_HR/Eglantyne/simulation/install/ros2_control_demo_example_7:/home/hibiki/Robomech_HR/Eglantyne/simulation/install/ros2_control_demo_example_6:/home/hibiki/Robomech_HR/Eglantyne/simulation/install/ros2_control_demo_example_15:/home/hibiki/Robomech_HR/Eglantyne/simulation/install/ros2_control_demo_example_5:/home/hibiki/Robomech_HR/Eglantyne/simulation/install/ros2_control_demo_example_4:/home/hibiki/Robomech_HR/Eglantyne/simulation/install/ros2_control_demo_example_3:/home/hibiki/Robomech_HR/Eglantyne/simulation/install/ros2_control_demo_example_2:/home/hibiki/Robomech_HR/Eglantyne/simulation/install/ros2_control_demo_example_14:/home/hibiki/Robomech_HR/Eglantyne/simulation/install/ros2_control_demo_example_12:/home/hibiki/Robomech_HR/Eglantyne/simulation/install/ros2_control_demo_example_11:/home/hibiki/Robomech_HR/Eglantyne/simulation/install/ros2_control_demo_example_10:/home/hibiki/Robomech_HR/Eglantyne/simulation/install/ros2_control_demo_example_1:/home/hibiki/Robomech_HR/Eglantyne/simulation/install/ros2_control_demo_description:/home/hibiki/Robomech_HR/Eglantyne/simulation/install/gazebo_ros2_control_demos:/home/hibiki/Robomech_HR/Eglantyne/simulation/install/champ_teleop:/home/hibiki/Robomech_HR/Eglantyne/simulation/install/champ_navigation:/home/hibiki/Robomech_HR/Eglantyne/simulation/install/champ_gazebo:/home/hibiki/Robomech_HR/Eglantyne/simulation/install/champ_bringup:/home/hibiki/Robomech_HR/Eglantyne/simulation/install/champ_base:/home/hibiki/Robomech_HR/Eglantyne/simulation/install/champ_msgs:/home/hibiki/Robomech_HR/Eglantyne/simulation/install/champ_description:/home/hibiki/Robomech_HR/Eglantyne/simulation/install/champ_config:/home/hibiki/Robomech_HR/Eglantyne/simulation/install/champ:/home/hibiki/Robomech_HR/Eglantyne/microros/ros2_pub_test/install/vel_pub:/opt/ros/humble CMAKE_PREFIX_PATH=/home/hibiki/Robomech_HR/Eglantyne/simulation/install/ros2_control_demo_description:/home/hibiki/Robomech_HR/Eglantyne/simulation/install/simple_sim:/home/hibiki/Robomech_HR/Eglantyne/simulation/install/ros2_control_demos:/home/hibiki/Robomech_HR/Eglantyne/simulation/install/ros2_control_demo_example_9:/home/hibiki/Robomech_HR/Eglantyne/simulation/install/ros2_control_demo_example_8:/home/hibiki/Robomech_HR/Eglantyne/simulation/install/ros2_control_demo_example_7:/home/hibiki/Robomech_HR/Eglantyne/simulation/install/ros2_control_demo_example_6:/home/hibiki/Robomech_HR/Eglantyne/simulation/install/ros2_control_demo_example_15:/home/hibiki/Robomech_HR/Eglantyne/simulation/install/ros2_control_demo_example_5:/home/hibiki/Robomech_HR/Eglantyne/simulation/install/ros2_control_demo_example_4:/home/hibiki/Robomech_HR/Eglantyne/simulation/install/ros2_control_demo_example_3:/home/hibiki/Robomech_HR/Eglantyne/simulation/install/ros2_control_demo_example_2:/home/hibiki/Robomech_HR/Eglantyne/simulation/install/ros2_control_demo_example_14:/home/hibiki/Robomech_HR/Eglantyne/simulation/install/ros2_control_demo_example_12:/home/hibiki/Robomech_HR/Eglantyne/simulation/install/ros2_control_demo_example_11:/home/hibiki/Robomech_HR/Eglantyne/simulation/install/ros2_control_demo_example_10:/home/hibiki/Robomech_HR/Eglantyne/simulation/install/ros2_control_demo_example_1:/home/hibiki/Robomech_HR/Eglantyne/simulation/install/gazebo_ros2_control_demos:/home/hibiki/Robomech_HR/Eglantyne/simulation/install/champ_teleop:/home/hibiki/Robomech_HR/Eglantyne/simulation/install/champ_navigation:/home/hibiki/Robomech_HR/Eglantyne/simulation/install/champ_gazebo:/home/hibiki/Robomech_HR/Eglantyne/simulation/install/champ_bringup:/home/hibiki/Robomech_HR/Eglantyne/simulation/install/champ_base:/home/hibiki/Robomech_HR/Eglantyne/simulation/install/champ_msgs:/home/hibiki/Robomech_HR/Eglantyne/simulation/install/champ_description:/home/hibiki/Robomech_HR/Eglantyne/simulation/install/champ_config:/home/hibiki/Robomech_HR/Eglantyne/simulation/install/ros2_control_demo_testing:/opt/ros/humble:/home/hibiki/Robomech_HR/Eglantyne/simulation/install/champ:/home/hibiki/Robomech_HR/Eglantyne/microros/ros2_pub_test/install/vel_pub PYTHONPATH=/home/hibiki/Robomech_HR/Eglantyne/simulation/install/ros2_control_demo_testing/lib/python3.10/site-packages:/home/hibiki/Robomech_HR/Eglantyne/simulation/install/simple_sim/lib/python3.10/site-packages:/home/hibiki/Robomech_HR/Eglantyne/simulation/install/champ_bringup/lib/python3.10/site-packages:/home/hibiki/Robomech_HR/Eglantyne/simulation/install/champ_msgs/lib/python3.10/site-packages:/opt/ros/humble/lib/python3.10/site-packages:/opt/ros/humble/local/lib/python3.10/dist-packages /usr/bin/cmake --build /home/hibiki/Robomech_HR/Eglantyne/simulation/build/ros2_control_demo_example_8 -- -j16 -l16
[0.990s] DEBUG:colcon.colcon_core.event_handler.log_command:Invoking command in '/home/hibiki/Robomech_HR/Eglantyne/simulation/build/ros2_control_demo_example_1': AMENT_PREFIX_PATH=/home/hibiki/Robomech_HR/Eglantyne/simulation/install/ros2_control_demo_testing:/home/hibiki/Robomech_HR/Eglantyne/simulation/install/simple_sim:/home/hibiki/Robomech_HR/Eglantyne/simulation/install/ros2_control_demos:/home/hibiki/Robomech_HR/Eglantyne/simulation/install/ros2_control_demo_example_9:/home/hibiki/Robomech_HR/Eglantyne/simulation/install/ros2_control_demo_example_8:/home/hibiki/Robomech_HR/Eglantyne/simulation/install/ros2_control_demo_example_7:/home/hibiki/Robomech_HR/Eglantyne/simulation/install/ros2_control_demo_example_6:/home/hibiki/Robomech_HR/Eglantyne/simulation/install/ros2_control_demo_example_15:/home/hibiki/Robomech_HR/Eglantyne/simulation/install/ros2_control_demo_example_5:/home/hibiki/Robomech_HR/Eglantyne/simulation/install/ros2_control_demo_example_4:/home/hibiki/Robomech_HR/Eglantyne/simulation/install/ros2_control_demo_example_3:/home/hibiki/Robomech_HR/Eglantyne/simulation/install/ros2_control_demo_example_2:/home/hibiki/Robomech_HR/Eglantyne/simulation/install/ros2_control_demo_example_14:/home/hibiki/Robomech_HR/Eglantyne/simulation/install/ros2_control_demo_example_12:/home/hibiki/Robomech_HR/Eglantyne/simulation/install/ros2_control_demo_example_11:/home/hibiki/Robomech_HR/Eglantyne/simulation/install/ros2_control_demo_example_10:/home/hibiki/Robomech_HR/Eglantyne/simulation/install/ros2_control_demo_example_1:/home/hibiki/Robomech_HR/Eglantyne/simulation/install/ros2_control_demo_description:/home/hibiki/Robomech_HR/Eglantyne/simulation/install/gazebo_ros2_control_demos:/home/hibiki/Robomech_HR/Eglantyne/simulation/install/champ_teleop:/home/hibiki/Robomech_HR/Eglantyne/simulation/install/champ_navigation:/home/hibiki/Robomech_HR/Eglantyne/simulation/install/champ_gazebo:/home/hibiki/Robomech_HR/Eglantyne/simulation/install/champ_bringup:/home/hibiki/Robomech_HR/Eglantyne/simulation/install/champ_base:/home/hibiki/Robomech_HR/Eglantyne/simulation/install/champ_msgs:/home/hibiki/Robomech_HR/Eglantyne/simulation/install/champ_description:/home/hibiki/Robomech_HR/Eglantyne/simulation/install/champ_config:/home/hibiki/Robomech_HR/Eglantyne/simulation/install/champ:/home/hibiki/Robomech_HR/Eglantyne/microros/ros2_pub_test/install/vel_pub:/opt/ros/humble CMAKE_PREFIX_PATH=/home/hibiki/Robomech_HR/Eglantyne/simulation/install/ros2_control_demo_description:/home/hibiki/Robomech_HR/Eglantyne/simulation/install/simple_sim:/home/hibiki/Robomech_HR/Eglantyne/simulation/install/ros2_control_demos:/home/hibiki/Robomech_HR/Eglantyne/simulation/install/ros2_control_demo_example_9:/home/hibiki/Robomech_HR/Eglantyne/simulation/install/ros2_control_demo_example_8:/home/hibiki/Robomech_HR/Eglantyne/simulation/install/ros2_control_demo_example_7:/home/hibiki/Robomech_HR/Eglantyne/simulation/install/ros2_control_demo_example_6:/home/hibiki/Robomech_HR/Eglantyne/simulation/install/ros2_control_demo_example_15:/home/hibiki/Robomech_HR/Eglantyne/simulation/install/ros2_control_demo_example_5:/home/hibiki/Robomech_HR/Eglantyne/simulation/install/ros2_control_demo_example_4:/home/hibiki/Robomech_HR/Eglantyne/simulation/install/ros2_control_demo_example_3:/home/hibiki/Robomech_HR/Eglantyne/simulation/install/ros2_control_demo_example_2:/home/hibiki/Robomech_HR/Eglantyne/simulation/install/ros2_control_demo_example_14:/home/hibiki/Robomech_HR/Eglantyne/simulation/install/ros2_control_demo_example_12:/home/hibiki/Robomech_HR/Eglantyne/simulation/install/ros2_control_demo_example_11:/home/hibiki/Robomech_HR/Eglantyne/simulation/install/ros2_control_demo_example_10:/home/hibiki/Robomech_HR/Eglantyne/simulation/install/ros2_control_demo_example_1:/home/hibiki/Robomech_HR/Eglantyne/simulation/install/gazebo_ros2_control_demos:/home/hibiki/Robomech_HR/Eglantyne/simulation/install/champ_teleop:/home/hibiki/Robomech_HR/Eglantyne/simulation/install/champ_navigation:/home/hibiki/Robomech_HR/Eglantyne/simulation/install/champ_gazebo:/home/hibiki/Robomech_HR/Eglantyne/simulation/install/champ_bringup:/home/hibiki/Robomech_HR/Eglantyne/simulation/install/champ_base:/home/hibiki/Robomech_HR/Eglantyne/simulation/install/champ_msgs:/home/hibiki/Robomech_HR/Eglantyne/simulation/install/champ_description:/home/hibiki/Robomech_HR/Eglantyne/simulation/install/champ_config:/home/hibiki/Robomech_HR/Eglantyne/simulation/install/ros2_control_demo_testing:/opt/ros/humble:/home/hibiki/Robomech_HR/Eglantyne/simulation/install/champ:/home/hibiki/Robomech_HR/Eglantyne/microros/ros2_pub_test/install/vel_pub PYTHONPATH=/home/hibiki/Robomech_HR/Eglantyne/simulation/install/ros2_control_demo_testing/lib/python3.10/site-packages:/home/hibiki/Robomech_HR/Eglantyne/simulation/install/simple_sim/lib/python3.10/site-packages:/home/hibiki/Robomech_HR/Eglantyne/simulation/install/champ_bringup/lib/python3.10/site-packages:/home/hibiki/Robomech_HR/Eglantyne/simulation/install/champ_msgs/lib/python3.10/site-packages:/opt/ros/humble/lib/python3.10/site-packages:/opt/ros/humble/local/lib/python3.10/dist-packages /usr/bin/cmake --install /home/hibiki/Robomech_HR/Eglantyne/simulation/build/ros2_control_demo_example_1
[0.991s] DEBUG:colcon.colcon_core.event_handler.log_command:Invoked command in '/home/hibiki/Robomech_HR/Eglantyne/simulation/build/ros2_control_demo_example_7' returned '0': AMENT_PREFIX_PATH=/home/hibiki/Robomech_HR/Eglantyne/simulation/install/ros2_control_demo_testing:/home/hibiki/Robomech_HR/Eglantyne/simulation/install/simple_sim:/home/hibiki/Robomech_HR/Eglantyne/simulation/install/ros2_control_demos:/home/hibiki/Robomech_HR/Eglantyne/simulation/install/ros2_control_demo_example_9:/home/hibiki/Robomech_HR/Eglantyne/simulation/install/ros2_control_demo_example_8:/home/hibiki/Robomech_HR/Eglantyne/simulation/install/ros2_control_demo_example_7:/home/hibiki/Robomech_HR/Eglantyne/simulation/install/ros2_control_demo_example_6:/home/hibiki/Robomech_HR/Eglantyne/simulation/install/ros2_control_demo_example_15:/home/hibiki/Robomech_HR/Eglantyne/simulation/install/ros2_control_demo_example_5:/home/hibiki/Robomech_HR/Eglantyne/simulation/install/ros2_control_demo_example_4:/home/hibiki/Robomech_HR/Eglantyne/simulation/install/ros2_control_demo_example_3:/home/hibiki/Robomech_HR/Eglantyne/simulation/install/ros2_control_demo_example_2:/home/hibiki/Robomech_HR/Eglantyne/simulation/install/ros2_control_demo_example_14:/home/hibiki/Robomech_HR/Eglantyne/simulation/install/ros2_control_demo_example_12:/home/hibiki/Robomech_HR/Eglantyne/simulation/install/ros2_control_demo_example_11:/home/hibiki/Robomech_HR/Eglantyne/simulation/install/ros2_control_demo_example_10:/home/hibiki/Robomech_HR/Eglantyne/simulation/install/ros2_control_demo_example_1:/home/hibiki/Robomech_HR/Eglantyne/simulation/install/ros2_control_demo_description:/home/hibiki/Robomech_HR/Eglantyne/simulation/install/gazebo_ros2_control_demos:/home/hibiki/Robomech_HR/Eglantyne/simulation/install/champ_teleop:/home/hibiki/Robomech_HR/Eglantyne/simulation/install/champ_navigation:/home/hibiki/Robomech_HR/Eglantyne/simulation/install/champ_gazebo:/home/hibiki/Robomech_HR/Eglantyne/simulation/install/champ_bringup:/home/hibiki/Robomech_HR/Eglantyne/simulation/install/champ_base:/home/hibiki/Robomech_HR/Eglantyne/simulation/install/champ_msgs:/home/hibiki/Robomech_HR/Eglantyne/simulation/install/champ_description:/home/hibiki/Robomech_HR/Eglantyne/simulation/install/champ_config:/home/hibiki/Robomech_HR/Eglantyne/simulation/install/champ:/home/hibiki/Robomech_HR/Eglantyne/microros/ros2_pub_test/install/vel_pub:/opt/ros/humble CMAKE_PREFIX_PATH=/home/hibiki/Robomech_HR/Eglantyne/simulation/install/ros2_control_demo_description:/home/hibiki/Robomech_HR/Eglantyne/simulation/install/simple_sim:/home/hibiki/Robomech_HR/Eglantyne/simulation/install/ros2_control_demos:/home/hibiki/Robomech_HR/Eglantyne/simulation/install/ros2_control_demo_example_9:/home/hibiki/Robomech_HR/Eglantyne/simulation/install/ros2_control_demo_example_8:/home/hibiki/Robomech_HR/Eglantyne/simulation/install/ros2_control_demo_example_7:/home/hibiki/Robomech_HR/Eglantyne/simulation/install/ros2_control_demo_example_6:/home/hibiki/Robomech_HR/Eglantyne/simulation/install/ros2_control_demo_example_15:/home/hibiki/Robomech_HR/Eglantyne/simulation/install/ros2_control_demo_example_5:/home/hibiki/Robomech_HR/Eglantyne/simulation/install/ros2_control_demo_example_4:/home/hibiki/Robomech_HR/Eglantyne/simulation/install/ros2_control_demo_example_3:/home/hibiki/Robomech_HR/Eglantyne/simulation/install/ros2_control_demo_example_2:/home/hibiki/Robomech_HR/Eglantyne/simulation/install/ros2_control_demo_example_14:/home/hibiki/Robomech_HR/Eglantyne/simulation/install/ros2_control_demo_example_12:/home/hibiki/Robomech_HR/Eglantyne/simulation/install/ros2_control_demo_example_11:/home/hibiki/Robomech_HR/Eglantyne/simulation/install/ros2_control_demo_example_10:/home/hibiki/Robomech_HR/Eglantyne/simulation/install/ros2_control_demo_example_1:/home/hibiki/Robomech_HR/Eglantyne/simulation/install/gazebo_ros2_control_demos:/home/hibiki/Robomech_HR/Eglantyne/simulation/install/champ_teleop:/home/hibiki/Robomech_HR/Eglantyne/simulation/install/champ_navigation:/home/hibiki/Robomech_HR/Eglantyne/simulation/install/champ_gazebo:/home/hibiki/Robomech_HR/Eglantyne/simulation/install/champ_bringup:/home/hibiki/Robomech_HR/Eglantyne/simulation/install/champ_base:/home/hibiki/Robomech_HR/Eglantyne/simulation/install/champ_msgs:/home/hibiki/Robomech_HR/Eglantyne/simulation/install/champ_description:/home/hibiki/Robomech_HR/Eglantyne/simulation/install/champ_config:/home/hibiki/Robomech_HR/Eglantyne/simulation/install/ros2_control_demo_testing:/opt/ros/humble:/home/hibiki/Robomech_HR/Eglantyne/simulation/install/champ:/home/hibiki/Robomech_HR/Eglantyne/microros/ros2_pub_test/install/vel_pub PYTHONPATH=/home/hibiki/Robomech_HR/Eglantyne/simulation/install/ros2_control_demo_testing/lib/python3.10/site-packages:/home/hibiki/Robomech_HR/Eglantyne/simulation/install/simple_sim/lib/python3.10/site-packages:/home/hibiki/Robomech_HR/Eglantyne/simulation/install/champ_bringup/lib/python3.10/site-packages:/home/hibiki/Robomech_HR/Eglantyne/simulation/install/champ_msgs/lib/python3.10/site-packages:/opt/ros/humble/lib/python3.10/site-packages:/opt/ros/humble/local/lib/python3.10/dist-packages /usr/bin/cmake --build /home/hibiki/Robomech_HR/Eglantyne/simulation/build/ros2_control_demo_example_7 -- -j16 -l16
[1.003s] DEBUG:colcon.colcon_core.event_handler.log_command:Invoking command in '/home/hibiki/Robomech_HR/Eglantyne/simulation/build/ros2_control_demo_example_11': AMENT_PREFIX_PATH=/home/hibiki/Robomech_HR/Eglantyne/simulation/install/ros2_control_demo_testing:/home/hibiki/Robomech_HR/Eglantyne/simulation/install/simple_sim:/home/hibiki/Robomech_HR/Eglantyne/simulation/install/ros2_control_demos:/home/hibiki/Robomech_HR/Eglantyne/simulation/install/ros2_control_demo_example_9:/home/hibiki/Robomech_HR/Eglantyne/simulation/install/ros2_control_demo_example_8:/home/hibiki/Robomech_HR/Eglantyne/simulation/install/ros2_control_demo_example_7:/home/hibiki/Robomech_HR/Eglantyne/simulation/install/ros2_control_demo_example_6:/home/hibiki/Robomech_HR/Eglantyne/simulation/install/ros2_control_demo_example_15:/home/hibiki/Robomech_HR/Eglantyne/simulation/install/ros2_control_demo_example_5:/home/hibiki/Robomech_HR/Eglantyne/simulation/install/ros2_control_demo_example_4:/home/hibiki/Robomech_HR/Eglantyne/simulation/install/ros2_control_demo_example_3:/home/hibiki/Robomech_HR/Eglantyne/simulation/install/ros2_control_demo_example_2:/home/hibiki/Robomech_HR/Eglantyne/simulation/install/ros2_control_demo_example_14:/home/hibiki/Robomech_HR/Eglantyne/simulation/install/ros2_control_demo_example_12:/home/hibiki/Robomech_HR/Eglantyne/simulation/install/ros2_control_demo_example_11:/home/hibiki/Robomech_HR/Eglantyne/simulation/install/ros2_control_demo_example_10:/home/hibiki/Robomech_HR/Eglantyne/simulation/install/ros2_control_demo_example_1:/home/hibiki/Robomech_HR/Eglantyne/simulation/install/ros2_control_demo_description:/home/hibiki/Robomech_HR/Eglantyne/simulation/install/gazebo_ros2_control_demos:/home/hibiki/Robomech_HR/Eglantyne/simulation/install/champ_teleop:/home/hibiki/Robomech_HR/Eglantyne/simulation/install/champ_navigation:/home/hibiki/Robomech_HR/Eglantyne/simulation/install/champ_gazebo:/home/hibiki/Robomech_HR/Eglantyne/simulation/install/champ_bringup:/home/hibiki/Robomech_HR/Eglantyne/simulation/install/champ_base:/home/hibiki/Robomech_HR/Eglantyne/simulation/install/champ_msgs:/home/hibiki/Robomech_HR/Eglantyne/simulation/install/champ_description:/home/hibiki/Robomech_HR/Eglantyne/simulation/install/champ_config:/home/hibiki/Robomech_HR/Eglantyne/simulation/install/champ:/home/hibiki/Robomech_HR/Eglantyne/microros/ros2_pub_test/install/vel_pub:/opt/ros/humble CMAKE_PREFIX_PATH=/home/hibiki/Robomech_HR/Eglantyne/simulation/install/ros2_control_demo_description:/home/hibiki/Robomech_HR/Eglantyne/simulation/install/simple_sim:/home/hibiki/Robomech_HR/Eglantyne/simulation/install/ros2_control_demos:/home/hibiki/Robomech_HR/Eglantyne/simulation/install/ros2_control_demo_example_9:/home/hibiki/Robomech_HR/Eglantyne/simulation/install/ros2_control_demo_example_8:/home/hibiki/Robomech_HR/Eglantyne/simulation/install/ros2_control_demo_example_7:/home/hibiki/Robomech_HR/Eglantyne/simulation/install/ros2_control_demo_example_6:/home/hibiki/Robomech_HR/Eglantyne/simulation/install/ros2_control_demo_example_15:/home/hibiki/Robomech_HR/Eglantyne/simulation/install/ros2_control_demo_example_5:/home/hibiki/Robomech_HR/Eglantyne/simulation/install/ros2_control_demo_example_4:/home/hibiki/Robomech_HR/Eglantyne/simulation/install/ros2_control_demo_example_3:/home/hibiki/Robomech_HR/Eglantyne/simulation/install/ros2_control_demo_example_2:/home/hibiki/Robomech_HR/Eglantyne/simulation/install/ros2_control_demo_example_14:/home/hibiki/Robomech_HR/Eglantyne/simulation/install/ros2_control_demo_example_12:/home/hibiki/Robomech_HR/Eglantyne/simulation/install/ros2_control_demo_example_11:/home/hibiki/Robomech_HR/Eglantyne/simulation/install/ros2_control_demo_example_10:/home/hibiki/Robomech_HR/Eglantyne/simulation/install/ros2_control_demo_example_1:/home/hibiki/Robomech_HR/Eglantyne/simulation/install/gazebo_ros2_control_demos:/home/hibiki/Robomech_HR/Eglantyne/simulation/install/champ_teleop:/home/hibiki/Robomech_HR/Eglantyne/simulation/install/champ_navigation:/home/hibiki/Robomech_HR/Eglantyne/simulation/install/champ_gazebo:/home/hibiki/Robomech_HR/Eglantyne/simulation/install/champ_bringup:/home/hibiki/Robomech_HR/Eglantyne/simulation/install/champ_base:/home/hibiki/Robomech_HR/Eglantyne/simulation/install/champ_msgs:/home/hibiki/Robomech_HR/Eglantyne/simulation/install/champ_description:/home/hibiki/Robomech_HR/Eglantyne/simulation/install/champ_config:/home/hibiki/Robomech_HR/Eglantyne/simulation/install/ros2_control_demo_testing:/opt/ros/humble:/home/hibiki/Robomech_HR/Eglantyne/simulation/install/champ:/home/hibiki/Robomech_HR/Eglantyne/microros/ros2_pub_test/install/vel_pub PYTHONPATH=/home/hibiki/Robomech_HR/Eglantyne/simulation/install/ros2_control_demo_testing/lib/python3.10/site-packages:/home/hibiki/Robomech_HR/Eglantyne/simulation/install/simple_sim/lib/python3.10/site-packages:/home/hibiki/Robomech_HR/Eglantyne/simulation/install/champ_bringup/lib/python3.10/site-packages:/home/hibiki/Robomech_HR/Eglantyne/simulation/install/champ_msgs/lib/python3.10/site-packages:/opt/ros/humble/lib/python3.10/site-packages:/opt/ros/humble/local/lib/python3.10/dist-packages /usr/bin/cmake --install /home/hibiki/Robomech_HR/Eglantyne/simulation/build/ros2_control_demo_example_11
[1.004s] Level 1:colcon.colcon_core.environment:create_environment_scripts_only(ros2_control_demo_example_1)
[1.004s] Level 1:colcon.colcon_core.environment:checking '/home/hibiki/Robomech_HR/Eglantyne/simulation/install/ros2_control_demo_example_1' for CMake module files
[1.006s] Level 1:colcon.colcon_core.environment:checking '/home/hibiki/Robomech_HR/Eglantyne/simulation/install/ros2_control_demo_example_1' for CMake config files
[1.006s] DEBUG:colcon.colcon_core.event_handler.log_command:Invoking command in '/home/hibiki/Robomech_HR/Eglantyne/simulation/build/ros2_control_demo_example_5': AMENT_PREFIX_PATH=/home/hibiki/Robomech_HR/Eglantyne/simulation/install/ros2_control_demo_testing:/home/hibiki/Robomech_HR/Eglantyne/simulation/install/simple_sim:/home/hibiki/Robomech_HR/Eglantyne/simulation/install/ros2_control_demos:/home/hibiki/Robomech_HR/Eglantyne/simulation/install/ros2_control_demo_example_9:/home/hibiki/Robomech_HR/Eglantyne/simulation/install/ros2_control_demo_example_8:/home/hibiki/Robomech_HR/Eglantyne/simulation/install/ros2_control_demo_example_7:/home/hibiki/Robomech_HR/Eglantyne/simulation/install/ros2_control_demo_example_6:/home/hibiki/Robomech_HR/Eglantyne/simulation/install/ros2_control_demo_example_15:/home/hibiki/Robomech_HR/Eglantyne/simulation/install/ros2_control_demo_example_5:/home/hibiki/Robomech_HR/Eglantyne/simulation/install/ros2_control_demo_example_4:/home/hibiki/Robomech_HR/Eglantyne/simulation/install/ros2_control_demo_example_3:/home/hibiki/Robomech_HR/Eglantyne/simulation/install/ros2_control_demo_example_2:/home/hibiki/Robomech_HR/Eglantyne/simulation/install/ros2_control_demo_example_14:/home/hibiki/Robomech_HR/Eglantyne/simulation/install/ros2_control_demo_example_12:/home/hibiki/Robomech_HR/Eglantyne/simulation/install/ros2_control_demo_example_11:/home/hibiki/Robomech_HR/Eglantyne/simulation/install/ros2_control_demo_example_10:/home/hibiki/Robomech_HR/Eglantyne/simulation/install/ros2_control_demo_example_1:/home/hibiki/Robomech_HR/Eglantyne/simulation/install/ros2_control_demo_description:/home/hibiki/Robomech_HR/Eglantyne/simulation/install/gazebo_ros2_control_demos:/home/hibiki/Robomech_HR/Eglantyne/simulation/install/champ_teleop:/home/hibiki/Robomech_HR/Eglantyne/simulation/install/champ_navigation:/home/hibiki/Robomech_HR/Eglantyne/simulation/install/champ_gazebo:/home/hibiki/Robomech_HR/Eglantyne/simulation/install/champ_bringup:/home/hibiki/Robomech_HR/Eglantyne/simulation/install/champ_base:/home/hibiki/Robomech_HR/Eglantyne/simulation/install/champ_msgs:/home/hibiki/Robomech_HR/Eglantyne/simulation/install/champ_description:/home/hibiki/Robomech_HR/Eglantyne/simulation/install/champ_config:/home/hibiki/Robomech_HR/Eglantyne/simulation/install/champ:/home/hibiki/Robomech_HR/Eglantyne/microros/ros2_pub_test/install/vel_pub:/opt/ros/humble CMAKE_PREFIX_PATH=/home/hibiki/Robomech_HR/Eglantyne/simulation/install/ros2_control_demo_description:/home/hibiki/Robomech_HR/Eglantyne/simulation/install/simple_sim:/home/hibiki/Robomech_HR/Eglantyne/simulation/install/ros2_control_demos:/home/hibiki/Robomech_HR/Eglantyne/simulation/install/ros2_control_demo_example_9:/home/hibiki/Robomech_HR/Eglantyne/simulation/install/ros2_control_demo_example_8:/home/hibiki/Robomech_HR/Eglantyne/simulation/install/ros2_control_demo_example_7:/home/hibiki/Robomech_HR/Eglantyne/simulation/install/ros2_control_demo_example_6:/home/hibiki/Robomech_HR/Eglantyne/simulation/install/ros2_control_demo_example_15:/home/hibiki/Robomech_HR/Eglantyne/simulation/install/ros2_control_demo_example_5:/home/hibiki/Robomech_HR/Eglantyne/simulation/install/ros2_control_demo_example_4:/home/hibiki/Robomech_HR/Eglantyne/simulation/install/ros2_control_demo_example_3:/home/hibiki/Robomech_HR/Eglantyne/simulation/install/ros2_control_demo_example_2:/home/hibiki/Robomech_HR/Eglantyne/simulation/install/ros2_control_demo_example_14:/home/hibiki/Robomech_HR/Eglantyne/simulation/install/ros2_control_demo_example_12:/home/hibiki/Robomech_HR/Eglantyne/simulation/install/ros2_control_demo_example_11:/home/hibiki/Robomech_HR/Eglantyne/simulation/install/ros2_control_demo_example_10:/home/hibiki/Robomech_HR/Eglantyne/simulation/install/ros2_control_demo_example_1:/home/hibiki/Robomech_HR/Eglantyne/simulation/install/gazebo_ros2_control_demos:/home/hibiki/Robomech_HR/Eglantyne/simulation/install/champ_teleop:/home/hibiki/Robomech_HR/Eglantyne/simulation/install/champ_navigation:/home/hibiki/Robomech_HR/Eglantyne/simulation/install/champ_gazebo:/home/hibiki/Robomech_HR/Eglantyne/simulation/install/champ_bringup:/home/hibiki/Robomech_HR/Eglantyne/simulation/install/champ_base:/home/hibiki/Robomech_HR/Eglantyne/simulation/install/champ_msgs:/home/hibiki/Robomech_HR/Eglantyne/simulation/install/champ_description:/home/hibiki/Robomech_HR/Eglantyne/simulation/install/champ_config:/home/hibiki/Robomech_HR/Eglantyne/simulation/install/ros2_control_demo_testing:/opt/ros/humble:/home/hibiki/Robomech_HR/Eglantyne/simulation/install/champ:/home/hibiki/Robomech_HR/Eglantyne/microros/ros2_pub_test/install/vel_pub PYTHONPATH=/home/hibiki/Robomech_HR/Eglantyne/simulation/install/ros2_control_demo_testing/lib/python3.10/site-packages:/home/hibiki/Robomech_HR/Eglantyne/simulation/install/simple_sim/lib/python3.10/site-packages:/home/hibiki/Robomech_HR/Eglantyne/simulation/install/champ_bringup/lib/python3.10/site-packages:/home/hibiki/Robomech_HR/Eglantyne/simulation/install/champ_msgs/lib/python3.10/site-packages:/opt/ros/humble/lib/python3.10/site-packages:/opt/ros/humble/local/lib/python3.10/dist-packages /usr/bin/cmake --install /home/hibiki/Robomech_HR/Eglantyne/simulation/build/ros2_control_demo_example_5
[1.009s] DEBUG:colcon.colcon_core.event_handler.log_command:Invoking command in '/home/hibiki/Robomech_HR/Eglantyne/simulation/build/ros2_control_demo_example_2': AMENT_PREFIX_PATH=/home/hibiki/Robomech_HR/Eglantyne/simulation/install/ros2_control_demo_testing:/home/hibiki/Robomech_HR/Eglantyne/simulation/install/simple_sim:/home/hibiki/Robomech_HR/Eglantyne/simulation/install/ros2_control_demos:/home/hibiki/Robomech_HR/Eglantyne/simulation/install/ros2_control_demo_example_9:/home/hibiki/Robomech_HR/Eglantyne/simulation/install/ros2_control_demo_example_8:/home/hibiki/Robomech_HR/Eglantyne/simulation/install/ros2_control_demo_example_7:/home/hibiki/Robomech_HR/Eglantyne/simulation/install/ros2_control_demo_example_6:/home/hibiki/Robomech_HR/Eglantyne/simulation/install/ros2_control_demo_example_15:/home/hibiki/Robomech_HR/Eglantyne/simulation/install/ros2_control_demo_example_5:/home/hibiki/Robomech_HR/Eglantyne/simulation/install/ros2_control_demo_example_4:/home/hibiki/Robomech_HR/Eglantyne/simulation/install/ros2_control_demo_example_3:/home/hibiki/Robomech_HR/Eglantyne/simulation/install/ros2_control_demo_example_2:/home/hibiki/Robomech_HR/Eglantyne/simulation/install/ros2_control_demo_example_14:/home/hibiki/Robomech_HR/Eglantyne/simulation/install/ros2_control_demo_example_12:/home/hibiki/Robomech_HR/Eglantyne/simulation/install/ros2_control_demo_example_11:/home/hibiki/Robomech_HR/Eglantyne/simulation/install/ros2_control_demo_example_10:/home/hibiki/Robomech_HR/Eglantyne/simulation/install/ros2_control_demo_example_1:/home/hibiki/Robomech_HR/Eglantyne/simulation/install/ros2_control_demo_description:/home/hibiki/Robomech_HR/Eglantyne/simulation/install/gazebo_ros2_control_demos:/home/hibiki/Robomech_HR/Eglantyne/simulation/install/champ_teleop:/home/hibiki/Robomech_HR/Eglantyne/simulation/install/champ_navigation:/home/hibiki/Robomech_HR/Eglantyne/simulation/install/champ_gazebo:/home/hibiki/Robomech_HR/Eglantyne/simulation/install/champ_bringup:/home/hibiki/Robomech_HR/Eglantyne/simulation/install/champ_base:/home/hibiki/Robomech_HR/Eglantyne/simulation/install/champ_msgs:/home/hibiki/Robomech_HR/Eglantyne/simulation/install/champ_description:/home/hibiki/Robomech_HR/Eglantyne/simulation/install/champ_config:/home/hibiki/Robomech_HR/Eglantyne/simulation/install/champ:/home/hibiki/Robomech_HR/Eglantyne/microros/ros2_pub_test/install/vel_pub:/opt/ros/humble CMAKE_PREFIX_PATH=/home/hibiki/Robomech_HR/Eglantyne/simulation/install/ros2_control_demo_description:/home/hibiki/Robomech_HR/Eglantyne/simulation/install/simple_sim:/home/hibiki/Robomech_HR/Eglantyne/simulation/install/ros2_control_demos:/home/hibiki/Robomech_HR/Eglantyne/simulation/install/ros2_control_demo_example_9:/home/hibiki/Robomech_HR/Eglantyne/simulation/install/ros2_control_demo_example_8:/home/hibiki/Robomech_HR/Eglantyne/simulation/install/ros2_control_demo_example_7:/home/hibiki/Robomech_HR/Eglantyne/simulation/install/ros2_control_demo_example_6:/home/hibiki/Robomech_HR/Eglantyne/simulation/install/ros2_control_demo_example_15:/home/hibiki/Robomech_HR/Eglantyne/simulation/install/ros2_control_demo_example_5:/home/hibiki/Robomech_HR/Eglantyne/simulation/install/ros2_control_demo_example_4:/home/hibiki/Robomech_HR/Eglantyne/simulation/install/ros2_control_demo_example_3:/home/hibiki/Robomech_HR/Eglantyne/simulation/install/ros2_control_demo_example_2:/home/hibiki/Robomech_HR/Eglantyne/simulation/install/ros2_control_demo_example_14:/home/hibiki/Robomech_HR/Eglantyne/simulation/install/ros2_control_demo_example_12:/home/hibiki/Robomech_HR/Eglantyne/simulation/install/ros2_control_demo_example_11:/home/hibiki/Robomech_HR/Eglantyne/simulation/install/ros2_control_demo_example_10:/home/hibiki/Robomech_HR/Eglantyne/simulation/install/ros2_control_demo_example_1:/home/hibiki/Robomech_HR/Eglantyne/simulation/install/gazebo_ros2_control_demos:/home/hibiki/Robomech_HR/Eglantyne/simulation/install/champ_teleop:/home/hibiki/Robomech_HR/Eglantyne/simulation/install/champ_navigation:/home/hibiki/Robomech_HR/Eglantyne/simulation/install/champ_gazebo:/home/hibiki/Robomech_HR/Eglantyne/simulation/install/champ_bringup:/home/hibiki/Robomech_HR/Eglantyne/simulation/install/champ_base:/home/hibiki/Robomech_HR/Eglantyne/simulation/install/champ_msgs:/home/hibiki/Robomech_HR/Eglantyne/simulation/install/champ_description:/home/hibiki/Robomech_HR/Eglantyne/simulation/install/champ_config:/home/hibiki/Robomech_HR/Eglantyne/simulation/install/ros2_control_demo_testing:/opt/ros/humble:/home/hibiki/Robomech_HR/Eglantyne/simulation/install/champ:/home/hibiki/Robomech_HR/Eglantyne/microros/ros2_pub_test/install/vel_pub PYTHONPATH=/home/hibiki/Robomech_HR/Eglantyne/simulation/install/ros2_control_demo_testing/lib/python3.10/site-packages:/home/hibiki/Robomech_HR/Eglantyne/simulation/install/simple_sim/lib/python3.10/site-packages:/home/hibiki/Robomech_HR/Eglantyne/simulation/install/champ_bringup/lib/python3.10/site-packages:/home/hibiki/Robomech_HR/Eglantyne/simulation/install/champ_msgs/lib/python3.10/site-packages:/opt/ros/humble/lib/python3.10/site-packages:/opt/ros/humble/local/lib/python3.10/dist-packages /usr/bin/cmake --install /home/hibiki/Robomech_HR/Eglantyne/simulation/build/ros2_control_demo_example_2
[1.012s] Level 1:colcon.colcon_core.shell:create_environment_hook('ros2_control_demo_example_1', 'cmake_prefix_path')
[1.012s] INFO:colcon.colcon_core.shell:Creating environment hook '/home/hibiki/Robomech_HR/Eglantyne/simulation/install/ros2_control_demo_example_1/share/ros2_control_demo_example_1/hook/cmake_prefix_path.ps1'
[1.013s] DEBUG:colcon.colcon_core.event_handler.log_command:Invoking command in '/home/hibiki/Robomech_HR/Eglantyne/simulation/build/ros2_control_demo_example_10': AMENT_PREFIX_PATH=/home/hibiki/Robomech_HR/Eglantyne/simulation/install/ros2_control_demo_testing:/home/hibiki/Robomech_HR/Eglantyne/simulation/install/simple_sim:/home/hibiki/Robomech_HR/Eglantyne/simulation/install/ros2_control_demos:/home/hibiki/Robomech_HR/Eglantyne/simulation/install/ros2_control_demo_example_9:/home/hibiki/Robomech_HR/Eglantyne/simulation/install/ros2_control_demo_example_8:/home/hibiki/Robomech_HR/Eglantyne/simulation/install/ros2_control_demo_example_7:/home/hibiki/Robomech_HR/Eglantyne/simulation/install/ros2_control_demo_example_6:/home/hibiki/Robomech_HR/Eglantyne/simulation/install/ros2_control_demo_example_15:/home/hibiki/Robomech_HR/Eglantyne/simulation/install/ros2_control_demo_example_5:/home/hibiki/Robomech_HR/Eglantyne/simulation/install/ros2_control_demo_example_4:/home/hibiki/Robomech_HR/Eglantyne/simulation/install/ros2_control_demo_example_3:/home/hibiki/Robomech_HR/Eglantyne/simulation/install/ros2_control_demo_example_2:/home/hibiki/Robomech_HR/Eglantyne/simulation/install/ros2_control_demo_example_14:/home/hibiki/Robomech_HR/Eglantyne/simulation/install/ros2_control_demo_example_12:/home/hibiki/Robomech_HR/Eglantyne/simulation/install/ros2_control_demo_example_11:/home/hibiki/Robomech_HR/Eglantyne/simulation/install/ros2_control_demo_example_10:/home/hibiki/Robomech_HR/Eglantyne/simulation/install/ros2_control_demo_example_1:/home/hibiki/Robomech_HR/Eglantyne/simulation/install/ros2_control_demo_description:/home/hibiki/Robomech_HR/Eglantyne/simulation/install/gazebo_ros2_control_demos:/home/hibiki/Robomech_HR/Eglantyne/simulation/install/champ_teleop:/home/hibiki/Robomech_HR/Eglantyne/simulation/install/champ_navigation:/home/hibiki/Robomech_HR/Eglantyne/simulation/install/champ_gazebo:/home/hibiki/Robomech_HR/Eglantyne/simulation/install/champ_bringup:/home/hibiki/Robomech_HR/Eglantyne/simulation/install/champ_base:/home/hibiki/Robomech_HR/Eglantyne/simulation/install/champ_msgs:/home/hibiki/Robomech_HR/Eglantyne/simulation/install/champ_description:/home/hibiki/Robomech_HR/Eglantyne/simulation/install/champ_config:/home/hibiki/Robomech_HR/Eglantyne/simulation/install/champ:/home/hibiki/Robomech_HR/Eglantyne/microros/ros2_pub_test/install/vel_pub:/opt/ros/humble CMAKE_PREFIX_PATH=/home/hibiki/Robomech_HR/Eglantyne/simulation/install/ros2_control_demo_description:/home/hibiki/Robomech_HR/Eglantyne/simulation/install/simple_sim:/home/hibiki/Robomech_HR/Eglantyne/simulation/install/ros2_control_demos:/home/hibiki/Robomech_HR/Eglantyne/simulation/install/ros2_control_demo_example_9:/home/hibiki/Robomech_HR/Eglantyne/simulation/install/ros2_control_demo_example_8:/home/hibiki/Robomech_HR/Eglantyne/simulation/install/ros2_control_demo_example_7:/home/hibiki/Robomech_HR/Eglantyne/simulation/install/ros2_control_demo_example_6:/home/hibiki/Robomech_HR/Eglantyne/simulation/install/ros2_control_demo_example_15:/home/hibiki/Robomech_HR/Eglantyne/simulation/install/ros2_control_demo_example_5:/home/hibiki/Robomech_HR/Eglantyne/simulation/install/ros2_control_demo_example_4:/home/hibiki/Robomech_HR/Eglantyne/simulation/install/ros2_control_demo_example_3:/home/hibiki/Robomech_HR/Eglantyne/simulation/install/ros2_control_demo_example_2:/home/hibiki/Robomech_HR/Eglantyne/simulation/install/ros2_control_demo_example_14:/home/hibiki/Robomech_HR/Eglantyne/simulation/install/ros2_control_demo_example_12:/home/hibiki/Robomech_HR/Eglantyne/simulation/install/ros2_control_demo_example_11:/home/hibiki/Robomech_HR/Eglantyne/simulation/install/ros2_control_demo_example_10:/home/hibiki/Robomech_HR/Eglantyne/simulation/install/ros2_control_demo_example_1:/home/hibiki/Robomech_HR/Eglantyne/simulation/install/gazebo_ros2_control_demos:/home/hibiki/Robomech_HR/Eglantyne/simulation/install/champ_teleop:/home/hibiki/Robomech_HR/Eglantyne/simulation/install/champ_navigation:/home/hibiki/Robomech_HR/Eglantyne/simulation/install/champ_gazebo:/home/hibiki/Robomech_HR/Eglantyne/simulation/install/champ_bringup:/home/hibiki/Robomech_HR/Eglantyne/simulation/install/champ_base:/home/hibiki/Robomech_HR/Eglantyne/simulation/install/champ_msgs:/home/hibiki/Robomech_HR/Eglantyne/simulation/install/champ_description:/home/hibiki/Robomech_HR/Eglantyne/simulation/install/champ_config:/home/hibiki/Robomech_HR/Eglantyne/simulation/install/ros2_control_demo_testing:/opt/ros/humble:/home/hibiki/Robomech_HR/Eglantyne/simulation/install/champ:/home/hibiki/Robomech_HR/Eglantyne/microros/ros2_pub_test/install/vel_pub PYTHONPATH=/home/hibiki/Robomech_HR/Eglantyne/simulation/install/ros2_control_demo_testing/lib/python3.10/site-packages:/home/hibiki/Robomech_HR/Eglantyne/simulation/install/simple_sim/lib/python3.10/site-packages:/home/hibiki/Robomech_HR/Eglantyne/simulation/install/champ_bringup/lib/python3.10/site-packages:/home/hibiki/Robomech_HR/Eglantyne/simulation/install/champ_msgs/lib/python3.10/site-packages:/opt/ros/humble/lib/python3.10/site-packages:/opt/ros/humble/local/lib/python3.10/dist-packages /usr/bin/cmake --install /home/hibiki/Robomech_HR/Eglantyne/simulation/build/ros2_control_demo_example_10
[1.014s] DEBUG:colcon.colcon_core.event_handler.log_command:Invoked command in '/home/hibiki/Robomech_HR/Eglantyne/simulation/build/ros2_control_demo_example_1' returned '0': AMENT_PREFIX_PATH=/home/hibiki/Robomech_HR/Eglantyne/simulation/install/ros2_control_demo_testing:/home/hibiki/Robomech_HR/Eglantyne/simulation/install/simple_sim:/home/hibiki/Robomech_HR/Eglantyne/simulation/install/ros2_control_demos:/home/hibiki/Robomech_HR/Eglantyne/simulation/install/ros2_control_demo_example_9:/home/hibiki/Robomech_HR/Eglantyne/simulation/install/ros2_control_demo_example_8:/home/hibiki/Robomech_HR/Eglantyne/simulation/install/ros2_control_demo_example_7:/home/hibiki/Robomech_HR/Eglantyne/simulation/install/ros2_control_demo_example_6:/home/hibiki/Robomech_HR/Eglantyne/simulation/install/ros2_control_demo_example_15:/home/hibiki/Robomech_HR/Eglantyne/simulation/install/ros2_control_demo_example_5:/home/hibiki/Robomech_HR/Eglantyne/simulation/install/ros2_control_demo_example_4:/home/hibiki/Robomech_HR/Eglantyne/simulation/install/ros2_control_demo_example_3:/home/hibiki/Robomech_HR/Eglantyne/simulation/install/ros2_control_demo_example_2:/home/hibiki/Robomech_HR/Eglantyne/simulation/install/ros2_control_demo_example_14:/home/hibiki/Robomech_HR/Eglantyne/simulation/install/ros2_control_demo_example_12:/home/hibiki/Robomech_HR/Eglantyne/simulation/install/ros2_control_demo_example_11:/home/hibiki/Robomech_HR/Eglantyne/simulation/install/ros2_control_demo_example_10:/home/hibiki/Robomech_HR/Eglantyne/simulation/install/ros2_control_demo_example_1:/home/hibiki/Robomech_HR/Eglantyne/simulation/install/ros2_control_demo_description:/home/hibiki/Robomech_HR/Eglantyne/simulation/install/gazebo_ros2_control_demos:/home/hibiki/Robomech_HR/Eglantyne/simulation/install/champ_teleop:/home/hibiki/Robomech_HR/Eglantyne/simulation/install/champ_navigation:/home/hibiki/Robomech_HR/Eglantyne/simulation/install/champ_gazebo:/home/hibiki/Robomech_HR/Eglantyne/simulation/install/champ_bringup:/home/hibiki/Robomech_HR/Eglantyne/simulation/install/champ_base:/home/hibiki/Robomech_HR/Eglantyne/simulation/install/champ_msgs:/home/hibiki/Robomech_HR/Eglantyne/simulation/install/champ_description:/home/hibiki/Robomech_HR/Eglantyne/simulation/install/champ_config:/home/hibiki/Robomech_HR/Eglantyne/simulation/install/champ:/home/hibiki/Robomech_HR/Eglantyne/microros/ros2_pub_test/install/vel_pub:/opt/ros/humble CMAKE_PREFIX_PATH=/home/hibiki/Robomech_HR/Eglantyne/simulation/install/ros2_control_demo_description:/home/hibiki/Robomech_HR/Eglantyne/simulation/install/simple_sim:/home/hibiki/Robomech_HR/Eglantyne/simulation/install/ros2_control_demos:/home/hibiki/Robomech_HR/Eglantyne/simulation/install/ros2_control_demo_example_9:/home/hibiki/Robomech_HR/Eglantyne/simulation/install/ros2_control_demo_example_8:/home/hibiki/Robomech_HR/Eglantyne/simulation/install/ros2_control_demo_example_7:/home/hibiki/Robomech_HR/Eglantyne/simulation/install/ros2_control_demo_example_6:/home/hibiki/Robomech_HR/Eglantyne/simulation/install/ros2_control_demo_example_15:/home/hibiki/Robomech_HR/Eglantyne/simulation/install/ros2_control_demo_example_5:/home/hibiki/Robomech_HR/Eglantyne/simulation/install/ros2_control_demo_example_4:/home/hibiki/Robomech_HR/Eglantyne/simulation/install/ros2_control_demo_example_3:/home/hibiki/Robomech_HR/Eglantyne/simulation/install/ros2_control_demo_example_2:/home/hibiki/Robomech_HR/Eglantyne/simulation/install/ros2_control_demo_example_14:/home/hibiki/Robomech_HR/Eglantyne/simulation/install/ros2_control_demo_example_12:/home/hibiki/Robomech_HR/Eglantyne/simulation/install/ros2_control_demo_example_11:/home/hibiki/Robomech_HR/Eglantyne/simulation/install/ros2_control_demo_example_10:/home/hibiki/Robomech_HR/Eglantyne/simulation/install/ros2_control_demo_example_1:/home/hibiki/Robomech_HR/Eglantyne/simulation/install/gazebo_ros2_control_demos:/home/hibiki/Robomech_HR/Eglantyne/simulation/install/champ_teleop:/home/hibiki/Robomech_HR/Eglantyne/simulation/install/champ_navigation:/home/hibiki/Robomech_HR/Eglantyne/simulation/install/champ_gazebo:/home/hibiki/Robomech_HR/Eglantyne/simulation/install/champ_bringup:/home/hibiki/Robomech_HR/Eglantyne/simulation/install/champ_base:/home/hibiki/Robomech_HR/Eglantyne/simulation/install/champ_msgs:/home/hibiki/Robomech_HR/Eglantyne/simulation/install/champ_description:/home/hibiki/Robomech_HR/Eglantyne/simulation/install/champ_config:/home/hibiki/Robomech_HR/Eglantyne/simulation/install/ros2_control_demo_testing:/opt/ros/humble:/home/hibiki/Robomech_HR/Eglantyne/simulation/install/champ:/home/hibiki/Robomech_HR/Eglantyne/microros/ros2_pub_test/install/vel_pub PYTHONPATH=/home/hibiki/Robomech_HR/Eglantyne/simulation/install/ros2_control_demo_testing/lib/python3.10/site-packages:/home/hibiki/Robomech_HR/Eglantyne/simulation/install/simple_sim/lib/python3.10/site-packages:/home/hibiki/Robomech_HR/Eglantyne/simulation/install/champ_bringup/lib/python3.10/site-packages:/home/hibiki/Robomech_HR/Eglantyne/simulation/install/champ_msgs/lib/python3.10/site-packages:/opt/ros/humble/lib/python3.10/site-packages:/opt/ros/humble/local/lib/python3.10/dist-packages /usr/bin/cmake --install /home/hibiki/Robomech_HR/Eglantyne/simulation/build/ros2_control_demo_example_1
[1.014s] INFO:colcon.colcon_core.shell:Creating environment descriptor '/home/hibiki/Robomech_HR/Eglantyne/simulation/install/ros2_control_demo_example_1/share/ros2_control_demo_example_1/hook/cmake_prefix_path.dsv'
[1.017s] INFO:colcon.colcon_core.shell:Creating environment hook '/home/hibiki/Robomech_HR/Eglantyne/simulation/install/ros2_control_demo_example_1/share/ros2_control_demo_example_1/hook/cmake_prefix_path.sh'
[1.018s] Level 1:colcon.colcon_core.environment:checking '/home/hibiki/Robomech_HR/Eglantyne/simulation/install/ros2_control_demo_example_1/lib'
[1.018s] Level 1:colcon.colcon_core.shell:create_environment_hook('ros2_control_demo_example_1', 'ld_library_path_lib')
[1.018s] INFO:colcon.colcon_core.shell:Creating environment hook '/home/hibiki/Robomech_HR/Eglantyne/simulation/install/ros2_control_demo_example_1/share/ros2_control_demo_example_1/hook/ld_library_path_lib.ps1'
[1.018s] INFO:colcon.colcon_core.shell:Creating environment descriptor '/home/hibiki/Robomech_HR/Eglantyne/simulation/install/ros2_control_demo_example_1/share/ros2_control_demo_example_1/hook/ld_library_path_lib.dsv'
[1.019s] INFO:colcon.colcon_core.shell:Creating environment hook '/home/hibiki/Robomech_HR/Eglantyne/simulation/install/ros2_control_demo_example_1/share/ros2_control_demo_example_1/hook/ld_library_path_lib.sh'
[1.019s] Level 1:colcon.colcon_core.environment:checking '/home/hibiki/Robomech_HR/Eglantyne/simulation/install/ros2_control_demo_example_1/bin'
[1.019s] Level 1:colcon.colcon_core.environment:checking '/home/hibiki/Robomech_HR/Eglantyne/simulation/install/ros2_control_demo_example_1/lib/pkgconfig/ros2_control_demo_example_1.pc'
[1.019s] Level 1:colcon.colcon_core.environment:checking '/home/hibiki/Robomech_HR/Eglantyne/simulation/install/ros2_control_demo_example_1/lib/python3.10/site-packages'
[1.019s] Level 1:colcon.colcon_core.environment:checking '/home/hibiki/Robomech_HR/Eglantyne/simulation/install/ros2_control_demo_example_1/bin'
[1.020s] INFO:colcon.colcon_core.shell:Creating package script '/home/hibiki/Robomech_HR/Eglantyne/simulation/install/ros2_control_demo_example_1/share/ros2_control_demo_example_1/package.ps1'
[1.020s] INFO:colcon.colcon_core.shell:Creating package descriptor '/home/hibiki/Robomech_HR/Eglantyne/simulation/install/ros2_control_demo_example_1/share/ros2_control_demo_example_1/package.dsv'
[1.021s] INFO:colcon.colcon_core.shell:Creating package script '/home/hibiki/Robomech_HR/Eglantyne/simulation/install/ros2_control_demo_example_1/share/ros2_control_demo_example_1/package.sh'
[1.021s] INFO:colcon.colcon_core.shell:Creating package script '/home/hibiki/Robomech_HR/Eglantyne/simulation/install/ros2_control_demo_example_1/share/ros2_control_demo_example_1/package.bash'
[1.021s] INFO:colcon.colcon_core.shell:Creating package script '/home/hibiki/Robomech_HR/Eglantyne/simulation/install/ros2_control_demo_example_1/share/ros2_control_demo_example_1/package.zsh'
[1.022s] Level 1:colcon.colcon_core.environment:create_file_with_runtime_dependencies(/home/hibiki/Robomech_HR/Eglantyne/simulation/install/ros2_control_demo_example_1/share/colcon-core/packages/ros2_control_demo_example_1)
[1.023s] DEBUG:colcon.colcon_core.event_handler.log_command:Invoked command in '/home/hibiki/Robomech_HR/Eglantyne/simulation/build/ros2_control_demo_example_9' returned '0': AMENT_PREFIX_PATH=/home/hibiki/Robomech_HR/Eglantyne/simulation/install/ros2_control_demo_testing:/home/hibiki/Robomech_HR/Eglantyne/simulation/install/simple_sim:/home/hibiki/Robomech_HR/Eglantyne/simulation/install/ros2_control_demos:/home/hibiki/Robomech_HR/Eglantyne/simulation/install/ros2_control_demo_example_9:/home/hibiki/Robomech_HR/Eglantyne/simulation/install/ros2_control_demo_example_8:/home/hibiki/Robomech_HR/Eglantyne/simulation/install/ros2_control_demo_example_7:/home/hibiki/Robomech_HR/Eglantyne/simulation/install/ros2_control_demo_example_6:/home/hibiki/Robomech_HR/Eglantyne/simulation/install/ros2_control_demo_example_15:/home/hibiki/Robomech_HR/Eglantyne/simulation/install/ros2_control_demo_example_5:/home/hibiki/Robomech_HR/Eglantyne/simulation/install/ros2_control_demo_example_4:/home/hibiki/Robomech_HR/Eglantyne/simulation/install/ros2_control_demo_example_3:/home/hibiki/Robomech_HR/Eglantyne/simulation/install/ros2_control_demo_example_2:/home/hibiki/Robomech_HR/Eglantyne/simulation/install/ros2_control_demo_example_14:/home/hibiki/Robomech_HR/Eglantyne/simulation/install/ros2_control_demo_example_12:/home/hibiki/Robomech_HR/Eglantyne/simulation/install/ros2_control_demo_example_11:/home/hibiki/Robomech_HR/Eglantyne/simulation/install/ros2_control_demo_example_10:/home/hibiki/Robomech_HR/Eglantyne/simulation/install/ros2_control_demo_example_1:/home/hibiki/Robomech_HR/Eglantyne/simulation/install/ros2_control_demo_description:/home/hibiki/Robomech_HR/Eglantyne/simulation/install/gazebo_ros2_control_demos:/home/hibiki/Robomech_HR/Eglantyne/simulation/install/champ_teleop:/home/hibiki/Robomech_HR/Eglantyne/simulation/install/champ_navigation:/home/hibiki/Robomech_HR/Eglantyne/simulation/install/champ_gazebo:/home/hibiki/Robomech_HR/Eglantyne/simulation/install/champ_bringup:/home/hibiki/Robomech_HR/Eglantyne/simulation/install/champ_base:/home/hibiki/Robomech_HR/Eglantyne/simulation/install/champ_msgs:/home/hibiki/Robomech_HR/Eglantyne/simulation/install/champ_description:/home/hibiki/Robomech_HR/Eglantyne/simulation/install/champ_config:/home/hibiki/Robomech_HR/Eglantyne/simulation/install/champ:/home/hibiki/Robomech_HR/Eglantyne/microros/ros2_pub_test/install/vel_pub:/opt/ros/humble CMAKE_PREFIX_PATH=/home/hibiki/Robomech_HR/Eglantyne/simulation/install/ros2_control_demo_description:/home/hibiki/Robomech_HR/Eglantyne/simulation/install/simple_sim:/home/hibiki/Robomech_HR/Eglantyne/simulation/install/ros2_control_demos:/home/hibiki/Robomech_HR/Eglantyne/simulation/install/ros2_control_demo_example_9:/home/hibiki/Robomech_HR/Eglantyne/simulation/install/ros2_control_demo_example_8:/home/hibiki/Robomech_HR/Eglantyne/simulation/install/ros2_control_demo_example_7:/home/hibiki/Robomech_HR/Eglantyne/simulation/install/ros2_control_demo_example_6:/home/hibiki/Robomech_HR/Eglantyne/simulation/install/ros2_control_demo_example_15:/home/hibiki/Robomech_HR/Eglantyne/simulation/install/ros2_control_demo_example_5:/home/hibiki/Robomech_HR/Eglantyne/simulation/install/ros2_control_demo_example_4:/home/hibiki/Robomech_HR/Eglantyne/simulation/install/ros2_control_demo_example_3:/home/hibiki/Robomech_HR/Eglantyne/simulation/install/ros2_control_demo_example_2:/home/hibiki/Robomech_HR/Eglantyne/simulation/install/ros2_control_demo_example_14:/home/hibiki/Robomech_HR/Eglantyne/simulation/install/ros2_control_demo_example_12:/home/hibiki/Robomech_HR/Eglantyne/simulation/install/ros2_control_demo_example_11:/home/hibiki/Robomech_HR/Eglantyne/simulation/install/ros2_control_demo_example_10:/home/hibiki/Robomech_HR/Eglantyne/simulation/install/ros2_control_demo_example_1:/home/hibiki/Robomech_HR/Eglantyne/simulation/install/gazebo_ros2_control_demos:/home/hibiki/Robomech_HR/Eglantyne/simulation/install/champ_teleop:/home/hibiki/Robomech_HR/Eglantyne/simulation/install/champ_navigation:/home/hibiki/Robomech_HR/Eglantyne/simulation/install/champ_gazebo:/home/hibiki/Robomech_HR/Eglantyne/simulation/install/champ_bringup:/home/hibiki/Robomech_HR/Eglantyne/simulation/install/champ_base:/home/hibiki/Robomech_HR/Eglantyne/simulation/install/champ_msgs:/home/hibiki/Robomech_HR/Eglantyne/simulation/install/champ_description:/home/hibiki/Robomech_HR/Eglantyne/simulation/install/champ_config:/home/hibiki/Robomech_HR/Eglantyne/simulation/install/ros2_control_demo_testing:/opt/ros/humble:/home/hibiki/Robomech_HR/Eglantyne/simulation/install/champ:/home/hibiki/Robomech_HR/Eglantyne/microros/ros2_pub_test/install/vel_pub PYTHONPATH=/home/hibiki/Robomech_HR/Eglantyne/simulation/install/ros2_control_demo_testing/lib/python3.10/site-packages:/home/hibiki/Robomech_HR/Eglantyne/simulation/install/simple_sim/lib/python3.10/site-packages:/home/hibiki/Robomech_HR/Eglantyne/simulation/install/champ_bringup/lib/python3.10/site-packages:/home/hibiki/Robomech_HR/Eglantyne/simulation/install/champ_msgs/lib/python3.10/site-packages:/opt/ros/humble/lib/python3.10/site-packages:/opt/ros/humble/local/lib/python3.10/dist-packages /usr/bin/cmake --build /home/hibiki/Robomech_HR/Eglantyne/simulation/build/ros2_control_demo_example_9 -- -j16 -l16
[1.029s] Level 1:colcon.colcon_core.environment:create_environment_scripts_only(ros2_control_demo_example_11)
[1.029s] Level 1:colcon.colcon_core.environment:checking '/home/hibiki/Robomech_HR/Eglantyne/simulation/install/ros2_control_demo_example_11' for CMake module files
[1.031s] DEBUG:colcon.colcon_core.event_handler.log_command:Invoking command in '/home/hibiki/Robomech_HR/Eglantyne/simulation/build/ros2_control_demo_example_14': AMENT_PREFIX_PATH=/home/hibiki/Robomech_HR/Eglantyne/simulation/install/ros2_control_demo_testing:/home/hibiki/Robomech_HR/Eglantyne/simulation/install/simple_sim:/home/hibiki/Robomech_HR/Eglantyne/simulation/install/ros2_control_demos:/home/hibiki/Robomech_HR/Eglantyne/simulation/install/ros2_control_demo_example_9:/home/hibiki/Robomech_HR/Eglantyne/simulation/install/ros2_control_demo_example_8:/home/hibiki/Robomech_HR/Eglantyne/simulation/install/ros2_control_demo_example_7:/home/hibiki/Robomech_HR/Eglantyne/simulation/install/ros2_control_demo_example_6:/home/hibiki/Robomech_HR/Eglantyne/simulation/install/ros2_control_demo_example_15:/home/hibiki/Robomech_HR/Eglantyne/simulation/install/ros2_control_demo_example_5:/home/hibiki/Robomech_HR/Eglantyne/simulation/install/ros2_control_demo_example_4:/home/hibiki/Robomech_HR/Eglantyne/simulation/install/ros2_control_demo_example_3:/home/hibiki/Robomech_HR/Eglantyne/simulation/install/ros2_control_demo_example_2:/home/hibiki/Robomech_HR/Eglantyne/simulation/install/ros2_control_demo_example_14:/home/hibiki/Robomech_HR/Eglantyne/simulation/install/ros2_control_demo_example_12:/home/hibiki/Robomech_HR/Eglantyne/simulation/install/ros2_control_demo_example_11:/home/hibiki/Robomech_HR/Eglantyne/simulation/install/ros2_control_demo_example_10:/home/hibiki/Robomech_HR/Eglantyne/simulation/install/ros2_control_demo_example_1:/home/hibiki/Robomech_HR/Eglantyne/simulation/install/ros2_control_demo_description:/home/hibiki/Robomech_HR/Eglantyne/simulation/install/gazebo_ros2_control_demos:/home/hibiki/Robomech_HR/Eglantyne/simulation/install/champ_teleop:/home/hibiki/Robomech_HR/Eglantyne/simulation/install/champ_navigation:/home/hibiki/Robomech_HR/Eglantyne/simulation/install/champ_gazebo:/home/hibiki/Robomech_HR/Eglantyne/simulation/install/champ_bringup:/home/hibiki/Robomech_HR/Eglantyne/simulation/install/champ_base:/home/hibiki/Robomech_HR/Eglantyne/simulation/install/champ_msgs:/home/hibiki/Robomech_HR/Eglantyne/simulation/install/champ_description:/home/hibiki/Robomech_HR/Eglantyne/simulation/install/champ_config:/home/hibiki/Robomech_HR/Eglantyne/simulation/install/champ:/home/hibiki/Robomech_HR/Eglantyne/microros/ros2_pub_test/install/vel_pub:/opt/ros/humble CMAKE_PREFIX_PATH=/home/hibiki/Robomech_HR/Eglantyne/simulation/install/ros2_control_demo_description:/home/hibiki/Robomech_HR/Eglantyne/simulation/install/simple_sim:/home/hibiki/Robomech_HR/Eglantyne/simulation/install/ros2_control_demos:/home/hibiki/Robomech_HR/Eglantyne/simulation/install/ros2_control_demo_example_9:/home/hibiki/Robomech_HR/Eglantyne/simulation/install/ros2_control_demo_example_8:/home/hibiki/Robomech_HR/Eglantyne/simulation/install/ros2_control_demo_example_7:/home/hibiki/Robomech_HR/Eglantyne/simulation/install/ros2_control_demo_example_6:/home/hibiki/Robomech_HR/Eglantyne/simulation/install/ros2_control_demo_example_15:/home/hibiki/Robomech_HR/Eglantyne/simulation/install/ros2_control_demo_example_5:/home/hibiki/Robomech_HR/Eglantyne/simulation/install/ros2_control_demo_example_4:/home/hibiki/Robomech_HR/Eglantyne/simulation/install/ros2_control_demo_example_3:/home/hibiki/Robomech_HR/Eglantyne/simulation/install/ros2_control_demo_example_2:/home/hibiki/Robomech_HR/Eglantyne/simulation/install/ros2_control_demo_example_14:/home/hibiki/Robomech_HR/Eglantyne/simulation/install/ros2_control_demo_example_12:/home/hibiki/Robomech_HR/Eglantyne/simulation/install/ros2_control_demo_example_11:/home/hibiki/Robomech_HR/Eglantyne/simulation/install/ros2_control_demo_example_10:/home/hibiki/Robomech_HR/Eglantyne/simulation/install/ros2_control_demo_example_1:/home/hibiki/Robomech_HR/Eglantyne/simulation/install/gazebo_ros2_control_demos:/home/hibiki/Robomech_HR/Eglantyne/simulation/install/champ_teleop:/home/hibiki/Robomech_HR/Eglantyne/simulation/install/champ_navigation:/home/hibiki/Robomech_HR/Eglantyne/simulation/install/champ_gazebo:/home/hibiki/Robomech_HR/Eglantyne/simulation/install/champ_bringup:/home/hibiki/Robomech_HR/Eglantyne/simulation/install/champ_base:/home/hibiki/Robomech_HR/Eglantyne/simulation/install/champ_msgs:/home/hibiki/Robomech_HR/Eglantyne/simulation/install/champ_description:/home/hibiki/Robomech_HR/Eglantyne/simulation/install/champ_config:/home/hibiki/Robomech_HR/Eglantyne/simulation/install/ros2_control_demo_testing:/opt/ros/humble:/home/hibiki/Robomech_HR/Eglantyne/simulation/install/champ:/home/hibiki/Robomech_HR/Eglantyne/microros/ros2_pub_test/install/vel_pub PYTHONPATH=/home/hibiki/Robomech_HR/Eglantyne/simulation/install/ros2_control_demo_testing/lib/python3.10/site-packages:/home/hibiki/Robomech_HR/Eglantyne/simulation/install/simple_sim/lib/python3.10/site-packages:/home/hibiki/Robomech_HR/Eglantyne/simulation/install/champ_bringup/lib/python3.10/site-packages:/home/hibiki/Robomech_HR/Eglantyne/simulation/install/champ_msgs/lib/python3.10/site-packages:/opt/ros/humble/lib/python3.10/site-packages:/opt/ros/humble/local/lib/python3.10/dist-packages /usr/bin/cmake --install /home/hibiki/Robomech_HR/Eglantyne/simulation/build/ros2_control_demo_example_14
[1.033s] Level 1:colcon.colcon_core.environment:checking '/home/hibiki/Robomech_HR/Eglantyne/simulation/install/ros2_control_demo_example_11' for CMake config files
[1.034s] DEBUG:colcon.colcon_core.event_handler.log_command:Invoked command in '/home/hibiki/Robomech_HR/Eglantyne/simulation/build/ros2_control_demo_example_11' returned '0': AMENT_PREFIX_PATH=/home/hibiki/Robomech_HR/Eglantyne/simulation/install/ros2_control_demo_testing:/home/hibiki/Robomech_HR/Eglantyne/simulation/install/simple_sim:/home/hibiki/Robomech_HR/Eglantyne/simulation/install/ros2_control_demos:/home/hibiki/Robomech_HR/Eglantyne/simulation/install/ros2_control_demo_example_9:/home/hibiki/Robomech_HR/Eglantyne/simulation/install/ros2_control_demo_example_8:/home/hibiki/Robomech_HR/Eglantyne/simulation/install/ros2_control_demo_example_7:/home/hibiki/Robomech_HR/Eglantyne/simulation/install/ros2_control_demo_example_6:/home/hibiki/Robomech_HR/Eglantyne/simulation/install/ros2_control_demo_example_15:/home/hibiki/Robomech_HR/Eglantyne/simulation/install/ros2_control_demo_example_5:/home/hibiki/Robomech_HR/Eglantyne/simulation/install/ros2_control_demo_example_4:/home/hibiki/Robomech_HR/Eglantyne/simulation/install/ros2_control_demo_example_3:/home/hibiki/Robomech_HR/Eglantyne/simulation/install/ros2_control_demo_example_2:/home/hibiki/Robomech_HR/Eglantyne/simulation/install/ros2_control_demo_example_14:/home/hibiki/Robomech_HR/Eglantyne/simulation/install/ros2_control_demo_example_12:/home/hibiki/Robomech_HR/Eglantyne/simulation/install/ros2_control_demo_example_11:/home/hibiki/Robomech_HR/Eglantyne/simulation/install/ros2_control_demo_example_10:/home/hibiki/Robomech_HR/Eglantyne/simulation/install/ros2_control_demo_example_1:/home/hibiki/Robomech_HR/Eglantyne/simulation/install/ros2_control_demo_description:/home/hibiki/Robomech_HR/Eglantyne/simulation/install/gazebo_ros2_control_demos:/home/hibiki/Robomech_HR/Eglantyne/simulation/install/champ_teleop:/home/hibiki/Robomech_HR/Eglantyne/simulation/install/champ_navigation:/home/hibiki/Robomech_HR/Eglantyne/simulation/install/champ_gazebo:/home/hibiki/Robomech_HR/Eglantyne/simulation/install/champ_bringup:/home/hibiki/Robomech_HR/Eglantyne/simulation/install/champ_base:/home/hibiki/Robomech_HR/Eglantyne/simulation/install/champ_msgs:/home/hibiki/Robomech_HR/Eglantyne/simulation/install/champ_description:/home/hibiki/Robomech_HR/Eglantyne/simulation/install/champ_config:/home/hibiki/Robomech_HR/Eglantyne/simulation/install/champ:/home/hibiki/Robomech_HR/Eglantyne/microros/ros2_pub_test/install/vel_pub:/opt/ros/humble CMAKE_PREFIX_PATH=/home/hibiki/Robomech_HR/Eglantyne/simulation/install/ros2_control_demo_description:/home/hibiki/Robomech_HR/Eglantyne/simulation/install/simple_sim:/home/hibiki/Robomech_HR/Eglantyne/simulation/install/ros2_control_demos:/home/hibiki/Robomech_HR/Eglantyne/simulation/install/ros2_control_demo_example_9:/home/hibiki/Robomech_HR/Eglantyne/simulation/install/ros2_control_demo_example_8:/home/hibiki/Robomech_HR/Eglantyne/simulation/install/ros2_control_demo_example_7:/home/hibiki/Robomech_HR/Eglantyne/simulation/install/ros2_control_demo_example_6:/home/hibiki/Robomech_HR/Eglantyne/simulation/install/ros2_control_demo_example_15:/home/hibiki/Robomech_HR/Eglantyne/simulation/install/ros2_control_demo_example_5:/home/hibiki/Robomech_HR/Eglantyne/simulation/install/ros2_control_demo_example_4:/home/hibiki/Robomech_HR/Eglantyne/simulation/install/ros2_control_demo_example_3:/home/hibiki/Robomech_HR/Eglantyne/simulation/install/ros2_control_demo_example_2:/home/hibiki/Robomech_HR/Eglantyne/simulation/install/ros2_control_demo_example_14:/home/hibiki/Robomech_HR/Eglantyne/simulation/install/ros2_control_demo_example_12:/home/hibiki/Robomech_HR/Eglantyne/simulation/install/ros2_control_demo_example_11:/home/hibiki/Robomech_HR/Eglantyne/simulation/install/ros2_control_demo_example_10:/home/hibiki/Robomech_HR/Eglantyne/simulation/install/ros2_control_demo_example_1:/home/hibiki/Robomech_HR/Eglantyne/simulation/install/gazebo_ros2_control_demos:/home/hibiki/Robomech_HR/Eglantyne/simulation/install/champ_teleop:/home/hibiki/Robomech_HR/Eglantyne/simulation/install/champ_navigation:/home/hibiki/Robomech_HR/Eglantyne/simulation/install/champ_gazebo:/home/hibiki/Robomech_HR/Eglantyne/simulation/install/champ_bringup:/home/hibiki/Robomech_HR/Eglantyne/simulation/install/champ_base:/home/hibiki/Robomech_HR/Eglantyne/simulation/install/champ_msgs:/home/hibiki/Robomech_HR/Eglantyne/simulation/install/champ_description:/home/hibiki/Robomech_HR/Eglantyne/simulation/install/champ_config:/home/hibiki/Robomech_HR/Eglantyne/simulation/install/ros2_control_demo_testing:/opt/ros/humble:/home/hibiki/Robomech_HR/Eglantyne/simulation/install/champ:/home/hibiki/Robomech_HR/Eglantyne/microros/ros2_pub_test/install/vel_pub PYTHONPATH=/home/hibiki/Robomech_HR/Eglantyne/simulation/install/ros2_control_demo_testing/lib/python3.10/site-packages:/home/hibiki/Robomech_HR/Eglantyne/simulation/install/simple_sim/lib/python3.10/site-packages:/home/hibiki/Robomech_HR/Eglantyne/simulation/install/champ_bringup/lib/python3.10/site-packages:/home/hibiki/Robomech_HR/Eglantyne/simulation/install/champ_msgs/lib/python3.10/site-packages:/opt/ros/humble/lib/python3.10/site-packages:/opt/ros/humble/local/lib/python3.10/dist-packages /usr/bin/cmake --install /home/hibiki/Robomech_HR/Eglantyne/simulation/build/ros2_control_demo_example_11
[1.035s] Level 1:colcon.colcon_core.shell:create_environment_hook('ros2_control_demo_example_11', 'cmake_prefix_path')
[1.035s] INFO:colcon.colcon_core.shell:Creating environment hook '/home/hibiki/Robomech_HR/Eglantyne/simulation/install/ros2_control_demo_example_11/share/ros2_control_demo_example_11/hook/cmake_prefix_path.ps1'
[1.035s] INFO:colcon.colcon_core.shell:Creating environment descriptor '/home/hibiki/Robomech_HR/Eglantyne/simulation/install/ros2_control_demo_example_11/share/ros2_control_demo_example_11/hook/cmake_prefix_path.dsv'
[1.036s] INFO:colcon.colcon_core.shell:Creating environment hook '/home/hibiki/Robomech_HR/Eglantyne/simulation/install/ros2_control_demo_example_11/share/ros2_control_demo_example_11/hook/cmake_prefix_path.sh'
[1.036s] Level 1:colcon.colcon_core.environment:checking '/home/hibiki/Robomech_HR/Eglantyne/simulation/install/ros2_control_demo_example_11/lib'
[1.036s] Level 1:colcon.colcon_core.shell:create_environment_hook('ros2_control_demo_example_11', 'ld_library_path_lib')
[1.036s] INFO:colcon.colcon_core.shell:Creating environment hook '/home/hibiki/Robomech_HR/Eglantyne/simulation/install/ros2_control_demo_example_11/share/ros2_control_demo_example_11/hook/ld_library_path_lib.ps1'
[1.037s] INFO:colcon.colcon_core.shell:Creating environment descriptor '/home/hibiki/Robomech_HR/Eglantyne/simulation/install/ros2_control_demo_example_11/share/ros2_control_demo_example_11/hook/ld_library_path_lib.dsv'
[1.037s] INFO:colcon.colcon_core.shell:Creating environment hook '/home/hibiki/Robomech_HR/Eglantyne/simulation/install/ros2_control_demo_example_11/share/ros2_control_demo_example_11/hook/ld_library_path_lib.sh'
[1.037s] Level 1:colcon.colcon_core.environment:checking '/home/hibiki/Robomech_HR/Eglantyne/simulation/install/ros2_control_demo_example_11/bin'
[1.037s] Level 1:colcon.colcon_core.environment:checking '/home/hibiki/Robomech_HR/Eglantyne/simulation/install/ros2_control_demo_example_11/lib/pkgconfig/ros2_control_demo_example_11.pc'
[1.037s] Level 1:colcon.colcon_core.environment:checking '/home/hibiki/Robomech_HR/Eglantyne/simulation/install/ros2_control_demo_example_11/lib/python3.10/site-packages'
[1.037s] Level 1:colcon.colcon_core.environment:checking '/home/hibiki/Robomech_HR/Eglantyne/simulation/install/ros2_control_demo_example_11/bin'
[1.038s] INFO:colcon.colcon_core.shell:Creating package script '/home/hibiki/Robomech_HR/Eglantyne/simulation/install/ros2_control_demo_example_11/share/ros2_control_demo_example_11/package.ps1'
[1.038s] INFO:colcon.colcon_core.shell:Creating package descriptor '/home/hibiki/Robomech_HR/Eglantyne/simulation/install/ros2_control_demo_example_11/share/ros2_control_demo_example_11/package.dsv'
[1.038s] INFO:colcon.colcon_core.shell:Creating package script '/home/hibiki/Robomech_HR/Eglantyne/simulation/install/ros2_control_demo_example_11/share/ros2_control_demo_example_11/package.sh'
[1.038s] INFO:colcon.colcon_core.shell:Creating package script '/home/hibiki/Robomech_HR/Eglantyne/simulation/install/ros2_control_demo_example_11/share/ros2_control_demo_example_11/package.bash'
[1.039s] INFO:colcon.colcon_core.shell:Creating package script '/home/hibiki/Robomech_HR/Eglantyne/simulation/install/ros2_control_demo_example_11/share/ros2_control_demo_example_11/package.zsh'
[1.039s] Level 1:colcon.colcon_core.environment:create_file_with_runtime_dependencies(/home/hibiki/Robomech_HR/Eglantyne/simulation/install/ros2_control_demo_example_11/share/colcon-core/packages/ros2_control_demo_example_11)
[1.041s] DEBUG:colcon.colcon_core.event_handler.log_command:Invoking command in '/home/hibiki/Robomech_HR/Eglantyne/simulation/build/ros2_control_demo_example_4': AMENT_PREFIX_PATH=/home/hibiki/Robomech_HR/Eglantyne/simulation/install/ros2_control_demo_testing:/home/hibiki/Robomech_HR/Eglantyne/simulation/install/simple_sim:/home/hibiki/Robomech_HR/Eglantyne/simulation/install/ros2_control_demos:/home/hibiki/Robomech_HR/Eglantyne/simulation/install/ros2_control_demo_example_9:/home/hibiki/Robomech_HR/Eglantyne/simulation/install/ros2_control_demo_example_8:/home/hibiki/Robomech_HR/Eglantyne/simulation/install/ros2_control_demo_example_7:/home/hibiki/Robomech_HR/Eglantyne/simulation/install/ros2_control_demo_example_6:/home/hibiki/Robomech_HR/Eglantyne/simulation/install/ros2_control_demo_example_15:/home/hibiki/Robomech_HR/Eglantyne/simulation/install/ros2_control_demo_example_5:/home/hibiki/Robomech_HR/Eglantyne/simulation/install/ros2_control_demo_example_4:/home/hibiki/Robomech_HR/Eglantyne/simulation/install/ros2_control_demo_example_3:/home/hibiki/Robomech_HR/Eglantyne/simulation/install/ros2_control_demo_example_2:/home/hibiki/Robomech_HR/Eglantyne/simulation/install/ros2_control_demo_example_14:/home/hibiki/Robomech_HR/Eglantyne/simulation/install/ros2_control_demo_example_12:/home/hibiki/Robomech_HR/Eglantyne/simulation/install/ros2_control_demo_example_11:/home/hibiki/Robomech_HR/Eglantyne/simulation/install/ros2_control_demo_example_10:/home/hibiki/Robomech_HR/Eglantyne/simulation/install/ros2_control_demo_example_1:/home/hibiki/Robomech_HR/Eglantyne/simulation/install/ros2_control_demo_description:/home/hibiki/Robomech_HR/Eglantyne/simulation/install/gazebo_ros2_control_demos:/home/hibiki/Robomech_HR/Eglantyne/simulation/install/champ_teleop:/home/hibiki/Robomech_HR/Eglantyne/simulation/install/champ_navigation:/home/hibiki/Robomech_HR/Eglantyne/simulation/install/champ_gazebo:/home/hibiki/Robomech_HR/Eglantyne/simulation/install/champ_bringup:/home/hibiki/Robomech_HR/Eglantyne/simulation/install/champ_base:/home/hibiki/Robomech_HR/Eglantyne/simulation/install/champ_msgs:/home/hibiki/Robomech_HR/Eglantyne/simulation/install/champ_description:/home/hibiki/Robomech_HR/Eglantyne/simulation/install/champ_config:/home/hibiki/Robomech_HR/Eglantyne/simulation/install/champ:/home/hibiki/Robomech_HR/Eglantyne/microros/ros2_pub_test/install/vel_pub:/opt/ros/humble CMAKE_PREFIX_PATH=/home/hibiki/Robomech_HR/Eglantyne/simulation/install/ros2_control_demo_description:/home/hibiki/Robomech_HR/Eglantyne/simulation/install/simple_sim:/home/hibiki/Robomech_HR/Eglantyne/simulation/install/ros2_control_demos:/home/hibiki/Robomech_HR/Eglantyne/simulation/install/ros2_control_demo_example_9:/home/hibiki/Robomech_HR/Eglantyne/simulation/install/ros2_control_demo_example_8:/home/hibiki/Robomech_HR/Eglantyne/simulation/install/ros2_control_demo_example_7:/home/hibiki/Robomech_HR/Eglantyne/simulation/install/ros2_control_demo_example_6:/home/hibiki/Robomech_HR/Eglantyne/simulation/install/ros2_control_demo_example_15:/home/hibiki/Robomech_HR/Eglantyne/simulation/install/ros2_control_demo_example_5:/home/hibiki/Robomech_HR/Eglantyne/simulation/install/ros2_control_demo_example_4:/home/hibiki/Robomech_HR/Eglantyne/simulation/install/ros2_control_demo_example_3:/home/hibiki/Robomech_HR/Eglantyne/simulation/install/ros2_control_demo_example_2:/home/hibiki/Robomech_HR/Eglantyne/simulation/install/ros2_control_demo_example_14:/home/hibiki/Robomech_HR/Eglantyne/simulation/install/ros2_control_demo_example_12:/home/hibiki/Robomech_HR/Eglantyne/simulation/install/ros2_control_demo_example_11:/home/hibiki/Robomech_HR/Eglantyne/simulation/install/ros2_control_demo_example_10:/home/hibiki/Robomech_HR/Eglantyne/simulation/install/ros2_control_demo_example_1:/home/hibiki/Robomech_HR/Eglantyne/simulation/install/gazebo_ros2_control_demos:/home/hibiki/Robomech_HR/Eglantyne/simulation/install/champ_teleop:/home/hibiki/Robomech_HR/Eglantyne/simulation/install/champ_navigation:/home/hibiki/Robomech_HR/Eglantyne/simulation/install/champ_gazebo:/home/hibiki/Robomech_HR/Eglantyne/simulation/install/champ_bringup:/home/hibiki/Robomech_HR/Eglantyne/simulation/install/champ_base:/home/hibiki/Robomech_HR/Eglantyne/simulation/install/champ_msgs:/home/hibiki/Robomech_HR/Eglantyne/simulation/install/champ_description:/home/hibiki/Robomech_HR/Eglantyne/simulation/install/champ_config:/home/hibiki/Robomech_HR/Eglantyne/simulation/install/ros2_control_demo_testing:/opt/ros/humble:/home/hibiki/Robomech_HR/Eglantyne/simulation/install/champ:/home/hibiki/Robomech_HR/Eglantyne/microros/ros2_pub_test/install/vel_pub PYTHONPATH=/home/hibiki/Robomech_HR/Eglantyne/simulation/install/ros2_control_demo_testing/lib/python3.10/site-packages:/home/hibiki/Robomech_HR/Eglantyne/simulation/install/simple_sim/lib/python3.10/site-packages:/home/hibiki/Robomech_HR/Eglantyne/simulation/install/champ_bringup/lib/python3.10/site-packages:/home/hibiki/Robomech_HR/Eglantyne/simulation/install/champ_msgs/lib/python3.10/site-packages:/opt/ros/humble/lib/python3.10/site-packages:/opt/ros/humble/local/lib/python3.10/dist-packages /usr/bin/cmake --install /home/hibiki/Robomech_HR/Eglantyne/simulation/build/ros2_control_demo_example_4
[1.042s] Level 1:colcon.colcon_core.environment:create_environment_scripts_only(ros2_control_demo_example_5)
[1.042s] Level 1:colcon.colcon_core.environment:checking '/home/hibiki/Robomech_HR/Eglantyne/simulation/install/ros2_control_demo_example_5' for CMake module files
[1.042s] DEBUG:colcon.colcon_core.event_handler.log_command:Invoking command in '/home/hibiki/Robomech_HR/Eglantyne/simulation/build/ros2_control_demo_example_3': AMENT_PREFIX_PATH=/home/hibiki/Robomech_HR/Eglantyne/simulation/install/ros2_control_demo_testing:/home/hibiki/Robomech_HR/Eglantyne/simulation/install/simple_sim:/home/hibiki/Robomech_HR/Eglantyne/simulation/install/ros2_control_demos:/home/hibiki/Robomech_HR/Eglantyne/simulation/install/ros2_control_demo_example_9:/home/hibiki/Robomech_HR/Eglantyne/simulation/install/ros2_control_demo_example_8:/home/hibiki/Robomech_HR/Eglantyne/simulation/install/ros2_control_demo_example_7:/home/hibiki/Robomech_HR/Eglantyne/simulation/install/ros2_control_demo_example_6:/home/hibiki/Robomech_HR/Eglantyne/simulation/install/ros2_control_demo_example_15:/home/hibiki/Robomech_HR/Eglantyne/simulation/install/ros2_control_demo_example_5:/home/hibiki/Robomech_HR/Eglantyne/simulation/install/ros2_control_demo_example_4:/home/hibiki/Robomech_HR/Eglantyne/simulation/install/ros2_control_demo_example_3:/home/hibiki/Robomech_HR/Eglantyne/simulation/install/ros2_control_demo_example_2:/home/hibiki/Robomech_HR/Eglantyne/simulation/install/ros2_control_demo_example_14:/home/hibiki/Robomech_HR/Eglantyne/simulation/install/ros2_control_demo_example_12:/home/hibiki/Robomech_HR/Eglantyne/simulation/install/ros2_control_demo_example_11:/home/hibiki/Robomech_HR/Eglantyne/simulation/install/ros2_control_demo_example_10:/home/hibiki/Robomech_HR/Eglantyne/simulation/install/ros2_control_demo_example_1:/home/hibiki/Robomech_HR/Eglantyne/simulation/install/ros2_control_demo_description:/home/hibiki/Robomech_HR/Eglantyne/simulation/install/gazebo_ros2_control_demos:/home/hibiki/Robomech_HR/Eglantyne/simulation/install/champ_teleop:/home/hibiki/Robomech_HR/Eglantyne/simulation/install/champ_navigation:/home/hibiki/Robomech_HR/Eglantyne/simulation/install/champ_gazebo:/home/hibiki/Robomech_HR/Eglantyne/simulation/install/champ_bringup:/home/hibiki/Robomech_HR/Eglantyne/simulation/install/champ_base:/home/hibiki/Robomech_HR/Eglantyne/simulation/install/champ_msgs:/home/hibiki/Robomech_HR/Eglantyne/simulation/install/champ_description:/home/hibiki/Robomech_HR/Eglantyne/simulation/install/champ_config:/home/hibiki/Robomech_HR/Eglantyne/simulation/install/champ:/home/hibiki/Robomech_HR/Eglantyne/microros/ros2_pub_test/install/vel_pub:/opt/ros/humble CMAKE_PREFIX_PATH=/home/hibiki/Robomech_HR/Eglantyne/simulation/install/ros2_control_demo_description:/home/hibiki/Robomech_HR/Eglantyne/simulation/install/simple_sim:/home/hibiki/Robomech_HR/Eglantyne/simulation/install/ros2_control_demos:/home/hibiki/Robomech_HR/Eglantyne/simulation/install/ros2_control_demo_example_9:/home/hibiki/Robomech_HR/Eglantyne/simulation/install/ros2_control_demo_example_8:/home/hibiki/Robomech_HR/Eglantyne/simulation/install/ros2_control_demo_example_7:/home/hibiki/Robomech_HR/Eglantyne/simulation/install/ros2_control_demo_example_6:/home/hibiki/Robomech_HR/Eglantyne/simulation/install/ros2_control_demo_example_15:/home/hibiki/Robomech_HR/Eglantyne/simulation/install/ros2_control_demo_example_5:/home/hibiki/Robomech_HR/Eglantyne/simulation/install/ros2_control_demo_example_4:/home/hibiki/Robomech_HR/Eglantyne/simulation/install/ros2_control_demo_example_3:/home/hibiki/Robomech_HR/Eglantyne/simulation/install/ros2_control_demo_example_2:/home/hibiki/Robomech_HR/Eglantyne/simulation/install/ros2_control_demo_example_14:/home/hibiki/Robomech_HR/Eglantyne/simulation/install/ros2_control_demo_example_12:/home/hibiki/Robomech_HR/Eglantyne/simulation/install/ros2_control_demo_example_11:/home/hibiki/Robomech_HR/Eglantyne/simulation/install/ros2_control_demo_example_10:/home/hibiki/Robomech_HR/Eglantyne/simulation/install/ros2_control_demo_example_1:/home/hibiki/Robomech_HR/Eglantyne/simulation/install/gazebo_ros2_control_demos:/home/hibiki/Robomech_HR/Eglantyne/simulation/install/champ_teleop:/home/hibiki/Robomech_HR/Eglantyne/simulation/install/champ_navigation:/home/hibiki/Robomech_HR/Eglantyne/simulation/install/champ_gazebo:/home/hibiki/Robomech_HR/Eglantyne/simulation/install/champ_bringup:/home/hibiki/Robomech_HR/Eglantyne/simulation/install/champ_base:/home/hibiki/Robomech_HR/Eglantyne/simulation/install/champ_msgs:/home/hibiki/Robomech_HR/Eglantyne/simulation/install/champ_description:/home/hibiki/Robomech_HR/Eglantyne/simulation/install/champ_config:/home/hibiki/Robomech_HR/Eglantyne/simulation/install/ros2_control_demo_testing:/opt/ros/humble:/home/hibiki/Robomech_HR/Eglantyne/simulation/install/champ:/home/hibiki/Robomech_HR/Eglantyne/microros/ros2_pub_test/install/vel_pub PYTHONPATH=/home/hibiki/Robomech_HR/Eglantyne/simulation/install/ros2_control_demo_testing/lib/python3.10/site-packages:/home/hibiki/Robomech_HR/Eglantyne/simulation/install/simple_sim/lib/python3.10/site-packages:/home/hibiki/Robomech_HR/Eglantyne/simulation/install/champ_bringup/lib/python3.10/site-packages:/home/hibiki/Robomech_HR/Eglantyne/simulation/install/champ_msgs/lib/python3.10/site-packages:/opt/ros/humble/lib/python3.10/site-packages:/opt/ros/humble/local/lib/python3.10/dist-packages /usr/bin/cmake --install /home/hibiki/Robomech_HR/Eglantyne/simulation/build/ros2_control_demo_example_3
[1.042s] DEBUG:colcon.colcon_core.event_handler.log_command:Invoked command in '/home/hibiki/Robomech_HR/Eglantyne/simulation/build/ros2_control_demo_example_5' returned '0': AMENT_PREFIX_PATH=/home/hibiki/Robomech_HR/Eglantyne/simulation/install/ros2_control_demo_testing:/home/hibiki/Robomech_HR/Eglantyne/simulation/install/simple_sim:/home/hibiki/Robomech_HR/Eglantyne/simulation/install/ros2_control_demos:/home/hibiki/Robomech_HR/Eglantyne/simulation/install/ros2_control_demo_example_9:/home/hibiki/Robomech_HR/Eglantyne/simulation/install/ros2_control_demo_example_8:/home/hibiki/Robomech_HR/Eglantyne/simulation/install/ros2_control_demo_example_7:/home/hibiki/Robomech_HR/Eglantyne/simulation/install/ros2_control_demo_example_6:/home/hibiki/Robomech_HR/Eglantyne/simulation/install/ros2_control_demo_example_15:/home/hibiki/Robomech_HR/Eglantyne/simulation/install/ros2_control_demo_example_5:/home/hibiki/Robomech_HR/Eglantyne/simulation/install/ros2_control_demo_example_4:/home/hibiki/Robomech_HR/Eglantyne/simulation/install/ros2_control_demo_example_3:/home/hibiki/Robomech_HR/Eglantyne/simulation/install/ros2_control_demo_example_2:/home/hibiki/Robomech_HR/Eglantyne/simulation/install/ros2_control_demo_example_14:/home/hibiki/Robomech_HR/Eglantyne/simulation/install/ros2_control_demo_example_12:/home/hibiki/Robomech_HR/Eglantyne/simulation/install/ros2_control_demo_example_11:/home/hibiki/Robomech_HR/Eglantyne/simulation/install/ros2_control_demo_example_10:/home/hibiki/Robomech_HR/Eglantyne/simulation/install/ros2_control_demo_example_1:/home/hibiki/Robomech_HR/Eglantyne/simulation/install/ros2_control_demo_description:/home/hibiki/Robomech_HR/Eglantyne/simulation/install/gazebo_ros2_control_demos:/home/hibiki/Robomech_HR/Eglantyne/simulation/install/champ_teleop:/home/hibiki/Robomech_HR/Eglantyne/simulation/install/champ_navigation:/home/hibiki/Robomech_HR/Eglantyne/simulation/install/champ_gazebo:/home/hibiki/Robomech_HR/Eglantyne/simulation/install/champ_bringup:/home/hibiki/Robomech_HR/Eglantyne/simulation/install/champ_base:/home/hibiki/Robomech_HR/Eglantyne/simulation/install/champ_msgs:/home/hibiki/Robomech_HR/Eglantyne/simulation/install/champ_description:/home/hibiki/Robomech_HR/Eglantyne/simulation/install/champ_config:/home/hibiki/Robomech_HR/Eglantyne/simulation/install/champ:/home/hibiki/Robomech_HR/Eglantyne/microros/ros2_pub_test/install/vel_pub:/opt/ros/humble CMAKE_PREFIX_PATH=/home/hibiki/Robomech_HR/Eglantyne/simulation/install/ros2_control_demo_description:/home/hibiki/Robomech_HR/Eglantyne/simulation/install/simple_sim:/home/hibiki/Robomech_HR/Eglantyne/simulation/install/ros2_control_demos:/home/hibiki/Robomech_HR/Eglantyne/simulation/install/ros2_control_demo_example_9:/home/hibiki/Robomech_HR/Eglantyne/simulation/install/ros2_control_demo_example_8:/home/hibiki/Robomech_HR/Eglantyne/simulation/install/ros2_control_demo_example_7:/home/hibiki/Robomech_HR/Eglantyne/simulation/install/ros2_control_demo_example_6:/home/hibiki/Robomech_HR/Eglantyne/simulation/install/ros2_control_demo_example_15:/home/hibiki/Robomech_HR/Eglantyne/simulation/install/ros2_control_demo_example_5:/home/hibiki/Robomech_HR/Eglantyne/simulation/install/ros2_control_demo_example_4:/home/hibiki/Robomech_HR/Eglantyne/simulation/install/ros2_control_demo_example_3:/home/hibiki/Robomech_HR/Eglantyne/simulation/install/ros2_control_demo_example_2:/home/hibiki/Robomech_HR/Eglantyne/simulation/install/ros2_control_demo_example_14:/home/hibiki/Robomech_HR/Eglantyne/simulation/install/ros2_control_demo_example_12:/home/hibiki/Robomech_HR/Eglantyne/simulation/install/ros2_control_demo_example_11:/home/hibiki/Robomech_HR/Eglantyne/simulation/install/ros2_control_demo_example_10:/home/hibiki/Robomech_HR/Eglantyne/simulation/install/ros2_control_demo_example_1:/home/hibiki/Robomech_HR/Eglantyne/simulation/install/gazebo_ros2_control_demos:/home/hibiki/Robomech_HR/Eglantyne/simulation/install/champ_teleop:/home/hibiki/Robomech_HR/Eglantyne/simulation/install/champ_navigation:/home/hibiki/Robomech_HR/Eglantyne/simulation/install/champ_gazebo:/home/hibiki/Robomech_HR/Eglantyne/simulation/install/champ_bringup:/home/hibiki/Robomech_HR/Eglantyne/simulation/install/champ_base:/home/hibiki/Robomech_HR/Eglantyne/simulation/install/champ_msgs:/home/hibiki/Robomech_HR/Eglantyne/simulation/install/champ_description:/home/hibiki/Robomech_HR/Eglantyne/simulation/install/champ_config:/home/hibiki/Robomech_HR/Eglantyne/simulation/install/ros2_control_demo_testing:/opt/ros/humble:/home/hibiki/Robomech_HR/Eglantyne/simulation/install/champ:/home/hibiki/Robomech_HR/Eglantyne/microros/ros2_pub_test/install/vel_pub PYTHONPATH=/home/hibiki/Robomech_HR/Eglantyne/simulation/install/ros2_control_demo_testing/lib/python3.10/site-packages:/home/hibiki/Robomech_HR/Eglantyne/simulation/install/simple_sim/lib/python3.10/site-packages:/home/hibiki/Robomech_HR/Eglantyne/simulation/install/champ_bringup/lib/python3.10/site-packages:/home/hibiki/Robomech_HR/Eglantyne/simulation/install/champ_msgs/lib/python3.10/site-packages:/opt/ros/humble/lib/python3.10/site-packages:/opt/ros/humble/local/lib/python3.10/dist-packages /usr/bin/cmake --install /home/hibiki/Robomech_HR/Eglantyne/simulation/build/ros2_control_demo_example_5
[1.043s] Level 1:colcon.colcon_core.environment:checking '/home/hibiki/Robomech_HR/Eglantyne/simulation/install/ros2_control_demo_example_5' for CMake config files
[1.043s] Level 1:colcon.colcon_core.shell:create_environment_hook('ros2_control_demo_example_5', 'cmake_prefix_path')
[1.043s] INFO:colcon.colcon_core.shell:Creating environment hook '/home/hibiki/Robomech_HR/Eglantyne/simulation/install/ros2_control_demo_example_5/share/ros2_control_demo_example_5/hook/cmake_prefix_path.ps1'
[1.043s] INFO:colcon.colcon_core.shell:Creating environment descriptor '/home/hibiki/Robomech_HR/Eglantyne/simulation/install/ros2_control_demo_example_5/share/ros2_control_demo_example_5/hook/cmake_prefix_path.dsv'
[1.044s] INFO:colcon.colcon_core.shell:Creating environment hook '/home/hibiki/Robomech_HR/Eglantyne/simulation/install/ros2_control_demo_example_5/share/ros2_control_demo_example_5/hook/cmake_prefix_path.sh'
[1.044s] Level 1:colcon.colcon_core.environment:checking '/home/hibiki/Robomech_HR/Eglantyne/simulation/install/ros2_control_demo_example_5/lib'
[1.044s] Level 1:colcon.colcon_core.shell:create_environment_hook('ros2_control_demo_example_5', 'ld_library_path_lib')
[1.045s] INFO:colcon.colcon_core.shell:Creating environment hook '/home/hibiki/Robomech_HR/Eglantyne/simulation/install/ros2_control_demo_example_5/share/ros2_control_demo_example_5/hook/ld_library_path_lib.ps1'
[1.045s] INFO:colcon.colcon_core.shell:Creating environment descriptor '/home/hibiki/Robomech_HR/Eglantyne/simulation/install/ros2_control_demo_example_5/share/ros2_control_demo_example_5/hook/ld_library_path_lib.dsv'
[1.045s] INFO:colcon.colcon_core.shell:Creating environment hook '/home/hibiki/Robomech_HR/Eglantyne/simulation/install/ros2_control_demo_example_5/share/ros2_control_demo_example_5/hook/ld_library_path_lib.sh'
[1.046s] Level 1:colcon.colcon_core.environment:checking '/home/hibiki/Robomech_HR/Eglantyne/simulation/install/ros2_control_demo_example_5/bin'
[1.046s] Level 1:colcon.colcon_core.environment:checking '/home/hibiki/Robomech_HR/Eglantyne/simulation/install/ros2_control_demo_example_5/lib/pkgconfig/ros2_control_demo_example_5.pc'
[1.046s] Level 1:colcon.colcon_core.environment:checking '/home/hibiki/Robomech_HR/Eglantyne/simulation/install/ros2_control_demo_example_5/lib/python3.10/site-packages'
[1.046s] Level 1:colcon.colcon_core.environment:checking '/home/hibiki/Robomech_HR/Eglantyne/simulation/install/ros2_control_demo_example_5/bin'
[1.047s] INFO:colcon.colcon_core.shell:Creating package script '/home/hibiki/Robomech_HR/Eglantyne/simulation/install/ros2_control_demo_example_5/share/ros2_control_demo_example_5/package.ps1'
[1.047s] INFO:colcon.colcon_core.shell:Creating package descriptor '/home/hibiki/Robomech_HR/Eglantyne/simulation/install/ros2_control_demo_example_5/share/ros2_control_demo_example_5/package.dsv'
[1.047s] INFO:colcon.colcon_core.shell:Creating package script '/home/hibiki/Robomech_HR/Eglantyne/simulation/install/ros2_control_demo_example_5/share/ros2_control_demo_example_5/package.sh'
[1.048s] INFO:colcon.colcon_core.shell:Creating package script '/home/hibiki/Robomech_HR/Eglantyne/simulation/install/ros2_control_demo_example_5/share/ros2_control_demo_example_5/package.bash'
[1.048s] INFO:colcon.colcon_core.shell:Creating package script '/home/hibiki/Robomech_HR/Eglantyne/simulation/install/ros2_control_demo_example_5/share/ros2_control_demo_example_5/package.zsh'
[1.049s] Level 1:colcon.colcon_core.environment:create_file_with_runtime_dependencies(/home/hibiki/Robomech_HR/Eglantyne/simulation/install/ros2_control_demo_example_5/share/colcon-core/packages/ros2_control_demo_example_5)
[1.050s] Level 1:colcon.colcon_core.environment:create_environment_scripts_only(ros2_control_demo_example_2)
[1.050s] Level 1:colcon.colcon_core.environment:checking '/home/hibiki/Robomech_HR/Eglantyne/simulation/install/ros2_control_demo_example_2' for CMake module files
[1.051s] DEBUG:colcon.colcon_core.event_handler.log_command:Invoked command in '/home/hibiki/Robomech_HR/Eglantyne/simulation/build/ros2_control_demo_example_2' returned '0': AMENT_PREFIX_PATH=/home/hibiki/Robomech_HR/Eglantyne/simulation/install/ros2_control_demo_testing:/home/hibiki/Robomech_HR/Eglantyne/simulation/install/simple_sim:/home/hibiki/Robomech_HR/Eglantyne/simulation/install/ros2_control_demos:/home/hibiki/Robomech_HR/Eglantyne/simulation/install/ros2_control_demo_example_9:/home/hibiki/Robomech_HR/Eglantyne/simulation/install/ros2_control_demo_example_8:/home/hibiki/Robomech_HR/Eglantyne/simulation/install/ros2_control_demo_example_7:/home/hibiki/Robomech_HR/Eglantyne/simulation/install/ros2_control_demo_example_6:/home/hibiki/Robomech_HR/Eglantyne/simulation/install/ros2_control_demo_example_15:/home/hibiki/Robomech_HR/Eglantyne/simulation/install/ros2_control_demo_example_5:/home/hibiki/Robomech_HR/Eglantyne/simulation/install/ros2_control_demo_example_4:/home/hibiki/Robomech_HR/Eglantyne/simulation/install/ros2_control_demo_example_3:/home/hibiki/Robomech_HR/Eglantyne/simulation/install/ros2_control_demo_example_2:/home/hibiki/Robomech_HR/Eglantyne/simulation/install/ros2_control_demo_example_14:/home/hibiki/Robomech_HR/Eglantyne/simulation/install/ros2_control_demo_example_12:/home/hibiki/Robomech_HR/Eglantyne/simulation/install/ros2_control_demo_example_11:/home/hibiki/Robomech_HR/Eglantyne/simulation/install/ros2_control_demo_example_10:/home/hibiki/Robomech_HR/Eglantyne/simulation/install/ros2_control_demo_example_1:/home/hibiki/Robomech_HR/Eglantyne/simulation/install/ros2_control_demo_description:/home/hibiki/Robomech_HR/Eglantyne/simulation/install/gazebo_ros2_control_demos:/home/hibiki/Robomech_HR/Eglantyne/simulation/install/champ_teleop:/home/hibiki/Robomech_HR/Eglantyne/simulation/install/champ_navigation:/home/hibiki/Robomech_HR/Eglantyne/simulation/install/champ_gazebo:/home/hibiki/Robomech_HR/Eglantyne/simulation/install/champ_bringup:/home/hibiki/Robomech_HR/Eglantyne/simulation/install/champ_base:/home/hibiki/Robomech_HR/Eglantyne/simulation/install/champ_msgs:/home/hibiki/Robomech_HR/Eglantyne/simulation/install/champ_description:/home/hibiki/Robomech_HR/Eglantyne/simulation/install/champ_config:/home/hibiki/Robomech_HR/Eglantyne/simulation/install/champ:/home/hibiki/Robomech_HR/Eglantyne/microros/ros2_pub_test/install/vel_pub:/opt/ros/humble CMAKE_PREFIX_PATH=/home/hibiki/Robomech_HR/Eglantyne/simulation/install/ros2_control_demo_description:/home/hibiki/Robomech_HR/Eglantyne/simulation/install/simple_sim:/home/hibiki/Robomech_HR/Eglantyne/simulation/install/ros2_control_demos:/home/hibiki/Robomech_HR/Eglantyne/simulation/install/ros2_control_demo_example_9:/home/hibiki/Robomech_HR/Eglantyne/simulation/install/ros2_control_demo_example_8:/home/hibiki/Robomech_HR/Eglantyne/simulation/install/ros2_control_demo_example_7:/home/hibiki/Robomech_HR/Eglantyne/simulation/install/ros2_control_demo_example_6:/home/hibiki/Robomech_HR/Eglantyne/simulation/install/ros2_control_demo_example_15:/home/hibiki/Robomech_HR/Eglantyne/simulation/install/ros2_control_demo_example_5:/home/hibiki/Robomech_HR/Eglantyne/simulation/install/ros2_control_demo_example_4:/home/hibiki/Robomech_HR/Eglantyne/simulation/install/ros2_control_demo_example_3:/home/hibiki/Robomech_HR/Eglantyne/simulation/install/ros2_control_demo_example_2:/home/hibiki/Robomech_HR/Eglantyne/simulation/install/ros2_control_demo_example_14:/home/hibiki/Robomech_HR/Eglantyne/simulation/install/ros2_control_demo_example_12:/home/hibiki/Robomech_HR/Eglantyne/simulation/install/ros2_control_demo_example_11:/home/hibiki/Robomech_HR/Eglantyne/simulation/install/ros2_control_demo_example_10:/home/hibiki/Robomech_HR/Eglantyne/simulation/install/ros2_control_demo_example_1:/home/hibiki/Robomech_HR/Eglantyne/simulation/install/gazebo_ros2_control_demos:/home/hibiki/Robomech_HR/Eglantyne/simulation/install/champ_teleop:/home/hibiki/Robomech_HR/Eglantyne/simulation/install/champ_navigation:/home/hibiki/Robomech_HR/Eglantyne/simulation/install/champ_gazebo:/home/hibiki/Robomech_HR/Eglantyne/simulation/install/champ_bringup:/home/hibiki/Robomech_HR/Eglantyne/simulation/install/champ_base:/home/hibiki/Robomech_HR/Eglantyne/simulation/install/champ_msgs:/home/hibiki/Robomech_HR/Eglantyne/simulation/install/champ_description:/home/hibiki/Robomech_HR/Eglantyne/simulation/install/champ_config:/home/hibiki/Robomech_HR/Eglantyne/simulation/install/ros2_control_demo_testing:/opt/ros/humble:/home/hibiki/Robomech_HR/Eglantyne/simulation/install/champ:/home/hibiki/Robomech_HR/Eglantyne/microros/ros2_pub_test/install/vel_pub PYTHONPATH=/home/hibiki/Robomech_HR/Eglantyne/simulation/install/ros2_control_demo_testing/lib/python3.10/site-packages:/home/hibiki/Robomech_HR/Eglantyne/simulation/install/simple_sim/lib/python3.10/site-packages:/home/hibiki/Robomech_HR/Eglantyne/simulation/install/champ_bringup/lib/python3.10/site-packages:/home/hibiki/Robomech_HR/Eglantyne/simulation/install/champ_msgs/lib/python3.10/site-packages:/opt/ros/humble/lib/python3.10/site-packages:/opt/ros/humble/local/lib/python3.10/dist-packages /usr/bin/cmake --install /home/hibiki/Robomech_HR/Eglantyne/simulation/build/ros2_control_demo_example_2
[1.051s] Level 1:colcon.colcon_core.environment:checking '/home/hibiki/Robomech_HR/Eglantyne/simulation/install/ros2_control_demo_example_2' for CMake config files
[1.052s] Level 1:colcon.colcon_core.shell:create_environment_hook('ros2_control_demo_example_2', 'cmake_prefix_path')
[1.052s] INFO:colcon.colcon_core.shell:Creating environment hook '/home/hibiki/Robomech_HR/Eglantyne/simulation/install/ros2_control_demo_example_2/share/ros2_control_demo_example_2/hook/cmake_prefix_path.ps1'
[1.052s] INFO:colcon.colcon_core.shell:Creating environment descriptor '/home/hibiki/Robomech_HR/Eglantyne/simulation/install/ros2_control_demo_example_2/share/ros2_control_demo_example_2/hook/cmake_prefix_path.dsv'
[1.053s] INFO:colcon.colcon_core.shell:Creating environment hook '/home/hibiki/Robomech_HR/Eglantyne/simulation/install/ros2_control_demo_example_2/share/ros2_control_demo_example_2/hook/cmake_prefix_path.sh'
[1.053s] Level 1:colcon.colcon_core.environment:checking '/home/hibiki/Robomech_HR/Eglantyne/simulation/install/ros2_control_demo_example_2/lib'
[1.053s] Level 1:colcon.colcon_core.shell:create_environment_hook('ros2_control_demo_example_2', 'ld_library_path_lib')
[1.053s] INFO:colcon.colcon_core.shell:Creating environment hook '/home/hibiki/Robomech_HR/Eglantyne/simulation/install/ros2_control_demo_example_2/share/ros2_control_demo_example_2/hook/ld_library_path_lib.ps1'
[1.054s] INFO:colcon.colcon_core.shell:Creating environment descriptor '/home/hibiki/Robomech_HR/Eglantyne/simulation/install/ros2_control_demo_example_2/share/ros2_control_demo_example_2/hook/ld_library_path_lib.dsv'
[1.054s] INFO:colcon.colcon_core.shell:Creating environment hook '/home/hibiki/Robomech_HR/Eglantyne/simulation/install/ros2_control_demo_example_2/share/ros2_control_demo_example_2/hook/ld_library_path_lib.sh'
[1.054s] Level 1:colcon.colcon_core.environment:checking '/home/hibiki/Robomech_HR/Eglantyne/simulation/install/ros2_control_demo_example_2/bin'
[1.055s] Level 1:colcon.colcon_core.environment:checking '/home/hibiki/Robomech_HR/Eglantyne/simulation/install/ros2_control_demo_example_2/lib/pkgconfig/ros2_control_demo_example_2.pc'
[1.055s] Level 1:colcon.colcon_core.environment:checking '/home/hibiki/Robomech_HR/Eglantyne/simulation/install/ros2_control_demo_example_2/lib/python3.10/site-packages'
[1.055s] Level 1:colcon.colcon_core.environment:checking '/home/hibiki/Robomech_HR/Eglantyne/simulation/install/ros2_control_demo_example_2/bin'
[1.055s] INFO:colcon.colcon_core.shell:Creating package script '/home/hibiki/Robomech_HR/Eglantyne/simulation/install/ros2_control_demo_example_2/share/ros2_control_demo_example_2/package.ps1'
[1.056s] INFO:colcon.colcon_core.shell:Creating package descriptor '/home/hibiki/Robomech_HR/Eglantyne/simulation/install/ros2_control_demo_example_2/share/ros2_control_demo_example_2/package.dsv'
[1.056s] INFO:colcon.colcon_core.shell:Creating package script '/home/hibiki/Robomech_HR/Eglantyne/simulation/install/ros2_control_demo_example_2/share/ros2_control_demo_example_2/package.sh'
[1.057s] INFO:colcon.colcon_core.shell:Creating package script '/home/hibiki/Robomech_HR/Eglantyne/simulation/install/ros2_control_demo_example_2/share/ros2_control_demo_example_2/package.bash'
[1.057s] INFO:colcon.colcon_core.shell:Creating package script '/home/hibiki/Robomech_HR/Eglantyne/simulation/install/ros2_control_demo_example_2/share/ros2_control_demo_example_2/package.zsh'
[1.057s] Level 1:colcon.colcon_core.environment:create_file_with_runtime_dependencies(/home/hibiki/Robomech_HR/Eglantyne/simulation/install/ros2_control_demo_example_2/share/colcon-core/packages/ros2_control_demo_example_2)
[1.058s] Level 1:colcon.colcon_core.environment:create_environment_scripts_only(ros2_control_demo_example_10)
[1.059s] Level 1:colcon.colcon_core.environment:checking '/home/hibiki/Robomech_HR/Eglantyne/simulation/install/ros2_control_demo_example_10' for CMake module files
[1.059s] DEBUG:colcon.colcon_core.event_handler.log_command:Invoked command in '/home/hibiki/Robomech_HR/Eglantyne/simulation/build/ros2_control_demo_example_10' returned '0': AMENT_PREFIX_PATH=/home/hibiki/Robomech_HR/Eglantyne/simulation/install/ros2_control_demo_testing:/home/hibiki/Robomech_HR/Eglantyne/simulation/install/simple_sim:/home/hibiki/Robomech_HR/Eglantyne/simulation/install/ros2_control_demos:/home/hibiki/Robomech_HR/Eglantyne/simulation/install/ros2_control_demo_example_9:/home/hibiki/Robomech_HR/Eglantyne/simulation/install/ros2_control_demo_example_8:/home/hibiki/Robomech_HR/Eglantyne/simulation/install/ros2_control_demo_example_7:/home/hibiki/Robomech_HR/Eglantyne/simulation/install/ros2_control_demo_example_6:/home/hibiki/Robomech_HR/Eglantyne/simulation/install/ros2_control_demo_example_15:/home/hibiki/Robomech_HR/Eglantyne/simulation/install/ros2_control_demo_example_5:/home/hibiki/Robomech_HR/Eglantyne/simulation/install/ros2_control_demo_example_4:/home/hibiki/Robomech_HR/Eglantyne/simulation/install/ros2_control_demo_example_3:/home/hibiki/Robomech_HR/Eglantyne/simulation/install/ros2_control_demo_example_2:/home/hibiki/Robomech_HR/Eglantyne/simulation/install/ros2_control_demo_example_14:/home/hibiki/Robomech_HR/Eglantyne/simulation/install/ros2_control_demo_example_12:/home/hibiki/Robomech_HR/Eglantyne/simulation/install/ros2_control_demo_example_11:/home/hibiki/Robomech_HR/Eglantyne/simulation/install/ros2_control_demo_example_10:/home/hibiki/Robomech_HR/Eglantyne/simulation/install/ros2_control_demo_example_1:/home/hibiki/Robomech_HR/Eglantyne/simulation/install/ros2_control_demo_description:/home/hibiki/Robomech_HR/Eglantyne/simulation/install/gazebo_ros2_control_demos:/home/hibiki/Robomech_HR/Eglantyne/simulation/install/champ_teleop:/home/hibiki/Robomech_HR/Eglantyne/simulation/install/champ_navigation:/home/hibiki/Robomech_HR/Eglantyne/simulation/install/champ_gazebo:/home/hibiki/Robomech_HR/Eglantyne/simulation/install/champ_bringup:/home/hibiki/Robomech_HR/Eglantyne/simulation/install/champ_base:/home/hibiki/Robomech_HR/Eglantyne/simulation/install/champ_msgs:/home/hibiki/Robomech_HR/Eglantyne/simulation/install/champ_description:/home/hibiki/Robomech_HR/Eglantyne/simulation/install/champ_config:/home/hibiki/Robomech_HR/Eglantyne/simulation/install/champ:/home/hibiki/Robomech_HR/Eglantyne/microros/ros2_pub_test/install/vel_pub:/opt/ros/humble CMAKE_PREFIX_PATH=/home/hibiki/Robomech_HR/Eglantyne/simulation/install/ros2_control_demo_description:/home/hibiki/Robomech_HR/Eglantyne/simulation/install/simple_sim:/home/hibiki/Robomech_HR/Eglantyne/simulation/install/ros2_control_demos:/home/hibiki/Robomech_HR/Eglantyne/simulation/install/ros2_control_demo_example_9:/home/hibiki/Robomech_HR/Eglantyne/simulation/install/ros2_control_demo_example_8:/home/hibiki/Robomech_HR/Eglantyne/simulation/install/ros2_control_demo_example_7:/home/hibiki/Robomech_HR/Eglantyne/simulation/install/ros2_control_demo_example_6:/home/hibiki/Robomech_HR/Eglantyne/simulation/install/ros2_control_demo_example_15:/home/hibiki/Robomech_HR/Eglantyne/simulation/install/ros2_control_demo_example_5:/home/hibiki/Robomech_HR/Eglantyne/simulation/install/ros2_control_demo_example_4:/home/hibiki/Robomech_HR/Eglantyne/simulation/install/ros2_control_demo_example_3:/home/hibiki/Robomech_HR/Eglantyne/simulation/install/ros2_control_demo_example_2:/home/hibiki/Robomech_HR/Eglantyne/simulation/install/ros2_control_demo_example_14:/home/hibiki/Robomech_HR/Eglantyne/simulation/install/ros2_control_demo_example_12:/home/hibiki/Robomech_HR/Eglantyne/simulation/install/ros2_control_demo_example_11:/home/hibiki/Robomech_HR/Eglantyne/simulation/install/ros2_control_demo_example_10:/home/hibiki/Robomech_HR/Eglantyne/simulation/install/ros2_control_demo_example_1:/home/hibiki/Robomech_HR/Eglantyne/simulation/install/gazebo_ros2_control_demos:/home/hibiki/Robomech_HR/Eglantyne/simulation/install/champ_teleop:/home/hibiki/Robomech_HR/Eglantyne/simulation/install/champ_navigation:/home/hibiki/Robomech_HR/Eglantyne/simulation/install/champ_gazebo:/home/hibiki/Robomech_HR/Eglantyne/simulation/install/champ_bringup:/home/hibiki/Robomech_HR/Eglantyne/simulation/install/champ_base:/home/hibiki/Robomech_HR/Eglantyne/simulation/install/champ_msgs:/home/hibiki/Robomech_HR/Eglantyne/simulation/install/champ_description:/home/hibiki/Robomech_HR/Eglantyne/simulation/install/champ_config:/home/hibiki/Robomech_HR/Eglantyne/simulation/install/ros2_control_demo_testing:/opt/ros/humble:/home/hibiki/Robomech_HR/Eglantyne/simulation/install/champ:/home/hibiki/Robomech_HR/Eglantyne/microros/ros2_pub_test/install/vel_pub PYTHONPATH=/home/hibiki/Robomech_HR/Eglantyne/simulation/install/ros2_control_demo_testing/lib/python3.10/site-packages:/home/hibiki/Robomech_HR/Eglantyne/simulation/install/simple_sim/lib/python3.10/site-packages:/home/hibiki/Robomech_HR/Eglantyne/simulation/install/champ_bringup/lib/python3.10/site-packages:/home/hibiki/Robomech_HR/Eglantyne/simulation/install/champ_msgs/lib/python3.10/site-packages:/opt/ros/humble/lib/python3.10/site-packages:/opt/ros/humble/local/lib/python3.10/dist-packages /usr/bin/cmake --install /home/hibiki/Robomech_HR/Eglantyne/simulation/build/ros2_control_demo_example_10
[1.060s] Level 1:colcon.colcon_core.environment:checking '/home/hibiki/Robomech_HR/Eglantyne/simulation/install/ros2_control_demo_example_10' for CMake config files
[1.060s] Level 1:colcon.colcon_core.shell:create_environment_hook('ros2_control_demo_example_10', 'cmake_prefix_path')
[1.060s] INFO:colcon.colcon_core.shell:Creating environment hook '/home/hibiki/Robomech_HR/Eglantyne/simulation/install/ros2_control_demo_example_10/share/ros2_control_demo_example_10/hook/cmake_prefix_path.ps1'
[1.061s] INFO:colcon.colcon_core.shell:Creating environment descriptor '/home/hibiki/Robomech_HR/Eglantyne/simulation/install/ros2_control_demo_example_10/share/ros2_control_demo_example_10/hook/cmake_prefix_path.dsv'
[1.061s] INFO:colcon.colcon_core.shell:Creating environment hook '/home/hibiki/Robomech_HR/Eglantyne/simulation/install/ros2_control_demo_example_10/share/ros2_control_demo_example_10/hook/cmake_prefix_path.sh'
[1.062s] Level 1:colcon.colcon_core.environment:checking '/home/hibiki/Robomech_HR/Eglantyne/simulation/install/ros2_control_demo_example_10/lib'
[1.062s] Level 1:colcon.colcon_core.shell:create_environment_hook('ros2_control_demo_example_10', 'ld_library_path_lib')
[1.062s] INFO:colcon.colcon_core.shell:Creating environment hook '/home/hibiki/Robomech_HR/Eglantyne/simulation/install/ros2_control_demo_example_10/share/ros2_control_demo_example_10/hook/ld_library_path_lib.ps1'
[1.062s] INFO:colcon.colcon_core.shell:Creating environment descriptor '/home/hibiki/Robomech_HR/Eglantyne/simulation/install/ros2_control_demo_example_10/share/ros2_control_demo_example_10/hook/ld_library_path_lib.dsv'
[1.062s] INFO:colcon.colcon_core.shell:Creating environment hook '/home/hibiki/Robomech_HR/Eglantyne/simulation/install/ros2_control_demo_example_10/share/ros2_control_demo_example_10/hook/ld_library_path_lib.sh'
[1.063s] Level 1:colcon.colcon_core.environment:checking '/home/hibiki/Robomech_HR/Eglantyne/simulation/install/ros2_control_demo_example_10/bin'
[1.063s] Level 1:colcon.colcon_core.environment:checking '/home/hibiki/Robomech_HR/Eglantyne/simulation/install/ros2_control_demo_example_10/lib/pkgconfig/ros2_control_demo_example_10.pc'
[1.063s] Level 1:colcon.colcon_core.environment:checking '/home/hibiki/Robomech_HR/Eglantyne/simulation/install/ros2_control_demo_example_10/lib/python3.10/site-packages'
[1.063s] Level 1:colcon.colcon_core.environment:checking '/home/hibiki/Robomech_HR/Eglantyne/simulation/install/ros2_control_demo_example_10/bin'
[1.064s] INFO:colcon.colcon_core.shell:Creating package script '/home/hibiki/Robomech_HR/Eglantyne/simulation/install/ros2_control_demo_example_10/share/ros2_control_demo_example_10/package.ps1'
[1.064s] INFO:colcon.colcon_core.shell:Creating package descriptor '/home/hibiki/Robomech_HR/Eglantyne/simulation/install/ros2_control_demo_example_10/share/ros2_control_demo_example_10/package.dsv'
[1.064s] INFO:colcon.colcon_core.shell:Creating package script '/home/hibiki/Robomech_HR/Eglantyne/simulation/install/ros2_control_demo_example_10/share/ros2_control_demo_example_10/package.sh'
[1.065s] INFO:colcon.colcon_core.shell:Creating package script '/home/hibiki/Robomech_HR/Eglantyne/simulation/install/ros2_control_demo_example_10/share/ros2_control_demo_example_10/package.bash'
[1.065s] INFO:colcon.colcon_core.shell:Creating package script '/home/hibiki/Robomech_HR/Eglantyne/simulation/install/ros2_control_demo_example_10/share/ros2_control_demo_example_10/package.zsh'
[1.065s] Level 1:colcon.colcon_core.environment:create_file_with_runtime_dependencies(/home/hibiki/Robomech_HR/Eglantyne/simulation/install/ros2_control_demo_example_10/share/colcon-core/packages/ros2_control_demo_example_10)
[1.073s] DEBUG:colcon.colcon_core.event_handler.log_command:Invoking command in '/home/hibiki/Robomech_HR/Eglantyne/simulation/build/ros2_control_demo_example_6': AMENT_PREFIX_PATH=/home/hibiki/Robomech_HR/Eglantyne/simulation/install/ros2_control_demo_testing:/home/hibiki/Robomech_HR/Eglantyne/simulation/install/simple_sim:/home/hibiki/Robomech_HR/Eglantyne/simulation/install/ros2_control_demos:/home/hibiki/Robomech_HR/Eglantyne/simulation/install/ros2_control_demo_example_9:/home/hibiki/Robomech_HR/Eglantyne/simulation/install/ros2_control_demo_example_8:/home/hibiki/Robomech_HR/Eglantyne/simulation/install/ros2_control_demo_example_7:/home/hibiki/Robomech_HR/Eglantyne/simulation/install/ros2_control_demo_example_6:/home/hibiki/Robomech_HR/Eglantyne/simulation/install/ros2_control_demo_example_15:/home/hibiki/Robomech_HR/Eglantyne/simulation/install/ros2_control_demo_example_5:/home/hibiki/Robomech_HR/Eglantyne/simulation/install/ros2_control_demo_example_4:/home/hibiki/Robomech_HR/Eglantyne/simulation/install/ros2_control_demo_example_3:/home/hibiki/Robomech_HR/Eglantyne/simulation/install/ros2_control_demo_example_2:/home/hibiki/Robomech_HR/Eglantyne/simulation/install/ros2_control_demo_example_14:/home/hibiki/Robomech_HR/Eglantyne/simulation/install/ros2_control_demo_example_12:/home/hibiki/Robomech_HR/Eglantyne/simulation/install/ros2_control_demo_example_11:/home/hibiki/Robomech_HR/Eglantyne/simulation/install/ros2_control_demo_example_10:/home/hibiki/Robomech_HR/Eglantyne/simulation/install/ros2_control_demo_example_1:/home/hibiki/Robomech_HR/Eglantyne/simulation/install/ros2_control_demo_description:/home/hibiki/Robomech_HR/Eglantyne/simulation/install/gazebo_ros2_control_demos:/home/hibiki/Robomech_HR/Eglantyne/simulation/install/champ_teleop:/home/hibiki/Robomech_HR/Eglantyne/simulation/install/champ_navigation:/home/hibiki/Robomech_HR/Eglantyne/simulation/install/champ_gazebo:/home/hibiki/Robomech_HR/Eglantyne/simulation/install/champ_bringup:/home/hibiki/Robomech_HR/Eglantyne/simulation/install/champ_base:/home/hibiki/Robomech_HR/Eglantyne/simulation/install/champ_msgs:/home/hibiki/Robomech_HR/Eglantyne/simulation/install/champ_description:/home/hibiki/Robomech_HR/Eglantyne/simulation/install/champ_config:/home/hibiki/Robomech_HR/Eglantyne/simulation/install/champ:/home/hibiki/Robomech_HR/Eglantyne/microros/ros2_pub_test/install/vel_pub:/opt/ros/humble CMAKE_PREFIX_PATH=/home/hibiki/Robomech_HR/Eglantyne/simulation/install/ros2_control_demo_description:/home/hibiki/Robomech_HR/Eglantyne/simulation/install/simple_sim:/home/hibiki/Robomech_HR/Eglantyne/simulation/install/ros2_control_demos:/home/hibiki/Robomech_HR/Eglantyne/simulation/install/ros2_control_demo_example_9:/home/hibiki/Robomech_HR/Eglantyne/simulation/install/ros2_control_demo_example_8:/home/hibiki/Robomech_HR/Eglantyne/simulation/install/ros2_control_demo_example_7:/home/hibiki/Robomech_HR/Eglantyne/simulation/install/ros2_control_demo_example_6:/home/hibiki/Robomech_HR/Eglantyne/simulation/install/ros2_control_demo_example_15:/home/hibiki/Robomech_HR/Eglantyne/simulation/install/ros2_control_demo_example_5:/home/hibiki/Robomech_HR/Eglantyne/simulation/install/ros2_control_demo_example_4:/home/hibiki/Robomech_HR/Eglantyne/simulation/install/ros2_control_demo_example_3:/home/hibiki/Robomech_HR/Eglantyne/simulation/install/ros2_control_demo_example_2:/home/hibiki/Robomech_HR/Eglantyne/simulation/install/ros2_control_demo_example_14:/home/hibiki/Robomech_HR/Eglantyne/simulation/install/ros2_control_demo_example_12:/home/hibiki/Robomech_HR/Eglantyne/simulation/install/ros2_control_demo_example_11:/home/hibiki/Robomech_HR/Eglantyne/simulation/install/ros2_control_demo_example_10:/home/hibiki/Robomech_HR/Eglantyne/simulation/install/ros2_control_demo_example_1:/home/hibiki/Robomech_HR/Eglantyne/simulation/install/gazebo_ros2_control_demos:/home/hibiki/Robomech_HR/Eglantyne/simulation/install/champ_teleop:/home/hibiki/Robomech_HR/Eglantyne/simulation/install/champ_navigation:/home/hibiki/Robomech_HR/Eglantyne/simulation/install/champ_gazebo:/home/hibiki/Robomech_HR/Eglantyne/simulation/install/champ_bringup:/home/hibiki/Robomech_HR/Eglantyne/simulation/install/champ_base:/home/hibiki/Robomech_HR/Eglantyne/simulation/install/champ_msgs:/home/hibiki/Robomech_HR/Eglantyne/simulation/install/champ_description:/home/hibiki/Robomech_HR/Eglantyne/simulation/install/champ_config:/home/hibiki/Robomech_HR/Eglantyne/simulation/install/ros2_control_demo_testing:/opt/ros/humble:/home/hibiki/Robomech_HR/Eglantyne/simulation/install/champ:/home/hibiki/Robomech_HR/Eglantyne/microros/ros2_pub_test/install/vel_pub PYTHONPATH=/home/hibiki/Robomech_HR/Eglantyne/simulation/install/ros2_control_demo_testing/lib/python3.10/site-packages:/home/hibiki/Robomech_HR/Eglantyne/simulation/install/simple_sim/lib/python3.10/site-packages:/home/hibiki/Robomech_HR/Eglantyne/simulation/install/champ_bringup/lib/python3.10/site-packages:/home/hibiki/Robomech_HR/Eglantyne/simulation/install/champ_msgs/lib/python3.10/site-packages:/opt/ros/humble/lib/python3.10/site-packages:/opt/ros/humble/local/lib/python3.10/dist-packages /usr/bin/cmake --install /home/hibiki/Robomech_HR/Eglantyne/simulation/build/ros2_control_demo_example_6
[1.075s] DEBUG:colcon.colcon_core.event_handler.log_command:Invoking command in '/home/hibiki/Robomech_HR/Eglantyne/simulation/build/ros2_control_demo_example_8': AMENT_PREFIX_PATH=/home/hibiki/Robomech_HR/Eglantyne/simulation/install/ros2_control_demo_testing:/home/hibiki/Robomech_HR/Eglantyne/simulation/install/simple_sim:/home/hibiki/Robomech_HR/Eglantyne/simulation/install/ros2_control_demos:/home/hibiki/Robomech_HR/Eglantyne/simulation/install/ros2_control_demo_example_9:/home/hibiki/Robomech_HR/Eglantyne/simulation/install/ros2_control_demo_example_8:/home/hibiki/Robomech_HR/Eglantyne/simulation/install/ros2_control_demo_example_7:/home/hibiki/Robomech_HR/Eglantyne/simulation/install/ros2_control_demo_example_6:/home/hibiki/Robomech_HR/Eglantyne/simulation/install/ros2_control_demo_example_15:/home/hibiki/Robomech_HR/Eglantyne/simulation/install/ros2_control_demo_example_5:/home/hibiki/Robomech_HR/Eglantyne/simulation/install/ros2_control_demo_example_4:/home/hibiki/Robomech_HR/Eglantyne/simulation/install/ros2_control_demo_example_3:/home/hibiki/Robomech_HR/Eglantyne/simulation/install/ros2_control_demo_example_2:/home/hibiki/Robomech_HR/Eglantyne/simulation/install/ros2_control_demo_example_14:/home/hibiki/Robomech_HR/Eglantyne/simulation/install/ros2_control_demo_example_12:/home/hibiki/Robomech_HR/Eglantyne/simulation/install/ros2_control_demo_example_11:/home/hibiki/Robomech_HR/Eglantyne/simulation/install/ros2_control_demo_example_10:/home/hibiki/Robomech_HR/Eglantyne/simulation/install/ros2_control_demo_example_1:/home/hibiki/Robomech_HR/Eglantyne/simulation/install/ros2_control_demo_description:/home/hibiki/Robomech_HR/Eglantyne/simulation/install/gazebo_ros2_control_demos:/home/hibiki/Robomech_HR/Eglantyne/simulation/install/champ_teleop:/home/hibiki/Robomech_HR/Eglantyne/simulation/install/champ_navigation:/home/hibiki/Robomech_HR/Eglantyne/simulation/install/champ_gazebo:/home/hibiki/Robomech_HR/Eglantyne/simulation/install/champ_bringup:/home/hibiki/Robomech_HR/Eglantyne/simulation/install/champ_base:/home/hibiki/Robomech_HR/Eglantyne/simulation/install/champ_msgs:/home/hibiki/Robomech_HR/Eglantyne/simulation/install/champ_description:/home/hibiki/Robomech_HR/Eglantyne/simulation/install/champ_config:/home/hibiki/Robomech_HR/Eglantyne/simulation/install/champ:/home/hibiki/Robomech_HR/Eglantyne/microros/ros2_pub_test/install/vel_pub:/opt/ros/humble CMAKE_PREFIX_PATH=/home/hibiki/Robomech_HR/Eglantyne/simulation/install/ros2_control_demo_description:/home/hibiki/Robomech_HR/Eglantyne/simulation/install/simple_sim:/home/hibiki/Robomech_HR/Eglantyne/simulation/install/ros2_control_demos:/home/hibiki/Robomech_HR/Eglantyne/simulation/install/ros2_control_demo_example_9:/home/hibiki/Robomech_HR/Eglantyne/simulation/install/ros2_control_demo_example_8:/home/hibiki/Robomech_HR/Eglantyne/simulation/install/ros2_control_demo_example_7:/home/hibiki/Robomech_HR/Eglantyne/simulation/install/ros2_control_demo_example_6:/home/hibiki/Robomech_HR/Eglantyne/simulation/install/ros2_control_demo_example_15:/home/hibiki/Robomech_HR/Eglantyne/simulation/install/ros2_control_demo_example_5:/home/hibiki/Robomech_HR/Eglantyne/simulation/install/ros2_control_demo_example_4:/home/hibiki/Robomech_HR/Eglantyne/simulation/install/ros2_control_demo_example_3:/home/hibiki/Robomech_HR/Eglantyne/simulation/install/ros2_control_demo_example_2:/home/hibiki/Robomech_HR/Eglantyne/simulation/install/ros2_control_demo_example_14:/home/hibiki/Robomech_HR/Eglantyne/simulation/install/ros2_control_demo_example_12:/home/hibiki/Robomech_HR/Eglantyne/simulation/install/ros2_control_demo_example_11:/home/hibiki/Robomech_HR/Eglantyne/simulation/install/ros2_control_demo_example_10:/home/hibiki/Robomech_HR/Eglantyne/simulation/install/ros2_control_demo_example_1:/home/hibiki/Robomech_HR/Eglantyne/simulation/install/gazebo_ros2_control_demos:/home/hibiki/Robomech_HR/Eglantyne/simulation/install/champ_teleop:/home/hibiki/Robomech_HR/Eglantyne/simulation/install/champ_navigation:/home/hibiki/Robomech_HR/Eglantyne/simulation/install/champ_gazebo:/home/hibiki/Robomech_HR/Eglantyne/simulation/install/champ_bringup:/home/hibiki/Robomech_HR/Eglantyne/simulation/install/champ_base:/home/hibiki/Robomech_HR/Eglantyne/simulation/install/champ_msgs:/home/hibiki/Robomech_HR/Eglantyne/simulation/install/champ_description:/home/hibiki/Robomech_HR/Eglantyne/simulation/install/champ_config:/home/hibiki/Robomech_HR/Eglantyne/simulation/install/ros2_control_demo_testing:/opt/ros/humble:/home/hibiki/Robomech_HR/Eglantyne/simulation/install/champ:/home/hibiki/Robomech_HR/Eglantyne/microros/ros2_pub_test/install/vel_pub PYTHONPATH=/home/hibiki/Robomech_HR/Eglantyne/simulation/install/ros2_control_demo_testing/lib/python3.10/site-packages:/home/hibiki/Robomech_HR/Eglantyne/simulation/install/simple_sim/lib/python3.10/site-packages:/home/hibiki/Robomech_HR/Eglantyne/simulation/install/champ_bringup/lib/python3.10/site-packages:/home/hibiki/Robomech_HR/Eglantyne/simulation/install/champ_msgs/lib/python3.10/site-packages:/opt/ros/humble/lib/python3.10/site-packages:/opt/ros/humble/local/lib/python3.10/dist-packages /usr/bin/cmake --install /home/hibiki/Robomech_HR/Eglantyne/simulation/build/ros2_control_demo_example_8
[1.076s] DEBUG:colcon.colcon_core.event_handler.log_command:Invoking command in '/home/hibiki/Robomech_HR/Eglantyne/simulation/build/ros2_control_demo_example_7': AMENT_PREFIX_PATH=/home/hibiki/Robomech_HR/Eglantyne/simulation/install/ros2_control_demo_testing:/home/hibiki/Robomech_HR/Eglantyne/simulation/install/simple_sim:/home/hibiki/Robomech_HR/Eglantyne/simulation/install/ros2_control_demos:/home/hibiki/Robomech_HR/Eglantyne/simulation/install/ros2_control_demo_example_9:/home/hibiki/Robomech_HR/Eglantyne/simulation/install/ros2_control_demo_example_8:/home/hibiki/Robomech_HR/Eglantyne/simulation/install/ros2_control_demo_example_7:/home/hibiki/Robomech_HR/Eglantyne/simulation/install/ros2_control_demo_example_6:/home/hibiki/Robomech_HR/Eglantyne/simulation/install/ros2_control_demo_example_15:/home/hibiki/Robomech_HR/Eglantyne/simulation/install/ros2_control_demo_example_5:/home/hibiki/Robomech_HR/Eglantyne/simulation/install/ros2_control_demo_example_4:/home/hibiki/Robomech_HR/Eglantyne/simulation/install/ros2_control_demo_example_3:/home/hibiki/Robomech_HR/Eglantyne/simulation/install/ros2_control_demo_example_2:/home/hibiki/Robomech_HR/Eglantyne/simulation/install/ros2_control_demo_example_14:/home/hibiki/Robomech_HR/Eglantyne/simulation/install/ros2_control_demo_example_12:/home/hibiki/Robomech_HR/Eglantyne/simulation/install/ros2_control_demo_example_11:/home/hibiki/Robomech_HR/Eglantyne/simulation/install/ros2_control_demo_example_10:/home/hibiki/Robomech_HR/Eglantyne/simulation/install/ros2_control_demo_example_1:/home/hibiki/Robomech_HR/Eglantyne/simulation/install/ros2_control_demo_description:/home/hibiki/Robomech_HR/Eglantyne/simulation/install/gazebo_ros2_control_demos:/home/hibiki/Robomech_HR/Eglantyne/simulation/install/champ_teleop:/home/hibiki/Robomech_HR/Eglantyne/simulation/install/champ_navigation:/home/hibiki/Robomech_HR/Eglantyne/simulation/install/champ_gazebo:/home/hibiki/Robomech_HR/Eglantyne/simulation/install/champ_bringup:/home/hibiki/Robomech_HR/Eglantyne/simulation/install/champ_base:/home/hibiki/Robomech_HR/Eglantyne/simulation/install/champ_msgs:/home/hibiki/Robomech_HR/Eglantyne/simulation/install/champ_description:/home/hibiki/Robomech_HR/Eglantyne/simulation/install/champ_config:/home/hibiki/Robomech_HR/Eglantyne/simulation/install/champ:/home/hibiki/Robomech_HR/Eglantyne/microros/ros2_pub_test/install/vel_pub:/opt/ros/humble CMAKE_PREFIX_PATH=/home/hibiki/Robomech_HR/Eglantyne/simulation/install/ros2_control_demo_description:/home/hibiki/Robomech_HR/Eglantyne/simulation/install/simple_sim:/home/hibiki/Robomech_HR/Eglantyne/simulation/install/ros2_control_demos:/home/hibiki/Robomech_HR/Eglantyne/simulation/install/ros2_control_demo_example_9:/home/hibiki/Robomech_HR/Eglantyne/simulation/install/ros2_control_demo_example_8:/home/hibiki/Robomech_HR/Eglantyne/simulation/install/ros2_control_demo_example_7:/home/hibiki/Robomech_HR/Eglantyne/simulation/install/ros2_control_demo_example_6:/home/hibiki/Robomech_HR/Eglantyne/simulation/install/ros2_control_demo_example_15:/home/hibiki/Robomech_HR/Eglantyne/simulation/install/ros2_control_demo_example_5:/home/hibiki/Robomech_HR/Eglantyne/simulation/install/ros2_control_demo_example_4:/home/hibiki/Robomech_HR/Eglantyne/simulation/install/ros2_control_demo_example_3:/home/hibiki/Robomech_HR/Eglantyne/simulation/install/ros2_control_demo_example_2:/home/hibiki/Robomech_HR/Eglantyne/simulation/install/ros2_control_demo_example_14:/home/hibiki/Robomech_HR/Eglantyne/simulation/install/ros2_control_demo_example_12:/home/hibiki/Robomech_HR/Eglantyne/simulation/install/ros2_control_demo_example_11:/home/hibiki/Robomech_HR/Eglantyne/simulation/install/ros2_control_demo_example_10:/home/hibiki/Robomech_HR/Eglantyne/simulation/install/ros2_control_demo_example_1:/home/hibiki/Robomech_HR/Eglantyne/simulation/install/gazebo_ros2_control_demos:/home/hibiki/Robomech_HR/Eglantyne/simulation/install/champ_teleop:/home/hibiki/Robomech_HR/Eglantyne/simulation/install/champ_navigation:/home/hibiki/Robomech_HR/Eglantyne/simulation/install/champ_gazebo:/home/hibiki/Robomech_HR/Eglantyne/simulation/install/champ_bringup:/home/hibiki/Robomech_HR/Eglantyne/simulation/install/champ_base:/home/hibiki/Robomech_HR/Eglantyne/simulation/install/champ_msgs:/home/hibiki/Robomech_HR/Eglantyne/simulation/install/champ_description:/home/hibiki/Robomech_HR/Eglantyne/simulation/install/champ_config:/home/hibiki/Robomech_HR/Eglantyne/simulation/install/ros2_control_demo_testing:/opt/ros/humble:/home/hibiki/Robomech_HR/Eglantyne/simulation/install/champ:/home/hibiki/Robomech_HR/Eglantyne/microros/ros2_pub_test/install/vel_pub PYTHONPATH=/home/hibiki/Robomech_HR/Eglantyne/simulation/install/ros2_control_demo_testing/lib/python3.10/site-packages:/home/hibiki/Robomech_HR/Eglantyne/simulation/install/simple_sim/lib/python3.10/site-packages:/home/hibiki/Robomech_HR/Eglantyne/simulation/install/champ_bringup/lib/python3.10/site-packages:/home/hibiki/Robomech_HR/Eglantyne/simulation/install/champ_msgs/lib/python3.10/site-packages:/opt/ros/humble/lib/python3.10/site-packages:/opt/ros/humble/local/lib/python3.10/dist-packages /usr/bin/cmake --install /home/hibiki/Robomech_HR/Eglantyne/simulation/build/ros2_control_demo_example_7
[1.077s] DEBUG:colcon.colcon_core.event_handler.log_command:Invoking command in '/home/hibiki/Robomech_HR/Eglantyne/simulation/build/ros2_control_demo_example_12': AMENT_PREFIX_PATH=/home/hibiki/Robomech_HR/Eglantyne/simulation/install/ros2_control_demo_testing:/home/hibiki/Robomech_HR/Eglantyne/simulation/install/simple_sim:/home/hibiki/Robomech_HR/Eglantyne/simulation/install/ros2_control_demos:/home/hibiki/Robomech_HR/Eglantyne/simulation/install/ros2_control_demo_example_9:/home/hibiki/Robomech_HR/Eglantyne/simulation/install/ros2_control_demo_example_8:/home/hibiki/Robomech_HR/Eglantyne/simulation/install/ros2_control_demo_example_7:/home/hibiki/Robomech_HR/Eglantyne/simulation/install/ros2_control_demo_example_6:/home/hibiki/Robomech_HR/Eglantyne/simulation/install/ros2_control_demo_example_15:/home/hibiki/Robomech_HR/Eglantyne/simulation/install/ros2_control_demo_example_5:/home/hibiki/Robomech_HR/Eglantyne/simulation/install/ros2_control_demo_example_4:/home/hibiki/Robomech_HR/Eglantyne/simulation/install/ros2_control_demo_example_3:/home/hibiki/Robomech_HR/Eglantyne/simulation/install/ros2_control_demo_example_2:/home/hibiki/Robomech_HR/Eglantyne/simulation/install/ros2_control_demo_example_14:/home/hibiki/Robomech_HR/Eglantyne/simulation/install/ros2_control_demo_example_12:/home/hibiki/Robomech_HR/Eglantyne/simulation/install/ros2_control_demo_example_11:/home/hibiki/Robomech_HR/Eglantyne/simulation/install/ros2_control_demo_example_10:/home/hibiki/Robomech_HR/Eglantyne/simulation/install/ros2_control_demo_example_1:/home/hibiki/Robomech_HR/Eglantyne/simulation/install/ros2_control_demo_description:/home/hibiki/Robomech_HR/Eglantyne/simulation/install/gazebo_ros2_control_demos:/home/hibiki/Robomech_HR/Eglantyne/simulation/install/champ_teleop:/home/hibiki/Robomech_HR/Eglantyne/simulation/install/champ_navigation:/home/hibiki/Robomech_HR/Eglantyne/simulation/install/champ_gazebo:/home/hibiki/Robomech_HR/Eglantyne/simulation/install/champ_bringup:/home/hibiki/Robomech_HR/Eglantyne/simulation/install/champ_base:/home/hibiki/Robomech_HR/Eglantyne/simulation/install/champ_msgs:/home/hibiki/Robomech_HR/Eglantyne/simulation/install/champ_description:/home/hibiki/Robomech_HR/Eglantyne/simulation/install/champ_config:/home/hibiki/Robomech_HR/Eglantyne/simulation/install/champ:/home/hibiki/Robomech_HR/Eglantyne/microros/ros2_pub_test/install/vel_pub:/opt/ros/humble CMAKE_PREFIX_PATH=/home/hibiki/Robomech_HR/Eglantyne/simulation/install/ros2_control_demo_description:/home/hibiki/Robomech_HR/Eglantyne/simulation/install/simple_sim:/home/hibiki/Robomech_HR/Eglantyne/simulation/install/ros2_control_demos:/home/hibiki/Robomech_HR/Eglantyne/simulation/install/ros2_control_demo_example_9:/home/hibiki/Robomech_HR/Eglantyne/simulation/install/ros2_control_demo_example_8:/home/hibiki/Robomech_HR/Eglantyne/simulation/install/ros2_control_demo_example_7:/home/hibiki/Robomech_HR/Eglantyne/simulation/install/ros2_control_demo_example_6:/home/hibiki/Robomech_HR/Eglantyne/simulation/install/ros2_control_demo_example_15:/home/hibiki/Robomech_HR/Eglantyne/simulation/install/ros2_control_demo_example_5:/home/hibiki/Robomech_HR/Eglantyne/simulation/install/ros2_control_demo_example_4:/home/hibiki/Robomech_HR/Eglantyne/simulation/install/ros2_control_demo_example_3:/home/hibiki/Robomech_HR/Eglantyne/simulation/install/ros2_control_demo_example_2:/home/hibiki/Robomech_HR/Eglantyne/simulation/install/ros2_control_demo_example_14:/home/hibiki/Robomech_HR/Eglantyne/simulation/install/ros2_control_demo_example_12:/home/hibiki/Robomech_HR/Eglantyne/simulation/install/ros2_control_demo_example_11:/home/hibiki/Robomech_HR/Eglantyne/simulation/install/ros2_control_demo_example_10:/home/hibiki/Robomech_HR/Eglantyne/simulation/install/ros2_control_demo_example_1:/home/hibiki/Robomech_HR/Eglantyne/simulation/install/gazebo_ros2_control_demos:/home/hibiki/Robomech_HR/Eglantyne/simulation/install/champ_teleop:/home/hibiki/Robomech_HR/Eglantyne/simulation/install/champ_navigation:/home/hibiki/Robomech_HR/Eglantyne/simulation/install/champ_gazebo:/home/hibiki/Robomech_HR/Eglantyne/simulation/install/champ_bringup:/home/hibiki/Robomech_HR/Eglantyne/simulation/install/champ_base:/home/hibiki/Robomech_HR/Eglantyne/simulation/install/champ_msgs:/home/hibiki/Robomech_HR/Eglantyne/simulation/install/champ_description:/home/hibiki/Robomech_HR/Eglantyne/simulation/install/champ_config:/home/hibiki/Robomech_HR/Eglantyne/simulation/install/ros2_control_demo_testing:/opt/ros/humble:/home/hibiki/Robomech_HR/Eglantyne/simulation/install/champ:/home/hibiki/Robomech_HR/Eglantyne/microros/ros2_pub_test/install/vel_pub PYTHONPATH=/home/hibiki/Robomech_HR/Eglantyne/simulation/install/ros2_control_demo_testing/lib/python3.10/site-packages:/home/hibiki/Robomech_HR/Eglantyne/simulation/install/simple_sim/lib/python3.10/site-packages:/home/hibiki/Robomech_HR/Eglantyne/simulation/install/champ_bringup/lib/python3.10/site-packages:/home/hibiki/Robomech_HR/Eglantyne/simulation/install/champ_msgs/lib/python3.10/site-packages:/opt/ros/humble/lib/python3.10/site-packages:/opt/ros/humble/local/lib/python3.10/dist-packages /usr/bin/cmake --install /home/hibiki/Robomech_HR/Eglantyne/simulation/build/ros2_control_demo_example_12
[1.079s] Level 1:colcon.colcon_core.environment:create_environment_scripts_only(ros2_control_demo_example_14)
[1.079s] Level 1:colcon.colcon_core.environment:checking '/home/hibiki/Robomech_HR/Eglantyne/simulation/install/ros2_control_demo_example_14' for CMake module files
[1.081s] Level 1:colcon.colcon_core.environment:checking '/home/hibiki/Robomech_HR/Eglantyne/simulation/install/ros2_control_demo_example_14' for CMake config files
[1.086s] DEBUG:colcon.colcon_core.event_handler.log_command:Invoked command in '/home/hibiki/Robomech_HR/Eglantyne/simulation/build/ros2_control_demo_example_14' returned '0': AMENT_PREFIX_PATH=/home/hibiki/Robomech_HR/Eglantyne/simulation/install/ros2_control_demo_testing:/home/hibiki/Robomech_HR/Eglantyne/simulation/install/simple_sim:/home/hibiki/Robomech_HR/Eglantyne/simulation/install/ros2_control_demos:/home/hibiki/Robomech_HR/Eglantyne/simulation/install/ros2_control_demo_example_9:/home/hibiki/Robomech_HR/Eglantyne/simulation/install/ros2_control_demo_example_8:/home/hibiki/Robomech_HR/Eglantyne/simulation/install/ros2_control_demo_example_7:/home/hibiki/Robomech_HR/Eglantyne/simulation/install/ros2_control_demo_example_6:/home/hibiki/Robomech_HR/Eglantyne/simulation/install/ros2_control_demo_example_15:/home/hibiki/Robomech_HR/Eglantyne/simulation/install/ros2_control_demo_example_5:/home/hibiki/Robomech_HR/Eglantyne/simulation/install/ros2_control_demo_example_4:/home/hibiki/Robomech_HR/Eglantyne/simulation/install/ros2_control_demo_example_3:/home/hibiki/Robomech_HR/Eglantyne/simulation/install/ros2_control_demo_example_2:/home/hibiki/Robomech_HR/Eglantyne/simulation/install/ros2_control_demo_example_14:/home/hibiki/Robomech_HR/Eglantyne/simulation/install/ros2_control_demo_example_12:/home/hibiki/Robomech_HR/Eglantyne/simulation/install/ros2_control_demo_example_11:/home/hibiki/Robomech_HR/Eglantyne/simulation/install/ros2_control_demo_example_10:/home/hibiki/Robomech_HR/Eglantyne/simulation/install/ros2_control_demo_example_1:/home/hibiki/Robomech_HR/Eglantyne/simulation/install/ros2_control_demo_description:/home/hibiki/Robomech_HR/Eglantyne/simulation/install/gazebo_ros2_control_demos:/home/hibiki/Robomech_HR/Eglantyne/simulation/install/champ_teleop:/home/hibiki/Robomech_HR/Eglantyne/simulation/install/champ_navigation:/home/hibiki/Robomech_HR/Eglantyne/simulation/install/champ_gazebo:/home/hibiki/Robomech_HR/Eglantyne/simulation/install/champ_bringup:/home/hibiki/Robomech_HR/Eglantyne/simulation/install/champ_base:/home/hibiki/Robomech_HR/Eglantyne/simulation/install/champ_msgs:/home/hibiki/Robomech_HR/Eglantyne/simulation/install/champ_description:/home/hibiki/Robomech_HR/Eglantyne/simulation/install/champ_config:/home/hibiki/Robomech_HR/Eglantyne/simulation/install/champ:/home/hibiki/Robomech_HR/Eglantyne/microros/ros2_pub_test/install/vel_pub:/opt/ros/humble CMAKE_PREFIX_PATH=/home/hibiki/Robomech_HR/Eglantyne/simulation/install/ros2_control_demo_description:/home/hibiki/Robomech_HR/Eglantyne/simulation/install/simple_sim:/home/hibiki/Robomech_HR/Eglantyne/simulation/install/ros2_control_demos:/home/hibiki/Robomech_HR/Eglantyne/simulation/install/ros2_control_demo_example_9:/home/hibiki/Robomech_HR/Eglantyne/simulation/install/ros2_control_demo_example_8:/home/hibiki/Robomech_HR/Eglantyne/simulation/install/ros2_control_demo_example_7:/home/hibiki/Robomech_HR/Eglantyne/simulation/install/ros2_control_demo_example_6:/home/hibiki/Robomech_HR/Eglantyne/simulation/install/ros2_control_demo_example_15:/home/hibiki/Robomech_HR/Eglantyne/simulation/install/ros2_control_demo_example_5:/home/hibiki/Robomech_HR/Eglantyne/simulation/install/ros2_control_demo_example_4:/home/hibiki/Robomech_HR/Eglantyne/simulation/install/ros2_control_demo_example_3:/home/hibiki/Robomech_HR/Eglantyne/simulation/install/ros2_control_demo_example_2:/home/hibiki/Robomech_HR/Eglantyne/simulation/install/ros2_control_demo_example_14:/home/hibiki/Robomech_HR/Eglantyne/simulation/install/ros2_control_demo_example_12:/home/hibiki/Robomech_HR/Eglantyne/simulation/install/ros2_control_demo_example_11:/home/hibiki/Robomech_HR/Eglantyne/simulation/install/ros2_control_demo_example_10:/home/hibiki/Robomech_HR/Eglantyne/simulation/install/ros2_control_demo_example_1:/home/hibiki/Robomech_HR/Eglantyne/simulation/install/gazebo_ros2_control_demos:/home/hibiki/Robomech_HR/Eglantyne/simulation/install/champ_teleop:/home/hibiki/Robomech_HR/Eglantyne/simulation/install/champ_navigation:/home/hibiki/Robomech_HR/Eglantyne/simulation/install/champ_gazebo:/home/hibiki/Robomech_HR/Eglantyne/simulation/install/champ_bringup:/home/hibiki/Robomech_HR/Eglantyne/simulation/install/champ_base:/home/hibiki/Robomech_HR/Eglantyne/simulation/install/champ_msgs:/home/hibiki/Robomech_HR/Eglantyne/simulation/install/champ_description:/home/hibiki/Robomech_HR/Eglantyne/simulation/install/champ_config:/home/hibiki/Robomech_HR/Eglantyne/simulation/install/ros2_control_demo_testing:/opt/ros/humble:/home/hibiki/Robomech_HR/Eglantyne/simulation/install/champ:/home/hibiki/Robomech_HR/Eglantyne/microros/ros2_pub_test/install/vel_pub PYTHONPATH=/home/hibiki/Robomech_HR/Eglantyne/simulation/install/ros2_control_demo_testing/lib/python3.10/site-packages:/home/hibiki/Robomech_HR/Eglantyne/simulation/install/simple_sim/lib/python3.10/site-packages:/home/hibiki/Robomech_HR/Eglantyne/simulation/install/champ_bringup/lib/python3.10/site-packages:/home/hibiki/Robomech_HR/Eglantyne/simulation/install/champ_msgs/lib/python3.10/site-packages:/opt/ros/humble/lib/python3.10/site-packages:/opt/ros/humble/local/lib/python3.10/dist-packages /usr/bin/cmake --install /home/hibiki/Robomech_HR/Eglantyne/simulation/build/ros2_control_demo_example_14
[1.088s] Level 1:colcon.colcon_core.shell:create_environment_hook('ros2_control_demo_example_14', 'cmake_prefix_path')
[1.089s] INFO:colcon.colcon_core.shell:Creating environment hook '/home/hibiki/Robomech_HR/Eglantyne/simulation/install/ros2_control_demo_example_14/share/ros2_control_demo_example_14/hook/cmake_prefix_path.ps1'
[1.089s] INFO:colcon.colcon_core.shell:Creating environment descriptor '/home/hibiki/Robomech_HR/Eglantyne/simulation/install/ros2_control_demo_example_14/share/ros2_control_demo_example_14/hook/cmake_prefix_path.dsv'
[1.089s] INFO:colcon.colcon_core.shell:Creating environment hook '/home/hibiki/Robomech_HR/Eglantyne/simulation/install/ros2_control_demo_example_14/share/ros2_control_demo_example_14/hook/cmake_prefix_path.sh'
[1.090s] Level 1:colcon.colcon_core.environment:checking '/home/hibiki/Robomech_HR/Eglantyne/simulation/install/ros2_control_demo_example_14/lib'
[1.090s] Level 1:colcon.colcon_core.shell:create_environment_hook('ros2_control_demo_example_14', 'ld_library_path_lib')
[1.090s] INFO:colcon.colcon_core.shell:Creating environment hook '/home/hibiki/Robomech_HR/Eglantyne/simulation/install/ros2_control_demo_example_14/share/ros2_control_demo_example_14/hook/ld_library_path_lib.ps1'
[1.090s] INFO:colcon.colcon_core.shell:Creating environment descriptor '/home/hibiki/Robomech_HR/Eglantyne/simulation/install/ros2_control_demo_example_14/share/ros2_control_demo_example_14/hook/ld_library_path_lib.dsv'
[1.090s] INFO:colcon.colcon_core.shell:Creating environment hook '/home/hibiki/Robomech_HR/Eglantyne/simulation/install/ros2_control_demo_example_14/share/ros2_control_demo_example_14/hook/ld_library_path_lib.sh'
[1.091s] Level 1:colcon.colcon_core.environment:checking '/home/hibiki/Robomech_HR/Eglantyne/simulation/install/ros2_control_demo_example_14/bin'
[1.091s] Level 1:colcon.colcon_core.environment:checking '/home/hibiki/Robomech_HR/Eglantyne/simulation/install/ros2_control_demo_example_14/lib/pkgconfig/ros2_control_demo_example_14.pc'
[1.091s] Level 1:colcon.colcon_core.environment:checking '/home/hibiki/Robomech_HR/Eglantyne/simulation/install/ros2_control_demo_example_14/lib/python3.10/site-packages'
[1.091s] Level 1:colcon.colcon_core.environment:checking '/home/hibiki/Robomech_HR/Eglantyne/simulation/install/ros2_control_demo_example_14/bin'
[1.091s] INFO:colcon.colcon_core.shell:Creating package script '/home/hibiki/Robomech_HR/Eglantyne/simulation/install/ros2_control_demo_example_14/share/ros2_control_demo_example_14/package.ps1'
[1.091s] INFO:colcon.colcon_core.shell:Creating package descriptor '/home/hibiki/Robomech_HR/Eglantyne/simulation/install/ros2_control_demo_example_14/share/ros2_control_demo_example_14/package.dsv'
[1.091s] INFO:colcon.colcon_core.shell:Creating package script '/home/hibiki/Robomech_HR/Eglantyne/simulation/install/ros2_control_demo_example_14/share/ros2_control_demo_example_14/package.sh'
[1.092s] INFO:colcon.colcon_core.shell:Creating package script '/home/hibiki/Robomech_HR/Eglantyne/simulation/install/ros2_control_demo_example_14/share/ros2_control_demo_example_14/package.bash'
[1.092s] INFO:colcon.colcon_core.shell:Creating package script '/home/hibiki/Robomech_HR/Eglantyne/simulation/install/ros2_control_demo_example_14/share/ros2_control_demo_example_14/package.zsh'
[1.092s] Level 1:colcon.colcon_core.environment:create_file_with_runtime_dependencies(/home/hibiki/Robomech_HR/Eglantyne/simulation/install/ros2_control_demo_example_14/share/colcon-core/packages/ros2_control_demo_example_14)
[1.094s] Level 1:colcon.colcon_core.environment:create_environment_scripts_only(ros2_control_demo_example_3)
[1.094s] Level 1:colcon.colcon_core.environment:checking '/home/hibiki/Robomech_HR/Eglantyne/simulation/install/ros2_control_demo_example_3' for CMake module files
[1.097s] DEBUG:colcon.colcon_core.event_handler.log_command:Invoked command in '/home/hibiki/Robomech_HR/Eglantyne/simulation/build/ros2_control_demo_example_3' returned '0': AMENT_PREFIX_PATH=/home/hibiki/Robomech_HR/Eglantyne/simulation/install/ros2_control_demo_testing:/home/hibiki/Robomech_HR/Eglantyne/simulation/install/simple_sim:/home/hibiki/Robomech_HR/Eglantyne/simulation/install/ros2_control_demos:/home/hibiki/Robomech_HR/Eglantyne/simulation/install/ros2_control_demo_example_9:/home/hibiki/Robomech_HR/Eglantyne/simulation/install/ros2_control_demo_example_8:/home/hibiki/Robomech_HR/Eglantyne/simulation/install/ros2_control_demo_example_7:/home/hibiki/Robomech_HR/Eglantyne/simulation/install/ros2_control_demo_example_6:/home/hibiki/Robomech_HR/Eglantyne/simulation/install/ros2_control_demo_example_15:/home/hibiki/Robomech_HR/Eglantyne/simulation/install/ros2_control_demo_example_5:/home/hibiki/Robomech_HR/Eglantyne/simulation/install/ros2_control_demo_example_4:/home/hibiki/Robomech_HR/Eglantyne/simulation/install/ros2_control_demo_example_3:/home/hibiki/Robomech_HR/Eglantyne/simulation/install/ros2_control_demo_example_2:/home/hibiki/Robomech_HR/Eglantyne/simulation/install/ros2_control_demo_example_14:/home/hibiki/Robomech_HR/Eglantyne/simulation/install/ros2_control_demo_example_12:/home/hibiki/Robomech_HR/Eglantyne/simulation/install/ros2_control_demo_example_11:/home/hibiki/Robomech_HR/Eglantyne/simulation/install/ros2_control_demo_example_10:/home/hibiki/Robomech_HR/Eglantyne/simulation/install/ros2_control_demo_example_1:/home/hibiki/Robomech_HR/Eglantyne/simulation/install/ros2_control_demo_description:/home/hibiki/Robomech_HR/Eglantyne/simulation/install/gazebo_ros2_control_demos:/home/hibiki/Robomech_HR/Eglantyne/simulation/install/champ_teleop:/home/hibiki/Robomech_HR/Eglantyne/simulation/install/champ_navigation:/home/hibiki/Robomech_HR/Eglantyne/simulation/install/champ_gazebo:/home/hibiki/Robomech_HR/Eglantyne/simulation/install/champ_bringup:/home/hibiki/Robomech_HR/Eglantyne/simulation/install/champ_base:/home/hibiki/Robomech_HR/Eglantyne/simulation/install/champ_msgs:/home/hibiki/Robomech_HR/Eglantyne/simulation/install/champ_description:/home/hibiki/Robomech_HR/Eglantyne/simulation/install/champ_config:/home/hibiki/Robomech_HR/Eglantyne/simulation/install/champ:/home/hibiki/Robomech_HR/Eglantyne/microros/ros2_pub_test/install/vel_pub:/opt/ros/humble CMAKE_PREFIX_PATH=/home/hibiki/Robomech_HR/Eglantyne/simulation/install/ros2_control_demo_description:/home/hibiki/Robomech_HR/Eglantyne/simulation/install/simple_sim:/home/hibiki/Robomech_HR/Eglantyne/simulation/install/ros2_control_demos:/home/hibiki/Robomech_HR/Eglantyne/simulation/install/ros2_control_demo_example_9:/home/hibiki/Robomech_HR/Eglantyne/simulation/install/ros2_control_demo_example_8:/home/hibiki/Robomech_HR/Eglantyne/simulation/install/ros2_control_demo_example_7:/home/hibiki/Robomech_HR/Eglantyne/simulation/install/ros2_control_demo_example_6:/home/hibiki/Robomech_HR/Eglantyne/simulation/install/ros2_control_demo_example_15:/home/hibiki/Robomech_HR/Eglantyne/simulation/install/ros2_control_demo_example_5:/home/hibiki/Robomech_HR/Eglantyne/simulation/install/ros2_control_demo_example_4:/home/hibiki/Robomech_HR/Eglantyne/simulation/install/ros2_control_demo_example_3:/home/hibiki/Robomech_HR/Eglantyne/simulation/install/ros2_control_demo_example_2:/home/hibiki/Robomech_HR/Eglantyne/simulation/install/ros2_control_demo_example_14:/home/hibiki/Robomech_HR/Eglantyne/simulation/install/ros2_control_demo_example_12:/home/hibiki/Robomech_HR/Eglantyne/simulation/install/ros2_control_demo_example_11:/home/hibiki/Robomech_HR/Eglantyne/simulation/install/ros2_control_demo_example_10:/home/hibiki/Robomech_HR/Eglantyne/simulation/install/ros2_control_demo_example_1:/home/hibiki/Robomech_HR/Eglantyne/simulation/install/gazebo_ros2_control_demos:/home/hibiki/Robomech_HR/Eglantyne/simulation/install/champ_teleop:/home/hibiki/Robomech_HR/Eglantyne/simulation/install/champ_navigation:/home/hibiki/Robomech_HR/Eglantyne/simulation/install/champ_gazebo:/home/hibiki/Robomech_HR/Eglantyne/simulation/install/champ_bringup:/home/hibiki/Robomech_HR/Eglantyne/simulation/install/champ_base:/home/hibiki/Robomech_HR/Eglantyne/simulation/install/champ_msgs:/home/hibiki/Robomech_HR/Eglantyne/simulation/install/champ_description:/home/hibiki/Robomech_HR/Eglantyne/simulation/install/champ_config:/home/hibiki/Robomech_HR/Eglantyne/simulation/install/ros2_control_demo_testing:/opt/ros/humble:/home/hibiki/Robomech_HR/Eglantyne/simulation/install/champ:/home/hibiki/Robomech_HR/Eglantyne/microros/ros2_pub_test/install/vel_pub PYTHONPATH=/home/hibiki/Robomech_HR/Eglantyne/simulation/install/ros2_control_demo_testing/lib/python3.10/site-packages:/home/hibiki/Robomech_HR/Eglantyne/simulation/install/simple_sim/lib/python3.10/site-packages:/home/hibiki/Robomech_HR/Eglantyne/simulation/install/champ_bringup/lib/python3.10/site-packages:/home/hibiki/Robomech_HR/Eglantyne/simulation/install/champ_msgs/lib/python3.10/site-packages:/opt/ros/humble/lib/python3.10/site-packages:/opt/ros/humble/local/lib/python3.10/dist-packages /usr/bin/cmake --install /home/hibiki/Robomech_HR/Eglantyne/simulation/build/ros2_control_demo_example_3
[1.097s] Level 1:colcon.colcon_core.environment:checking '/home/hibiki/Robomech_HR/Eglantyne/simulation/install/ros2_control_demo_example_3' for CMake config files
[1.098s] Level 1:colcon.colcon_core.shell:create_environment_hook('ros2_control_demo_example_3', 'cmake_prefix_path')
[1.099s] INFO:colcon.colcon_core.shell:Creating environment hook '/home/hibiki/Robomech_HR/Eglantyne/simulation/install/ros2_control_demo_example_3/share/ros2_control_demo_example_3/hook/cmake_prefix_path.ps1'
[1.099s] INFO:colcon.colcon_core.shell:Creating environment descriptor '/home/hibiki/Robomech_HR/Eglantyne/simulation/install/ros2_control_demo_example_3/share/ros2_control_demo_example_3/hook/cmake_prefix_path.dsv'
[1.099s] INFO:colcon.colcon_core.shell:Creating environment hook '/home/hibiki/Robomech_HR/Eglantyne/simulation/install/ros2_control_demo_example_3/share/ros2_control_demo_example_3/hook/cmake_prefix_path.sh'
[1.100s] Level 1:colcon.colcon_core.environment:checking '/home/hibiki/Robomech_HR/Eglantyne/simulation/install/ros2_control_demo_example_3/lib'
[1.100s] Level 1:colcon.colcon_core.shell:create_environment_hook('ros2_control_demo_example_3', 'ld_library_path_lib')
[1.100s] INFO:colcon.colcon_core.shell:Creating environment hook '/home/hibiki/Robomech_HR/Eglantyne/simulation/install/ros2_control_demo_example_3/share/ros2_control_demo_example_3/hook/ld_library_path_lib.ps1'
[1.101s] INFO:colcon.colcon_core.shell:Creating environment descriptor '/home/hibiki/Robomech_HR/Eglantyne/simulation/install/ros2_control_demo_example_3/share/ros2_control_demo_example_3/hook/ld_library_path_lib.dsv'
[1.101s] INFO:colcon.colcon_core.shell:Creating environment hook '/home/hibiki/Robomech_HR/Eglantyne/simulation/install/ros2_control_demo_example_3/share/ros2_control_demo_example_3/hook/ld_library_path_lib.sh'
[1.101s] Level 1:colcon.colcon_core.environment:checking '/home/hibiki/Robomech_HR/Eglantyne/simulation/install/ros2_control_demo_example_3/bin'
[1.101s] Level 1:colcon.colcon_core.environment:checking '/home/hibiki/Robomech_HR/Eglantyne/simulation/install/ros2_control_demo_example_3/lib/pkgconfig/ros2_control_demo_example_3.pc'
[1.101s] Level 1:colcon.colcon_core.environment:checking '/home/hibiki/Robomech_HR/Eglantyne/simulation/install/ros2_control_demo_example_3/lib/python3.10/site-packages'
[1.102s] Level 1:colcon.colcon_core.environment:checking '/home/hibiki/Robomech_HR/Eglantyne/simulation/install/ros2_control_demo_example_3/bin'
[1.102s] INFO:colcon.colcon_core.shell:Creating package script '/home/hibiki/Robomech_HR/Eglantyne/simulation/install/ros2_control_demo_example_3/share/ros2_control_demo_example_3/package.ps1'
[1.102s] INFO:colcon.colcon_core.shell:Creating package descriptor '/home/hibiki/Robomech_HR/Eglantyne/simulation/install/ros2_control_demo_example_3/share/ros2_control_demo_example_3/package.dsv'
[1.103s] INFO:colcon.colcon_core.shell:Creating package script '/home/hibiki/Robomech_HR/Eglantyne/simulation/install/ros2_control_demo_example_3/share/ros2_control_demo_example_3/package.sh'
[1.103s] INFO:colcon.colcon_core.shell:Creating package script '/home/hibiki/Robomech_HR/Eglantyne/simulation/install/ros2_control_demo_example_3/share/ros2_control_demo_example_3/package.bash'
[1.104s] INFO:colcon.colcon_core.shell:Creating package script '/home/hibiki/Robomech_HR/Eglantyne/simulation/install/ros2_control_demo_example_3/share/ros2_control_demo_example_3/package.zsh'
[1.104s] Level 1:colcon.colcon_core.environment:create_file_with_runtime_dependencies(/home/hibiki/Robomech_HR/Eglantyne/simulation/install/ros2_control_demo_example_3/share/colcon-core/packages/ros2_control_demo_example_3)
[1.105s] Level 1:colcon.colcon_core.environment:create_environment_scripts_only(ros2_control_demo_example_4)
[1.105s] Level 1:colcon.colcon_core.environment:checking '/home/hibiki/Robomech_HR/Eglantyne/simulation/install/ros2_control_demo_example_4' for CMake module files
[1.106s] DEBUG:colcon.colcon_core.event_handler.log_command:Invoked command in '/home/hibiki/Robomech_HR/Eglantyne/simulation/build/ros2_control_demo_example_4' returned '0': AMENT_PREFIX_PATH=/home/hibiki/Robomech_HR/Eglantyne/simulation/install/ros2_control_demo_testing:/home/hibiki/Robomech_HR/Eglantyne/simulation/install/simple_sim:/home/hibiki/Robomech_HR/Eglantyne/simulation/install/ros2_control_demos:/home/hibiki/Robomech_HR/Eglantyne/simulation/install/ros2_control_demo_example_9:/home/hibiki/Robomech_HR/Eglantyne/simulation/install/ros2_control_demo_example_8:/home/hibiki/Robomech_HR/Eglantyne/simulation/install/ros2_control_demo_example_7:/home/hibiki/Robomech_HR/Eglantyne/simulation/install/ros2_control_demo_example_6:/home/hibiki/Robomech_HR/Eglantyne/simulation/install/ros2_control_demo_example_15:/home/hibiki/Robomech_HR/Eglantyne/simulation/install/ros2_control_demo_example_5:/home/hibiki/Robomech_HR/Eglantyne/simulation/install/ros2_control_demo_example_4:/home/hibiki/Robomech_HR/Eglantyne/simulation/install/ros2_control_demo_example_3:/home/hibiki/Robomech_HR/Eglantyne/simulation/install/ros2_control_demo_example_2:/home/hibiki/Robomech_HR/Eglantyne/simulation/install/ros2_control_demo_example_14:/home/hibiki/Robomech_HR/Eglantyne/simulation/install/ros2_control_demo_example_12:/home/hibiki/Robomech_HR/Eglantyne/simulation/install/ros2_control_demo_example_11:/home/hibiki/Robomech_HR/Eglantyne/simulation/install/ros2_control_demo_example_10:/home/hibiki/Robomech_HR/Eglantyne/simulation/install/ros2_control_demo_example_1:/home/hibiki/Robomech_HR/Eglantyne/simulation/install/ros2_control_demo_description:/home/hibiki/Robomech_HR/Eglantyne/simulation/install/gazebo_ros2_control_demos:/home/hibiki/Robomech_HR/Eglantyne/simulation/install/champ_teleop:/home/hibiki/Robomech_HR/Eglantyne/simulation/install/champ_navigation:/home/hibiki/Robomech_HR/Eglantyne/simulation/install/champ_gazebo:/home/hibiki/Robomech_HR/Eglantyne/simulation/install/champ_bringup:/home/hibiki/Robomech_HR/Eglantyne/simulation/install/champ_base:/home/hibiki/Robomech_HR/Eglantyne/simulation/install/champ_msgs:/home/hibiki/Robomech_HR/Eglantyne/simulation/install/champ_description:/home/hibiki/Robomech_HR/Eglantyne/simulation/install/champ_config:/home/hibiki/Robomech_HR/Eglantyne/simulation/install/champ:/home/hibiki/Robomech_HR/Eglantyne/microros/ros2_pub_test/install/vel_pub:/opt/ros/humble CMAKE_PREFIX_PATH=/home/hibiki/Robomech_HR/Eglantyne/simulation/install/ros2_control_demo_description:/home/hibiki/Robomech_HR/Eglantyne/simulation/install/simple_sim:/home/hibiki/Robomech_HR/Eglantyne/simulation/install/ros2_control_demos:/home/hibiki/Robomech_HR/Eglantyne/simulation/install/ros2_control_demo_example_9:/home/hibiki/Robomech_HR/Eglantyne/simulation/install/ros2_control_demo_example_8:/home/hibiki/Robomech_HR/Eglantyne/simulation/install/ros2_control_demo_example_7:/home/hibiki/Robomech_HR/Eglantyne/simulation/install/ros2_control_demo_example_6:/home/hibiki/Robomech_HR/Eglantyne/simulation/install/ros2_control_demo_example_15:/home/hibiki/Robomech_HR/Eglantyne/simulation/install/ros2_control_demo_example_5:/home/hibiki/Robomech_HR/Eglantyne/simulation/install/ros2_control_demo_example_4:/home/hibiki/Robomech_HR/Eglantyne/simulation/install/ros2_control_demo_example_3:/home/hibiki/Robomech_HR/Eglantyne/simulation/install/ros2_control_demo_example_2:/home/hibiki/Robomech_HR/Eglantyne/simulation/install/ros2_control_demo_example_14:/home/hibiki/Robomech_HR/Eglantyne/simulation/install/ros2_control_demo_example_12:/home/hibiki/Robomech_HR/Eglantyne/simulation/install/ros2_control_demo_example_11:/home/hibiki/Robomech_HR/Eglantyne/simulation/install/ros2_control_demo_example_10:/home/hibiki/Robomech_HR/Eglantyne/simulation/install/ros2_control_demo_example_1:/home/hibiki/Robomech_HR/Eglantyne/simulation/install/gazebo_ros2_control_demos:/home/hibiki/Robomech_HR/Eglantyne/simulation/install/champ_teleop:/home/hibiki/Robomech_HR/Eglantyne/simulation/install/champ_navigation:/home/hibiki/Robomech_HR/Eglantyne/simulation/install/champ_gazebo:/home/hibiki/Robomech_HR/Eglantyne/simulation/install/champ_bringup:/home/hibiki/Robomech_HR/Eglantyne/simulation/install/champ_base:/home/hibiki/Robomech_HR/Eglantyne/simulation/install/champ_msgs:/home/hibiki/Robomech_HR/Eglantyne/simulation/install/champ_description:/home/hibiki/Robomech_HR/Eglantyne/simulation/install/champ_config:/home/hibiki/Robomech_HR/Eglantyne/simulation/install/ros2_control_demo_testing:/opt/ros/humble:/home/hibiki/Robomech_HR/Eglantyne/simulation/install/champ:/home/hibiki/Robomech_HR/Eglantyne/microros/ros2_pub_test/install/vel_pub PYTHONPATH=/home/hibiki/Robomech_HR/Eglantyne/simulation/install/ros2_control_demo_testing/lib/python3.10/site-packages:/home/hibiki/Robomech_HR/Eglantyne/simulation/install/simple_sim/lib/python3.10/site-packages:/home/hibiki/Robomech_HR/Eglantyne/simulation/install/champ_bringup/lib/python3.10/site-packages:/home/hibiki/Robomech_HR/Eglantyne/simulation/install/champ_msgs/lib/python3.10/site-packages:/opt/ros/humble/lib/python3.10/site-packages:/opt/ros/humble/local/lib/python3.10/dist-packages /usr/bin/cmake --install /home/hibiki/Robomech_HR/Eglantyne/simulation/build/ros2_control_demo_example_4
[1.106s] Level 1:colcon.colcon_core.environment:checking '/home/hibiki/Robomech_HR/Eglantyne/simulation/install/ros2_control_demo_example_4' for CMake config files
[1.106s] Level 1:colcon.colcon_core.shell:create_environment_hook('ros2_control_demo_example_4', 'cmake_prefix_path')
[1.106s] INFO:colcon.colcon_core.shell:Creating environment hook '/home/hibiki/Robomech_HR/Eglantyne/simulation/install/ros2_control_demo_example_4/share/ros2_control_demo_example_4/hook/cmake_prefix_path.ps1'
[1.107s] INFO:colcon.colcon_core.shell:Creating environment descriptor '/home/hibiki/Robomech_HR/Eglantyne/simulation/install/ros2_control_demo_example_4/share/ros2_control_demo_example_4/hook/cmake_prefix_path.dsv'
[1.107s] INFO:colcon.colcon_core.shell:Creating environment hook '/home/hibiki/Robomech_HR/Eglantyne/simulation/install/ros2_control_demo_example_4/share/ros2_control_demo_example_4/hook/cmake_prefix_path.sh'
[1.108s] Level 1:colcon.colcon_core.environment:checking '/home/hibiki/Robomech_HR/Eglantyne/simulation/install/ros2_control_demo_example_4/lib'
[1.108s] Level 1:colcon.colcon_core.shell:create_environment_hook('ros2_control_demo_example_4', 'ld_library_path_lib')
[1.108s] INFO:colcon.colcon_core.shell:Creating environment hook '/home/hibiki/Robomech_HR/Eglantyne/simulation/install/ros2_control_demo_example_4/share/ros2_control_demo_example_4/hook/ld_library_path_lib.ps1'
[1.108s] INFO:colcon.colcon_core.shell:Creating environment descriptor '/home/hibiki/Robomech_HR/Eglantyne/simulation/install/ros2_control_demo_example_4/share/ros2_control_demo_example_4/hook/ld_library_path_lib.dsv'
[1.108s] INFO:colcon.colcon_core.shell:Creating environment hook '/home/hibiki/Robomech_HR/Eglantyne/simulation/install/ros2_control_demo_example_4/share/ros2_control_demo_example_4/hook/ld_library_path_lib.sh'
[1.109s] Level 1:colcon.colcon_core.environment:checking '/home/hibiki/Robomech_HR/Eglantyne/simulation/install/ros2_control_demo_example_4/bin'
[1.109s] Level 1:colcon.colcon_core.environment:checking '/home/hibiki/Robomech_HR/Eglantyne/simulation/install/ros2_control_demo_example_4/lib/pkgconfig/ros2_control_demo_example_4.pc'
[1.109s] Level 1:colcon.colcon_core.environment:checking '/home/hibiki/Robomech_HR/Eglantyne/simulation/install/ros2_control_demo_example_4/lib/python3.10/site-packages'
[1.109s] Level 1:colcon.colcon_core.environment:checking '/home/hibiki/Robomech_HR/Eglantyne/simulation/install/ros2_control_demo_example_4/bin'
[1.110s] INFO:colcon.colcon_core.shell:Creating package script '/home/hibiki/Robomech_HR/Eglantyne/simulation/install/ros2_control_demo_example_4/share/ros2_control_demo_example_4/package.ps1'
[1.110s] INFO:colcon.colcon_core.shell:Creating package descriptor '/home/hibiki/Robomech_HR/Eglantyne/simulation/install/ros2_control_demo_example_4/share/ros2_control_demo_example_4/package.dsv'
[1.110s] INFO:colcon.colcon_core.shell:Creating package script '/home/hibiki/Robomech_HR/Eglantyne/simulation/install/ros2_control_demo_example_4/share/ros2_control_demo_example_4/package.sh'
[1.111s] INFO:colcon.colcon_core.shell:Creating package script '/home/hibiki/Robomech_HR/Eglantyne/simulation/install/ros2_control_demo_example_4/share/ros2_control_demo_example_4/package.bash'
[1.111s] INFO:colcon.colcon_core.shell:Creating package script '/home/hibiki/Robomech_HR/Eglantyne/simulation/install/ros2_control_demo_example_4/share/ros2_control_demo_example_4/package.zsh'
[1.111s] Level 1:colcon.colcon_core.environment:create_file_with_runtime_dependencies(/home/hibiki/Robomech_HR/Eglantyne/simulation/install/ros2_control_demo_example_4/share/colcon-core/packages/ros2_control_demo_example_4)
[1.114s] DEBUG:colcon.colcon_core.event_handler.log_command:Invoking command in '/home/hibiki/Robomech_HR/Eglantyne/simulation/build/ros2_control_demo_example_9': AMENT_PREFIX_PATH=/home/hibiki/Robomech_HR/Eglantyne/simulation/install/ros2_control_demo_testing:/home/hibiki/Robomech_HR/Eglantyne/simulation/install/simple_sim:/home/hibiki/Robomech_HR/Eglantyne/simulation/install/ros2_control_demos:/home/hibiki/Robomech_HR/Eglantyne/simulation/install/ros2_control_demo_example_9:/home/hibiki/Robomech_HR/Eglantyne/simulation/install/ros2_control_demo_example_8:/home/hibiki/Robomech_HR/Eglantyne/simulation/install/ros2_control_demo_example_7:/home/hibiki/Robomech_HR/Eglantyne/simulation/install/ros2_control_demo_example_6:/home/hibiki/Robomech_HR/Eglantyne/simulation/install/ros2_control_demo_example_15:/home/hibiki/Robomech_HR/Eglantyne/simulation/install/ros2_control_demo_example_5:/home/hibiki/Robomech_HR/Eglantyne/simulation/install/ros2_control_demo_example_4:/home/hibiki/Robomech_HR/Eglantyne/simulation/install/ros2_control_demo_example_3:/home/hibiki/Robomech_HR/Eglantyne/simulation/install/ros2_control_demo_example_2:/home/hibiki/Robomech_HR/Eglantyne/simulation/install/ros2_control_demo_example_14:/home/hibiki/Robomech_HR/Eglantyne/simulation/install/ros2_control_demo_example_12:/home/hibiki/Robomech_HR/Eglantyne/simulation/install/ros2_control_demo_example_11:/home/hibiki/Robomech_HR/Eglantyne/simulation/install/ros2_control_demo_example_10:/home/hibiki/Robomech_HR/Eglantyne/simulation/install/ros2_control_demo_example_1:/home/hibiki/Robomech_HR/Eglantyne/simulation/install/ros2_control_demo_description:/home/hibiki/Robomech_HR/Eglantyne/simulation/install/gazebo_ros2_control_demos:/home/hibiki/Robomech_HR/Eglantyne/simulation/install/champ_teleop:/home/hibiki/Robomech_HR/Eglantyne/simulation/install/champ_navigation:/home/hibiki/Robomech_HR/Eglantyne/simulation/install/champ_gazebo:/home/hibiki/Robomech_HR/Eglantyne/simulation/install/champ_bringup:/home/hibiki/Robomech_HR/Eglantyne/simulation/install/champ_base:/home/hibiki/Robomech_HR/Eglantyne/simulation/install/champ_msgs:/home/hibiki/Robomech_HR/Eglantyne/simulation/install/champ_description:/home/hibiki/Robomech_HR/Eglantyne/simulation/install/champ_config:/home/hibiki/Robomech_HR/Eglantyne/simulation/install/champ:/home/hibiki/Robomech_HR/Eglantyne/microros/ros2_pub_test/install/vel_pub:/opt/ros/humble CMAKE_PREFIX_PATH=/home/hibiki/Robomech_HR/Eglantyne/simulation/install/ros2_control_demo_description:/home/hibiki/Robomech_HR/Eglantyne/simulation/install/simple_sim:/home/hibiki/Robomech_HR/Eglantyne/simulation/install/ros2_control_demos:/home/hibiki/Robomech_HR/Eglantyne/simulation/install/ros2_control_demo_example_9:/home/hibiki/Robomech_HR/Eglantyne/simulation/install/ros2_control_demo_example_8:/home/hibiki/Robomech_HR/Eglantyne/simulation/install/ros2_control_demo_example_7:/home/hibiki/Robomech_HR/Eglantyne/simulation/install/ros2_control_demo_example_6:/home/hibiki/Robomech_HR/Eglantyne/simulation/install/ros2_control_demo_example_15:/home/hibiki/Robomech_HR/Eglantyne/simulation/install/ros2_control_demo_example_5:/home/hibiki/Robomech_HR/Eglantyne/simulation/install/ros2_control_demo_example_4:/home/hibiki/Robomech_HR/Eglantyne/simulation/install/ros2_control_demo_example_3:/home/hibiki/Robomech_HR/Eglantyne/simulation/install/ros2_control_demo_example_2:/home/hibiki/Robomech_HR/Eglantyne/simulation/install/ros2_control_demo_example_14:/home/hibiki/Robomech_HR/Eglantyne/simulation/install/ros2_control_demo_example_12:/home/hibiki/Robomech_HR/Eglantyne/simulation/install/ros2_control_demo_example_11:/home/hibiki/Robomech_HR/Eglantyne/simulation/install/ros2_control_demo_example_10:/home/hibiki/Robomech_HR/Eglantyne/simulation/install/ros2_control_demo_example_1:/home/hibiki/Robomech_HR/Eglantyne/simulation/install/gazebo_ros2_control_demos:/home/hibiki/Robomech_HR/Eglantyne/simulation/install/champ_teleop:/home/hibiki/Robomech_HR/Eglantyne/simulation/install/champ_navigation:/home/hibiki/Robomech_HR/Eglantyne/simulation/install/champ_gazebo:/home/hibiki/Robomech_HR/Eglantyne/simulation/install/champ_bringup:/home/hibiki/Robomech_HR/Eglantyne/simulation/install/champ_base:/home/hibiki/Robomech_HR/Eglantyne/simulation/install/champ_msgs:/home/hibiki/Robomech_HR/Eglantyne/simulation/install/champ_description:/home/hibiki/Robomech_HR/Eglantyne/simulation/install/champ_config:/home/hibiki/Robomech_HR/Eglantyne/simulation/install/ros2_control_demo_testing:/opt/ros/humble:/home/hibiki/Robomech_HR/Eglantyne/simulation/install/champ:/home/hibiki/Robomech_HR/Eglantyne/microros/ros2_pub_test/install/vel_pub PYTHONPATH=/home/hibiki/Robomech_HR/Eglantyne/simulation/install/ros2_control_demo_testing/lib/python3.10/site-packages:/home/hibiki/Robomech_HR/Eglantyne/simulation/install/simple_sim/lib/python3.10/site-packages:/home/hibiki/Robomech_HR/Eglantyne/simulation/install/champ_bringup/lib/python3.10/site-packages:/home/hibiki/Robomech_HR/Eglantyne/simulation/install/champ_msgs/lib/python3.10/site-packages:/opt/ros/humble/lib/python3.10/site-packages:/opt/ros/humble/local/lib/python3.10/dist-packages /usr/bin/cmake --install /home/hibiki/Robomech_HR/Eglantyne/simulation/build/ros2_control_demo_example_9
[1.114s] Level 1:colcon.colcon_core.environment:create_environment_scripts_only(ros2_control_demo_example_1)
[1.115s] Level 1:colcon.colcon_core.environment:checking '/home/hibiki/Robomech_HR/Eglantyne/simulation/install/ros2_control_demo_example_1' for CMake module files
[1.115s] Level 1:colcon.colcon_core.environment:checking '/home/hibiki/Robomech_HR/Eglantyne/simulation/install/ros2_control_demo_example_1' for CMake config files
[1.115s] Level 1:colcon.colcon_core.shell:create_environment_hook('ros2_control_demo_example_1', 'cmake_prefix_path')
[1.116s] INFO:colcon.colcon_core.shell:Creating environment hook '/home/hibiki/Robomech_HR/Eglantyne/simulation/install/ros2_control_demo_example_1/share/ros2_control_demo_example_1/hook/cmake_prefix_path.ps1'
[1.116s] INFO:colcon.colcon_core.shell:Creating environment descriptor '/home/hibiki/Robomech_HR/Eglantyne/simulation/install/ros2_control_demo_example_1/share/ros2_control_demo_example_1/hook/cmake_prefix_path.dsv'
[1.116s] INFO:colcon.colcon_core.shell:Creating environment hook '/home/hibiki/Robomech_HR/Eglantyne/simulation/install/ros2_control_demo_example_1/share/ros2_control_demo_example_1/hook/cmake_prefix_path.sh'
[1.117s] Level 1:colcon.colcon_core.environment:checking '/home/hibiki/Robomech_HR/Eglantyne/simulation/install/ros2_control_demo_example_1/lib'
[1.117s] Level 1:colcon.colcon_core.shell:create_environment_hook('ros2_control_demo_example_1', 'ld_library_path_lib')
[1.117s] INFO:colcon.colcon_core.shell:Creating environment hook '/home/hibiki/Robomech_HR/Eglantyne/simulation/install/ros2_control_demo_example_1/share/ros2_control_demo_example_1/hook/ld_library_path_lib.ps1'
[1.118s] INFO:colcon.colcon_core.shell:Creating environment descriptor '/home/hibiki/Robomech_HR/Eglantyne/simulation/install/ros2_control_demo_example_1/share/ros2_control_demo_example_1/hook/ld_library_path_lib.dsv'
[1.118s] INFO:colcon.colcon_core.shell:Creating environment hook '/home/hibiki/Robomech_HR/Eglantyne/simulation/install/ros2_control_demo_example_1/share/ros2_control_demo_example_1/hook/ld_library_path_lib.sh'
[1.118s] Level 1:colcon.colcon_core.environment:checking '/home/hibiki/Robomech_HR/Eglantyne/simulation/install/ros2_control_demo_example_1/bin'
[1.118s] Level 1:colcon.colcon_core.environment:checking '/home/hibiki/Robomech_HR/Eglantyne/simulation/install/ros2_control_demo_example_1/lib/pkgconfig/ros2_control_demo_example_1.pc'
[1.119s] Level 1:colcon.colcon_core.environment:checking '/home/hibiki/Robomech_HR/Eglantyne/simulation/install/ros2_control_demo_example_1/lib/python3.10/site-packages'
[1.119s] Level 1:colcon.colcon_core.environment:checking '/home/hibiki/Robomech_HR/Eglantyne/simulation/install/ros2_control_demo_example_1/bin'
[1.119s] INFO:colcon.colcon_core.shell:Creating package script '/home/hibiki/Robomech_HR/Eglantyne/simulation/install/ros2_control_demo_example_1/share/ros2_control_demo_example_1/package.ps1'
[1.120s] INFO:colcon.colcon_core.shell:Creating package descriptor '/home/hibiki/Robomech_HR/Eglantyne/simulation/install/ros2_control_demo_example_1/share/ros2_control_demo_example_1/package.dsv'
[1.120s] INFO:colcon.colcon_core.shell:Creating package script '/home/hibiki/Robomech_HR/Eglantyne/simulation/install/ros2_control_demo_example_1/share/ros2_control_demo_example_1/package.sh'
[1.121s] INFO:colcon.colcon_core.shell:Creating package script '/home/hibiki/Robomech_HR/Eglantyne/simulation/install/ros2_control_demo_example_1/share/ros2_control_demo_example_1/package.bash'
[1.121s] INFO:colcon.colcon_core.shell:Creating package script '/home/hibiki/Robomech_HR/Eglantyne/simulation/install/ros2_control_demo_example_1/share/ros2_control_demo_example_1/package.zsh'
[1.122s] Level 1:colcon.colcon_core.environment:create_file_with_runtime_dependencies(/home/hibiki/Robomech_HR/Eglantyne/simulation/install/ros2_control_demo_example_1/share/colcon-core/packages/ros2_control_demo_example_1)
[1.123s] Level 1:colcon.colcon_core.environment:create_environment_scripts_only(champ_msgs)
[1.124s] Level 1:colcon.colcon_core.environment:checking '/home/hibiki/Robomech_HR/Eglantyne/simulation/install/champ_msgs' for CMake module files
[1.125s] Level 1:colcon.colcon_core.environment:checking '/home/hibiki/Robomech_HR/Eglantyne/simulation/install/champ_msgs' for CMake config files
[1.126s] Level 1:colcon.colcon_core.shell:create_environment_hook('champ_msgs', 'cmake_prefix_path')
[1.127s] INFO:colcon.colcon_core.shell:Creating environment hook '/home/hibiki/Robomech_HR/Eglantyne/simulation/install/champ_msgs/share/champ_msgs/hook/cmake_prefix_path.ps1'
[1.127s] INFO:colcon.colcon_core.shell:Creating environment descriptor '/home/hibiki/Robomech_HR/Eglantyne/simulation/install/champ_msgs/share/champ_msgs/hook/cmake_prefix_path.dsv'
[1.127s] INFO:colcon.colcon_core.shell:Creating environment hook '/home/hibiki/Robomech_HR/Eglantyne/simulation/install/champ_msgs/share/champ_msgs/hook/cmake_prefix_path.sh'
[1.127s] Level 1:colcon.colcon_core.environment:checking '/home/hibiki/Robomech_HR/Eglantyne/simulation/install/champ_msgs/lib'
[1.127s] Level 1:colcon.colcon_core.shell:create_environment_hook('champ_msgs', 'ld_library_path_lib')
[1.128s] INFO:colcon.colcon_core.shell:Creating environment hook '/home/hibiki/Robomech_HR/Eglantyne/simulation/install/champ_msgs/share/champ_msgs/hook/ld_library_path_lib.ps1'
[1.128s] INFO:colcon.colcon_core.shell:Creating environment descriptor '/home/hibiki/Robomech_HR/Eglantyne/simulation/install/champ_msgs/share/champ_msgs/hook/ld_library_path_lib.dsv'
[1.128s] INFO:colcon.colcon_core.shell:Creating environment hook '/home/hibiki/Robomech_HR/Eglantyne/simulation/install/champ_msgs/share/champ_msgs/hook/ld_library_path_lib.sh'
[1.128s] Level 1:colcon.colcon_core.environment:checking '/home/hibiki/Robomech_HR/Eglantyne/simulation/install/champ_msgs/bin'
[1.128s] Level 1:colcon.colcon_core.environment:checking '/home/hibiki/Robomech_HR/Eglantyne/simulation/install/champ_msgs/lib/pkgconfig/champ_msgs.pc'
[1.128s] Level 1:colcon.colcon_core.environment:checking '/home/hibiki/Robomech_HR/Eglantyne/simulation/install/champ_msgs/lib/python3.10/site-packages'
[1.128s] Level 1:colcon.colcon_core.shell:create_environment_hook('champ_msgs', 'pythonpath')
[1.128s] INFO:colcon.colcon_core.shell:Creating environment hook '/home/hibiki/Robomech_HR/Eglantyne/simulation/install/champ_msgs/share/champ_msgs/hook/pythonpath.ps1'
[1.129s] INFO:colcon.colcon_core.shell:Creating environment descriptor '/home/hibiki/Robomech_HR/Eglantyne/simulation/install/champ_msgs/share/champ_msgs/hook/pythonpath.dsv'
[1.129s] INFO:colcon.colcon_core.shell:Creating environment hook '/home/hibiki/Robomech_HR/Eglantyne/simulation/install/champ_msgs/share/champ_msgs/hook/pythonpath.sh'
[1.129s] Level 1:colcon.colcon_core.environment:checking '/home/hibiki/Robomech_HR/Eglantyne/simulation/install/champ_msgs/bin'
[1.129s] INFO:colcon.colcon_core.shell:Creating package script '/home/hibiki/Robomech_HR/Eglantyne/simulation/install/champ_msgs/share/champ_msgs/package.ps1'
[1.130s] INFO:colcon.colcon_core.shell:Creating package descriptor '/home/hibiki/Robomech_HR/Eglantyne/simulation/install/champ_msgs/share/champ_msgs/package.dsv'
[1.130s] INFO:colcon.colcon_core.shell:Creating package script '/home/hibiki/Robomech_HR/Eglantyne/simulation/install/champ_msgs/share/champ_msgs/package.sh'
[1.130s] INFO:colcon.colcon_core.shell:Creating package script '/home/hibiki/Robomech_HR/Eglantyne/simulation/install/champ_msgs/share/champ_msgs/package.bash'
[1.130s] INFO:colcon.colcon_core.shell:Creating package script '/home/hibiki/Robomech_HR/Eglantyne/simulation/install/champ_msgs/share/champ_msgs/package.zsh'
[1.131s] Level 1:colcon.colcon_core.environment:create_file_with_runtime_dependencies(/home/hibiki/Robomech_HR/Eglantyne/simulation/install/champ_msgs/share/colcon-core/packages/champ_msgs)
[1.131s] Level 1:colcon.colcon_core.environment:create_environment_scripts_only(ros2_control_demo_example_6)
[1.131s] Level 1:colcon.colcon_core.environment:checking '/home/hibiki/Robomech_HR/Eglantyne/simulation/install/ros2_control_demo_example_6' for CMake module files
[1.132s] DEBUG:colcon.colcon_core.event_handler.log_command:Invoked command in '/home/hibiki/Robomech_HR/Eglantyne/simulation/build/ros2_control_demo_example_6' returned '0': AMENT_PREFIX_PATH=/home/hibiki/Robomech_HR/Eglantyne/simulation/install/ros2_control_demo_testing:/home/hibiki/Robomech_HR/Eglantyne/simulation/install/simple_sim:/home/hibiki/Robomech_HR/Eglantyne/simulation/install/ros2_control_demos:/home/hibiki/Robomech_HR/Eglantyne/simulation/install/ros2_control_demo_example_9:/home/hibiki/Robomech_HR/Eglantyne/simulation/install/ros2_control_demo_example_8:/home/hibiki/Robomech_HR/Eglantyne/simulation/install/ros2_control_demo_example_7:/home/hibiki/Robomech_HR/Eglantyne/simulation/install/ros2_control_demo_example_6:/home/hibiki/Robomech_HR/Eglantyne/simulation/install/ros2_control_demo_example_15:/home/hibiki/Robomech_HR/Eglantyne/simulation/install/ros2_control_demo_example_5:/home/hibiki/Robomech_HR/Eglantyne/simulation/install/ros2_control_demo_example_4:/home/hibiki/Robomech_HR/Eglantyne/simulation/install/ros2_control_demo_example_3:/home/hibiki/Robomech_HR/Eglantyne/simulation/install/ros2_control_demo_example_2:/home/hibiki/Robomech_HR/Eglantyne/simulation/install/ros2_control_demo_example_14:/home/hibiki/Robomech_HR/Eglantyne/simulation/install/ros2_control_demo_example_12:/home/hibiki/Robomech_HR/Eglantyne/simulation/install/ros2_control_demo_example_11:/home/hibiki/Robomech_HR/Eglantyne/simulation/install/ros2_control_demo_example_10:/home/hibiki/Robomech_HR/Eglantyne/simulation/install/ros2_control_demo_example_1:/home/hibiki/Robomech_HR/Eglantyne/simulation/install/ros2_control_demo_description:/home/hibiki/Robomech_HR/Eglantyne/simulation/install/gazebo_ros2_control_demos:/home/hibiki/Robomech_HR/Eglantyne/simulation/install/champ_teleop:/home/hibiki/Robomech_HR/Eglantyne/simulation/install/champ_navigation:/home/hibiki/Robomech_HR/Eglantyne/simulation/install/champ_gazebo:/home/hibiki/Robomech_HR/Eglantyne/simulation/install/champ_bringup:/home/hibiki/Robomech_HR/Eglantyne/simulation/install/champ_base:/home/hibiki/Robomech_HR/Eglantyne/simulation/install/champ_msgs:/home/hibiki/Robomech_HR/Eglantyne/simulation/install/champ_description:/home/hibiki/Robomech_HR/Eglantyne/simulation/install/champ_config:/home/hibiki/Robomech_HR/Eglantyne/simulation/install/champ:/home/hibiki/Robomech_HR/Eglantyne/microros/ros2_pub_test/install/vel_pub:/opt/ros/humble CMAKE_PREFIX_PATH=/home/hibiki/Robomech_HR/Eglantyne/simulation/install/ros2_control_demo_description:/home/hibiki/Robomech_HR/Eglantyne/simulation/install/simple_sim:/home/hibiki/Robomech_HR/Eglantyne/simulation/install/ros2_control_demos:/home/hibiki/Robomech_HR/Eglantyne/simulation/install/ros2_control_demo_example_9:/home/hibiki/Robomech_HR/Eglantyne/simulation/install/ros2_control_demo_example_8:/home/hibiki/Robomech_HR/Eglantyne/simulation/install/ros2_control_demo_example_7:/home/hibiki/Robomech_HR/Eglantyne/simulation/install/ros2_control_demo_example_6:/home/hibiki/Robomech_HR/Eglantyne/simulation/install/ros2_control_demo_example_15:/home/hibiki/Robomech_HR/Eglantyne/simulation/install/ros2_control_demo_example_5:/home/hibiki/Robomech_HR/Eglantyne/simulation/install/ros2_control_demo_example_4:/home/hibiki/Robomech_HR/Eglantyne/simulation/install/ros2_control_demo_example_3:/home/hibiki/Robomech_HR/Eglantyne/simulation/install/ros2_control_demo_example_2:/home/hibiki/Robomech_HR/Eglantyne/simulation/install/ros2_control_demo_example_14:/home/hibiki/Robomech_HR/Eglantyne/simulation/install/ros2_control_demo_example_12:/home/hibiki/Robomech_HR/Eglantyne/simulation/install/ros2_control_demo_example_11:/home/hibiki/Robomech_HR/Eglantyne/simulation/install/ros2_control_demo_example_10:/home/hibiki/Robomech_HR/Eglantyne/simulation/install/ros2_control_demo_example_1:/home/hibiki/Robomech_HR/Eglantyne/simulation/install/gazebo_ros2_control_demos:/home/hibiki/Robomech_HR/Eglantyne/simulation/install/champ_teleop:/home/hibiki/Robomech_HR/Eglantyne/simulation/install/champ_navigation:/home/hibiki/Robomech_HR/Eglantyne/simulation/install/champ_gazebo:/home/hibiki/Robomech_HR/Eglantyne/simulation/install/champ_bringup:/home/hibiki/Robomech_HR/Eglantyne/simulation/install/champ_base:/home/hibiki/Robomech_HR/Eglantyne/simulation/install/champ_msgs:/home/hibiki/Robomech_HR/Eglantyne/simulation/install/champ_description:/home/hibiki/Robomech_HR/Eglantyne/simulation/install/champ_config:/home/hibiki/Robomech_HR/Eglantyne/simulation/install/ros2_control_demo_testing:/opt/ros/humble:/home/hibiki/Robomech_HR/Eglantyne/simulation/install/champ:/home/hibiki/Robomech_HR/Eglantyne/microros/ros2_pub_test/install/vel_pub PYTHONPATH=/home/hibiki/Robomech_HR/Eglantyne/simulation/install/ros2_control_demo_testing/lib/python3.10/site-packages:/home/hibiki/Robomech_HR/Eglantyne/simulation/install/simple_sim/lib/python3.10/site-packages:/home/hibiki/Robomech_HR/Eglantyne/simulation/install/champ_bringup/lib/python3.10/site-packages:/home/hibiki/Robomech_HR/Eglantyne/simulation/install/champ_msgs/lib/python3.10/site-packages:/opt/ros/humble/lib/python3.10/site-packages:/opt/ros/humble/local/lib/python3.10/dist-packages /usr/bin/cmake --install /home/hibiki/Robomech_HR/Eglantyne/simulation/build/ros2_control_demo_example_6
[1.132s] Level 1:colcon.colcon_core.environment:checking '/home/hibiki/Robomech_HR/Eglantyne/simulation/install/ros2_control_demo_example_6' for CMake config files
[1.132s] Level 1:colcon.colcon_core.shell:create_environment_hook('ros2_control_demo_example_6', 'cmake_prefix_path')
[1.132s] INFO:colcon.colcon_core.shell:Creating environment hook '/home/hibiki/Robomech_HR/Eglantyne/simulation/install/ros2_control_demo_example_6/share/ros2_control_demo_example_6/hook/cmake_prefix_path.ps1'
[1.132s] INFO:colcon.colcon_core.shell:Creating environment descriptor '/home/hibiki/Robomech_HR/Eglantyne/simulation/install/ros2_control_demo_example_6/share/ros2_control_demo_example_6/hook/cmake_prefix_path.dsv'
[1.132s] INFO:colcon.colcon_core.shell:Creating environment hook '/home/hibiki/Robomech_HR/Eglantyne/simulation/install/ros2_control_demo_example_6/share/ros2_control_demo_example_6/hook/cmake_prefix_path.sh'
[1.133s] Level 1:colcon.colcon_core.environment:checking '/home/hibiki/Robomech_HR/Eglantyne/simulation/install/ros2_control_demo_example_6/lib'
[1.133s] Level 1:colcon.colcon_core.shell:create_environment_hook('ros2_control_demo_example_6', 'ld_library_path_lib')
[1.133s] INFO:colcon.colcon_core.shell:Creating environment hook '/home/hibiki/Robomech_HR/Eglantyne/simulation/install/ros2_control_demo_example_6/share/ros2_control_demo_example_6/hook/ld_library_path_lib.ps1'
[1.133s] INFO:colcon.colcon_core.shell:Creating environment descriptor '/home/hibiki/Robomech_HR/Eglantyne/simulation/install/ros2_control_demo_example_6/share/ros2_control_demo_example_6/hook/ld_library_path_lib.dsv'
[1.133s] INFO:colcon.colcon_core.shell:Creating environment hook '/home/hibiki/Robomech_HR/Eglantyne/simulation/install/ros2_control_demo_example_6/share/ros2_control_demo_example_6/hook/ld_library_path_lib.sh'
[1.133s] Level 1:colcon.colcon_core.environment:checking '/home/hibiki/Robomech_HR/Eglantyne/simulation/install/ros2_control_demo_example_6/bin'
[1.133s] Level 1:colcon.colcon_core.environment:checking '/home/hibiki/Robomech_HR/Eglantyne/simulation/install/ros2_control_demo_example_6/lib/pkgconfig/ros2_control_demo_example_6.pc'
[1.134s] Level 1:colcon.colcon_core.environment:checking '/home/hibiki/Robomech_HR/Eglantyne/simulation/install/ros2_control_demo_example_6/lib/python3.10/site-packages'
[1.134s] Level 1:colcon.colcon_core.environment:checking '/home/hibiki/Robomech_HR/Eglantyne/simulation/install/ros2_control_demo_example_6/bin'
[1.134s] INFO:colcon.colcon_core.shell:Creating package script '/home/hibiki/Robomech_HR/Eglantyne/simulation/install/ros2_control_demo_example_6/share/ros2_control_demo_example_6/package.ps1'
[1.134s] INFO:colcon.colcon_core.shell:Creating package descriptor '/home/hibiki/Robomech_HR/Eglantyne/simulation/install/ros2_control_demo_example_6/share/ros2_control_demo_example_6/package.dsv'
[1.135s] INFO:colcon.colcon_core.shell:Creating package script '/home/hibiki/Robomech_HR/Eglantyne/simulation/install/ros2_control_demo_example_6/share/ros2_control_demo_example_6/package.sh'
[1.135s] INFO:colcon.colcon_core.shell:Creating package script '/home/hibiki/Robomech_HR/Eglantyne/simulation/install/ros2_control_demo_example_6/share/ros2_control_demo_example_6/package.bash'
[1.135s] INFO:colcon.colcon_core.shell:Creating package script '/home/hibiki/Robomech_HR/Eglantyne/simulation/install/ros2_control_demo_example_6/share/ros2_control_demo_example_6/package.zsh'
[1.135s] Level 1:colcon.colcon_core.environment:create_file_with_runtime_dependencies(/home/hibiki/Robomech_HR/Eglantyne/simulation/install/ros2_control_demo_example_6/share/colcon-core/packages/ros2_control_demo_example_6)
[1.136s] Level 1:colcon.colcon_core.environment:create_environment_scripts_only(ros2_control_demo_example_5)
[1.136s] Level 1:colcon.colcon_core.environment:checking '/home/hibiki/Robomech_HR/Eglantyne/simulation/install/ros2_control_demo_example_5' for CMake module files
[1.137s] Level 1:colcon.colcon_core.environment:checking '/home/hibiki/Robomech_HR/Eglantyne/simulation/install/ros2_control_demo_example_5' for CMake config files
[1.137s] Level 1:colcon.colcon_core.shell:create_environment_hook('ros2_control_demo_example_5', 'cmake_prefix_path')
[1.137s] INFO:colcon.colcon_core.shell:Creating environment hook '/home/hibiki/Robomech_HR/Eglantyne/simulation/install/ros2_control_demo_example_5/share/ros2_control_demo_example_5/hook/cmake_prefix_path.ps1'
[1.137s] INFO:colcon.colcon_core.shell:Creating environment descriptor '/home/hibiki/Robomech_HR/Eglantyne/simulation/install/ros2_control_demo_example_5/share/ros2_control_demo_example_5/hook/cmake_prefix_path.dsv'
[1.137s] INFO:colcon.colcon_core.shell:Creating environment hook '/home/hibiki/Robomech_HR/Eglantyne/simulation/install/ros2_control_demo_example_5/share/ros2_control_demo_example_5/hook/cmake_prefix_path.sh'
[1.138s] Level 1:colcon.colcon_core.environment:checking '/home/hibiki/Robomech_HR/Eglantyne/simulation/install/ros2_control_demo_example_5/lib'
[1.138s] Level 1:colcon.colcon_core.shell:create_environment_hook('ros2_control_demo_example_5', 'ld_library_path_lib')
[1.138s] INFO:colcon.colcon_core.shell:Creating environment hook '/home/hibiki/Robomech_HR/Eglantyne/simulation/install/ros2_control_demo_example_5/share/ros2_control_demo_example_5/hook/ld_library_path_lib.ps1'
[1.138s] INFO:colcon.colcon_core.shell:Creating environment descriptor '/home/hibiki/Robomech_HR/Eglantyne/simulation/install/ros2_control_demo_example_5/share/ros2_control_demo_example_5/hook/ld_library_path_lib.dsv'
[1.138s] INFO:colcon.colcon_core.shell:Creating environment hook '/home/hibiki/Robomech_HR/Eglantyne/simulation/install/ros2_control_demo_example_5/share/ros2_control_demo_example_5/hook/ld_library_path_lib.sh'
[1.138s] Level 1:colcon.colcon_core.environment:checking '/home/hibiki/Robomech_HR/Eglantyne/simulation/install/ros2_control_demo_example_5/bin'
[1.138s] Level 1:colcon.colcon_core.environment:checking '/home/hibiki/Robomech_HR/Eglantyne/simulation/install/ros2_control_demo_example_5/lib/pkgconfig/ros2_control_demo_example_5.pc'
[1.139s] Level 1:colcon.colcon_core.environment:checking '/home/hibiki/Robomech_HR/Eglantyne/simulation/install/ros2_control_demo_example_5/lib/python3.10/site-packages'
[1.139s] Level 1:colcon.colcon_core.environment:checking '/home/hibiki/Robomech_HR/Eglantyne/simulation/install/ros2_control_demo_example_5/bin'
[1.139s] INFO:colcon.colcon_core.shell:Creating package script '/home/hibiki/Robomech_HR/Eglantyne/simulation/install/ros2_control_demo_example_5/share/ros2_control_demo_example_5/package.ps1'
[1.139s] INFO:colcon.colcon_core.shell:Creating package descriptor '/home/hibiki/Robomech_HR/Eglantyne/simulation/install/ros2_control_demo_example_5/share/ros2_control_demo_example_5/package.dsv'
[1.139s] INFO:colcon.colcon_core.shell:Creating package script '/home/hibiki/Robomech_HR/Eglantyne/simulation/install/ros2_control_demo_example_5/share/ros2_control_demo_example_5/package.sh'
[1.140s] INFO:colcon.colcon_core.shell:Creating package script '/home/hibiki/Robomech_HR/Eglantyne/simulation/install/ros2_control_demo_example_5/share/ros2_control_demo_example_5/package.bash'
[1.140s] INFO:colcon.colcon_core.shell:Creating package script '/home/hibiki/Robomech_HR/Eglantyne/simulation/install/ros2_control_demo_example_5/share/ros2_control_demo_example_5/package.zsh'
[1.140s] Level 1:colcon.colcon_core.environment:create_file_with_runtime_dependencies(/home/hibiki/Robomech_HR/Eglantyne/simulation/install/ros2_control_demo_example_5/share/colcon-core/packages/ros2_control_demo_example_5)
[1.140s] Level 1:colcon.colcon_core.environment:create_environment_scripts_only(ros2_control_demo_example_7)
[1.140s] Level 1:colcon.colcon_core.environment:checking '/home/hibiki/Robomech_HR/Eglantyne/simulation/install/ros2_control_demo_example_7' for CMake module files
[1.141s] Level 1:colcon.colcon_core.environment:checking '/home/hibiki/Robomech_HR/Eglantyne/simulation/install/ros2_control_demo_example_7' for CMake config files
[1.141s] Level 1:colcon.colcon_core.shell:create_environment_hook('ros2_control_demo_example_7', 'cmake_prefix_path')
[1.141s] INFO:colcon.colcon_core.shell:Creating environment hook '/home/hibiki/Robomech_HR/Eglantyne/simulation/install/ros2_control_demo_example_7/share/ros2_control_demo_example_7/hook/cmake_prefix_path.ps1'
[1.141s] DEBUG:colcon.colcon_core.event_handler.log_command:Invoked command in '/home/hibiki/Robomech_HR/Eglantyne/simulation/build/ros2_control_demo_example_7' returned '0': AMENT_PREFIX_PATH=/home/hibiki/Robomech_HR/Eglantyne/simulation/install/ros2_control_demo_testing:/home/hibiki/Robomech_HR/Eglantyne/simulation/install/simple_sim:/home/hibiki/Robomech_HR/Eglantyne/simulation/install/ros2_control_demos:/home/hibiki/Robomech_HR/Eglantyne/simulation/install/ros2_control_demo_example_9:/home/hibiki/Robomech_HR/Eglantyne/simulation/install/ros2_control_demo_example_8:/home/hibiki/Robomech_HR/Eglantyne/simulation/install/ros2_control_demo_example_7:/home/hibiki/Robomech_HR/Eglantyne/simulation/install/ros2_control_demo_example_6:/home/hibiki/Robomech_HR/Eglantyne/simulation/install/ros2_control_demo_example_15:/home/hibiki/Robomech_HR/Eglantyne/simulation/install/ros2_control_demo_example_5:/home/hibiki/Robomech_HR/Eglantyne/simulation/install/ros2_control_demo_example_4:/home/hibiki/Robomech_HR/Eglantyne/simulation/install/ros2_control_demo_example_3:/home/hibiki/Robomech_HR/Eglantyne/simulation/install/ros2_control_demo_example_2:/home/hibiki/Robomech_HR/Eglantyne/simulation/install/ros2_control_demo_example_14:/home/hibiki/Robomech_HR/Eglantyne/simulation/install/ros2_control_demo_example_12:/home/hibiki/Robomech_HR/Eglantyne/simulation/install/ros2_control_demo_example_11:/home/hibiki/Robomech_HR/Eglantyne/simulation/install/ros2_control_demo_example_10:/home/hibiki/Robomech_HR/Eglantyne/simulation/install/ros2_control_demo_example_1:/home/hibiki/Robomech_HR/Eglantyne/simulation/install/ros2_control_demo_description:/home/hibiki/Robomech_HR/Eglantyne/simulation/install/gazebo_ros2_control_demos:/home/hibiki/Robomech_HR/Eglantyne/simulation/install/champ_teleop:/home/hibiki/Robomech_HR/Eglantyne/simulation/install/champ_navigation:/home/hibiki/Robomech_HR/Eglantyne/simulation/install/champ_gazebo:/home/hibiki/Robomech_HR/Eglantyne/simulation/install/champ_bringup:/home/hibiki/Robomech_HR/Eglantyne/simulation/install/champ_base:/home/hibiki/Robomech_HR/Eglantyne/simulation/install/champ_msgs:/home/hibiki/Robomech_HR/Eglantyne/simulation/install/champ_description:/home/hibiki/Robomech_HR/Eglantyne/simulation/install/champ_config:/home/hibiki/Robomech_HR/Eglantyne/simulation/install/champ:/home/hibiki/Robomech_HR/Eglantyne/microros/ros2_pub_test/install/vel_pub:/opt/ros/humble CMAKE_PREFIX_PATH=/home/hibiki/Robomech_HR/Eglantyne/simulation/install/ros2_control_demo_description:/home/hibiki/Robomech_HR/Eglantyne/simulation/install/simple_sim:/home/hibiki/Robomech_HR/Eglantyne/simulation/install/ros2_control_demos:/home/hibiki/Robomech_HR/Eglantyne/simulation/install/ros2_control_demo_example_9:/home/hibiki/Robomech_HR/Eglantyne/simulation/install/ros2_control_demo_example_8:/home/hibiki/Robomech_HR/Eglantyne/simulation/install/ros2_control_demo_example_7:/home/hibiki/Robomech_HR/Eglantyne/simulation/install/ros2_control_demo_example_6:/home/hibiki/Robomech_HR/Eglantyne/simulation/install/ros2_control_demo_example_15:/home/hibiki/Robomech_HR/Eglantyne/simulation/install/ros2_control_demo_example_5:/home/hibiki/Robomech_HR/Eglantyne/simulation/install/ros2_control_demo_example_4:/home/hibiki/Robomech_HR/Eglantyne/simulation/install/ros2_control_demo_example_3:/home/hibiki/Robomech_HR/Eglantyne/simulation/install/ros2_control_demo_example_2:/home/hibiki/Robomech_HR/Eglantyne/simulation/install/ros2_control_demo_example_14:/home/hibiki/Robomech_HR/Eglantyne/simulation/install/ros2_control_demo_example_12:/home/hibiki/Robomech_HR/Eglantyne/simulation/install/ros2_control_demo_example_11:/home/hibiki/Robomech_HR/Eglantyne/simulation/install/ros2_control_demo_example_10:/home/hibiki/Robomech_HR/Eglantyne/simulation/install/ros2_control_demo_example_1:/home/hibiki/Robomech_HR/Eglantyne/simulation/install/gazebo_ros2_control_demos:/home/hibiki/Robomech_HR/Eglantyne/simulation/install/champ_teleop:/home/hibiki/Robomech_HR/Eglantyne/simulation/install/champ_navigation:/home/hibiki/Robomech_HR/Eglantyne/simulation/install/champ_gazebo:/home/hibiki/Robomech_HR/Eglantyne/simulation/install/champ_bringup:/home/hibiki/Robomech_HR/Eglantyne/simulation/install/champ_base:/home/hibiki/Robomech_HR/Eglantyne/simulation/install/champ_msgs:/home/hibiki/Robomech_HR/Eglantyne/simulation/install/champ_description:/home/hibiki/Robomech_HR/Eglantyne/simulation/install/champ_config:/home/hibiki/Robomech_HR/Eglantyne/simulation/install/ros2_control_demo_testing:/opt/ros/humble:/home/hibiki/Robomech_HR/Eglantyne/simulation/install/champ:/home/hibiki/Robomech_HR/Eglantyne/microros/ros2_pub_test/install/vel_pub PYTHONPATH=/home/hibiki/Robomech_HR/Eglantyne/simulation/install/ros2_control_demo_testing/lib/python3.10/site-packages:/home/hibiki/Robomech_HR/Eglantyne/simulation/install/simple_sim/lib/python3.10/site-packages:/home/hibiki/Robomech_HR/Eglantyne/simulation/install/champ_bringup/lib/python3.10/site-packages:/home/hibiki/Robomech_HR/Eglantyne/simulation/install/champ_msgs/lib/python3.10/site-packages:/opt/ros/humble/lib/python3.10/site-packages:/opt/ros/humble/local/lib/python3.10/dist-packages /usr/bin/cmake --install /home/hibiki/Robomech_HR/Eglantyne/simulation/build/ros2_control_demo_example_7
[1.142s] INFO:colcon.colcon_core.shell:Creating environment descriptor '/home/hibiki/Robomech_HR/Eglantyne/simulation/install/ros2_control_demo_example_7/share/ros2_control_demo_example_7/hook/cmake_prefix_path.dsv'
[1.142s] INFO:colcon.colcon_core.shell:Creating environment hook '/home/hibiki/Robomech_HR/Eglantyne/simulation/install/ros2_control_demo_example_7/share/ros2_control_demo_example_7/hook/cmake_prefix_path.sh'
[1.142s] Level 1:colcon.colcon_core.environment:checking '/home/hibiki/Robomech_HR/Eglantyne/simulation/install/ros2_control_demo_example_7/lib'
[1.142s] Level 1:colcon.colcon_core.shell:create_environment_hook('ros2_control_demo_example_7', 'ld_library_path_lib')
[1.142s] INFO:colcon.colcon_core.shell:Creating environment hook '/home/hibiki/Robomech_HR/Eglantyne/simulation/install/ros2_control_demo_example_7/share/ros2_control_demo_example_7/hook/ld_library_path_lib.ps1'
[1.142s] INFO:colcon.colcon_core.shell:Creating environment descriptor '/home/hibiki/Robomech_HR/Eglantyne/simulation/install/ros2_control_demo_example_7/share/ros2_control_demo_example_7/hook/ld_library_path_lib.dsv'
[1.143s] INFO:colcon.colcon_core.shell:Creating environment hook '/home/hibiki/Robomech_HR/Eglantyne/simulation/install/ros2_control_demo_example_7/share/ros2_control_demo_example_7/hook/ld_library_path_lib.sh'
[1.143s] Level 1:colcon.colcon_core.environment:checking '/home/hibiki/Robomech_HR/Eglantyne/simulation/install/ros2_control_demo_example_7/bin'
[1.143s] Level 1:colcon.colcon_core.environment:checking '/home/hibiki/Robomech_HR/Eglantyne/simulation/install/ros2_control_demo_example_7/lib/pkgconfig/ros2_control_demo_example_7.pc'
[1.143s] Level 1:colcon.colcon_core.environment:checking '/home/hibiki/Robomech_HR/Eglantyne/simulation/install/ros2_control_demo_example_7/lib/python3.10/site-packages'
[1.143s] Level 1:colcon.colcon_core.environment:checking '/home/hibiki/Robomech_HR/Eglantyne/simulation/install/ros2_control_demo_example_7/bin'
[1.143s] INFO:colcon.colcon_core.shell:Creating package script '/home/hibiki/Robomech_HR/Eglantyne/simulation/install/ros2_control_demo_example_7/share/ros2_control_demo_example_7/package.ps1'
[1.144s] INFO:colcon.colcon_core.shell:Creating package descriptor '/home/hibiki/Robomech_HR/Eglantyne/simulation/install/ros2_control_demo_example_7/share/ros2_control_demo_example_7/package.dsv'
[1.144s] INFO:colcon.colcon_core.shell:Creating package script '/home/hibiki/Robomech_HR/Eglantyne/simulation/install/ros2_control_demo_example_7/share/ros2_control_demo_example_7/package.sh'
[1.144s] INFO:colcon.colcon_core.shell:Creating package script '/home/hibiki/Robomech_HR/Eglantyne/simulation/install/ros2_control_demo_example_7/share/ros2_control_demo_example_7/package.bash'
[1.144s] INFO:colcon.colcon_core.shell:Creating package script '/home/hibiki/Robomech_HR/Eglantyne/simulation/install/ros2_control_demo_example_7/share/ros2_control_demo_example_7/package.zsh'
[1.144s] Level 1:colcon.colcon_core.environment:create_file_with_runtime_dependencies(/home/hibiki/Robomech_HR/Eglantyne/simulation/install/ros2_control_demo_example_7/share/colcon-core/packages/ros2_control_demo_example_7)
[1.145s] Level 1:colcon.colcon_core.environment:create_environment_scripts_only(ros2_control_demo_example_8)
[1.145s] Level 1:colcon.colcon_core.environment:checking '/home/hibiki/Robomech_HR/Eglantyne/simulation/install/ros2_control_demo_example_8' for CMake module files
[1.146s] DEBUG:colcon.colcon_core.event_handler.log_command:Invoked command in '/home/hibiki/Robomech_HR/Eglantyne/simulation/build/ros2_control_demo_example_8' returned '0': AMENT_PREFIX_PATH=/home/hibiki/Robomech_HR/Eglantyne/simulation/install/ros2_control_demo_testing:/home/hibiki/Robomech_HR/Eglantyne/simulation/install/simple_sim:/home/hibiki/Robomech_HR/Eglantyne/simulation/install/ros2_control_demos:/home/hibiki/Robomech_HR/Eglantyne/simulation/install/ros2_control_demo_example_9:/home/hibiki/Robomech_HR/Eglantyne/simulation/install/ros2_control_demo_example_8:/home/hibiki/Robomech_HR/Eglantyne/simulation/install/ros2_control_demo_example_7:/home/hibiki/Robomech_HR/Eglantyne/simulation/install/ros2_control_demo_example_6:/home/hibiki/Robomech_HR/Eglantyne/simulation/install/ros2_control_demo_example_15:/home/hibiki/Robomech_HR/Eglantyne/simulation/install/ros2_control_demo_example_5:/home/hibiki/Robomech_HR/Eglantyne/simulation/install/ros2_control_demo_example_4:/home/hibiki/Robomech_HR/Eglantyne/simulation/install/ros2_control_demo_example_3:/home/hibiki/Robomech_HR/Eglantyne/simulation/install/ros2_control_demo_example_2:/home/hibiki/Robomech_HR/Eglantyne/simulation/install/ros2_control_demo_example_14:/home/hibiki/Robomech_HR/Eglantyne/simulation/install/ros2_control_demo_example_12:/home/hibiki/Robomech_HR/Eglantyne/simulation/install/ros2_control_demo_example_11:/home/hibiki/Robomech_HR/Eglantyne/simulation/install/ros2_control_demo_example_10:/home/hibiki/Robomech_HR/Eglantyne/simulation/install/ros2_control_demo_example_1:/home/hibiki/Robomech_HR/Eglantyne/simulation/install/ros2_control_demo_description:/home/hibiki/Robomech_HR/Eglantyne/simulation/install/gazebo_ros2_control_demos:/home/hibiki/Robomech_HR/Eglantyne/simulation/install/champ_teleop:/home/hibiki/Robomech_HR/Eglantyne/simulation/install/champ_navigation:/home/hibiki/Robomech_HR/Eglantyne/simulation/install/champ_gazebo:/home/hibiki/Robomech_HR/Eglantyne/simulation/install/champ_bringup:/home/hibiki/Robomech_HR/Eglantyne/simulation/install/champ_base:/home/hibiki/Robomech_HR/Eglantyne/simulation/install/champ_msgs:/home/hibiki/Robomech_HR/Eglantyne/simulation/install/champ_description:/home/hibiki/Robomech_HR/Eglantyne/simulation/install/champ_config:/home/hibiki/Robomech_HR/Eglantyne/simulation/install/champ:/home/hibiki/Robomech_HR/Eglantyne/microros/ros2_pub_test/install/vel_pub:/opt/ros/humble CMAKE_PREFIX_PATH=/home/hibiki/Robomech_HR/Eglantyne/simulation/install/ros2_control_demo_description:/home/hibiki/Robomech_HR/Eglantyne/simulation/install/simple_sim:/home/hibiki/Robomech_HR/Eglantyne/simulation/install/ros2_control_demos:/home/hibiki/Robomech_HR/Eglantyne/simulation/install/ros2_control_demo_example_9:/home/hibiki/Robomech_HR/Eglantyne/simulation/install/ros2_control_demo_example_8:/home/hibiki/Robomech_HR/Eglantyne/simulation/install/ros2_control_demo_example_7:/home/hibiki/Robomech_HR/Eglantyne/simulation/install/ros2_control_demo_example_6:/home/hibiki/Robomech_HR/Eglantyne/simulation/install/ros2_control_demo_example_15:/home/hibiki/Robomech_HR/Eglantyne/simulation/install/ros2_control_demo_example_5:/home/hibiki/Robomech_HR/Eglantyne/simulation/install/ros2_control_demo_example_4:/home/hibiki/Robomech_HR/Eglantyne/simulation/install/ros2_control_demo_example_3:/home/hibiki/Robomech_HR/Eglantyne/simulation/install/ros2_control_demo_example_2:/home/hibiki/Robomech_HR/Eglantyne/simulation/install/ros2_control_demo_example_14:/home/hibiki/Robomech_HR/Eglantyne/simulation/install/ros2_control_demo_example_12:/home/hibiki/Robomech_HR/Eglantyne/simulation/install/ros2_control_demo_example_11:/home/hibiki/Robomech_HR/Eglantyne/simulation/install/ros2_control_demo_example_10:/home/hibiki/Robomech_HR/Eglantyne/simulation/install/ros2_control_demo_example_1:/home/hibiki/Robomech_HR/Eglantyne/simulation/install/gazebo_ros2_control_demos:/home/hibiki/Robomech_HR/Eglantyne/simulation/install/champ_teleop:/home/hibiki/Robomech_HR/Eglantyne/simulation/install/champ_navigation:/home/hibiki/Robomech_HR/Eglantyne/simulation/install/champ_gazebo:/home/hibiki/Robomech_HR/Eglantyne/simulation/install/champ_bringup:/home/hibiki/Robomech_HR/Eglantyne/simulation/install/champ_base:/home/hibiki/Robomech_HR/Eglantyne/simulation/install/champ_msgs:/home/hibiki/Robomech_HR/Eglantyne/simulation/install/champ_description:/home/hibiki/Robomech_HR/Eglantyne/simulation/install/champ_config:/home/hibiki/Robomech_HR/Eglantyne/simulation/install/ros2_control_demo_testing:/opt/ros/humble:/home/hibiki/Robomech_HR/Eglantyne/simulation/install/champ:/home/hibiki/Robomech_HR/Eglantyne/microros/ros2_pub_test/install/vel_pub PYTHONPATH=/home/hibiki/Robomech_HR/Eglantyne/simulation/install/ros2_control_demo_testing/lib/python3.10/site-packages:/home/hibiki/Robomech_HR/Eglantyne/simulation/install/simple_sim/lib/python3.10/site-packages:/home/hibiki/Robomech_HR/Eglantyne/simulation/install/champ_bringup/lib/python3.10/site-packages:/home/hibiki/Robomech_HR/Eglantyne/simulation/install/champ_msgs/lib/python3.10/site-packages:/opt/ros/humble/lib/python3.10/site-packages:/opt/ros/humble/local/lib/python3.10/dist-packages /usr/bin/cmake --install /home/hibiki/Robomech_HR/Eglantyne/simulation/build/ros2_control_demo_example_8
[1.146s] Level 1:colcon.colcon_core.environment:checking '/home/hibiki/Robomech_HR/Eglantyne/simulation/install/ros2_control_demo_example_8' for CMake config files
[1.146s] Level 1:colcon.colcon_core.shell:create_environment_hook('ros2_control_demo_example_8', 'cmake_prefix_path')
[1.146s] INFO:colcon.colcon_core.shell:Creating environment hook '/home/hibiki/Robomech_HR/Eglantyne/simulation/install/ros2_control_demo_example_8/share/ros2_control_demo_example_8/hook/cmake_prefix_path.ps1'
[1.146s] INFO:colcon.colcon_core.shell:Creating environment descriptor '/home/hibiki/Robomech_HR/Eglantyne/simulation/install/ros2_control_demo_example_8/share/ros2_control_demo_example_8/hook/cmake_prefix_path.dsv'
[1.146s] INFO:colcon.colcon_core.shell:Creating environment hook '/home/hibiki/Robomech_HR/Eglantyne/simulation/install/ros2_control_demo_example_8/share/ros2_control_demo_example_8/hook/cmake_prefix_path.sh'
[1.147s] Level 1:colcon.colcon_core.environment:checking '/home/hibiki/Robomech_HR/Eglantyne/simulation/install/ros2_control_demo_example_8/lib'
[1.147s] Level 1:colcon.colcon_core.shell:create_environment_hook('ros2_control_demo_example_8', 'ld_library_path_lib')
[1.147s] INFO:colcon.colcon_core.shell:Creating environment hook '/home/hibiki/Robomech_HR/Eglantyne/simulation/install/ros2_control_demo_example_8/share/ros2_control_demo_example_8/hook/ld_library_path_lib.ps1'
[1.147s] INFO:colcon.colcon_core.shell:Creating environment descriptor '/home/hibiki/Robomech_HR/Eglantyne/simulation/install/ros2_control_demo_example_8/share/ros2_control_demo_example_8/hook/ld_library_path_lib.dsv'
[1.147s] INFO:colcon.colcon_core.shell:Creating environment hook '/home/hibiki/Robomech_HR/Eglantyne/simulation/install/ros2_control_demo_example_8/share/ros2_control_demo_example_8/hook/ld_library_path_lib.sh'
[1.148s] Level 1:colcon.colcon_core.environment:checking '/home/hibiki/Robomech_HR/Eglantyne/simulation/install/ros2_control_demo_example_8/bin'
[1.148s] Level 1:colcon.colcon_core.environment:checking '/home/hibiki/Robomech_HR/Eglantyne/simulation/install/ros2_control_demo_example_8/lib/pkgconfig/ros2_control_demo_example_8.pc'
[1.148s] Level 1:colcon.colcon_core.environment:checking '/home/hibiki/Robomech_HR/Eglantyne/simulation/install/ros2_control_demo_example_8/lib/python3.10/site-packages'
[1.148s] Level 1:colcon.colcon_core.environment:checking '/home/hibiki/Robomech_HR/Eglantyne/simulation/install/ros2_control_demo_example_8/bin'
[1.148s] INFO:colcon.colcon_core.shell:Creating package script '/home/hibiki/Robomech_HR/Eglantyne/simulation/install/ros2_control_demo_example_8/share/ros2_control_demo_example_8/package.ps1'
[1.148s] INFO:colcon.colcon_core.shell:Creating package descriptor '/home/hibiki/Robomech_HR/Eglantyne/simulation/install/ros2_control_demo_example_8/share/ros2_control_demo_example_8/package.dsv'
[1.149s] INFO:colcon.colcon_core.shell:Creating package script '/home/hibiki/Robomech_HR/Eglantyne/simulation/install/ros2_control_demo_example_8/share/ros2_control_demo_example_8/package.sh'
[1.149s] INFO:colcon.colcon_core.shell:Creating package script '/home/hibiki/Robomech_HR/Eglantyne/simulation/install/ros2_control_demo_example_8/share/ros2_control_demo_example_8/package.bash'
[1.150s] INFO:colcon.colcon_core.shell:Creating package script '/home/hibiki/Robomech_HR/Eglantyne/simulation/install/ros2_control_demo_example_8/share/ros2_control_demo_example_8/package.zsh'
[1.150s] Level 1:colcon.colcon_core.environment:create_file_with_runtime_dependencies(/home/hibiki/Robomech_HR/Eglantyne/simulation/install/ros2_control_demo_example_8/share/colcon-core/packages/ros2_control_demo_example_8)
[1.151s] Level 1:colcon.colcon_core.environment:create_environment_scripts_only(ros2_control_demo_example_11)
[1.151s] Level 1:colcon.colcon_core.environment:checking '/home/hibiki/Robomech_HR/Eglantyne/simulation/install/ros2_control_demo_example_11' for CMake module files
[1.151s] Level 1:colcon.colcon_core.environment:checking '/home/hibiki/Robomech_HR/Eglantyne/simulation/install/ros2_control_demo_example_11' for CMake config files
[1.151s] Level 1:colcon.colcon_core.shell:create_environment_hook('ros2_control_demo_example_11', 'cmake_prefix_path')
[1.151s] INFO:colcon.colcon_core.shell:Creating environment hook '/home/hibiki/Robomech_HR/Eglantyne/simulation/install/ros2_control_demo_example_11/share/ros2_control_demo_example_11/hook/cmake_prefix_path.ps1'
[1.152s] INFO:colcon.colcon_core.shell:Creating environment descriptor '/home/hibiki/Robomech_HR/Eglantyne/simulation/install/ros2_control_demo_example_11/share/ros2_control_demo_example_11/hook/cmake_prefix_path.dsv'
[1.152s] INFO:colcon.colcon_core.shell:Creating environment hook '/home/hibiki/Robomech_HR/Eglantyne/simulation/install/ros2_control_demo_example_11/share/ros2_control_demo_example_11/hook/cmake_prefix_path.sh'
[1.152s] Level 1:colcon.colcon_core.environment:checking '/home/hibiki/Robomech_HR/Eglantyne/simulation/install/ros2_control_demo_example_11/lib'
[1.152s] Level 1:colcon.colcon_core.shell:create_environment_hook('ros2_control_demo_example_11', 'ld_library_path_lib')
[1.152s] INFO:colcon.colcon_core.shell:Creating environment hook '/home/hibiki/Robomech_HR/Eglantyne/simulation/install/ros2_control_demo_example_11/share/ros2_control_demo_example_11/hook/ld_library_path_lib.ps1'
[1.153s] INFO:colcon.colcon_core.shell:Creating environment descriptor '/home/hibiki/Robomech_HR/Eglantyne/simulation/install/ros2_control_demo_example_11/share/ros2_control_demo_example_11/hook/ld_library_path_lib.dsv'
[1.153s] INFO:colcon.colcon_core.shell:Creating environment hook '/home/hibiki/Robomech_HR/Eglantyne/simulation/install/ros2_control_demo_example_11/share/ros2_control_demo_example_11/hook/ld_library_path_lib.sh'
[1.153s] Level 1:colcon.colcon_core.environment:checking '/home/hibiki/Robomech_HR/Eglantyne/simulation/install/ros2_control_demo_example_11/bin'
[1.153s] Level 1:colcon.colcon_core.environment:checking '/home/hibiki/Robomech_HR/Eglantyne/simulation/install/ros2_control_demo_example_11/lib/pkgconfig/ros2_control_demo_example_11.pc'
[1.153s] Level 1:colcon.colcon_core.environment:checking '/home/hibiki/Robomech_HR/Eglantyne/simulation/install/ros2_control_demo_example_11/lib/python3.10/site-packages'
[1.153s] Level 1:colcon.colcon_core.environment:checking '/home/hibiki/Robomech_HR/Eglantyne/simulation/install/ros2_control_demo_example_11/bin'
[1.153s] INFO:colcon.colcon_core.shell:Creating package script '/home/hibiki/Robomech_HR/Eglantyne/simulation/install/ros2_control_demo_example_11/share/ros2_control_demo_example_11/package.ps1'
[1.154s] INFO:colcon.colcon_core.shell:Creating package descriptor '/home/hibiki/Robomech_HR/Eglantyne/simulation/install/ros2_control_demo_example_11/share/ros2_control_demo_example_11/package.dsv'
[1.154s] INFO:colcon.colcon_core.shell:Creating package script '/home/hibiki/Robomech_HR/Eglantyne/simulation/install/ros2_control_demo_example_11/share/ros2_control_demo_example_11/package.sh'
[1.154s] INFO:colcon.colcon_core.shell:Creating package script '/home/hibiki/Robomech_HR/Eglantyne/simulation/install/ros2_control_demo_example_11/share/ros2_control_demo_example_11/package.bash'
[1.154s] INFO:colcon.colcon_core.shell:Creating package script '/home/hibiki/Robomech_HR/Eglantyne/simulation/install/ros2_control_demo_example_11/share/ros2_control_demo_example_11/package.zsh'
[1.155s] Level 1:colcon.colcon_core.environment:create_file_with_runtime_dependencies(/home/hibiki/Robomech_HR/Eglantyne/simulation/install/ros2_control_demo_example_11/share/colcon-core/packages/ros2_control_demo_example_11)
[1.156s] INFO:colcon.colcon_ros.task.ament_cmake.build:Building ROS package in '/home/hibiki/Robomech_HR/Eglantyne/simulation/src/champ/champ_base' with build type 'ament_cmake'
[1.156s] INFO:colcon.colcon_cmake.task.cmake.build:Building CMake package in '/home/hibiki/Robomech_HR/Eglantyne/simulation/src/champ/champ_base'
[1.156s] INFO:colcon.colcon_core.shell:Skip shell extension 'powershell' for command environment: Not usable outside of PowerShell
[1.156s] DEBUG:colcon.colcon_core.shell:Skip shell extension 'dsv' for command environment
[1.162s] INFO:colcon.colcon_ros.task.ament_cmake.build:Building ROS package in '/home/hibiki/Robomech_HR/Eglantyne/simulation/src/ros2_control_demos/example_15' with build type 'ament_cmake'
[1.162s] INFO:colcon.colcon_cmake.task.cmake.build:Building CMake package in '/home/hibiki/Robomech_HR/Eglantyne/simulation/src/ros2_control_demos/example_15'
[1.163s] INFO:colcon.colcon_core.shell:Skip shell extension 'powershell' for command environment: Not usable outside of PowerShell
[1.163s] DEBUG:colcon.colcon_core.shell:Skip shell extension 'dsv' for command environment
[1.169s] INFO:colcon.colcon_ros.task.ament_cmake.build:Building ROS package in '/home/hibiki/Robomech_HR/Eglantyne/simulation/src/champ/champ_gazebo' with build type 'ament_cmake'
[1.169s] INFO:colcon.colcon_cmake.task.cmake.build:Building CMake package in '/home/hibiki/Robomech_HR/Eglantyne/simulation/src/champ/champ_gazebo'
[1.169s] INFO:colcon.colcon_core.shell:Skip shell extension 'powershell' for command environment: Not usable outside of PowerShell
[1.169s] DEBUG:colcon.colcon_core.shell:Skip shell extension 'dsv' for command environment
[1.176s] Level 1:colcon.colcon_core.environment:create_environment_scripts_only(ros2_control_demo_example_2)
[1.176s] Level 1:colcon.colcon_core.environment:checking '/home/hibiki/Robomech_HR/Eglantyne/simulation/install/ros2_control_demo_example_2' for CMake module files
[1.177s] Level 1:colcon.colcon_core.environment:checking '/home/hibiki/Robomech_HR/Eglantyne/simulation/install/ros2_control_demo_example_2' for CMake config files
[1.177s] Level 1:colcon.colcon_core.shell:create_environment_hook('ros2_control_demo_example_2', 'cmake_prefix_path')
[1.177s] INFO:colcon.colcon_core.shell:Creating environment hook '/home/hibiki/Robomech_HR/Eglantyne/simulation/install/ros2_control_demo_example_2/share/ros2_control_demo_example_2/hook/cmake_prefix_path.ps1'
[1.177s] INFO:colcon.colcon_core.shell:Creating environment descriptor '/home/hibiki/Robomech_HR/Eglantyne/simulation/install/ros2_control_demo_example_2/share/ros2_control_demo_example_2/hook/cmake_prefix_path.dsv'
[1.178s] INFO:colcon.colcon_core.shell:Creating environment hook '/home/hibiki/Robomech_HR/Eglantyne/simulation/install/ros2_control_demo_example_2/share/ros2_control_demo_example_2/hook/cmake_prefix_path.sh'
[1.178s] Level 1:colcon.colcon_core.environment:checking '/home/hibiki/Robomech_HR/Eglantyne/simulation/install/ros2_control_demo_example_2/lib'
[1.178s] Level 1:colcon.colcon_core.shell:create_environment_hook('ros2_control_demo_example_2', 'ld_library_path_lib')
[1.179s] INFO:colcon.colcon_core.shell:Creating environment hook '/home/hibiki/Robomech_HR/Eglantyne/simulation/install/ros2_control_demo_example_2/share/ros2_control_demo_example_2/hook/ld_library_path_lib.ps1'
[1.179s] INFO:colcon.colcon_core.shell:Creating environment descriptor '/home/hibiki/Robomech_HR/Eglantyne/simulation/install/ros2_control_demo_example_2/share/ros2_control_demo_example_2/hook/ld_library_path_lib.dsv'
[1.179s] INFO:colcon.colcon_core.shell:Creating environment hook '/home/hibiki/Robomech_HR/Eglantyne/simulation/install/ros2_control_demo_example_2/share/ros2_control_demo_example_2/hook/ld_library_path_lib.sh'
[1.180s] Level 1:colcon.colcon_core.environment:checking '/home/hibiki/Robomech_HR/Eglantyne/simulation/install/ros2_control_demo_example_2/bin'
[1.180s] Level 1:colcon.colcon_core.environment:checking '/home/hibiki/Robomech_HR/Eglantyne/simulation/install/ros2_control_demo_example_2/lib/pkgconfig/ros2_control_demo_example_2.pc'
[1.180s] Level 1:colcon.colcon_core.environment:checking '/home/hibiki/Robomech_HR/Eglantyne/simulation/install/ros2_control_demo_example_2/lib/python3.10/site-packages'
[1.180s] Level 1:colcon.colcon_core.environment:checking '/home/hibiki/Robomech_HR/Eglantyne/simulation/install/ros2_control_demo_example_2/bin'
[1.180s] INFO:colcon.colcon_core.shell:Creating package script '/home/hibiki/Robomech_HR/Eglantyne/simulation/install/ros2_control_demo_example_2/share/ros2_control_demo_example_2/package.ps1'
[1.181s] INFO:colcon.colcon_core.shell:Creating package descriptor '/home/hibiki/Robomech_HR/Eglantyne/simulation/install/ros2_control_demo_example_2/share/ros2_control_demo_example_2/package.dsv'
[1.181s] INFO:colcon.colcon_core.shell:Creating package script '/home/hibiki/Robomech_HR/Eglantyne/simulation/install/ros2_control_demo_example_2/share/ros2_control_demo_example_2/package.sh'
[1.182s] INFO:colcon.colcon_core.shell:Creating package script '/home/hibiki/Robomech_HR/Eglantyne/simulation/install/ros2_control_demo_example_2/share/ros2_control_demo_example_2/package.bash'
[1.182s] INFO:colcon.colcon_core.shell:Creating package script '/home/hibiki/Robomech_HR/Eglantyne/simulation/install/ros2_control_demo_example_2/share/ros2_control_demo_example_2/package.zsh'
[1.183s] Level 1:colcon.colcon_core.environment:create_file_with_runtime_dependencies(/home/hibiki/Robomech_HR/Eglantyne/simulation/install/ros2_control_demo_example_2/share/colcon-core/packages/ros2_control_demo_example_2)
[1.183s] Level 1:colcon.colcon_core.environment:create_environment_scripts_only(ros2_control_demo_example_12)
[1.183s] Level 1:colcon.colcon_core.environment:checking '/home/hibiki/Robomech_HR/Eglantyne/simulation/install/ros2_control_demo_example_12' for CMake module files
[1.184s] DEBUG:colcon.colcon_core.event_handler.log_command:Invoked command in '/home/hibiki/Robomech_HR/Eglantyne/simulation/build/ros2_control_demo_example_12' returned '0': AMENT_PREFIX_PATH=/home/hibiki/Robomech_HR/Eglantyne/simulation/install/ros2_control_demo_testing:/home/hibiki/Robomech_HR/Eglantyne/simulation/install/simple_sim:/home/hibiki/Robomech_HR/Eglantyne/simulation/install/ros2_control_demos:/home/hibiki/Robomech_HR/Eglantyne/simulation/install/ros2_control_demo_example_9:/home/hibiki/Robomech_HR/Eglantyne/simulation/install/ros2_control_demo_example_8:/home/hibiki/Robomech_HR/Eglantyne/simulation/install/ros2_control_demo_example_7:/home/hibiki/Robomech_HR/Eglantyne/simulation/install/ros2_control_demo_example_6:/home/hibiki/Robomech_HR/Eglantyne/simulation/install/ros2_control_demo_example_15:/home/hibiki/Robomech_HR/Eglantyne/simulation/install/ros2_control_demo_example_5:/home/hibiki/Robomech_HR/Eglantyne/simulation/install/ros2_control_demo_example_4:/home/hibiki/Robomech_HR/Eglantyne/simulation/install/ros2_control_demo_example_3:/home/hibiki/Robomech_HR/Eglantyne/simulation/install/ros2_control_demo_example_2:/home/hibiki/Robomech_HR/Eglantyne/simulation/install/ros2_control_demo_example_14:/home/hibiki/Robomech_HR/Eglantyne/simulation/install/ros2_control_demo_example_12:/home/hibiki/Robomech_HR/Eglantyne/simulation/install/ros2_control_demo_example_11:/home/hibiki/Robomech_HR/Eglantyne/simulation/install/ros2_control_demo_example_10:/home/hibiki/Robomech_HR/Eglantyne/simulation/install/ros2_control_demo_example_1:/home/hibiki/Robomech_HR/Eglantyne/simulation/install/ros2_control_demo_description:/home/hibiki/Robomech_HR/Eglantyne/simulation/install/gazebo_ros2_control_demos:/home/hibiki/Robomech_HR/Eglantyne/simulation/install/champ_teleop:/home/hibiki/Robomech_HR/Eglantyne/simulation/install/champ_navigation:/home/hibiki/Robomech_HR/Eglantyne/simulation/install/champ_gazebo:/home/hibiki/Robomech_HR/Eglantyne/simulation/install/champ_bringup:/home/hibiki/Robomech_HR/Eglantyne/simulation/install/champ_base:/home/hibiki/Robomech_HR/Eglantyne/simulation/install/champ_msgs:/home/hibiki/Robomech_HR/Eglantyne/simulation/install/champ_description:/home/hibiki/Robomech_HR/Eglantyne/simulation/install/champ_config:/home/hibiki/Robomech_HR/Eglantyne/simulation/install/champ:/home/hibiki/Robomech_HR/Eglantyne/microros/ros2_pub_test/install/vel_pub:/opt/ros/humble CMAKE_PREFIX_PATH=/home/hibiki/Robomech_HR/Eglantyne/simulation/install/ros2_control_demo_description:/home/hibiki/Robomech_HR/Eglantyne/simulation/install/simple_sim:/home/hibiki/Robomech_HR/Eglantyne/simulation/install/ros2_control_demos:/home/hibiki/Robomech_HR/Eglantyne/simulation/install/ros2_control_demo_example_9:/home/hibiki/Robomech_HR/Eglantyne/simulation/install/ros2_control_demo_example_8:/home/hibiki/Robomech_HR/Eglantyne/simulation/install/ros2_control_demo_example_7:/home/hibiki/Robomech_HR/Eglantyne/simulation/install/ros2_control_demo_example_6:/home/hibiki/Robomech_HR/Eglantyne/simulation/install/ros2_control_demo_example_15:/home/hibiki/Robomech_HR/Eglantyne/simulation/install/ros2_control_demo_example_5:/home/hibiki/Robomech_HR/Eglantyne/simulation/install/ros2_control_demo_example_4:/home/hibiki/Robomech_HR/Eglantyne/simulation/install/ros2_control_demo_example_3:/home/hibiki/Robomech_HR/Eglantyne/simulation/install/ros2_control_demo_example_2:/home/hibiki/Robomech_HR/Eglantyne/simulation/install/ros2_control_demo_example_14:/home/hibiki/Robomech_HR/Eglantyne/simulation/install/ros2_control_demo_example_12:/home/hibiki/Robomech_HR/Eglantyne/simulation/install/ros2_control_demo_example_11:/home/hibiki/Robomech_HR/Eglantyne/simulation/install/ros2_control_demo_example_10:/home/hibiki/Robomech_HR/Eglantyne/simulation/install/ros2_control_demo_example_1:/home/hibiki/Robomech_HR/Eglantyne/simulation/install/gazebo_ros2_control_demos:/home/hibiki/Robomech_HR/Eglantyne/simulation/install/champ_teleop:/home/hibiki/Robomech_HR/Eglantyne/simulation/install/champ_navigation:/home/hibiki/Robomech_HR/Eglantyne/simulation/install/champ_gazebo:/home/hibiki/Robomech_HR/Eglantyne/simulation/install/champ_bringup:/home/hibiki/Robomech_HR/Eglantyne/simulation/install/champ_base:/home/hibiki/Robomech_HR/Eglantyne/simulation/install/champ_msgs:/home/hibiki/Robomech_HR/Eglantyne/simulation/install/champ_description:/home/hibiki/Robomech_HR/Eglantyne/simulation/install/champ_config:/home/hibiki/Robomech_HR/Eglantyne/simulation/install/ros2_control_demo_testing:/opt/ros/humble:/home/hibiki/Robomech_HR/Eglantyne/simulation/install/champ:/home/hibiki/Robomech_HR/Eglantyne/microros/ros2_pub_test/install/vel_pub PYTHONPATH=/home/hibiki/Robomech_HR/Eglantyne/simulation/install/ros2_control_demo_testing/lib/python3.10/site-packages:/home/hibiki/Robomech_HR/Eglantyne/simulation/install/simple_sim/lib/python3.10/site-packages:/home/hibiki/Robomech_HR/Eglantyne/simulation/install/champ_bringup/lib/python3.10/site-packages:/home/hibiki/Robomech_HR/Eglantyne/simulation/install/champ_msgs/lib/python3.10/site-packages:/opt/ros/humble/lib/python3.10/site-packages:/opt/ros/humble/local/lib/python3.10/dist-packages /usr/bin/cmake --install /home/hibiki/Robomech_HR/Eglantyne/simulation/build/ros2_control_demo_example_12
[1.184s] Level 1:colcon.colcon_core.environment:checking '/home/hibiki/Robomech_HR/Eglantyne/simulation/install/ros2_control_demo_example_12' for CMake config files
[1.184s] Level 1:colcon.colcon_core.shell:create_environment_hook('ros2_control_demo_example_12', 'cmake_prefix_path')
[1.185s] INFO:colcon.colcon_core.shell:Creating environment hook '/home/hibiki/Robomech_HR/Eglantyne/simulation/install/ros2_control_demo_example_12/share/ros2_control_demo_example_12/hook/cmake_prefix_path.ps1'
[1.185s] INFO:colcon.colcon_core.shell:Creating environment descriptor '/home/hibiki/Robomech_HR/Eglantyne/simulation/install/ros2_control_demo_example_12/share/ros2_control_demo_example_12/hook/cmake_prefix_path.dsv'
[1.185s] INFO:colcon.colcon_core.shell:Creating environment hook '/home/hibiki/Robomech_HR/Eglantyne/simulation/install/ros2_control_demo_example_12/share/ros2_control_demo_example_12/hook/cmake_prefix_path.sh'
[1.185s] Level 1:colcon.colcon_core.environment:checking '/home/hibiki/Robomech_HR/Eglantyne/simulation/install/ros2_control_demo_example_12/lib'
[1.185s] Level 1:colcon.colcon_core.shell:create_environment_hook('ros2_control_demo_example_12', 'ld_library_path_lib')
[1.185s] INFO:colcon.colcon_core.shell:Creating environment hook '/home/hibiki/Robomech_HR/Eglantyne/simulation/install/ros2_control_demo_example_12/share/ros2_control_demo_example_12/hook/ld_library_path_lib.ps1'
[1.186s] INFO:colcon.colcon_core.shell:Creating environment descriptor '/home/hibiki/Robomech_HR/Eglantyne/simulation/install/ros2_control_demo_example_12/share/ros2_control_demo_example_12/hook/ld_library_path_lib.dsv'
[1.186s] INFO:colcon.colcon_core.shell:Creating environment hook '/home/hibiki/Robomech_HR/Eglantyne/simulation/install/ros2_control_demo_example_12/share/ros2_control_demo_example_12/hook/ld_library_path_lib.sh'
[1.186s] Level 1:colcon.colcon_core.environment:checking '/home/hibiki/Robomech_HR/Eglantyne/simulation/install/ros2_control_demo_example_12/bin'
[1.186s] Level 1:colcon.colcon_core.environment:checking '/home/hibiki/Robomech_HR/Eglantyne/simulation/install/ros2_control_demo_example_12/lib/pkgconfig/ros2_control_demo_example_12.pc'
[1.186s] Level 1:colcon.colcon_core.environment:checking '/home/hibiki/Robomech_HR/Eglantyne/simulation/install/ros2_control_demo_example_12/lib/python3.10/site-packages'
[1.186s] Level 1:colcon.colcon_core.environment:checking '/home/hibiki/Robomech_HR/Eglantyne/simulation/install/ros2_control_demo_example_12/bin'
[1.186s] INFO:colcon.colcon_core.shell:Creating package script '/home/hibiki/Robomech_HR/Eglantyne/simulation/install/ros2_control_demo_example_12/share/ros2_control_demo_example_12/package.ps1'
[1.187s] INFO:colcon.colcon_core.shell:Creating package descriptor '/home/hibiki/Robomech_HR/Eglantyne/simulation/install/ros2_control_demo_example_12/share/ros2_control_demo_example_12/package.dsv'
[1.187s] INFO:colcon.colcon_core.shell:Creating package script '/home/hibiki/Robomech_HR/Eglantyne/simulation/install/ros2_control_demo_example_12/share/ros2_control_demo_example_12/package.sh'
[1.187s] INFO:colcon.colcon_core.shell:Creating package script '/home/hibiki/Robomech_HR/Eglantyne/simulation/install/ros2_control_demo_example_12/share/ros2_control_demo_example_12/package.bash'
[1.187s] INFO:colcon.colcon_core.shell:Creating package script '/home/hibiki/Robomech_HR/Eglantyne/simulation/install/ros2_control_demo_example_12/share/ros2_control_demo_example_12/package.zsh'
[1.187s] Level 1:colcon.colcon_core.environment:create_file_with_runtime_dependencies(/home/hibiki/Robomech_HR/Eglantyne/simulation/install/ros2_control_demo_example_12/share/colcon-core/packages/ros2_control_demo_example_12)
[1.189s] Level 1:colcon.colcon_core.environment:create_environment_scripts_only(ros2_control_demo_example_10)
[1.189s] Level 1:colcon.colcon_core.environment:checking '/home/hibiki/Robomech_HR/Eglantyne/simulation/install/ros2_control_demo_example_10' for CMake module files
[1.189s] Level 1:colcon.colcon_core.environment:checking '/home/hibiki/Robomech_HR/Eglantyne/simulation/install/ros2_control_demo_example_10' for CMake config files
[1.189s] Level 1:colcon.colcon_core.shell:create_environment_hook('ros2_control_demo_example_10', 'cmake_prefix_path')
[1.189s] INFO:colcon.colcon_core.shell:Creating environment hook '/home/hibiki/Robomech_HR/Eglantyne/simulation/install/ros2_control_demo_example_10/share/ros2_control_demo_example_10/hook/cmake_prefix_path.ps1'
[1.189s] INFO:colcon.colcon_core.shell:Creating environment descriptor '/home/hibiki/Robomech_HR/Eglantyne/simulation/install/ros2_control_demo_example_10/share/ros2_control_demo_example_10/hook/cmake_prefix_path.dsv'
[1.190s] INFO:colcon.colcon_core.shell:Creating environment hook '/home/hibiki/Robomech_HR/Eglantyne/simulation/install/ros2_control_demo_example_10/share/ros2_control_demo_example_10/hook/cmake_prefix_path.sh'
[1.190s] Level 1:colcon.colcon_core.environment:checking '/home/hibiki/Robomech_HR/Eglantyne/simulation/install/ros2_control_demo_example_10/lib'
[1.190s] Level 1:colcon.colcon_core.shell:create_environment_hook('ros2_control_demo_example_10', 'ld_library_path_lib')
[1.190s] INFO:colcon.colcon_core.shell:Creating environment hook '/home/hibiki/Robomech_HR/Eglantyne/simulation/install/ros2_control_demo_example_10/share/ros2_control_demo_example_10/hook/ld_library_path_lib.ps1'
[1.190s] INFO:colcon.colcon_core.shell:Creating environment descriptor '/home/hibiki/Robomech_HR/Eglantyne/simulation/install/ros2_control_demo_example_10/share/ros2_control_demo_example_10/hook/ld_library_path_lib.dsv'
[1.191s] INFO:colcon.colcon_core.shell:Creating environment hook '/home/hibiki/Robomech_HR/Eglantyne/simulation/install/ros2_control_demo_example_10/share/ros2_control_demo_example_10/hook/ld_library_path_lib.sh'
[1.191s] Level 1:colcon.colcon_core.environment:checking '/home/hibiki/Robomech_HR/Eglantyne/simulation/install/ros2_control_demo_example_10/bin'
[1.191s] Level 1:colcon.colcon_core.environment:checking '/home/hibiki/Robomech_HR/Eglantyne/simulation/install/ros2_control_demo_example_10/lib/pkgconfig/ros2_control_demo_example_10.pc'
[1.191s] Level 1:colcon.colcon_core.environment:checking '/home/hibiki/Robomech_HR/Eglantyne/simulation/install/ros2_control_demo_example_10/lib/python3.10/site-packages'
[1.191s] Level 1:colcon.colcon_core.environment:checking '/home/hibiki/Robomech_HR/Eglantyne/simulation/install/ros2_control_demo_example_10/bin'
[1.191s] INFO:colcon.colcon_core.shell:Creating package script '/home/hibiki/Robomech_HR/Eglantyne/simulation/install/ros2_control_demo_example_10/share/ros2_control_demo_example_10/package.ps1'
[1.192s] INFO:colcon.colcon_core.shell:Creating package descriptor '/home/hibiki/Robomech_HR/Eglantyne/simulation/install/ros2_control_demo_example_10/share/ros2_control_demo_example_10/package.dsv'
[1.192s] INFO:colcon.colcon_core.shell:Creating package script '/home/hibiki/Robomech_HR/Eglantyne/simulation/install/ros2_control_demo_example_10/share/ros2_control_demo_example_10/package.sh'
[1.192s] INFO:colcon.colcon_core.shell:Creating package script '/home/hibiki/Robomech_HR/Eglantyne/simulation/install/ros2_control_demo_example_10/share/ros2_control_demo_example_10/package.bash'
[1.192s] INFO:colcon.colcon_core.shell:Creating package script '/home/hibiki/Robomech_HR/Eglantyne/simulation/install/ros2_control_demo_example_10/share/ros2_control_demo_example_10/package.zsh'
[1.193s] Level 1:colcon.colcon_core.environment:create_file_with_runtime_dependencies(/home/hibiki/Robomech_HR/Eglantyne/simulation/install/ros2_control_demo_example_10/share/colcon-core/packages/ros2_control_demo_example_10)
[1.193s] Level 1:colcon.colcon_core.environment:create_environment_scripts_only(ros2_control_demo_example_9)
[1.193s] Level 1:colcon.colcon_core.environment:checking '/home/hibiki/Robomech_HR/Eglantyne/simulation/install/ros2_control_demo_example_9' for CMake module files
[1.194s] DEBUG:colcon.colcon_core.event_handler.log_command:Invoked command in '/home/hibiki/Robomech_HR/Eglantyne/simulation/build/ros2_control_demo_example_9' returned '0': AMENT_PREFIX_PATH=/home/hibiki/Robomech_HR/Eglantyne/simulation/install/ros2_control_demo_testing:/home/hibiki/Robomech_HR/Eglantyne/simulation/install/simple_sim:/home/hibiki/Robomech_HR/Eglantyne/simulation/install/ros2_control_demos:/home/hibiki/Robomech_HR/Eglantyne/simulation/install/ros2_control_demo_example_9:/home/hibiki/Robomech_HR/Eglantyne/simulation/install/ros2_control_demo_example_8:/home/hibiki/Robomech_HR/Eglantyne/simulation/install/ros2_control_demo_example_7:/home/hibiki/Robomech_HR/Eglantyne/simulation/install/ros2_control_demo_example_6:/home/hibiki/Robomech_HR/Eglantyne/simulation/install/ros2_control_demo_example_15:/home/hibiki/Robomech_HR/Eglantyne/simulation/install/ros2_control_demo_example_5:/home/hibiki/Robomech_HR/Eglantyne/simulation/install/ros2_control_demo_example_4:/home/hibiki/Robomech_HR/Eglantyne/simulation/install/ros2_control_demo_example_3:/home/hibiki/Robomech_HR/Eglantyne/simulation/install/ros2_control_demo_example_2:/home/hibiki/Robomech_HR/Eglantyne/simulation/install/ros2_control_demo_example_14:/home/hibiki/Robomech_HR/Eglantyne/simulation/install/ros2_control_demo_example_12:/home/hibiki/Robomech_HR/Eglantyne/simulation/install/ros2_control_demo_example_11:/home/hibiki/Robomech_HR/Eglantyne/simulation/install/ros2_control_demo_example_10:/home/hibiki/Robomech_HR/Eglantyne/simulation/install/ros2_control_demo_example_1:/home/hibiki/Robomech_HR/Eglantyne/simulation/install/ros2_control_demo_description:/home/hibiki/Robomech_HR/Eglantyne/simulation/install/gazebo_ros2_control_demos:/home/hibiki/Robomech_HR/Eglantyne/simulation/install/champ_teleop:/home/hibiki/Robomech_HR/Eglantyne/simulation/install/champ_navigation:/home/hibiki/Robomech_HR/Eglantyne/simulation/install/champ_gazebo:/home/hibiki/Robomech_HR/Eglantyne/simulation/install/champ_bringup:/home/hibiki/Robomech_HR/Eglantyne/simulation/install/champ_base:/home/hibiki/Robomech_HR/Eglantyne/simulation/install/champ_msgs:/home/hibiki/Robomech_HR/Eglantyne/simulation/install/champ_description:/home/hibiki/Robomech_HR/Eglantyne/simulation/install/champ_config:/home/hibiki/Robomech_HR/Eglantyne/simulation/install/champ:/home/hibiki/Robomech_HR/Eglantyne/microros/ros2_pub_test/install/vel_pub:/opt/ros/humble CMAKE_PREFIX_PATH=/home/hibiki/Robomech_HR/Eglantyne/simulation/install/ros2_control_demo_description:/home/hibiki/Robomech_HR/Eglantyne/simulation/install/simple_sim:/home/hibiki/Robomech_HR/Eglantyne/simulation/install/ros2_control_demos:/home/hibiki/Robomech_HR/Eglantyne/simulation/install/ros2_control_demo_example_9:/home/hibiki/Robomech_HR/Eglantyne/simulation/install/ros2_control_demo_example_8:/home/hibiki/Robomech_HR/Eglantyne/simulation/install/ros2_control_demo_example_7:/home/hibiki/Robomech_HR/Eglantyne/simulation/install/ros2_control_demo_example_6:/home/hibiki/Robomech_HR/Eglantyne/simulation/install/ros2_control_demo_example_15:/home/hibiki/Robomech_HR/Eglantyne/simulation/install/ros2_control_demo_example_5:/home/hibiki/Robomech_HR/Eglantyne/simulation/install/ros2_control_demo_example_4:/home/hibiki/Robomech_HR/Eglantyne/simulation/install/ros2_control_demo_example_3:/home/hibiki/Robomech_HR/Eglantyne/simulation/install/ros2_control_demo_example_2:/home/hibiki/Robomech_HR/Eglantyne/simulation/install/ros2_control_demo_example_14:/home/hibiki/Robomech_HR/Eglantyne/simulation/install/ros2_control_demo_example_12:/home/hibiki/Robomech_HR/Eglantyne/simulation/install/ros2_control_demo_example_11:/home/hibiki/Robomech_HR/Eglantyne/simulation/install/ros2_control_demo_example_10:/home/hibiki/Robomech_HR/Eglantyne/simulation/install/ros2_control_demo_example_1:/home/hibiki/Robomech_HR/Eglantyne/simulation/install/gazebo_ros2_control_demos:/home/hibiki/Robomech_HR/Eglantyne/simulation/install/champ_teleop:/home/hibiki/Robomech_HR/Eglantyne/simulation/install/champ_navigation:/home/hibiki/Robomech_HR/Eglantyne/simulation/install/champ_gazebo:/home/hibiki/Robomech_HR/Eglantyne/simulation/install/champ_bringup:/home/hibiki/Robomech_HR/Eglantyne/simulation/install/champ_base:/home/hibiki/Robomech_HR/Eglantyne/simulation/install/champ_msgs:/home/hibiki/Robomech_HR/Eglantyne/simulation/install/champ_description:/home/hibiki/Robomech_HR/Eglantyne/simulation/install/champ_config:/home/hibiki/Robomech_HR/Eglantyne/simulation/install/ros2_control_demo_testing:/opt/ros/humble:/home/hibiki/Robomech_HR/Eglantyne/simulation/install/champ:/home/hibiki/Robomech_HR/Eglantyne/microros/ros2_pub_test/install/vel_pub PYTHONPATH=/home/hibiki/Robomech_HR/Eglantyne/simulation/install/ros2_control_demo_testing/lib/python3.10/site-packages:/home/hibiki/Robomech_HR/Eglantyne/simulation/install/simple_sim/lib/python3.10/site-packages:/home/hibiki/Robomech_HR/Eglantyne/simulation/install/champ_bringup/lib/python3.10/site-packages:/home/hibiki/Robomech_HR/Eglantyne/simulation/install/champ_msgs/lib/python3.10/site-packages:/opt/ros/humble/lib/python3.10/site-packages:/opt/ros/humble/local/lib/python3.10/dist-packages /usr/bin/cmake --install /home/hibiki/Robomech_HR/Eglantyne/simulation/build/ros2_control_demo_example_9
[1.194s] Level 1:colcon.colcon_core.environment:checking '/home/hibiki/Robomech_HR/Eglantyne/simulation/install/ros2_control_demo_example_9' for CMake config files
[1.194s] Level 1:colcon.colcon_core.shell:create_environment_hook('ros2_control_demo_example_9', 'cmake_prefix_path')
[1.195s] INFO:colcon.colcon_core.shell:Creating environment hook '/home/hibiki/Robomech_HR/Eglantyne/simulation/install/ros2_control_demo_example_9/share/ros2_control_demo_example_9/hook/cmake_prefix_path.ps1'
[1.195s] INFO:colcon.colcon_core.shell:Creating environment descriptor '/home/hibiki/Robomech_HR/Eglantyne/simulation/install/ros2_control_demo_example_9/share/ros2_control_demo_example_9/hook/cmake_prefix_path.dsv'
[1.195s] INFO:colcon.colcon_core.shell:Creating environment hook '/home/hibiki/Robomech_HR/Eglantyne/simulation/install/ros2_control_demo_example_9/share/ros2_control_demo_example_9/hook/cmake_prefix_path.sh'
[1.195s] Level 1:colcon.colcon_core.environment:checking '/home/hibiki/Robomech_HR/Eglantyne/simulation/install/ros2_control_demo_example_9/lib'
[1.195s] Level 1:colcon.colcon_core.shell:create_environment_hook('ros2_control_demo_example_9', 'ld_library_path_lib')
[1.195s] INFO:colcon.colcon_core.shell:Creating environment hook '/home/hibiki/Robomech_HR/Eglantyne/simulation/install/ros2_control_demo_example_9/share/ros2_control_demo_example_9/hook/ld_library_path_lib.ps1'
[1.196s] INFO:colcon.colcon_core.shell:Creating environment descriptor '/home/hibiki/Robomech_HR/Eglantyne/simulation/install/ros2_control_demo_example_9/share/ros2_control_demo_example_9/hook/ld_library_path_lib.dsv'
[1.196s] INFO:colcon.colcon_core.shell:Creating environment hook '/home/hibiki/Robomech_HR/Eglantyne/simulation/install/ros2_control_demo_example_9/share/ros2_control_demo_example_9/hook/ld_library_path_lib.sh'
[1.196s] Level 1:colcon.colcon_core.environment:checking '/home/hibiki/Robomech_HR/Eglantyne/simulation/install/ros2_control_demo_example_9/bin'
[1.196s] Level 1:colcon.colcon_core.environment:checking '/home/hibiki/Robomech_HR/Eglantyne/simulation/install/ros2_control_demo_example_9/lib/pkgconfig/ros2_control_demo_example_9.pc'
[1.196s] Level 1:colcon.colcon_core.environment:checking '/home/hibiki/Robomech_HR/Eglantyne/simulation/install/ros2_control_demo_example_9/lib/python3.10/site-packages'
[1.197s] Level 1:colcon.colcon_core.environment:checking '/home/hibiki/Robomech_HR/Eglantyne/simulation/install/ros2_control_demo_example_9/bin'
[1.197s] INFO:colcon.colcon_core.shell:Creating package script '/home/hibiki/Robomech_HR/Eglantyne/simulation/install/ros2_control_demo_example_9/share/ros2_control_demo_example_9/package.ps1'
[1.197s] INFO:colcon.colcon_core.shell:Creating package descriptor '/home/hibiki/Robomech_HR/Eglantyne/simulation/install/ros2_control_demo_example_9/share/ros2_control_demo_example_9/package.dsv'
[1.197s] INFO:colcon.colcon_core.shell:Creating package script '/home/hibiki/Robomech_HR/Eglantyne/simulation/install/ros2_control_demo_example_9/share/ros2_control_demo_example_9/package.sh'
[1.198s] INFO:colcon.colcon_core.shell:Creating package script '/home/hibiki/Robomech_HR/Eglantyne/simulation/install/ros2_control_demo_example_9/share/ros2_control_demo_example_9/package.bash'
[1.198s] INFO:colcon.colcon_core.shell:Creating package script '/home/hibiki/Robomech_HR/Eglantyne/simulation/install/ros2_control_demo_example_9/share/ros2_control_demo_example_9/package.zsh'
[1.198s] Level 1:colcon.colcon_core.environment:create_file_with_runtime_dependencies(/home/hibiki/Robomech_HR/Eglantyne/simulation/install/ros2_control_demo_example_9/share/colcon-core/packages/ros2_control_demo_example_9)
[1.199s] Level 1:colcon.colcon_core.environment:create_environment_scripts_only(ros2_control_demo_example_14)
[1.199s] Level 1:colcon.colcon_core.environment:checking '/home/hibiki/Robomech_HR/Eglantyne/simulation/install/ros2_control_demo_example_14' for CMake module files
[1.200s] Level 1:colcon.colcon_core.environment:checking '/home/hibiki/Robomech_HR/Eglantyne/simulation/install/ros2_control_demo_example_14' for CMake config files
[1.200s] Level 1:colcon.colcon_core.shell:create_environment_hook('ros2_control_demo_example_14', 'cmake_prefix_path')
[1.200s] INFO:colcon.colcon_core.shell:Creating environment hook '/home/hibiki/Robomech_HR/Eglantyne/simulation/install/ros2_control_demo_example_14/share/ros2_control_demo_example_14/hook/cmake_prefix_path.ps1'
[1.200s] INFO:colcon.colcon_core.shell:Creating environment descriptor '/home/hibiki/Robomech_HR/Eglantyne/simulation/install/ros2_control_demo_example_14/share/ros2_control_demo_example_14/hook/cmake_prefix_path.dsv'
[1.200s] INFO:colcon.colcon_core.shell:Creating environment hook '/home/hibiki/Robomech_HR/Eglantyne/simulation/install/ros2_control_demo_example_14/share/ros2_control_demo_example_14/hook/cmake_prefix_path.sh'
[1.200s] Level 1:colcon.colcon_core.environment:checking '/home/hibiki/Robomech_HR/Eglantyne/simulation/install/ros2_control_demo_example_14/lib'
[1.200s] Level 1:colcon.colcon_core.shell:create_environment_hook('ros2_control_demo_example_14', 'ld_library_path_lib')
[1.201s] INFO:colcon.colcon_core.shell:Creating environment hook '/home/hibiki/Robomech_HR/Eglantyne/simulation/install/ros2_control_demo_example_14/share/ros2_control_demo_example_14/hook/ld_library_path_lib.ps1'
[1.201s] INFO:colcon.colcon_core.shell:Creating environment descriptor '/home/hibiki/Robomech_HR/Eglantyne/simulation/install/ros2_control_demo_example_14/share/ros2_control_demo_example_14/hook/ld_library_path_lib.dsv'
[1.201s] INFO:colcon.colcon_core.shell:Creating environment hook '/home/hibiki/Robomech_HR/Eglantyne/simulation/install/ros2_control_demo_example_14/share/ros2_control_demo_example_14/hook/ld_library_path_lib.sh'
[1.201s] Level 1:colcon.colcon_core.environment:checking '/home/hibiki/Robomech_HR/Eglantyne/simulation/install/ros2_control_demo_example_14/bin'
[1.201s] Level 1:colcon.colcon_core.environment:checking '/home/hibiki/Robomech_HR/Eglantyne/simulation/install/ros2_control_demo_example_14/lib/pkgconfig/ros2_control_demo_example_14.pc'
[1.201s] Level 1:colcon.colcon_core.environment:checking '/home/hibiki/Robomech_HR/Eglantyne/simulation/install/ros2_control_demo_example_14/lib/python3.10/site-packages'
[1.201s] Level 1:colcon.colcon_core.environment:checking '/home/hibiki/Robomech_HR/Eglantyne/simulation/install/ros2_control_demo_example_14/bin'
[1.202s] INFO:colcon.colcon_core.shell:Creating package script '/home/hibiki/Robomech_HR/Eglantyne/simulation/install/ros2_control_demo_example_14/share/ros2_control_demo_example_14/package.ps1'
[1.202s] INFO:colcon.colcon_core.shell:Creating package descriptor '/home/hibiki/Robomech_HR/Eglantyne/simulation/install/ros2_control_demo_example_14/share/ros2_control_demo_example_14/package.dsv'
[1.202s] INFO:colcon.colcon_core.shell:Creating package script '/home/hibiki/Robomech_HR/Eglantyne/simulation/install/ros2_control_demo_example_14/share/ros2_control_demo_example_14/package.sh'
[1.202s] INFO:colcon.colcon_core.shell:Creating package script '/home/hibiki/Robomech_HR/Eglantyne/simulation/install/ros2_control_demo_example_14/share/ros2_control_demo_example_14/package.bash'
[1.203s] INFO:colcon.colcon_core.shell:Creating package script '/home/hibiki/Robomech_HR/Eglantyne/simulation/install/ros2_control_demo_example_14/share/ros2_control_demo_example_14/package.zsh'
[1.203s] Level 1:colcon.colcon_core.environment:create_file_with_runtime_dependencies(/home/hibiki/Robomech_HR/Eglantyne/simulation/install/ros2_control_demo_example_14/share/colcon-core/packages/ros2_control_demo_example_14)
[1.203s] Level 1:colcon.colcon_core.environment:create_environment_scripts_only(ros2_control_demo_example_3)
[1.204s] Level 1:colcon.colcon_core.environment:checking '/home/hibiki/Robomech_HR/Eglantyne/simulation/install/ros2_control_demo_example_3' for CMake module files
[1.204s] Level 1:colcon.colcon_core.environment:checking '/home/hibiki/Robomech_HR/Eglantyne/simulation/install/ros2_control_demo_example_3' for CMake config files
[1.204s] Level 1:colcon.colcon_core.shell:create_environment_hook('ros2_control_demo_example_3', 'cmake_prefix_path')
[1.204s] INFO:colcon.colcon_core.shell:Creating environment hook '/home/hibiki/Robomech_HR/Eglantyne/simulation/install/ros2_control_demo_example_3/share/ros2_control_demo_example_3/hook/cmake_prefix_path.ps1'
[1.205s] INFO:colcon.colcon_core.shell:Creating environment descriptor '/home/hibiki/Robomech_HR/Eglantyne/simulation/install/ros2_control_demo_example_3/share/ros2_control_demo_example_3/hook/cmake_prefix_path.dsv'
[1.205s] INFO:colcon.colcon_core.shell:Creating environment hook '/home/hibiki/Robomech_HR/Eglantyne/simulation/install/ros2_control_demo_example_3/share/ros2_control_demo_example_3/hook/cmake_prefix_path.sh'
[1.205s] Level 1:colcon.colcon_core.environment:checking '/home/hibiki/Robomech_HR/Eglantyne/simulation/install/ros2_control_demo_example_3/lib'
[1.205s] Level 1:colcon.colcon_core.shell:create_environment_hook('ros2_control_demo_example_3', 'ld_library_path_lib')
[1.205s] INFO:colcon.colcon_core.shell:Creating environment hook '/home/hibiki/Robomech_HR/Eglantyne/simulation/install/ros2_control_demo_example_3/share/ros2_control_demo_example_3/hook/ld_library_path_lib.ps1'
[1.205s] INFO:colcon.colcon_core.shell:Creating environment descriptor '/home/hibiki/Robomech_HR/Eglantyne/simulation/install/ros2_control_demo_example_3/share/ros2_control_demo_example_3/hook/ld_library_path_lib.dsv'
[1.205s] INFO:colcon.colcon_core.shell:Creating environment hook '/home/hibiki/Robomech_HR/Eglantyne/simulation/install/ros2_control_demo_example_3/share/ros2_control_demo_example_3/hook/ld_library_path_lib.sh'
[1.206s] Level 1:colcon.colcon_core.environment:checking '/home/hibiki/Robomech_HR/Eglantyne/simulation/install/ros2_control_demo_example_3/bin'
[1.206s] Level 1:colcon.colcon_core.environment:checking '/home/hibiki/Robomech_HR/Eglantyne/simulation/install/ros2_control_demo_example_3/lib/pkgconfig/ros2_control_demo_example_3.pc'
[1.206s] Level 1:colcon.colcon_core.environment:checking '/home/hibiki/Robomech_HR/Eglantyne/simulation/install/ros2_control_demo_example_3/lib/python3.10/site-packages'
[1.206s] Level 1:colcon.colcon_core.environment:checking '/home/hibiki/Robomech_HR/Eglantyne/simulation/install/ros2_control_demo_example_3/bin'
[1.206s] INFO:colcon.colcon_core.shell:Creating package script '/home/hibiki/Robomech_HR/Eglantyne/simulation/install/ros2_control_demo_example_3/share/ros2_control_demo_example_3/package.ps1'
[1.206s] INFO:colcon.colcon_core.shell:Creating package descriptor '/home/hibiki/Robomech_HR/Eglantyne/simulation/install/ros2_control_demo_example_3/share/ros2_control_demo_example_3/package.dsv'
[1.207s] INFO:colcon.colcon_core.shell:Creating package script '/home/hibiki/Robomech_HR/Eglantyne/simulation/install/ros2_control_demo_example_3/share/ros2_control_demo_example_3/package.sh'
[1.207s] INFO:colcon.colcon_core.shell:Creating package script '/home/hibiki/Robomech_HR/Eglantyne/simulation/install/ros2_control_demo_example_3/share/ros2_control_demo_example_3/package.bash'
[1.207s] INFO:colcon.colcon_core.shell:Creating package script '/home/hibiki/Robomech_HR/Eglantyne/simulation/install/ros2_control_demo_example_3/share/ros2_control_demo_example_3/package.zsh'
[1.207s] Level 1:colcon.colcon_core.environment:create_file_with_runtime_dependencies(/home/hibiki/Robomech_HR/Eglantyne/simulation/install/ros2_control_demo_example_3/share/colcon-core/packages/ros2_control_demo_example_3)
[1.207s] Level 1:colcon.colcon_core.environment:create_environment_scripts_only(ros2_control_demo_example_4)
[1.208s] Level 1:colcon.colcon_core.environment:checking '/home/hibiki/Robomech_HR/Eglantyne/simulation/install/ros2_control_demo_example_4' for CMake module files
[1.208s] Level 1:colcon.colcon_core.environment:checking '/home/hibiki/Robomech_HR/Eglantyne/simulation/install/ros2_control_demo_example_4' for CMake config files
[1.208s] Level 1:colcon.colcon_core.shell:create_environment_hook('ros2_control_demo_example_4', 'cmake_prefix_path')
[1.208s] INFO:colcon.colcon_core.shell:Creating environment hook '/home/hibiki/Robomech_HR/Eglantyne/simulation/install/ros2_control_demo_example_4/share/ros2_control_demo_example_4/hook/cmake_prefix_path.ps1'
[1.209s] INFO:colcon.colcon_core.shell:Creating environment descriptor '/home/hibiki/Robomech_HR/Eglantyne/simulation/install/ros2_control_demo_example_4/share/ros2_control_demo_example_4/hook/cmake_prefix_path.dsv'
[1.209s] INFO:colcon.colcon_core.shell:Creating environment hook '/home/hibiki/Robomech_HR/Eglantyne/simulation/install/ros2_control_demo_example_4/share/ros2_control_demo_example_4/hook/cmake_prefix_path.sh'
[1.209s] Level 1:colcon.colcon_core.environment:checking '/home/hibiki/Robomech_HR/Eglantyne/simulation/install/ros2_control_demo_example_4/lib'
[1.209s] Level 1:colcon.colcon_core.shell:create_environment_hook('ros2_control_demo_example_4', 'ld_library_path_lib')
[1.209s] INFO:colcon.colcon_core.shell:Creating environment hook '/home/hibiki/Robomech_HR/Eglantyne/simulation/install/ros2_control_demo_example_4/share/ros2_control_demo_example_4/hook/ld_library_path_lib.ps1'
[1.209s] INFO:colcon.colcon_core.shell:Creating environment descriptor '/home/hibiki/Robomech_HR/Eglantyne/simulation/install/ros2_control_demo_example_4/share/ros2_control_demo_example_4/hook/ld_library_path_lib.dsv'
[1.209s] INFO:colcon.colcon_core.shell:Creating environment hook '/home/hibiki/Robomech_HR/Eglantyne/simulation/install/ros2_control_demo_example_4/share/ros2_control_demo_example_4/hook/ld_library_path_lib.sh'
[1.210s] Level 1:colcon.colcon_core.environment:checking '/home/hibiki/Robomech_HR/Eglantyne/simulation/install/ros2_control_demo_example_4/bin'
[1.210s] Level 1:colcon.colcon_core.environment:checking '/home/hibiki/Robomech_HR/Eglantyne/simulation/install/ros2_control_demo_example_4/lib/pkgconfig/ros2_control_demo_example_4.pc'
[1.210s] Level 1:colcon.colcon_core.environment:checking '/home/hibiki/Robomech_HR/Eglantyne/simulation/install/ros2_control_demo_example_4/lib/python3.10/site-packages'
[1.210s] Level 1:colcon.colcon_core.environment:checking '/home/hibiki/Robomech_HR/Eglantyne/simulation/install/ros2_control_demo_example_4/bin'
[1.210s] INFO:colcon.colcon_core.shell:Creating package script '/home/hibiki/Robomech_HR/Eglantyne/simulation/install/ros2_control_demo_example_4/share/ros2_control_demo_example_4/package.ps1'
[1.210s] INFO:colcon.colcon_core.shell:Creating package descriptor '/home/hibiki/Robomech_HR/Eglantyne/simulation/install/ros2_control_demo_example_4/share/ros2_control_demo_example_4/package.dsv'
[1.211s] INFO:colcon.colcon_core.shell:Creating package script '/home/hibiki/Robomech_HR/Eglantyne/simulation/install/ros2_control_demo_example_4/share/ros2_control_demo_example_4/package.sh'
[1.211s] INFO:colcon.colcon_core.shell:Creating package script '/home/hibiki/Robomech_HR/Eglantyne/simulation/install/ros2_control_demo_example_4/share/ros2_control_demo_example_4/package.bash'
[1.211s] INFO:colcon.colcon_core.shell:Creating package script '/home/hibiki/Robomech_HR/Eglantyne/simulation/install/ros2_control_demo_example_4/share/ros2_control_demo_example_4/package.zsh'
[1.211s] Level 1:colcon.colcon_core.environment:create_file_with_runtime_dependencies(/home/hibiki/Robomech_HR/Eglantyne/simulation/install/ros2_control_demo_example_4/share/colcon-core/packages/ros2_control_demo_example_4)
[1.212s] Level 1:colcon.colcon_core.environment:create_environment_scripts_only(ros2_control_demo_example_6)
[1.212s] Level 1:colcon.colcon_core.environment:checking '/home/hibiki/Robomech_HR/Eglantyne/simulation/install/ros2_control_demo_example_6' for CMake module files
[1.213s] Level 1:colcon.colcon_core.environment:checking '/home/hibiki/Robomech_HR/Eglantyne/simulation/install/ros2_control_demo_example_6' for CMake config files
[1.213s] Level 1:colcon.colcon_core.shell:create_environment_hook('ros2_control_demo_example_6', 'cmake_prefix_path')
[1.213s] INFO:colcon.colcon_core.shell:Creating environment hook '/home/hibiki/Robomech_HR/Eglantyne/simulation/install/ros2_control_demo_example_6/share/ros2_control_demo_example_6/hook/cmake_prefix_path.ps1'
[1.213s] INFO:colcon.colcon_core.shell:Creating environment descriptor '/home/hibiki/Robomech_HR/Eglantyne/simulation/install/ros2_control_demo_example_6/share/ros2_control_demo_example_6/hook/cmake_prefix_path.dsv'
[1.214s] INFO:colcon.colcon_core.shell:Creating environment hook '/home/hibiki/Robomech_HR/Eglantyne/simulation/install/ros2_control_demo_example_6/share/ros2_control_demo_example_6/hook/cmake_prefix_path.sh'
[1.214s] Level 1:colcon.colcon_core.environment:checking '/home/hibiki/Robomech_HR/Eglantyne/simulation/install/ros2_control_demo_example_6/lib'
[1.214s] Level 1:colcon.colcon_core.shell:create_environment_hook('ros2_control_demo_example_6', 'ld_library_path_lib')
[1.214s] INFO:colcon.colcon_core.shell:Creating environment hook '/home/hibiki/Robomech_HR/Eglantyne/simulation/install/ros2_control_demo_example_6/share/ros2_control_demo_example_6/hook/ld_library_path_lib.ps1'
[1.214s] INFO:colcon.colcon_core.shell:Creating environment descriptor '/home/hibiki/Robomech_HR/Eglantyne/simulation/install/ros2_control_demo_example_6/share/ros2_control_demo_example_6/hook/ld_library_path_lib.dsv'
[1.214s] INFO:colcon.colcon_core.shell:Creating environment hook '/home/hibiki/Robomech_HR/Eglantyne/simulation/install/ros2_control_demo_example_6/share/ros2_control_demo_example_6/hook/ld_library_path_lib.sh'
[1.215s] Level 1:colcon.colcon_core.environment:checking '/home/hibiki/Robomech_HR/Eglantyne/simulation/install/ros2_control_demo_example_6/bin'
[1.215s] Level 1:colcon.colcon_core.environment:checking '/home/hibiki/Robomech_HR/Eglantyne/simulation/install/ros2_control_demo_example_6/lib/pkgconfig/ros2_control_demo_example_6.pc'
[1.215s] Level 1:colcon.colcon_core.environment:checking '/home/hibiki/Robomech_HR/Eglantyne/simulation/install/ros2_control_demo_example_6/lib/python3.10/site-packages'
[1.215s] Level 1:colcon.colcon_core.environment:checking '/home/hibiki/Robomech_HR/Eglantyne/simulation/install/ros2_control_demo_example_6/bin'
[1.215s] INFO:colcon.colcon_core.shell:Creating package script '/home/hibiki/Robomech_HR/Eglantyne/simulation/install/ros2_control_demo_example_6/share/ros2_control_demo_example_6/package.ps1'
[1.215s] INFO:colcon.colcon_core.shell:Creating package descriptor '/home/hibiki/Robomech_HR/Eglantyne/simulation/install/ros2_control_demo_example_6/share/ros2_control_demo_example_6/package.dsv'
[1.216s] INFO:colcon.colcon_core.shell:Creating package script '/home/hibiki/Robomech_HR/Eglantyne/simulation/install/ros2_control_demo_example_6/share/ros2_control_demo_example_6/package.sh'
[1.216s] INFO:colcon.colcon_core.shell:Creating package script '/home/hibiki/Robomech_HR/Eglantyne/simulation/install/ros2_control_demo_example_6/share/ros2_control_demo_example_6/package.bash'
[1.216s] INFO:colcon.colcon_core.shell:Creating package script '/home/hibiki/Robomech_HR/Eglantyne/simulation/install/ros2_control_demo_example_6/share/ros2_control_demo_example_6/package.zsh'
[1.217s] Level 1:colcon.colcon_core.environment:create_file_with_runtime_dependencies(/home/hibiki/Robomech_HR/Eglantyne/simulation/install/ros2_control_demo_example_6/share/colcon-core/packages/ros2_control_demo_example_6)
[1.217s] Level 1:colcon.colcon_core.environment:create_environment_scripts_only(ros2_control_demo_example_7)
[1.217s] Level 1:colcon.colcon_core.environment:checking '/home/hibiki/Robomech_HR/Eglantyne/simulation/install/ros2_control_demo_example_7' for CMake module files
[1.218s] Level 1:colcon.colcon_core.environment:checking '/home/hibiki/Robomech_HR/Eglantyne/simulation/install/ros2_control_demo_example_7' for CMake config files
[1.218s] Level 1:colcon.colcon_core.shell:create_environment_hook('ros2_control_demo_example_7', 'cmake_prefix_path')
[1.218s] INFO:colcon.colcon_core.shell:Creating environment hook '/home/hibiki/Robomech_HR/Eglantyne/simulation/install/ros2_control_demo_example_7/share/ros2_control_demo_example_7/hook/cmake_prefix_path.ps1'
[1.218s] INFO:colcon.colcon_core.shell:Creating environment descriptor '/home/hibiki/Robomech_HR/Eglantyne/simulation/install/ros2_control_demo_example_7/share/ros2_control_demo_example_7/hook/cmake_prefix_path.dsv'
[1.218s] INFO:colcon.colcon_core.shell:Creating environment hook '/home/hibiki/Robomech_HR/Eglantyne/simulation/install/ros2_control_demo_example_7/share/ros2_control_demo_example_7/hook/cmake_prefix_path.sh'
[1.218s] Level 1:colcon.colcon_core.environment:checking '/home/hibiki/Robomech_HR/Eglantyne/simulation/install/ros2_control_demo_example_7/lib'
[1.219s] Level 1:colcon.colcon_core.shell:create_environment_hook('ros2_control_demo_example_7', 'ld_library_path_lib')
[1.219s] INFO:colcon.colcon_core.shell:Creating environment hook '/home/hibiki/Robomech_HR/Eglantyne/simulation/install/ros2_control_demo_example_7/share/ros2_control_demo_example_7/hook/ld_library_path_lib.ps1'
[1.219s] INFO:colcon.colcon_core.shell:Creating environment descriptor '/home/hibiki/Robomech_HR/Eglantyne/simulation/install/ros2_control_demo_example_7/share/ros2_control_demo_example_7/hook/ld_library_path_lib.dsv'
[1.219s] INFO:colcon.colcon_core.shell:Creating environment hook '/home/hibiki/Robomech_HR/Eglantyne/simulation/install/ros2_control_demo_example_7/share/ros2_control_demo_example_7/hook/ld_library_path_lib.sh'
[1.219s] Level 1:colcon.colcon_core.environment:checking '/home/hibiki/Robomech_HR/Eglantyne/simulation/install/ros2_control_demo_example_7/bin'
[1.219s] Level 1:colcon.colcon_core.environment:checking '/home/hibiki/Robomech_HR/Eglantyne/simulation/install/ros2_control_demo_example_7/lib/pkgconfig/ros2_control_demo_example_7.pc'
[1.219s] Level 1:colcon.colcon_core.environment:checking '/home/hibiki/Robomech_HR/Eglantyne/simulation/install/ros2_control_demo_example_7/lib/python3.10/site-packages'
[1.219s] Level 1:colcon.colcon_core.environment:checking '/home/hibiki/Robomech_HR/Eglantyne/simulation/install/ros2_control_demo_example_7/bin'
[1.220s] INFO:colcon.colcon_core.shell:Creating package script '/home/hibiki/Robomech_HR/Eglantyne/simulation/install/ros2_control_demo_example_7/share/ros2_control_demo_example_7/package.ps1'
[1.220s] INFO:colcon.colcon_core.shell:Creating package descriptor '/home/hibiki/Robomech_HR/Eglantyne/simulation/install/ros2_control_demo_example_7/share/ros2_control_demo_example_7/package.dsv'
[1.220s] INFO:colcon.colcon_core.shell:Creating package script '/home/hibiki/Robomech_HR/Eglantyne/simulation/install/ros2_control_demo_example_7/share/ros2_control_demo_example_7/package.sh'
[1.220s] INFO:colcon.colcon_core.shell:Creating package script '/home/hibiki/Robomech_HR/Eglantyne/simulation/install/ros2_control_demo_example_7/share/ros2_control_demo_example_7/package.bash'
[1.221s] INFO:colcon.colcon_core.shell:Creating package script '/home/hibiki/Robomech_HR/Eglantyne/simulation/install/ros2_control_demo_example_7/share/ros2_control_demo_example_7/package.zsh'
[1.221s] Level 1:colcon.colcon_core.environment:create_file_with_runtime_dependencies(/home/hibiki/Robomech_HR/Eglantyne/simulation/install/ros2_control_demo_example_7/share/colcon-core/packages/ros2_control_demo_example_7)
[1.221s] Level 1:colcon.colcon_core.environment:create_environment_scripts_only(ros2_control_demo_example_8)
[1.221s] Level 1:colcon.colcon_core.environment:checking '/home/hibiki/Robomech_HR/Eglantyne/simulation/install/ros2_control_demo_example_8' for CMake module files
[1.222s] Level 1:colcon.colcon_core.environment:checking '/home/hibiki/Robomech_HR/Eglantyne/simulation/install/ros2_control_demo_example_8' for CMake config files
[1.222s] Level 1:colcon.colcon_core.shell:create_environment_hook('ros2_control_demo_example_8', 'cmake_prefix_path')
[1.222s] INFO:colcon.colcon_core.shell:Creating environment hook '/home/hibiki/Robomech_HR/Eglantyne/simulation/install/ros2_control_demo_example_8/share/ros2_control_demo_example_8/hook/cmake_prefix_path.ps1'
[1.222s] INFO:colcon.colcon_core.shell:Creating environment descriptor '/home/hibiki/Robomech_HR/Eglantyne/simulation/install/ros2_control_demo_example_8/share/ros2_control_demo_example_8/hook/cmake_prefix_path.dsv'
[1.222s] INFO:colcon.colcon_core.shell:Creating environment hook '/home/hibiki/Robomech_HR/Eglantyne/simulation/install/ros2_control_demo_example_8/share/ros2_control_demo_example_8/hook/cmake_prefix_path.sh'
[1.223s] Level 1:colcon.colcon_core.environment:checking '/home/hibiki/Robomech_HR/Eglantyne/simulation/install/ros2_control_demo_example_8/lib'
[1.223s] Level 1:colcon.colcon_core.shell:create_environment_hook('ros2_control_demo_example_8', 'ld_library_path_lib')
[1.223s] INFO:colcon.colcon_core.shell:Creating environment hook '/home/hibiki/Robomech_HR/Eglantyne/simulation/install/ros2_control_demo_example_8/share/ros2_control_demo_example_8/hook/ld_library_path_lib.ps1'
[1.223s] INFO:colcon.colcon_core.shell:Creating environment descriptor '/home/hibiki/Robomech_HR/Eglantyne/simulation/install/ros2_control_demo_example_8/share/ros2_control_demo_example_8/hook/ld_library_path_lib.dsv'
[1.223s] INFO:colcon.colcon_core.shell:Creating environment hook '/home/hibiki/Robomech_HR/Eglantyne/simulation/install/ros2_control_demo_example_8/share/ros2_control_demo_example_8/hook/ld_library_path_lib.sh'
[1.223s] Level 1:colcon.colcon_core.environment:checking '/home/hibiki/Robomech_HR/Eglantyne/simulation/install/ros2_control_demo_example_8/bin'
[1.223s] Level 1:colcon.colcon_core.environment:checking '/home/hibiki/Robomech_HR/Eglantyne/simulation/install/ros2_control_demo_example_8/lib/pkgconfig/ros2_control_demo_example_8.pc'
[1.223s] Level 1:colcon.colcon_core.environment:checking '/home/hibiki/Robomech_HR/Eglantyne/simulation/install/ros2_control_demo_example_8/lib/python3.10/site-packages'
[1.224s] Level 1:colcon.colcon_core.environment:checking '/home/hibiki/Robomech_HR/Eglantyne/simulation/install/ros2_control_demo_example_8/bin'
[1.224s] INFO:colcon.colcon_core.shell:Creating package script '/home/hibiki/Robomech_HR/Eglantyne/simulation/install/ros2_control_demo_example_8/share/ros2_control_demo_example_8/package.ps1'
[1.224s] INFO:colcon.colcon_core.shell:Creating package descriptor '/home/hibiki/Robomech_HR/Eglantyne/simulation/install/ros2_control_demo_example_8/share/ros2_control_demo_example_8/package.dsv'
[1.224s] INFO:colcon.colcon_core.shell:Creating package script '/home/hibiki/Robomech_HR/Eglantyne/simulation/install/ros2_control_demo_example_8/share/ros2_control_demo_example_8/package.sh'
[1.224s] INFO:colcon.colcon_core.shell:Creating package script '/home/hibiki/Robomech_HR/Eglantyne/simulation/install/ros2_control_demo_example_8/share/ros2_control_demo_example_8/package.bash'
[1.225s] INFO:colcon.colcon_core.shell:Creating package script '/home/hibiki/Robomech_HR/Eglantyne/simulation/install/ros2_control_demo_example_8/share/ros2_control_demo_example_8/package.zsh'
[1.225s] Level 1:colcon.colcon_core.environment:create_file_with_runtime_dependencies(/home/hibiki/Robomech_HR/Eglantyne/simulation/install/ros2_control_demo_example_8/share/colcon-core/packages/ros2_control_demo_example_8)
[1.228s] DEBUG:colcon.colcon_core.event_handler.log_command:Invoking command in '/home/hibiki/Robomech_HR/Eglantyne/simulation/build/champ_base': CMAKE_PREFIX_PATH=/home/hibiki/Robomech_HR/Eglantyne/simulation/install/champ_msgs:/home/hibiki/Robomech_HR/Eglantyne/simulation/install/ros2_control_demo_testing:/opt/ros/humble:/home/hibiki/Robomech_HR/Eglantyne/simulation/install/champ:/home/hibiki/Robomech_HR/Eglantyne/simulation/install/simple_sim:/home/hibiki/Robomech_HR/Eglantyne/simulation/install/ros2_control_demos:/home/hibiki/Robomech_HR/Eglantyne/simulation/install/ros2_control_demo_example_9:/home/hibiki/Robomech_HR/Eglantyne/simulation/install/ros2_control_demo_example_8:/home/hibiki/Robomech_HR/Eglantyne/simulation/install/ros2_control_demo_example_7:/home/hibiki/Robomech_HR/Eglantyne/simulation/install/ros2_control_demo_example_6:/home/hibiki/Robomech_HR/Eglantyne/simulation/install/ros2_control_demo_example_15:/home/hibiki/Robomech_HR/Eglantyne/simulation/install/ros2_control_demo_example_5:/home/hibiki/Robomech_HR/Eglantyne/simulation/install/ros2_control_demo_example_4:/home/hibiki/Robomech_HR/Eglantyne/simulation/install/ros2_control_demo_example_3:/home/hibiki/Robomech_HR/Eglantyne/simulation/install/ros2_control_demo_example_2:/home/hibiki/Robomech_HR/Eglantyne/simulation/install/ros2_control_demo_example_14:/home/hibiki/Robomech_HR/Eglantyne/simulation/install/ros2_control_demo_example_12:/home/hibiki/Robomech_HR/Eglantyne/simulation/install/ros2_control_demo_example_11:/home/hibiki/Robomech_HR/Eglantyne/simulation/install/ros2_control_demo_example_10:/home/hibiki/Robomech_HR/Eglantyne/simulation/install/ros2_control_demo_example_1:/home/hibiki/Robomech_HR/Eglantyne/simulation/install/ros2_control_demo_description:/home/hibiki/Robomech_HR/Eglantyne/simulation/install/gazebo_ros2_control_demos:/home/hibiki/Robomech_HR/Eglantyne/simulation/install/champ_teleop:/home/hibiki/Robomech_HR/Eglantyne/simulation/install/champ_navigation:/home/hibiki/Robomech_HR/Eglantyne/simulation/install/champ_gazebo:/home/hibiki/Robomech_HR/Eglantyne/simulation/install/champ_bringup:/home/hibiki/Robomech_HR/Eglantyne/simulation/install/champ_base:/home/hibiki/Robomech_HR/Eglantyne/simulation/install/champ_description:/home/hibiki/Robomech_HR/Eglantyne/simulation/install/champ_config:/home/hibiki/Robomech_HR/Eglantyne/microros/ros2_pub_test/install/vel_pub LD_LIBRARY_PATH=/home/hibiki/Robomech_HR/Eglantyne/simulation/install/champ_msgs/lib:/home/hibiki/Robomech_HR/Eglantyne/simulation/install/simple_sim/lib:/home/hibiki/Robomech_HR/Eglantyne/simulation/install/ros2_control_demo_example_9/lib:/home/hibiki/Robomech_HR/Eglantyne/simulation/install/ros2_control_demo_example_8/lib:/home/hibiki/Robomech_HR/Eglantyne/simulation/install/ros2_control_demo_example_7/lib:/home/hibiki/Robomech_HR/Eglantyne/simulation/install/ros2_control_demo_example_6/lib:/home/hibiki/Robomech_HR/Eglantyne/simulation/install/ros2_control_demo_example_5/lib:/home/hibiki/Robomech_HR/Eglantyne/simulation/install/ros2_control_demo_example_4/lib:/home/hibiki/Robomech_HR/Eglantyne/simulation/install/ros2_control_demo_example_3/lib:/home/hibiki/Robomech_HR/Eglantyne/simulation/install/ros2_control_demo_example_2/lib:/home/hibiki/Robomech_HR/Eglantyne/simulation/install/ros2_control_demo_example_14/lib:/home/hibiki/Robomech_HR/Eglantyne/simulation/install/ros2_control_demo_example_12/lib:/home/hibiki/Robomech_HR/Eglantyne/simulation/install/ros2_control_demo_example_11/lib:/home/hibiki/Robomech_HR/Eglantyne/simulation/install/ros2_control_demo_example_10/lib:/home/hibiki/Robomech_HR/Eglantyne/simulation/install/ros2_control_demo_example_1/lib:/home/hibiki/Robomech_HR/Eglantyne/simulation/install/champ_base/lib:/opt/ros/humble/opt/rviz_ogre_vendor/lib:/opt/ros/humble/lib/x86_64-linux-gnu:/opt/ros/humble/lib:/usr/lib/x86_64-linux-gnu/gazebo-11/plugins PYTHONPATH=/home/hibiki/Robomech_HR/Eglantyne/simulation/install/champ_msgs/lib/python3.10/site-packages:/home/hibiki/Robomech_HR/Eglantyne/simulation/install/simple_sim/lib/python3.10/site-packages:/home/hibiki/Robomech_HR/Eglantyne/simulation/install/ros2_control_demo_testing/lib/python3.10/site-packages:/home/hibiki/Robomech_HR/Eglantyne/simulation/install/champ_bringup/lib/python3.10/site-packages:/opt/ros/humble/lib/python3.10/site-packages:/opt/ros/humble/local/lib/python3.10/dist-packages /usr/bin/cmake --build /home/hibiki/Robomech_HR/Eglantyne/simulation/build/champ_base -- -j16 -l16
[1.230s] DEBUG:colcon.colcon_core.event_handler.log_command:Invoking command in '/home/hibiki/Robomech_HR/Eglantyne/simulation/build/ros2_control_demo_example_15': AMENT_PREFIX_PATH=/home/hibiki/Robomech_HR/Eglantyne/simulation/install/ros2_control_demo_testing:/home/hibiki/Robomech_HR/Eglantyne/simulation/install/simple_sim:/home/hibiki/Robomech_HR/Eglantyne/simulation/install/ros2_control_demos:/home/hibiki/Robomech_HR/Eglantyne/simulation/install/ros2_control_demo_example_9:/home/hibiki/Robomech_HR/Eglantyne/simulation/install/ros2_control_demo_example_8:/home/hibiki/Robomech_HR/Eglantyne/simulation/install/ros2_control_demo_example_7:/home/hibiki/Robomech_HR/Eglantyne/simulation/install/ros2_control_demo_example_6:/home/hibiki/Robomech_HR/Eglantyne/simulation/install/ros2_control_demo_example_15:/home/hibiki/Robomech_HR/Eglantyne/simulation/install/ros2_control_demo_example_5:/home/hibiki/Robomech_HR/Eglantyne/simulation/install/ros2_control_demo_example_4:/home/hibiki/Robomech_HR/Eglantyne/simulation/install/ros2_control_demo_example_3:/home/hibiki/Robomech_HR/Eglantyne/simulation/install/ros2_control_demo_example_2:/home/hibiki/Robomech_HR/Eglantyne/simulation/install/ros2_control_demo_example_14:/home/hibiki/Robomech_HR/Eglantyne/simulation/install/ros2_control_demo_example_12:/home/hibiki/Robomech_HR/Eglantyne/simulation/install/ros2_control_demo_example_11:/home/hibiki/Robomech_HR/Eglantyne/simulation/install/ros2_control_demo_example_10:/home/hibiki/Robomech_HR/Eglantyne/simulation/install/ros2_control_demo_example_1:/home/hibiki/Robomech_HR/Eglantyne/simulation/install/ros2_control_demo_description:/home/hibiki/Robomech_HR/Eglantyne/simulation/install/gazebo_ros2_control_demos:/home/hibiki/Robomech_HR/Eglantyne/simulation/install/champ_teleop:/home/hibiki/Robomech_HR/Eglantyne/simulation/install/champ_navigation:/home/hibiki/Robomech_HR/Eglantyne/simulation/install/champ_gazebo:/home/hibiki/Robomech_HR/Eglantyne/simulation/install/champ_bringup:/home/hibiki/Robomech_HR/Eglantyne/simulation/install/champ_base:/home/hibiki/Robomech_HR/Eglantyne/simulation/install/champ_msgs:/home/hibiki/Robomech_HR/Eglantyne/simulation/install/champ_description:/home/hibiki/Robomech_HR/Eglantyne/simulation/install/champ_config:/home/hibiki/Robomech_HR/Eglantyne/simulation/install/champ:/home/hibiki/Robomech_HR/Eglantyne/microros/ros2_pub_test/install/vel_pub:/opt/ros/humble CMAKE_PREFIX_PATH=/home/hibiki/Robomech_HR/Eglantyne/simulation/install/ros2_control_demo_example_5:/home/hibiki/Robomech_HR/Eglantyne/simulation/install/ros2_control_demo_example_1:/home/hibiki/Robomech_HR/Eglantyne/simulation/install/ros2_control_demo_description:/home/hibiki/Robomech_HR/Eglantyne/simulation/install/simple_sim:/home/hibiki/Robomech_HR/Eglantyne/simulation/install/ros2_control_demos:/home/hibiki/Robomech_HR/Eglantyne/simulation/install/ros2_control_demo_example_9:/home/hibiki/Robomech_HR/Eglantyne/simulation/install/ros2_control_demo_example_8:/home/hibiki/Robomech_HR/Eglantyne/simulation/install/ros2_control_demo_example_7:/home/hibiki/Robomech_HR/Eglantyne/simulation/install/ros2_control_demo_example_6:/home/hibiki/Robomech_HR/Eglantyne/simulation/install/ros2_control_demo_example_15:/home/hibiki/Robomech_HR/Eglantyne/simulation/install/ros2_control_demo_example_4:/home/hibiki/Robomech_HR/Eglantyne/simulation/install/ros2_control_demo_example_3:/home/hibiki/Robomech_HR/Eglantyne/simulation/install/ros2_control_demo_example_2:/home/hibiki/Robomech_HR/Eglantyne/simulation/install/ros2_control_demo_example_14:/home/hibiki/Robomech_HR/Eglantyne/simulation/install/ros2_control_demo_example_12:/home/hibiki/Robomech_HR/Eglantyne/simulation/install/ros2_control_demo_example_11:/home/hibiki/Robomech_HR/Eglantyne/simulation/install/ros2_control_demo_example_10:/home/hibiki/Robomech_HR/Eglantyne/simulation/install/gazebo_ros2_control_demos:/home/hibiki/Robomech_HR/Eglantyne/simulation/install/champ_teleop:/home/hibiki/Robomech_HR/Eglantyne/simulation/install/champ_navigation:/home/hibiki/Robomech_HR/Eglantyne/simulation/install/champ_gazebo:/home/hibiki/Robomech_HR/Eglantyne/simulation/install/champ_bringup:/home/hibiki/Robomech_HR/Eglantyne/simulation/install/champ_base:/home/hibiki/Robomech_HR/Eglantyne/simulation/install/champ_msgs:/home/hibiki/Robomech_HR/Eglantyne/simulation/install/champ_description:/home/hibiki/Robomech_HR/Eglantyne/simulation/install/champ_config:/home/hibiki/Robomech_HR/Eglantyne/simulation/install/ros2_control_demo_testing:/opt/ros/humble:/home/hibiki/Robomech_HR/Eglantyne/simulation/install/champ:/home/hibiki/Robomech_HR/Eglantyne/microros/ros2_pub_test/install/vel_pub LD_LIBRARY_PATH=/home/hibiki/Robomech_HR/Eglantyne/simulation/install/ros2_control_demo_example_5/lib:/home/hibiki/Robomech_HR/Eglantyne/simulation/install/ros2_control_demo_example_1/lib:/home/hibiki/Robomech_HR/Eglantyne/simulation/install/simple_sim/lib:/home/hibiki/Robomech_HR/Eglantyne/simulation/install/ros2_control_demo_example_9/lib:/home/hibiki/Robomech_HR/Eglantyne/simulation/install/ros2_control_demo_example_8/lib:/home/hibiki/Robomech_HR/Eglantyne/simulation/install/ros2_control_demo_example_7/lib:/home/hibiki/Robomech_HR/Eglantyne/simulation/install/ros2_control_demo_example_6/lib:/home/hibiki/Robomech_HR/Eglantyne/simulation/install/ros2_control_demo_example_4/lib:/home/hibiki/Robomech_HR/Eglantyne/simulation/install/ros2_control_demo_example_3/lib:/home/hibiki/Robomech_HR/Eglantyne/simulation/install/ros2_control_demo_example_2/lib:/home/hibiki/Robomech_HR/Eglantyne/simulation/install/ros2_control_demo_example_14/lib:/home/hibiki/Robomech_HR/Eglantyne/simulation/install/ros2_control_demo_example_12/lib:/home/hibiki/Robomech_HR/Eglantyne/simulation/install/ros2_control_demo_example_11/lib:/home/hibiki/Robomech_HR/Eglantyne/simulation/install/ros2_control_demo_example_10/lib:/home/hibiki/Robomech_HR/Eglantyne/simulation/install/champ_base/lib:/home/hibiki/Robomech_HR/Eglantyne/simulation/install/champ_msgs/lib:/opt/ros/humble/opt/rviz_ogre_vendor/lib:/opt/ros/humble/lib/x86_64-linux-gnu:/opt/ros/humble/lib:/usr/lib/x86_64-linux-gnu/gazebo-11/plugins PYTHONPATH=/home/hibiki/Robomech_HR/Eglantyne/simulation/install/ros2_control_demo_testing/lib/python3.10/site-packages:/home/hibiki/Robomech_HR/Eglantyne/simulation/install/simple_sim/lib/python3.10/site-packages:/home/hibiki/Robomech_HR/Eglantyne/simulation/install/champ_bringup/lib/python3.10/site-packages:/home/hibiki/Robomech_HR/Eglantyne/simulation/install/champ_msgs/lib/python3.10/site-packages:/opt/ros/humble/lib/python3.10/site-packages:/opt/ros/humble/local/lib/python3.10/dist-packages /usr/bin/cmake --build /home/hibiki/Robomech_HR/Eglantyne/simulation/build/ros2_control_demo_example_15 -- -j16 -l16
[1.233s] Level 1:colcon.colcon_core.environment:create_environment_scripts_only(ros2_control_demo_example_9)
[1.233s] Level 1:colcon.colcon_core.environment:checking '/home/hibiki/Robomech_HR/Eglantyne/simulation/install/ros2_control_demo_example_9' for CMake module files
[1.234s] DEBUG:colcon.colcon_core.event_handler.log_command:Invoking command in '/home/hibiki/Robomech_HR/Eglantyne/simulation/build/champ_gazebo': CMAKE_PREFIX_PATH=/home/hibiki/Robomech_HR/Eglantyne/simulation/install/champ_msgs:/home/hibiki/Robomech_HR/Eglantyne/simulation/install/ros2_control_demo_testing:/opt/ros/humble:/home/hibiki/Robomech_HR/Eglantyne/simulation/install/champ:/home/hibiki/Robomech_HR/Eglantyne/simulation/install/simple_sim:/home/hibiki/Robomech_HR/Eglantyne/simulation/install/ros2_control_demos:/home/hibiki/Robomech_HR/Eglantyne/simulation/install/ros2_control_demo_example_9:/home/hibiki/Robomech_HR/Eglantyne/simulation/install/ros2_control_demo_example_8:/home/hibiki/Robomech_HR/Eglantyne/simulation/install/ros2_control_demo_example_7:/home/hibiki/Robomech_HR/Eglantyne/simulation/install/ros2_control_demo_example_6:/home/hibiki/Robomech_HR/Eglantyne/simulation/install/ros2_control_demo_example_15:/home/hibiki/Robomech_HR/Eglantyne/simulation/install/ros2_control_demo_example_5:/home/hibiki/Robomech_HR/Eglantyne/simulation/install/ros2_control_demo_example_4:/home/hibiki/Robomech_HR/Eglantyne/simulation/install/ros2_control_demo_example_3:/home/hibiki/Robomech_HR/Eglantyne/simulation/install/ros2_control_demo_example_2:/home/hibiki/Robomech_HR/Eglantyne/simulation/install/ros2_control_demo_example_14:/home/hibiki/Robomech_HR/Eglantyne/simulation/install/ros2_control_demo_example_12:/home/hibiki/Robomech_HR/Eglantyne/simulation/install/ros2_control_demo_example_11:/home/hibiki/Robomech_HR/Eglantyne/simulation/install/ros2_control_demo_example_10:/home/hibiki/Robomech_HR/Eglantyne/simulation/install/ros2_control_demo_example_1:/home/hibiki/Robomech_HR/Eglantyne/simulation/install/ros2_control_demo_description:/home/hibiki/Robomech_HR/Eglantyne/simulation/install/gazebo_ros2_control_demos:/home/hibiki/Robomech_HR/Eglantyne/simulation/install/champ_teleop:/home/hibiki/Robomech_HR/Eglantyne/simulation/install/champ_navigation:/home/hibiki/Robomech_HR/Eglantyne/simulation/install/champ_gazebo:/home/hibiki/Robomech_HR/Eglantyne/simulation/install/champ_bringup:/home/hibiki/Robomech_HR/Eglantyne/simulation/install/champ_base:/home/hibiki/Robomech_HR/Eglantyne/simulation/install/champ_description:/home/hibiki/Robomech_HR/Eglantyne/simulation/install/champ_config:/home/hibiki/Robomech_HR/Eglantyne/microros/ros2_pub_test/install/vel_pub LD_LIBRARY_PATH=/home/hibiki/Robomech_HR/Eglantyne/simulation/install/champ_msgs/lib:/home/hibiki/Robomech_HR/Eglantyne/simulation/install/simple_sim/lib:/home/hibiki/Robomech_HR/Eglantyne/simulation/install/ros2_control_demo_example_9/lib:/home/hibiki/Robomech_HR/Eglantyne/simulation/install/ros2_control_demo_example_8/lib:/home/hibiki/Robomech_HR/Eglantyne/simulation/install/ros2_control_demo_example_7/lib:/home/hibiki/Robomech_HR/Eglantyne/simulation/install/ros2_control_demo_example_6/lib:/home/hibiki/Robomech_HR/Eglantyne/simulation/install/ros2_control_demo_example_5/lib:/home/hibiki/Robomech_HR/Eglantyne/simulation/install/ros2_control_demo_example_4/lib:/home/hibiki/Robomech_HR/Eglantyne/simulation/install/ros2_control_demo_example_3/lib:/home/hibiki/Robomech_HR/Eglantyne/simulation/install/ros2_control_demo_example_2/lib:/home/hibiki/Robomech_HR/Eglantyne/simulation/install/ros2_control_demo_example_14/lib:/home/hibiki/Robomech_HR/Eglantyne/simulation/install/ros2_control_demo_example_12/lib:/home/hibiki/Robomech_HR/Eglantyne/simulation/install/ros2_control_demo_example_11/lib:/home/hibiki/Robomech_HR/Eglantyne/simulation/install/ros2_control_demo_example_10/lib:/home/hibiki/Robomech_HR/Eglantyne/simulation/install/ros2_control_demo_example_1/lib:/home/hibiki/Robomech_HR/Eglantyne/simulation/install/champ_base/lib:/opt/ros/humble/opt/rviz_ogre_vendor/lib:/opt/ros/humble/lib/x86_64-linux-gnu:/opt/ros/humble/lib:/usr/lib/x86_64-linux-gnu/gazebo-11/plugins PYTHONPATH=/home/hibiki/Robomech_HR/Eglantyne/simulation/install/champ_msgs/lib/python3.10/site-packages:/home/hibiki/Robomech_HR/Eglantyne/simulation/install/simple_sim/lib/python3.10/site-packages:/home/hibiki/Robomech_HR/Eglantyne/simulation/install/ros2_control_demo_testing/lib/python3.10/site-packages:/home/hibiki/Robomech_HR/Eglantyne/simulation/install/champ_bringup/lib/python3.10/site-packages:/opt/ros/humble/lib/python3.10/site-packages:/opt/ros/humble/local/lib/python3.10/dist-packages /usr/bin/cmake --build /home/hibiki/Robomech_HR/Eglantyne/simulation/build/champ_gazebo -- -j16 -l16
[1.234s] Level 1:colcon.colcon_core.environment:checking '/home/hibiki/Robomech_HR/Eglantyne/simulation/install/ros2_control_demo_example_9' for CMake config files
[1.235s] Level 1:colcon.colcon_core.shell:create_environment_hook('ros2_control_demo_example_9', 'cmake_prefix_path')
[1.235s] INFO:colcon.colcon_core.shell:Creating environment hook '/home/hibiki/Robomech_HR/Eglantyne/simulation/install/ros2_control_demo_example_9/share/ros2_control_demo_example_9/hook/cmake_prefix_path.ps1'
[1.235s] INFO:colcon.colcon_core.shell:Creating environment descriptor '/home/hibiki/Robomech_HR/Eglantyne/simulation/install/ros2_control_demo_example_9/share/ros2_control_demo_example_9/hook/cmake_prefix_path.dsv'
[1.236s] INFO:colcon.colcon_core.shell:Creating environment hook '/home/hibiki/Robomech_HR/Eglantyne/simulation/install/ros2_control_demo_example_9/share/ros2_control_demo_example_9/hook/cmake_prefix_path.sh'
[1.236s] Level 1:colcon.colcon_core.environment:checking '/home/hibiki/Robomech_HR/Eglantyne/simulation/install/ros2_control_demo_example_9/lib'
[1.236s] Level 1:colcon.colcon_core.shell:create_environment_hook('ros2_control_demo_example_9', 'ld_library_path_lib')
[1.236s] INFO:colcon.colcon_core.shell:Creating environment hook '/home/hibiki/Robomech_HR/Eglantyne/simulation/install/ros2_control_demo_example_9/share/ros2_control_demo_example_9/hook/ld_library_path_lib.ps1'
[1.237s] INFO:colcon.colcon_core.shell:Creating environment descriptor '/home/hibiki/Robomech_HR/Eglantyne/simulation/install/ros2_control_demo_example_9/share/ros2_control_demo_example_9/hook/ld_library_path_lib.dsv'
[1.237s] INFO:colcon.colcon_core.shell:Creating environment hook '/home/hibiki/Robomech_HR/Eglantyne/simulation/install/ros2_control_demo_example_9/share/ros2_control_demo_example_9/hook/ld_library_path_lib.sh'
[1.238s] Level 1:colcon.colcon_core.environment:checking '/home/hibiki/Robomech_HR/Eglantyne/simulation/install/ros2_control_demo_example_9/bin'
[1.238s] Level 1:colcon.colcon_core.environment:checking '/home/hibiki/Robomech_HR/Eglantyne/simulation/install/ros2_control_demo_example_9/lib/pkgconfig/ros2_control_demo_example_9.pc'
[1.238s] Level 1:colcon.colcon_core.environment:checking '/home/hibiki/Robomech_HR/Eglantyne/simulation/install/ros2_control_demo_example_9/lib/python3.10/site-packages'
[1.238s] Level 1:colcon.colcon_core.environment:checking '/home/hibiki/Robomech_HR/Eglantyne/simulation/install/ros2_control_demo_example_9/bin'
[1.238s] INFO:colcon.colcon_core.shell:Creating package script '/home/hibiki/Robomech_HR/Eglantyne/simulation/install/ros2_control_demo_example_9/share/ros2_control_demo_example_9/package.ps1'
[1.239s] INFO:colcon.colcon_core.shell:Creating package descriptor '/home/hibiki/Robomech_HR/Eglantyne/simulation/install/ros2_control_demo_example_9/share/ros2_control_demo_example_9/package.dsv'
[1.239s] INFO:colcon.colcon_core.shell:Creating package script '/home/hibiki/Robomech_HR/Eglantyne/simulation/install/ros2_control_demo_example_9/share/ros2_control_demo_example_9/package.sh'
[1.240s] INFO:colcon.colcon_core.shell:Creating package script '/home/hibiki/Robomech_HR/Eglantyne/simulation/install/ros2_control_demo_example_9/share/ros2_control_demo_example_9/package.bash'
[1.240s] INFO:colcon.colcon_core.shell:Creating package script '/home/hibiki/Robomech_HR/Eglantyne/simulation/install/ros2_control_demo_example_9/share/ros2_control_demo_example_9/package.zsh'
[1.241s] Level 1:colcon.colcon_core.environment:create_file_with_runtime_dependencies(/home/hibiki/Robomech_HR/Eglantyne/simulation/install/ros2_control_demo_example_9/share/colcon-core/packages/ros2_control_demo_example_9)
[1.241s] Level 1:colcon.colcon_core.environment:create_environment_scripts_only(ros2_control_demo_example_12)
[1.241s] Level 1:colcon.colcon_core.environment:checking '/home/hibiki/Robomech_HR/Eglantyne/simulation/install/ros2_control_demo_example_12' for CMake module files
[1.242s] Level 1:colcon.colcon_core.environment:checking '/home/hibiki/Robomech_HR/Eglantyne/simulation/install/ros2_control_demo_example_12' for CMake config files
[1.242s] Level 1:colcon.colcon_core.shell:create_environment_hook('ros2_control_demo_example_12', 'cmake_prefix_path')
[1.243s] INFO:colcon.colcon_core.shell:Creating environment hook '/home/hibiki/Robomech_HR/Eglantyne/simulation/install/ros2_control_demo_example_12/share/ros2_control_demo_example_12/hook/cmake_prefix_path.ps1'
[1.243s] INFO:colcon.colcon_core.shell:Creating environment descriptor '/home/hibiki/Robomech_HR/Eglantyne/simulation/install/ros2_control_demo_example_12/share/ros2_control_demo_example_12/hook/cmake_prefix_path.dsv'
[1.243s] INFO:colcon.colcon_core.shell:Creating environment hook '/home/hibiki/Robomech_HR/Eglantyne/simulation/install/ros2_control_demo_example_12/share/ros2_control_demo_example_12/hook/cmake_prefix_path.sh'
[1.244s] Level 1:colcon.colcon_core.environment:checking '/home/hibiki/Robomech_HR/Eglantyne/simulation/install/ros2_control_demo_example_12/lib'
[1.244s] Level 1:colcon.colcon_core.shell:create_environment_hook('ros2_control_demo_example_12', 'ld_library_path_lib')
[1.244s] INFO:colcon.colcon_core.shell:Creating environment hook '/home/hibiki/Robomech_HR/Eglantyne/simulation/install/ros2_control_demo_example_12/share/ros2_control_demo_example_12/hook/ld_library_path_lib.ps1'
[1.245s] INFO:colcon.colcon_core.shell:Creating environment descriptor '/home/hibiki/Robomech_HR/Eglantyne/simulation/install/ros2_control_demo_example_12/share/ros2_control_demo_example_12/hook/ld_library_path_lib.dsv'
[1.245s] INFO:colcon.colcon_core.shell:Creating environment hook '/home/hibiki/Robomech_HR/Eglantyne/simulation/install/ros2_control_demo_example_12/share/ros2_control_demo_example_12/hook/ld_library_path_lib.sh'
[1.245s] Level 1:colcon.colcon_core.environment:checking '/home/hibiki/Robomech_HR/Eglantyne/simulation/install/ros2_control_demo_example_12/bin'
[1.245s] Level 1:colcon.colcon_core.environment:checking '/home/hibiki/Robomech_HR/Eglantyne/simulation/install/ros2_control_demo_example_12/lib/pkgconfig/ros2_control_demo_example_12.pc'
[1.246s] Level 1:colcon.colcon_core.environment:checking '/home/hibiki/Robomech_HR/Eglantyne/simulation/install/ros2_control_demo_example_12/lib/python3.10/site-packages'
[1.246s] Level 1:colcon.colcon_core.environment:checking '/home/hibiki/Robomech_HR/Eglantyne/simulation/install/ros2_control_demo_example_12/bin'
[1.246s] INFO:colcon.colcon_core.shell:Creating package script '/home/hibiki/Robomech_HR/Eglantyne/simulation/install/ros2_control_demo_example_12/share/ros2_control_demo_example_12/package.ps1'
[1.247s] INFO:colcon.colcon_core.shell:Creating package descriptor '/home/hibiki/Robomech_HR/Eglantyne/simulation/install/ros2_control_demo_example_12/share/ros2_control_demo_example_12/package.dsv'
[1.248s] INFO:colcon.colcon_core.shell:Creating package script '/home/hibiki/Robomech_HR/Eglantyne/simulation/install/ros2_control_demo_example_12/share/ros2_control_demo_example_12/package.sh'
[1.248s] INFO:colcon.colcon_core.shell:Creating package script '/home/hibiki/Robomech_HR/Eglantyne/simulation/install/ros2_control_demo_example_12/share/ros2_control_demo_example_12/package.bash'
[1.248s] INFO:colcon.colcon_core.shell:Creating package script '/home/hibiki/Robomech_HR/Eglantyne/simulation/install/ros2_control_demo_example_12/share/ros2_control_demo_example_12/package.zsh'
[1.249s] Level 1:colcon.colcon_core.environment:create_file_with_runtime_dependencies(/home/hibiki/Robomech_HR/Eglantyne/simulation/install/ros2_control_demo_example_12/share/colcon-core/packages/ros2_control_demo_example_12)
[1.251s] DEBUG:colcon.colcon_core.event_handler.log_command:Invoked command in '/home/hibiki/Robomech_HR/Eglantyne/simulation/build/ros2_control_demo_example_15' returned '0': AMENT_PREFIX_PATH=/home/hibiki/Robomech_HR/Eglantyne/simulation/install/ros2_control_demo_testing:/home/hibiki/Robomech_HR/Eglantyne/simulation/install/simple_sim:/home/hibiki/Robomech_HR/Eglantyne/simulation/install/ros2_control_demos:/home/hibiki/Robomech_HR/Eglantyne/simulation/install/ros2_control_demo_example_9:/home/hibiki/Robomech_HR/Eglantyne/simulation/install/ros2_control_demo_example_8:/home/hibiki/Robomech_HR/Eglantyne/simulation/install/ros2_control_demo_example_7:/home/hibiki/Robomech_HR/Eglantyne/simulation/install/ros2_control_demo_example_6:/home/hibiki/Robomech_HR/Eglantyne/simulation/install/ros2_control_demo_example_15:/home/hibiki/Robomech_HR/Eglantyne/simulation/install/ros2_control_demo_example_5:/home/hibiki/Robomech_HR/Eglantyne/simulation/install/ros2_control_demo_example_4:/home/hibiki/Robomech_HR/Eglantyne/simulation/install/ros2_control_demo_example_3:/home/hibiki/Robomech_HR/Eglantyne/simulation/install/ros2_control_demo_example_2:/home/hibiki/Robomech_HR/Eglantyne/simulation/install/ros2_control_demo_example_14:/home/hibiki/Robomech_HR/Eglantyne/simulation/install/ros2_control_demo_example_12:/home/hibiki/Robomech_HR/Eglantyne/simulation/install/ros2_control_demo_example_11:/home/hibiki/Robomech_HR/Eglantyne/simulation/install/ros2_control_demo_example_10:/home/hibiki/Robomech_HR/Eglantyne/simulation/install/ros2_control_demo_example_1:/home/hibiki/Robomech_HR/Eglantyne/simulation/install/ros2_control_demo_description:/home/hibiki/Robomech_HR/Eglantyne/simulation/install/gazebo_ros2_control_demos:/home/hibiki/Robomech_HR/Eglantyne/simulation/install/champ_teleop:/home/hibiki/Robomech_HR/Eglantyne/simulation/install/champ_navigation:/home/hibiki/Robomech_HR/Eglantyne/simulation/install/champ_gazebo:/home/hibiki/Robomech_HR/Eglantyne/simulation/install/champ_bringup:/home/hibiki/Robomech_HR/Eglantyne/simulation/install/champ_base:/home/hibiki/Robomech_HR/Eglantyne/simulation/install/champ_msgs:/home/hibiki/Robomech_HR/Eglantyne/simulation/install/champ_description:/home/hibiki/Robomech_HR/Eglantyne/simulation/install/champ_config:/home/hibiki/Robomech_HR/Eglantyne/simulation/install/champ:/home/hibiki/Robomech_HR/Eglantyne/microros/ros2_pub_test/install/vel_pub:/opt/ros/humble CMAKE_PREFIX_PATH=/home/hibiki/Robomech_HR/Eglantyne/simulation/install/ros2_control_demo_example_5:/home/hibiki/Robomech_HR/Eglantyne/simulation/install/ros2_control_demo_example_1:/home/hibiki/Robomech_HR/Eglantyne/simulation/install/ros2_control_demo_description:/home/hibiki/Robomech_HR/Eglantyne/simulation/install/simple_sim:/home/hibiki/Robomech_HR/Eglantyne/simulation/install/ros2_control_demos:/home/hibiki/Robomech_HR/Eglantyne/simulation/install/ros2_control_demo_example_9:/home/hibiki/Robomech_HR/Eglantyne/simulation/install/ros2_control_demo_example_8:/home/hibiki/Robomech_HR/Eglantyne/simulation/install/ros2_control_demo_example_7:/home/hibiki/Robomech_HR/Eglantyne/simulation/install/ros2_control_demo_example_6:/home/hibiki/Robomech_HR/Eglantyne/simulation/install/ros2_control_demo_example_15:/home/hibiki/Robomech_HR/Eglantyne/simulation/install/ros2_control_demo_example_4:/home/hibiki/Robomech_HR/Eglantyne/simulation/install/ros2_control_demo_example_3:/home/hibiki/Robomech_HR/Eglantyne/simulation/install/ros2_control_demo_example_2:/home/hibiki/Robomech_HR/Eglantyne/simulation/install/ros2_control_demo_example_14:/home/hibiki/Robomech_HR/Eglantyne/simulation/install/ros2_control_demo_example_12:/home/hibiki/Robomech_HR/Eglantyne/simulation/install/ros2_control_demo_example_11:/home/hibiki/Robomech_HR/Eglantyne/simulation/install/ros2_control_demo_example_10:/home/hibiki/Robomech_HR/Eglantyne/simulation/install/gazebo_ros2_control_demos:/home/hibiki/Robomech_HR/Eglantyne/simulation/install/champ_teleop:/home/hibiki/Robomech_HR/Eglantyne/simulation/install/champ_navigation:/home/hibiki/Robomech_HR/Eglantyne/simulation/install/champ_gazebo:/home/hibiki/Robomech_HR/Eglantyne/simulation/install/champ_bringup:/home/hibiki/Robomech_HR/Eglantyne/simulation/install/champ_base:/home/hibiki/Robomech_HR/Eglantyne/simulation/install/champ_msgs:/home/hibiki/Robomech_HR/Eglantyne/simulation/install/champ_description:/home/hibiki/Robomech_HR/Eglantyne/simulation/install/champ_config:/home/hibiki/Robomech_HR/Eglantyne/simulation/install/ros2_control_demo_testing:/opt/ros/humble:/home/hibiki/Robomech_HR/Eglantyne/simulation/install/champ:/home/hibiki/Robomech_HR/Eglantyne/microros/ros2_pub_test/install/vel_pub LD_LIBRARY_PATH=/home/hibiki/Robomech_HR/Eglantyne/simulation/install/ros2_control_demo_example_5/lib:/home/hibiki/Robomech_HR/Eglantyne/simulation/install/ros2_control_demo_example_1/lib:/home/hibiki/Robomech_HR/Eglantyne/simulation/install/simple_sim/lib:/home/hibiki/Robomech_HR/Eglantyne/simulation/install/ros2_control_demo_example_9/lib:/home/hibiki/Robomech_HR/Eglantyne/simulation/install/ros2_control_demo_example_8/lib:/home/hibiki/Robomech_HR/Eglantyne/simulation/install/ros2_control_demo_example_7/lib:/home/hibiki/Robomech_HR/Eglantyne/simulation/install/ros2_control_demo_example_6/lib:/home/hibiki/Robomech_HR/Eglantyne/simulation/install/ros2_control_demo_example_4/lib:/home/hibiki/Robomech_HR/Eglantyne/simulation/install/ros2_control_demo_example_3/lib:/home/hibiki/Robomech_HR/Eglantyne/simulation/install/ros2_control_demo_example_2/lib:/home/hibiki/Robomech_HR/Eglantyne/simulation/install/ros2_control_demo_example_14/lib:/home/hibiki/Robomech_HR/Eglantyne/simulation/install/ros2_control_demo_example_12/lib:/home/hibiki/Robomech_HR/Eglantyne/simulation/install/ros2_control_demo_example_11/lib:/home/hibiki/Robomech_HR/Eglantyne/simulation/install/ros2_control_demo_example_10/lib:/home/hibiki/Robomech_HR/Eglantyne/simulation/install/champ_base/lib:/home/hibiki/Robomech_HR/Eglantyne/simulation/install/champ_msgs/lib:/opt/ros/humble/opt/rviz_ogre_vendor/lib:/opt/ros/humble/lib/x86_64-linux-gnu:/opt/ros/humble/lib:/usr/lib/x86_64-linux-gnu/gazebo-11/plugins PYTHONPATH=/home/hibiki/Robomech_HR/Eglantyne/simulation/install/ros2_control_demo_testing/lib/python3.10/site-packages:/home/hibiki/Robomech_HR/Eglantyne/simulation/install/simple_sim/lib/python3.10/site-packages:/home/hibiki/Robomech_HR/Eglantyne/simulation/install/champ_bringup/lib/python3.10/site-packages:/home/hibiki/Robomech_HR/Eglantyne/simulation/install/champ_msgs/lib/python3.10/site-packages:/opt/ros/humble/lib/python3.10/site-packages:/opt/ros/humble/local/lib/python3.10/dist-packages /usr/bin/cmake --build /home/hibiki/Robomech_HR/Eglantyne/simulation/build/ros2_control_demo_example_15 -- -j16 -l16
[1.269s] DEBUG:colcon.colcon_core.event_handler.log_command:Invoking command in '/home/hibiki/Robomech_HR/Eglantyne/simulation/build/ros2_control_demo_example_15': AMENT_PREFIX_PATH=/home/hibiki/Robomech_HR/Eglantyne/simulation/install/ros2_control_demo_testing:/home/hibiki/Robomech_HR/Eglantyne/simulation/install/simple_sim:/home/hibiki/Robomech_HR/Eglantyne/simulation/install/ros2_control_demos:/home/hibiki/Robomech_HR/Eglantyne/simulation/install/ros2_control_demo_example_9:/home/hibiki/Robomech_HR/Eglantyne/simulation/install/ros2_control_demo_example_8:/home/hibiki/Robomech_HR/Eglantyne/simulation/install/ros2_control_demo_example_7:/home/hibiki/Robomech_HR/Eglantyne/simulation/install/ros2_control_demo_example_6:/home/hibiki/Robomech_HR/Eglantyne/simulation/install/ros2_control_demo_example_15:/home/hibiki/Robomech_HR/Eglantyne/simulation/install/ros2_control_demo_example_5:/home/hibiki/Robomech_HR/Eglantyne/simulation/install/ros2_control_demo_example_4:/home/hibiki/Robomech_HR/Eglantyne/simulation/install/ros2_control_demo_example_3:/home/hibiki/Robomech_HR/Eglantyne/simulation/install/ros2_control_demo_example_2:/home/hibiki/Robomech_HR/Eglantyne/simulation/install/ros2_control_demo_example_14:/home/hibiki/Robomech_HR/Eglantyne/simulation/install/ros2_control_demo_example_12:/home/hibiki/Robomech_HR/Eglantyne/simulation/install/ros2_control_demo_example_11:/home/hibiki/Robomech_HR/Eglantyne/simulation/install/ros2_control_demo_example_10:/home/hibiki/Robomech_HR/Eglantyne/simulation/install/ros2_control_demo_example_1:/home/hibiki/Robomech_HR/Eglantyne/simulation/install/ros2_control_demo_description:/home/hibiki/Robomech_HR/Eglantyne/simulation/install/gazebo_ros2_control_demos:/home/hibiki/Robomech_HR/Eglantyne/simulation/install/champ_teleop:/home/hibiki/Robomech_HR/Eglantyne/simulation/install/champ_navigation:/home/hibiki/Robomech_HR/Eglantyne/simulation/install/champ_gazebo:/home/hibiki/Robomech_HR/Eglantyne/simulation/install/champ_bringup:/home/hibiki/Robomech_HR/Eglantyne/simulation/install/champ_base:/home/hibiki/Robomech_HR/Eglantyne/simulation/install/champ_msgs:/home/hibiki/Robomech_HR/Eglantyne/simulation/install/champ_description:/home/hibiki/Robomech_HR/Eglantyne/simulation/install/champ_config:/home/hibiki/Robomech_HR/Eglantyne/simulation/install/champ:/home/hibiki/Robomech_HR/Eglantyne/microros/ros2_pub_test/install/vel_pub:/opt/ros/humble CMAKE_PREFIX_PATH=/home/hibiki/Robomech_HR/Eglantyne/simulation/install/ros2_control_demo_example_5:/home/hibiki/Robomech_HR/Eglantyne/simulation/install/ros2_control_demo_example_1:/home/hibiki/Robomech_HR/Eglantyne/simulation/install/ros2_control_demo_description:/home/hibiki/Robomech_HR/Eglantyne/simulation/install/simple_sim:/home/hibiki/Robomech_HR/Eglantyne/simulation/install/ros2_control_demos:/home/hibiki/Robomech_HR/Eglantyne/simulation/install/ros2_control_demo_example_9:/home/hibiki/Robomech_HR/Eglantyne/simulation/install/ros2_control_demo_example_8:/home/hibiki/Robomech_HR/Eglantyne/simulation/install/ros2_control_demo_example_7:/home/hibiki/Robomech_HR/Eglantyne/simulation/install/ros2_control_demo_example_6:/home/hibiki/Robomech_HR/Eglantyne/simulation/install/ros2_control_demo_example_15:/home/hibiki/Robomech_HR/Eglantyne/simulation/install/ros2_control_demo_example_4:/home/hibiki/Robomech_HR/Eglantyne/simulation/install/ros2_control_demo_example_3:/home/hibiki/Robomech_HR/Eglantyne/simulation/install/ros2_control_demo_example_2:/home/hibiki/Robomech_HR/Eglantyne/simulation/install/ros2_control_demo_example_14:/home/hibiki/Robomech_HR/Eglantyne/simulation/install/ros2_control_demo_example_12:/home/hibiki/Robomech_HR/Eglantyne/simulation/install/ros2_control_demo_example_11:/home/hibiki/Robomech_HR/Eglantyne/simulation/install/ros2_control_demo_example_10:/home/hibiki/Robomech_HR/Eglantyne/simulation/install/gazebo_ros2_control_demos:/home/hibiki/Robomech_HR/Eglantyne/simulation/install/champ_teleop:/home/hibiki/Robomech_HR/Eglantyne/simulation/install/champ_navigation:/home/hibiki/Robomech_HR/Eglantyne/simulation/install/champ_gazebo:/home/hibiki/Robomech_HR/Eglantyne/simulation/install/champ_bringup:/home/hibiki/Robomech_HR/Eglantyne/simulation/install/champ_base:/home/hibiki/Robomech_HR/Eglantyne/simulation/install/champ_msgs:/home/hibiki/Robomech_HR/Eglantyne/simulation/install/champ_description:/home/hibiki/Robomech_HR/Eglantyne/simulation/install/champ_config:/home/hibiki/Robomech_HR/Eglantyne/simulation/install/ros2_control_demo_testing:/opt/ros/humble:/home/hibiki/Robomech_HR/Eglantyne/simulation/install/champ:/home/hibiki/Robomech_HR/Eglantyne/microros/ros2_pub_test/install/vel_pub LD_LIBRARY_PATH=/home/hibiki/Robomech_HR/Eglantyne/simulation/install/ros2_control_demo_example_5/lib:/home/hibiki/Robomech_HR/Eglantyne/simulation/install/ros2_control_demo_example_1/lib:/home/hibiki/Robomech_HR/Eglantyne/simulation/install/simple_sim/lib:/home/hibiki/Robomech_HR/Eglantyne/simulation/install/ros2_control_demo_example_9/lib:/home/hibiki/Robomech_HR/Eglantyne/simulation/install/ros2_control_demo_example_8/lib:/home/hibiki/Robomech_HR/Eglantyne/simulation/install/ros2_control_demo_example_7/lib:/home/hibiki/Robomech_HR/Eglantyne/simulation/install/ros2_control_demo_example_6/lib:/home/hibiki/Robomech_HR/Eglantyne/simulation/install/ros2_control_demo_example_4/lib:/home/hibiki/Robomech_HR/Eglantyne/simulation/install/ros2_control_demo_example_3/lib:/home/hibiki/Robomech_HR/Eglantyne/simulation/install/ros2_control_demo_example_2/lib:/home/hibiki/Robomech_HR/Eglantyne/simulation/install/ros2_control_demo_example_14/lib:/home/hibiki/Robomech_HR/Eglantyne/simulation/install/ros2_control_demo_example_12/lib:/home/hibiki/Robomech_HR/Eglantyne/simulation/install/ros2_control_demo_example_11/lib:/home/hibiki/Robomech_HR/Eglantyne/simulation/install/ros2_control_demo_example_10/lib:/home/hibiki/Robomech_HR/Eglantyne/simulation/install/champ_base/lib:/home/hibiki/Robomech_HR/Eglantyne/simulation/install/champ_msgs/lib:/opt/ros/humble/opt/rviz_ogre_vendor/lib:/opt/ros/humble/lib/x86_64-linux-gnu:/opt/ros/humble/lib:/usr/lib/x86_64-linux-gnu/gazebo-11/plugins PYTHONPATH=/home/hibiki/Robomech_HR/Eglantyne/simulation/install/ros2_control_demo_testing/lib/python3.10/site-packages:/home/hibiki/Robomech_HR/Eglantyne/simulation/install/simple_sim/lib/python3.10/site-packages:/home/hibiki/Robomech_HR/Eglantyne/simulation/install/champ_bringup/lib/python3.10/site-packages:/home/hibiki/Robomech_HR/Eglantyne/simulation/install/champ_msgs/lib/python3.10/site-packages:/opt/ros/humble/lib/python3.10/site-packages:/opt/ros/humble/local/lib/python3.10/dist-packages /usr/bin/cmake --install /home/hibiki/Robomech_HR/Eglantyne/simulation/build/ros2_control_demo_example_15
[1.275s] Level 1:colcon.colcon_core.environment:create_environment_scripts_only(ros2_control_demo_example_15)
[1.275s] Level 1:colcon.colcon_core.environment:checking '/home/hibiki/Robomech_HR/Eglantyne/simulation/install/ros2_control_demo_example_15' for CMake module files
[1.277s] DEBUG:colcon.colcon_core.event_handler.log_command:Invoked command in '/home/hibiki/Robomech_HR/Eglantyne/simulation/build/ros2_control_demo_example_15' returned '0': AMENT_PREFIX_PATH=/home/hibiki/Robomech_HR/Eglantyne/simulation/install/ros2_control_demo_testing:/home/hibiki/Robomech_HR/Eglantyne/simulation/install/simple_sim:/home/hibiki/Robomech_HR/Eglantyne/simulation/install/ros2_control_demos:/home/hibiki/Robomech_HR/Eglantyne/simulation/install/ros2_control_demo_example_9:/home/hibiki/Robomech_HR/Eglantyne/simulation/install/ros2_control_demo_example_8:/home/hibiki/Robomech_HR/Eglantyne/simulation/install/ros2_control_demo_example_7:/home/hibiki/Robomech_HR/Eglantyne/simulation/install/ros2_control_demo_example_6:/home/hibiki/Robomech_HR/Eglantyne/simulation/install/ros2_control_demo_example_15:/home/hibiki/Robomech_HR/Eglantyne/simulation/install/ros2_control_demo_example_5:/home/hibiki/Robomech_HR/Eglantyne/simulation/install/ros2_control_demo_example_4:/home/hibiki/Robomech_HR/Eglantyne/simulation/install/ros2_control_demo_example_3:/home/hibiki/Robomech_HR/Eglantyne/simulation/install/ros2_control_demo_example_2:/home/hibiki/Robomech_HR/Eglantyne/simulation/install/ros2_control_demo_example_14:/home/hibiki/Robomech_HR/Eglantyne/simulation/install/ros2_control_demo_example_12:/home/hibiki/Robomech_HR/Eglantyne/simulation/install/ros2_control_demo_example_11:/home/hibiki/Robomech_HR/Eglantyne/simulation/install/ros2_control_demo_example_10:/home/hibiki/Robomech_HR/Eglantyne/simulation/install/ros2_control_demo_example_1:/home/hibiki/Robomech_HR/Eglantyne/simulation/install/ros2_control_demo_description:/home/hibiki/Robomech_HR/Eglantyne/simulation/install/gazebo_ros2_control_demos:/home/hibiki/Robomech_HR/Eglantyne/simulation/install/champ_teleop:/home/hibiki/Robomech_HR/Eglantyne/simulation/install/champ_navigation:/home/hibiki/Robomech_HR/Eglantyne/simulation/install/champ_gazebo:/home/hibiki/Robomech_HR/Eglantyne/simulation/install/champ_bringup:/home/hibiki/Robomech_HR/Eglantyne/simulation/install/champ_base:/home/hibiki/Robomech_HR/Eglantyne/simulation/install/champ_msgs:/home/hibiki/Robomech_HR/Eglantyne/simulation/install/champ_description:/home/hibiki/Robomech_HR/Eglantyne/simulation/install/champ_config:/home/hibiki/Robomech_HR/Eglantyne/simulation/install/champ:/home/hibiki/Robomech_HR/Eglantyne/microros/ros2_pub_test/install/vel_pub:/opt/ros/humble CMAKE_PREFIX_PATH=/home/hibiki/Robomech_HR/Eglantyne/simulation/install/ros2_control_demo_example_5:/home/hibiki/Robomech_HR/Eglantyne/simulation/install/ros2_control_demo_example_1:/home/hibiki/Robomech_HR/Eglantyne/simulation/install/ros2_control_demo_description:/home/hibiki/Robomech_HR/Eglantyne/simulation/install/simple_sim:/home/hibiki/Robomech_HR/Eglantyne/simulation/install/ros2_control_demos:/home/hibiki/Robomech_HR/Eglantyne/simulation/install/ros2_control_demo_example_9:/home/hibiki/Robomech_HR/Eglantyne/simulation/install/ros2_control_demo_example_8:/home/hibiki/Robomech_HR/Eglantyne/simulation/install/ros2_control_demo_example_7:/home/hibiki/Robomech_HR/Eglantyne/simulation/install/ros2_control_demo_example_6:/home/hibiki/Robomech_HR/Eglantyne/simulation/install/ros2_control_demo_example_15:/home/hibiki/Robomech_HR/Eglantyne/simulation/install/ros2_control_demo_example_4:/home/hibiki/Robomech_HR/Eglantyne/simulation/install/ros2_control_demo_example_3:/home/hibiki/Robomech_HR/Eglantyne/simulation/install/ros2_control_demo_example_2:/home/hibiki/Robomech_HR/Eglantyne/simulation/install/ros2_control_demo_example_14:/home/hibiki/Robomech_HR/Eglantyne/simulation/install/ros2_control_demo_example_12:/home/hibiki/Robomech_HR/Eglantyne/simulation/install/ros2_control_demo_example_11:/home/hibiki/Robomech_HR/Eglantyne/simulation/install/ros2_control_demo_example_10:/home/hibiki/Robomech_HR/Eglantyne/simulation/install/gazebo_ros2_control_demos:/home/hibiki/Robomech_HR/Eglantyne/simulation/install/champ_teleop:/home/hibiki/Robomech_HR/Eglantyne/simulation/install/champ_navigation:/home/hibiki/Robomech_HR/Eglantyne/simulation/install/champ_gazebo:/home/hibiki/Robomech_HR/Eglantyne/simulation/install/champ_bringup:/home/hibiki/Robomech_HR/Eglantyne/simulation/install/champ_base:/home/hibiki/Robomech_HR/Eglantyne/simulation/install/champ_msgs:/home/hibiki/Robomech_HR/Eglantyne/simulation/install/champ_description:/home/hibiki/Robomech_HR/Eglantyne/simulation/install/champ_config:/home/hibiki/Robomech_HR/Eglantyne/simulation/install/ros2_control_demo_testing:/opt/ros/humble:/home/hibiki/Robomech_HR/Eglantyne/simulation/install/champ:/home/hibiki/Robomech_HR/Eglantyne/microros/ros2_pub_test/install/vel_pub LD_LIBRARY_PATH=/home/hibiki/Robomech_HR/Eglantyne/simulation/install/ros2_control_demo_example_5/lib:/home/hibiki/Robomech_HR/Eglantyne/simulation/install/ros2_control_demo_example_1/lib:/home/hibiki/Robomech_HR/Eglantyne/simulation/install/simple_sim/lib:/home/hibiki/Robomech_HR/Eglantyne/simulation/install/ros2_control_demo_example_9/lib:/home/hibiki/Robomech_HR/Eglantyne/simulation/install/ros2_control_demo_example_8/lib:/home/hibiki/Robomech_HR/Eglantyne/simulation/install/ros2_control_demo_example_7/lib:/home/hibiki/Robomech_HR/Eglantyne/simulation/install/ros2_control_demo_example_6/lib:/home/hibiki/Robomech_HR/Eglantyne/simulation/install/ros2_control_demo_example_4/lib:/home/hibiki/Robomech_HR/Eglantyne/simulation/install/ros2_control_demo_example_3/lib:/home/hibiki/Robomech_HR/Eglantyne/simulation/install/ros2_control_demo_example_2/lib:/home/hibiki/Robomech_HR/Eglantyne/simulation/install/ros2_control_demo_example_14/lib:/home/hibiki/Robomech_HR/Eglantyne/simulation/install/ros2_control_demo_example_12/lib:/home/hibiki/Robomech_HR/Eglantyne/simulation/install/ros2_control_demo_example_11/lib:/home/hibiki/Robomech_HR/Eglantyne/simulation/install/ros2_control_demo_example_10/lib:/home/hibiki/Robomech_HR/Eglantyne/simulation/install/champ_base/lib:/home/hibiki/Robomech_HR/Eglantyne/simulation/install/champ_msgs/lib:/opt/ros/humble/opt/rviz_ogre_vendor/lib:/opt/ros/humble/lib/x86_64-linux-gnu:/opt/ros/humble/lib:/usr/lib/x86_64-linux-gnu/gazebo-11/plugins PYTHONPATH=/home/hibiki/Robomech_HR/Eglantyne/simulation/install/ros2_control_demo_testing/lib/python3.10/site-packages:/home/hibiki/Robomech_HR/Eglantyne/simulation/install/simple_sim/lib/python3.10/site-packages:/home/hibiki/Robomech_HR/Eglantyne/simulation/install/champ_bringup/lib/python3.10/site-packages:/home/hibiki/Robomech_HR/Eglantyne/simulation/install/champ_msgs/lib/python3.10/site-packages:/opt/ros/humble/lib/python3.10/site-packages:/opt/ros/humble/local/lib/python3.10/dist-packages /usr/bin/cmake --install /home/hibiki/Robomech_HR/Eglantyne/simulation/build/ros2_control_demo_example_15
[1.277s] Level 1:colcon.colcon_core.environment:checking '/home/hibiki/Robomech_HR/Eglantyne/simulation/install/ros2_control_demo_example_15' for CMake config files
[1.277s] Level 1:colcon.colcon_core.shell:create_environment_hook('ros2_control_demo_example_15', 'cmake_prefix_path')
[1.278s] INFO:colcon.colcon_core.shell:Creating environment hook '/home/hibiki/Robomech_HR/Eglantyne/simulation/install/ros2_control_demo_example_15/share/ros2_control_demo_example_15/hook/cmake_prefix_path.ps1'
[1.278s] INFO:colcon.colcon_core.shell:Creating environment descriptor '/home/hibiki/Robomech_HR/Eglantyne/simulation/install/ros2_control_demo_example_15/share/ros2_control_demo_example_15/hook/cmake_prefix_path.dsv'
[1.279s] INFO:colcon.colcon_core.shell:Creating environment hook '/home/hibiki/Robomech_HR/Eglantyne/simulation/install/ros2_control_demo_example_15/share/ros2_control_demo_example_15/hook/cmake_prefix_path.sh'
[1.279s] Level 1:colcon.colcon_core.environment:checking '/home/hibiki/Robomech_HR/Eglantyne/simulation/install/ros2_control_demo_example_15/bin'
[1.279s] Level 1:colcon.colcon_core.environment:checking '/home/hibiki/Robomech_HR/Eglantyne/simulation/install/ros2_control_demo_example_15/lib/pkgconfig/ros2_control_demo_example_15.pc'
[1.280s] Level 1:colcon.colcon_core.environment:checking '/home/hibiki/Robomech_HR/Eglantyne/simulation/install/ros2_control_demo_example_15/lib/python3.10/site-packages'
[1.280s] Level 1:colcon.colcon_core.environment:checking '/home/hibiki/Robomech_HR/Eglantyne/simulation/install/ros2_control_demo_example_15/bin'
[1.280s] INFO:colcon.colcon_core.shell:Creating package script '/home/hibiki/Robomech_HR/Eglantyne/simulation/install/ros2_control_demo_example_15/share/ros2_control_demo_example_15/package.ps1'
[1.280s] INFO:colcon.colcon_core.shell:Creating package descriptor '/home/hibiki/Robomech_HR/Eglantyne/simulation/install/ros2_control_demo_example_15/share/ros2_control_demo_example_15/package.dsv'
[1.281s] INFO:colcon.colcon_core.shell:Creating package script '/home/hibiki/Robomech_HR/Eglantyne/simulation/install/ros2_control_demo_example_15/share/ros2_control_demo_example_15/package.sh'
[1.281s] INFO:colcon.colcon_core.shell:Creating package script '/home/hibiki/Robomech_HR/Eglantyne/simulation/install/ros2_control_demo_example_15/share/ros2_control_demo_example_15/package.bash'
[1.281s] INFO:colcon.colcon_core.shell:Creating package script '/home/hibiki/Robomech_HR/Eglantyne/simulation/install/ros2_control_demo_example_15/share/ros2_control_demo_example_15/package.zsh'
[1.281s] Level 1:colcon.colcon_core.environment:create_file_with_runtime_dependencies(/home/hibiki/Robomech_HR/Eglantyne/simulation/install/ros2_control_demo_example_15/share/colcon-core/packages/ros2_control_demo_example_15)
[1.283s] DEBUG:colcon.colcon_core.event_handler.log_command:Invoked command in '/home/hibiki/Robomech_HR/Eglantyne/simulation/build/champ_base' returned '0': CMAKE_PREFIX_PATH=/home/hibiki/Robomech_HR/Eglantyne/simulation/install/champ_msgs:/home/hibiki/Robomech_HR/Eglantyne/simulation/install/ros2_control_demo_testing:/opt/ros/humble:/home/hibiki/Robomech_HR/Eglantyne/simulation/install/champ:/home/hibiki/Robomech_HR/Eglantyne/simulation/install/simple_sim:/home/hibiki/Robomech_HR/Eglantyne/simulation/install/ros2_control_demos:/home/hibiki/Robomech_HR/Eglantyne/simulation/install/ros2_control_demo_example_9:/home/hibiki/Robomech_HR/Eglantyne/simulation/install/ros2_control_demo_example_8:/home/hibiki/Robomech_HR/Eglantyne/simulation/install/ros2_control_demo_example_7:/home/hibiki/Robomech_HR/Eglantyne/simulation/install/ros2_control_demo_example_6:/home/hibiki/Robomech_HR/Eglantyne/simulation/install/ros2_control_demo_example_15:/home/hibiki/Robomech_HR/Eglantyne/simulation/install/ros2_control_demo_example_5:/home/hibiki/Robomech_HR/Eglantyne/simulation/install/ros2_control_demo_example_4:/home/hibiki/Robomech_HR/Eglantyne/simulation/install/ros2_control_demo_example_3:/home/hibiki/Robomech_HR/Eglantyne/simulation/install/ros2_control_demo_example_2:/home/hibiki/Robomech_HR/Eglantyne/simulation/install/ros2_control_demo_example_14:/home/hibiki/Robomech_HR/Eglantyne/simulation/install/ros2_control_demo_example_12:/home/hibiki/Robomech_HR/Eglantyne/simulation/install/ros2_control_demo_example_11:/home/hibiki/Robomech_HR/Eglantyne/simulation/install/ros2_control_demo_example_10:/home/hibiki/Robomech_HR/Eglantyne/simulation/install/ros2_control_demo_example_1:/home/hibiki/Robomech_HR/Eglantyne/simulation/install/ros2_control_demo_description:/home/hibiki/Robomech_HR/Eglantyne/simulation/install/gazebo_ros2_control_demos:/home/hibiki/Robomech_HR/Eglantyne/simulation/install/champ_teleop:/home/hibiki/Robomech_HR/Eglantyne/simulation/install/champ_navigation:/home/hibiki/Robomech_HR/Eglantyne/simulation/install/champ_gazebo:/home/hibiki/Robomech_HR/Eglantyne/simulation/install/champ_bringup:/home/hibiki/Robomech_HR/Eglantyne/simulation/install/champ_base:/home/hibiki/Robomech_HR/Eglantyne/simulation/install/champ_description:/home/hibiki/Robomech_HR/Eglantyne/simulation/install/champ_config:/home/hibiki/Robomech_HR/Eglantyne/microros/ros2_pub_test/install/vel_pub LD_LIBRARY_PATH=/home/hibiki/Robomech_HR/Eglantyne/simulation/install/champ_msgs/lib:/home/hibiki/Robomech_HR/Eglantyne/simulation/install/simple_sim/lib:/home/hibiki/Robomech_HR/Eglantyne/simulation/install/ros2_control_demo_example_9/lib:/home/hibiki/Robomech_HR/Eglantyne/simulation/install/ros2_control_demo_example_8/lib:/home/hibiki/Robomech_HR/Eglantyne/simulation/install/ros2_control_demo_example_7/lib:/home/hibiki/Robomech_HR/Eglantyne/simulation/install/ros2_control_demo_example_6/lib:/home/hibiki/Robomech_HR/Eglantyne/simulation/install/ros2_control_demo_example_5/lib:/home/hibiki/Robomech_HR/Eglantyne/simulation/install/ros2_control_demo_example_4/lib:/home/hibiki/Robomech_HR/Eglantyne/simulation/install/ros2_control_demo_example_3/lib:/home/hibiki/Robomech_HR/Eglantyne/simulation/install/ros2_control_demo_example_2/lib:/home/hibiki/Robomech_HR/Eglantyne/simulation/install/ros2_control_demo_example_14/lib:/home/hibiki/Robomech_HR/Eglantyne/simulation/install/ros2_control_demo_example_12/lib:/home/hibiki/Robomech_HR/Eglantyne/simulation/install/ros2_control_demo_example_11/lib:/home/hibiki/Robomech_HR/Eglantyne/simulation/install/ros2_control_demo_example_10/lib:/home/hibiki/Robomech_HR/Eglantyne/simulation/install/ros2_control_demo_example_1/lib:/home/hibiki/Robomech_HR/Eglantyne/simulation/install/champ_base/lib:/opt/ros/humble/opt/rviz_ogre_vendor/lib:/opt/ros/humble/lib/x86_64-linux-gnu:/opt/ros/humble/lib:/usr/lib/x86_64-linux-gnu/gazebo-11/plugins PYTHONPATH=/home/hibiki/Robomech_HR/Eglantyne/simulation/install/champ_msgs/lib/python3.10/site-packages:/home/hibiki/Robomech_HR/Eglantyne/simulation/install/simple_sim/lib/python3.10/site-packages:/home/hibiki/Robomech_HR/Eglantyne/simulation/install/ros2_control_demo_testing/lib/python3.10/site-packages:/home/hibiki/Robomech_HR/Eglantyne/simulation/install/champ_bringup/lib/python3.10/site-packages:/opt/ros/humble/lib/python3.10/site-packages:/opt/ros/humble/local/lib/python3.10/dist-packages /usr/bin/cmake --build /home/hibiki/Robomech_HR/Eglantyne/simulation/build/champ_base -- -j16 -l16
[1.284s] DEBUG:colcon.colcon_core.event_handler.log_command:Invoked command in '/home/hibiki/Robomech_HR/Eglantyne/simulation/build/champ_gazebo' returned '0': CMAKE_PREFIX_PATH=/home/hibiki/Robomech_HR/Eglantyne/simulation/install/champ_msgs:/home/hibiki/Robomech_HR/Eglantyne/simulation/install/ros2_control_demo_testing:/opt/ros/humble:/home/hibiki/Robomech_HR/Eglantyne/simulation/install/champ:/home/hibiki/Robomech_HR/Eglantyne/simulation/install/simple_sim:/home/hibiki/Robomech_HR/Eglantyne/simulation/install/ros2_control_demos:/home/hibiki/Robomech_HR/Eglantyne/simulation/install/ros2_control_demo_example_9:/home/hibiki/Robomech_HR/Eglantyne/simulation/install/ros2_control_demo_example_8:/home/hibiki/Robomech_HR/Eglantyne/simulation/install/ros2_control_demo_example_7:/home/hibiki/Robomech_HR/Eglantyne/simulation/install/ros2_control_demo_example_6:/home/hibiki/Robomech_HR/Eglantyne/simulation/install/ros2_control_demo_example_15:/home/hibiki/Robomech_HR/Eglantyne/simulation/install/ros2_control_demo_example_5:/home/hibiki/Robomech_HR/Eglantyne/simulation/install/ros2_control_demo_example_4:/home/hibiki/Robomech_HR/Eglantyne/simulation/install/ros2_control_demo_example_3:/home/hibiki/Robomech_HR/Eglantyne/simulation/install/ros2_control_demo_example_2:/home/hibiki/Robomech_HR/Eglantyne/simulation/install/ros2_control_demo_example_14:/home/hibiki/Robomech_HR/Eglantyne/simulation/install/ros2_control_demo_example_12:/home/hibiki/Robomech_HR/Eglantyne/simulation/install/ros2_control_demo_example_11:/home/hibiki/Robomech_HR/Eglantyne/simulation/install/ros2_control_demo_example_10:/home/hibiki/Robomech_HR/Eglantyne/simulation/install/ros2_control_demo_example_1:/home/hibiki/Robomech_HR/Eglantyne/simulation/install/ros2_control_demo_description:/home/hibiki/Robomech_HR/Eglantyne/simulation/install/gazebo_ros2_control_demos:/home/hibiki/Robomech_HR/Eglantyne/simulation/install/champ_teleop:/home/hibiki/Robomech_HR/Eglantyne/simulation/install/champ_navigation:/home/hibiki/Robomech_HR/Eglantyne/simulation/install/champ_gazebo:/home/hibiki/Robomech_HR/Eglantyne/simulation/install/champ_bringup:/home/hibiki/Robomech_HR/Eglantyne/simulation/install/champ_base:/home/hibiki/Robomech_HR/Eglantyne/simulation/install/champ_description:/home/hibiki/Robomech_HR/Eglantyne/simulation/install/champ_config:/home/hibiki/Robomech_HR/Eglantyne/microros/ros2_pub_test/install/vel_pub LD_LIBRARY_PATH=/home/hibiki/Robomech_HR/Eglantyne/simulation/install/champ_msgs/lib:/home/hibiki/Robomech_HR/Eglantyne/simulation/install/simple_sim/lib:/home/hibiki/Robomech_HR/Eglantyne/simulation/install/ros2_control_demo_example_9/lib:/home/hibiki/Robomech_HR/Eglantyne/simulation/install/ros2_control_demo_example_8/lib:/home/hibiki/Robomech_HR/Eglantyne/simulation/install/ros2_control_demo_example_7/lib:/home/hibiki/Robomech_HR/Eglantyne/simulation/install/ros2_control_demo_example_6/lib:/home/hibiki/Robomech_HR/Eglantyne/simulation/install/ros2_control_demo_example_5/lib:/home/hibiki/Robomech_HR/Eglantyne/simulation/install/ros2_control_demo_example_4/lib:/home/hibiki/Robomech_HR/Eglantyne/simulation/install/ros2_control_demo_example_3/lib:/home/hibiki/Robomech_HR/Eglantyne/simulation/install/ros2_control_demo_example_2/lib:/home/hibiki/Robomech_HR/Eglantyne/simulation/install/ros2_control_demo_example_14/lib:/home/hibiki/Robomech_HR/Eglantyne/simulation/install/ros2_control_demo_example_12/lib:/home/hibiki/Robomech_HR/Eglantyne/simulation/install/ros2_control_demo_example_11/lib:/home/hibiki/Robomech_HR/Eglantyne/simulation/install/ros2_control_demo_example_10/lib:/home/hibiki/Robomech_HR/Eglantyne/simulation/install/ros2_control_demo_example_1/lib:/home/hibiki/Robomech_HR/Eglantyne/simulation/install/champ_base/lib:/opt/ros/humble/opt/rviz_ogre_vendor/lib:/opt/ros/humble/lib/x86_64-linux-gnu:/opt/ros/humble/lib:/usr/lib/x86_64-linux-gnu/gazebo-11/plugins PYTHONPATH=/home/hibiki/Robomech_HR/Eglantyne/simulation/install/champ_msgs/lib/python3.10/site-packages:/home/hibiki/Robomech_HR/Eglantyne/simulation/install/simple_sim/lib/python3.10/site-packages:/home/hibiki/Robomech_HR/Eglantyne/simulation/install/ros2_control_demo_testing/lib/python3.10/site-packages:/home/hibiki/Robomech_HR/Eglantyne/simulation/install/champ_bringup/lib/python3.10/site-packages:/opt/ros/humble/lib/python3.10/site-packages:/opt/ros/humble/local/lib/python3.10/dist-packages /usr/bin/cmake --build /home/hibiki/Robomech_HR/Eglantyne/simulation/build/champ_gazebo -- -j16 -l16
[1.299s] Level 1:colcon.colcon_core.environment:create_environment_scripts_only(ros2_control_demo_example_15)
[1.299s] Level 1:colcon.colcon_core.environment:checking '/home/hibiki/Robomech_HR/Eglantyne/simulation/install/ros2_control_demo_example_15' for CMake module files
[1.299s] Level 1:colcon.colcon_core.environment:checking '/home/hibiki/Robomech_HR/Eglantyne/simulation/install/ros2_control_demo_example_15' for CMake config files
[1.299s] Level 1:colcon.colcon_core.shell:create_environment_hook('ros2_control_demo_example_15', 'cmake_prefix_path')
[1.300s] INFO:colcon.colcon_core.shell:Creating environment hook '/home/hibiki/Robomech_HR/Eglantyne/simulation/install/ros2_control_demo_example_15/share/ros2_control_demo_example_15/hook/cmake_prefix_path.ps1'
[1.300s] INFO:colcon.colcon_core.shell:Creating environment descriptor '/home/hibiki/Robomech_HR/Eglantyne/simulation/install/ros2_control_demo_example_15/share/ros2_control_demo_example_15/hook/cmake_prefix_path.dsv'
[1.300s] INFO:colcon.colcon_core.shell:Creating environment hook '/home/hibiki/Robomech_HR/Eglantyne/simulation/install/ros2_control_demo_example_15/share/ros2_control_demo_example_15/hook/cmake_prefix_path.sh'
[1.300s] Level 1:colcon.colcon_core.environment:checking '/home/hibiki/Robomech_HR/Eglantyne/simulation/install/ros2_control_demo_example_15/bin'
[1.300s] Level 1:colcon.colcon_core.environment:checking '/home/hibiki/Robomech_HR/Eglantyne/simulation/install/ros2_control_demo_example_15/lib/pkgconfig/ros2_control_demo_example_15.pc'
[1.301s] Level 1:colcon.colcon_core.environment:checking '/home/hibiki/Robomech_HR/Eglantyne/simulation/install/ros2_control_demo_example_15/lib/python3.10/site-packages'
[1.301s] Level 1:colcon.colcon_core.environment:checking '/home/hibiki/Robomech_HR/Eglantyne/simulation/install/ros2_control_demo_example_15/bin'
[1.301s] INFO:colcon.colcon_core.shell:Creating package script '/home/hibiki/Robomech_HR/Eglantyne/simulation/install/ros2_control_demo_example_15/share/ros2_control_demo_example_15/package.ps1'
[1.301s] INFO:colcon.colcon_core.shell:Creating package descriptor '/home/hibiki/Robomech_HR/Eglantyne/simulation/install/ros2_control_demo_example_15/share/ros2_control_demo_example_15/package.dsv'
[1.301s] INFO:colcon.colcon_core.shell:Creating package script '/home/hibiki/Robomech_HR/Eglantyne/simulation/install/ros2_control_demo_example_15/share/ros2_control_demo_example_15/package.sh'
[1.302s] INFO:colcon.colcon_core.shell:Creating package script '/home/hibiki/Robomech_HR/Eglantyne/simulation/install/ros2_control_demo_example_15/share/ros2_control_demo_example_15/package.bash'
[1.302s] INFO:colcon.colcon_core.shell:Creating package script '/home/hibiki/Robomech_HR/Eglantyne/simulation/install/ros2_control_demo_example_15/share/ros2_control_demo_example_15/package.zsh'
[1.302s] Level 1:colcon.colcon_core.environment:create_file_with_runtime_dependencies(/home/hibiki/Robomech_HR/Eglantyne/simulation/install/ros2_control_demo_example_15/share/colcon-core/packages/ros2_control_demo_example_15)
[1.302s] INFO:colcon.colcon_ros.task.ament_cmake.build:Building ROS package in '/home/hibiki/Robomech_HR/Eglantyne/simulation/src/ros2_control_demos/ros2_control_demos' with build type 'ament_cmake'
[1.302s] INFO:colcon.colcon_cmake.task.cmake.build:Building CMake package in '/home/hibiki/Robomech_HR/Eglantyne/simulation/src/ros2_control_demos/ros2_control_demos'
[1.302s] INFO:colcon.colcon_core.shell:Skip shell extension 'powershell' for command environment: Not usable outside of PowerShell
[1.302s] DEBUG:colcon.colcon_core.shell:Skip shell extension 'dsv' for command environment
[1.308s] DEBUG:colcon.colcon_core.event_handler.log_command:Invoking command in '/home/hibiki/Robomech_HR/Eglantyne/simulation/build/champ_gazebo': CMAKE_PREFIX_PATH=/home/hibiki/Robomech_HR/Eglantyne/simulation/install/champ_msgs:/home/hibiki/Robomech_HR/Eglantyne/simulation/install/ros2_control_demo_testing:/opt/ros/humble:/home/hibiki/Robomech_HR/Eglantyne/simulation/install/champ:/home/hibiki/Robomech_HR/Eglantyne/simulation/install/simple_sim:/home/hibiki/Robomech_HR/Eglantyne/simulation/install/ros2_control_demos:/home/hibiki/Robomech_HR/Eglantyne/simulation/install/ros2_control_demo_example_9:/home/hibiki/Robomech_HR/Eglantyne/simulation/install/ros2_control_demo_example_8:/home/hibiki/Robomech_HR/Eglantyne/simulation/install/ros2_control_demo_example_7:/home/hibiki/Robomech_HR/Eglantyne/simulation/install/ros2_control_demo_example_6:/home/hibiki/Robomech_HR/Eglantyne/simulation/install/ros2_control_demo_example_15:/home/hibiki/Robomech_HR/Eglantyne/simulation/install/ros2_control_demo_example_5:/home/hibiki/Robomech_HR/Eglantyne/simulation/install/ros2_control_demo_example_4:/home/hibiki/Robomech_HR/Eglantyne/simulation/install/ros2_control_demo_example_3:/home/hibiki/Robomech_HR/Eglantyne/simulation/install/ros2_control_demo_example_2:/home/hibiki/Robomech_HR/Eglantyne/simulation/install/ros2_control_demo_example_14:/home/hibiki/Robomech_HR/Eglantyne/simulation/install/ros2_control_demo_example_12:/home/hibiki/Robomech_HR/Eglantyne/simulation/install/ros2_control_demo_example_11:/home/hibiki/Robomech_HR/Eglantyne/simulation/install/ros2_control_demo_example_10:/home/hibiki/Robomech_HR/Eglantyne/simulation/install/ros2_control_demo_example_1:/home/hibiki/Robomech_HR/Eglantyne/simulation/install/ros2_control_demo_description:/home/hibiki/Robomech_HR/Eglantyne/simulation/install/gazebo_ros2_control_demos:/home/hibiki/Robomech_HR/Eglantyne/simulation/install/champ_teleop:/home/hibiki/Robomech_HR/Eglantyne/simulation/install/champ_navigation:/home/hibiki/Robomech_HR/Eglantyne/simulation/install/champ_gazebo:/home/hibiki/Robomech_HR/Eglantyne/simulation/install/champ_bringup:/home/hibiki/Robomech_HR/Eglantyne/simulation/install/champ_base:/home/hibiki/Robomech_HR/Eglantyne/simulation/install/champ_description:/home/hibiki/Robomech_HR/Eglantyne/simulation/install/champ_config:/home/hibiki/Robomech_HR/Eglantyne/microros/ros2_pub_test/install/vel_pub LD_LIBRARY_PATH=/home/hibiki/Robomech_HR/Eglantyne/simulation/install/champ_msgs/lib:/home/hibiki/Robomech_HR/Eglantyne/simulation/install/simple_sim/lib:/home/hibiki/Robomech_HR/Eglantyne/simulation/install/ros2_control_demo_example_9/lib:/home/hibiki/Robomech_HR/Eglantyne/simulation/install/ros2_control_demo_example_8/lib:/home/hibiki/Robomech_HR/Eglantyne/simulation/install/ros2_control_demo_example_7/lib:/home/hibiki/Robomech_HR/Eglantyne/simulation/install/ros2_control_demo_example_6/lib:/home/hibiki/Robomech_HR/Eglantyne/simulation/install/ros2_control_demo_example_5/lib:/home/hibiki/Robomech_HR/Eglantyne/simulation/install/ros2_control_demo_example_4/lib:/home/hibiki/Robomech_HR/Eglantyne/simulation/install/ros2_control_demo_example_3/lib:/home/hibiki/Robomech_HR/Eglantyne/simulation/install/ros2_control_demo_example_2/lib:/home/hibiki/Robomech_HR/Eglantyne/simulation/install/ros2_control_demo_example_14/lib:/home/hibiki/Robomech_HR/Eglantyne/simulation/install/ros2_control_demo_example_12/lib:/home/hibiki/Robomech_HR/Eglantyne/simulation/install/ros2_control_demo_example_11/lib:/home/hibiki/Robomech_HR/Eglantyne/simulation/install/ros2_control_demo_example_10/lib:/home/hibiki/Robomech_HR/Eglantyne/simulation/install/ros2_control_demo_example_1/lib:/home/hibiki/Robomech_HR/Eglantyne/simulation/install/champ_base/lib:/opt/ros/humble/opt/rviz_ogre_vendor/lib:/opt/ros/humble/lib/x86_64-linux-gnu:/opt/ros/humble/lib:/usr/lib/x86_64-linux-gnu/gazebo-11/plugins PYTHONPATH=/home/hibiki/Robomech_HR/Eglantyne/simulation/install/champ_msgs/lib/python3.10/site-packages:/home/hibiki/Robomech_HR/Eglantyne/simulation/install/simple_sim/lib/python3.10/site-packages:/home/hibiki/Robomech_HR/Eglantyne/simulation/install/ros2_control_demo_testing/lib/python3.10/site-packages:/home/hibiki/Robomech_HR/Eglantyne/simulation/install/champ_bringup/lib/python3.10/site-packages:/opt/ros/humble/lib/python3.10/site-packages:/opt/ros/humble/local/lib/python3.10/dist-packages /usr/bin/cmake --install /home/hibiki/Robomech_HR/Eglantyne/simulation/build/champ_gazebo
[1.313s] Level 1:colcon.colcon_core.environment:create_environment_scripts_only(champ_gazebo)
[1.314s] Level 1:colcon.colcon_core.environment:checking '/home/hibiki/Robomech_HR/Eglantyne/simulation/install/champ_gazebo' for CMake module files
[1.315s] DEBUG:colcon.colcon_core.event_handler.log_command:Invoked command in '/home/hibiki/Robomech_HR/Eglantyne/simulation/build/champ_gazebo' returned '0': CMAKE_PREFIX_PATH=/home/hibiki/Robomech_HR/Eglantyne/simulation/install/champ_msgs:/home/hibiki/Robomech_HR/Eglantyne/simulation/install/ros2_control_demo_testing:/opt/ros/humble:/home/hibiki/Robomech_HR/Eglantyne/simulation/install/champ:/home/hibiki/Robomech_HR/Eglantyne/simulation/install/simple_sim:/home/hibiki/Robomech_HR/Eglantyne/simulation/install/ros2_control_demos:/home/hibiki/Robomech_HR/Eglantyne/simulation/install/ros2_control_demo_example_9:/home/hibiki/Robomech_HR/Eglantyne/simulation/install/ros2_control_demo_example_8:/home/hibiki/Robomech_HR/Eglantyne/simulation/install/ros2_control_demo_example_7:/home/hibiki/Robomech_HR/Eglantyne/simulation/install/ros2_control_demo_example_6:/home/hibiki/Robomech_HR/Eglantyne/simulation/install/ros2_control_demo_example_15:/home/hibiki/Robomech_HR/Eglantyne/simulation/install/ros2_control_demo_example_5:/home/hibiki/Robomech_HR/Eglantyne/simulation/install/ros2_control_demo_example_4:/home/hibiki/Robomech_HR/Eglantyne/simulation/install/ros2_control_demo_example_3:/home/hibiki/Robomech_HR/Eglantyne/simulation/install/ros2_control_demo_example_2:/home/hibiki/Robomech_HR/Eglantyne/simulation/install/ros2_control_demo_example_14:/home/hibiki/Robomech_HR/Eglantyne/simulation/install/ros2_control_demo_example_12:/home/hibiki/Robomech_HR/Eglantyne/simulation/install/ros2_control_demo_example_11:/home/hibiki/Robomech_HR/Eglantyne/simulation/install/ros2_control_demo_example_10:/home/hibiki/Robomech_HR/Eglantyne/simulation/install/ros2_control_demo_example_1:/home/hibiki/Robomech_HR/Eglantyne/simulation/install/ros2_control_demo_description:/home/hibiki/Robomech_HR/Eglantyne/simulation/install/gazebo_ros2_control_demos:/home/hibiki/Robomech_HR/Eglantyne/simulation/install/champ_teleop:/home/hibiki/Robomech_HR/Eglantyne/simulation/install/champ_navigation:/home/hibiki/Robomech_HR/Eglantyne/simulation/install/champ_gazebo:/home/hibiki/Robomech_HR/Eglantyne/simulation/install/champ_bringup:/home/hibiki/Robomech_HR/Eglantyne/simulation/install/champ_base:/home/hibiki/Robomech_HR/Eglantyne/simulation/install/champ_description:/home/hibiki/Robomech_HR/Eglantyne/simulation/install/champ_config:/home/hibiki/Robomech_HR/Eglantyne/microros/ros2_pub_test/install/vel_pub LD_LIBRARY_PATH=/home/hibiki/Robomech_HR/Eglantyne/simulation/install/champ_msgs/lib:/home/hibiki/Robomech_HR/Eglantyne/simulation/install/simple_sim/lib:/home/hibiki/Robomech_HR/Eglantyne/simulation/install/ros2_control_demo_example_9/lib:/home/hibiki/Robomech_HR/Eglantyne/simulation/install/ros2_control_demo_example_8/lib:/home/hibiki/Robomech_HR/Eglantyne/simulation/install/ros2_control_demo_example_7/lib:/home/hibiki/Robomech_HR/Eglantyne/simulation/install/ros2_control_demo_example_6/lib:/home/hibiki/Robomech_HR/Eglantyne/simulation/install/ros2_control_demo_example_5/lib:/home/hibiki/Robomech_HR/Eglantyne/simulation/install/ros2_control_demo_example_4/lib:/home/hibiki/Robomech_HR/Eglantyne/simulation/install/ros2_control_demo_example_3/lib:/home/hibiki/Robomech_HR/Eglantyne/simulation/install/ros2_control_demo_example_2/lib:/home/hibiki/Robomech_HR/Eglantyne/simulation/install/ros2_control_demo_example_14/lib:/home/hibiki/Robomech_HR/Eglantyne/simulation/install/ros2_control_demo_example_12/lib:/home/hibiki/Robomech_HR/Eglantyne/simulation/install/ros2_control_demo_example_11/lib:/home/hibiki/Robomech_HR/Eglantyne/simulation/install/ros2_control_demo_example_10/lib:/home/hibiki/Robomech_HR/Eglantyne/simulation/install/ros2_control_demo_example_1/lib:/home/hibiki/Robomech_HR/Eglantyne/simulation/install/champ_base/lib:/opt/ros/humble/opt/rviz_ogre_vendor/lib:/opt/ros/humble/lib/x86_64-linux-gnu:/opt/ros/humble/lib:/usr/lib/x86_64-linux-gnu/gazebo-11/plugins PYTHONPATH=/home/hibiki/Robomech_HR/Eglantyne/simulation/install/champ_msgs/lib/python3.10/site-packages:/home/hibiki/Robomech_HR/Eglantyne/simulation/install/simple_sim/lib/python3.10/site-packages:/home/hibiki/Robomech_HR/Eglantyne/simulation/install/ros2_control_demo_testing/lib/python3.10/site-packages:/home/hibiki/Robomech_HR/Eglantyne/simulation/install/champ_bringup/lib/python3.10/site-packages:/opt/ros/humble/lib/python3.10/site-packages:/opt/ros/humble/local/lib/python3.10/dist-packages /usr/bin/cmake --install /home/hibiki/Robomech_HR/Eglantyne/simulation/build/champ_gazebo
[1.315s] Level 1:colcon.colcon_core.environment:checking '/home/hibiki/Robomech_HR/Eglantyne/simulation/install/champ_gazebo' for CMake config files
[1.316s] Level 1:colcon.colcon_core.shell:create_environment_hook('champ_gazebo', 'cmake_prefix_path')
[1.316s] INFO:colcon.colcon_core.shell:Creating environment hook '/home/hibiki/Robomech_HR/Eglantyne/simulation/install/champ_gazebo/share/champ_gazebo/hook/cmake_prefix_path.ps1'
[1.317s] INFO:colcon.colcon_core.shell:Creating environment descriptor '/home/hibiki/Robomech_HR/Eglantyne/simulation/install/champ_gazebo/share/champ_gazebo/hook/cmake_prefix_path.dsv'
[1.317s] INFO:colcon.colcon_core.shell:Creating environment hook '/home/hibiki/Robomech_HR/Eglantyne/simulation/install/champ_gazebo/share/champ_gazebo/hook/cmake_prefix_path.sh'
[1.318s] Level 1:colcon.colcon_core.environment:checking '/home/hibiki/Robomech_HR/Eglantyne/simulation/install/champ_gazebo/lib'
[1.318s] Level 1:colcon.colcon_core.environment:checking '/home/hibiki/Robomech_HR/Eglantyne/simulation/install/champ_gazebo/bin'
[1.318s] Level 1:colcon.colcon_core.shell:create_environment_hook('champ_gazebo', 'path')
[1.318s] INFO:colcon.colcon_core.shell:Creating environment hook '/home/hibiki/Robomech_HR/Eglantyne/simulation/install/champ_gazebo/share/champ_gazebo/hook/path.ps1'
[1.319s] INFO:colcon.colcon_core.shell:Creating environment descriptor '/home/hibiki/Robomech_HR/Eglantyne/simulation/install/champ_gazebo/share/champ_gazebo/hook/path.dsv'
[1.319s] INFO:colcon.colcon_core.shell:Creating environment hook '/home/hibiki/Robomech_HR/Eglantyne/simulation/install/champ_gazebo/share/champ_gazebo/hook/path.sh'
[1.319s] Level 1:colcon.colcon_core.environment:checking '/home/hibiki/Robomech_HR/Eglantyne/simulation/install/champ_gazebo/lib/pkgconfig/champ_gazebo.pc'
[1.319s] Level 1:colcon.colcon_core.environment:checking '/home/hibiki/Robomech_HR/Eglantyne/simulation/install/champ_gazebo/lib/python3.10/site-packages'
[1.320s] Level 1:colcon.colcon_core.environment:checking '/home/hibiki/Robomech_HR/Eglantyne/simulation/install/champ_gazebo/bin'
[1.320s] Level 1:colcon.colcon_core.shell:create_environment_hook('champ_gazebo', 'pythonscriptspath')
[1.320s] INFO:colcon.colcon_core.shell:Creating environment hook '/home/hibiki/Robomech_HR/Eglantyne/simulation/install/champ_gazebo/share/champ_gazebo/hook/pythonscriptspath.ps1'
[1.320s] INFO:colcon.colcon_core.shell:Creating environment descriptor '/home/hibiki/Robomech_HR/Eglantyne/simulation/install/champ_gazebo/share/champ_gazebo/hook/pythonscriptspath.dsv'
[1.320s] INFO:colcon.colcon_core.shell:Creating environment hook '/home/hibiki/Robomech_HR/Eglantyne/simulation/install/champ_gazebo/share/champ_gazebo/hook/pythonscriptspath.sh'
[1.321s] INFO:colcon.colcon_core.shell:Creating package script '/home/hibiki/Robomech_HR/Eglantyne/simulation/install/champ_gazebo/share/champ_gazebo/package.ps1'
[1.321s] INFO:colcon.colcon_core.shell:Creating package descriptor '/home/hibiki/Robomech_HR/Eglantyne/simulation/install/champ_gazebo/share/champ_gazebo/package.dsv'
[1.321s] INFO:colcon.colcon_core.shell:Creating package script '/home/hibiki/Robomech_HR/Eglantyne/simulation/install/champ_gazebo/share/champ_gazebo/package.sh'
[1.321s] INFO:colcon.colcon_core.shell:Creating package script '/home/hibiki/Robomech_HR/Eglantyne/simulation/install/champ_gazebo/share/champ_gazebo/package.bash'
[1.322s] INFO:colcon.colcon_core.shell:Creating package script '/home/hibiki/Robomech_HR/Eglantyne/simulation/install/champ_gazebo/share/champ_gazebo/package.zsh'
[1.322s] Level 1:colcon.colcon_core.environment:create_file_with_runtime_dependencies(/home/hibiki/Robomech_HR/Eglantyne/simulation/install/champ_gazebo/share/colcon-core/packages/champ_gazebo)
[1.324s] DEBUG:colcon.colcon_core.event_handler.log_command:Invoking command in '/home/hibiki/Robomech_HR/Eglantyne/simulation/build/champ_base': CMAKE_PREFIX_PATH=/home/hibiki/Robomech_HR/Eglantyne/simulation/install/champ_msgs:/home/hibiki/Robomech_HR/Eglantyne/simulation/install/ros2_control_demo_testing:/opt/ros/humble:/home/hibiki/Robomech_HR/Eglantyne/simulation/install/champ:/home/hibiki/Robomech_HR/Eglantyne/simulation/install/simple_sim:/home/hibiki/Robomech_HR/Eglantyne/simulation/install/ros2_control_demos:/home/hibiki/Robomech_HR/Eglantyne/simulation/install/ros2_control_demo_example_9:/home/hibiki/Robomech_HR/Eglantyne/simulation/install/ros2_control_demo_example_8:/home/hibiki/Robomech_HR/Eglantyne/simulation/install/ros2_control_demo_example_7:/home/hibiki/Robomech_HR/Eglantyne/simulation/install/ros2_control_demo_example_6:/home/hibiki/Robomech_HR/Eglantyne/simulation/install/ros2_control_demo_example_15:/home/hibiki/Robomech_HR/Eglantyne/simulation/install/ros2_control_demo_example_5:/home/hibiki/Robomech_HR/Eglantyne/simulation/install/ros2_control_demo_example_4:/home/hibiki/Robomech_HR/Eglantyne/simulation/install/ros2_control_demo_example_3:/home/hibiki/Robomech_HR/Eglantyne/simulation/install/ros2_control_demo_example_2:/home/hibiki/Robomech_HR/Eglantyne/simulation/install/ros2_control_demo_example_14:/home/hibiki/Robomech_HR/Eglantyne/simulation/install/ros2_control_demo_example_12:/home/hibiki/Robomech_HR/Eglantyne/simulation/install/ros2_control_demo_example_11:/home/hibiki/Robomech_HR/Eglantyne/simulation/install/ros2_control_demo_example_10:/home/hibiki/Robomech_HR/Eglantyne/simulation/install/ros2_control_demo_example_1:/home/hibiki/Robomech_HR/Eglantyne/simulation/install/ros2_control_demo_description:/home/hibiki/Robomech_HR/Eglantyne/simulation/install/gazebo_ros2_control_demos:/home/hibiki/Robomech_HR/Eglantyne/simulation/install/champ_teleop:/home/hibiki/Robomech_HR/Eglantyne/simulation/install/champ_navigation:/home/hibiki/Robomech_HR/Eglantyne/simulation/install/champ_gazebo:/home/hibiki/Robomech_HR/Eglantyne/simulation/install/champ_bringup:/home/hibiki/Robomech_HR/Eglantyne/simulation/install/champ_base:/home/hibiki/Robomech_HR/Eglantyne/simulation/install/champ_description:/home/hibiki/Robomech_HR/Eglantyne/simulation/install/champ_config:/home/hibiki/Robomech_HR/Eglantyne/microros/ros2_pub_test/install/vel_pub LD_LIBRARY_PATH=/home/hibiki/Robomech_HR/Eglantyne/simulation/install/champ_msgs/lib:/home/hibiki/Robomech_HR/Eglantyne/simulation/install/simple_sim/lib:/home/hibiki/Robomech_HR/Eglantyne/simulation/install/ros2_control_demo_example_9/lib:/home/hibiki/Robomech_HR/Eglantyne/simulation/install/ros2_control_demo_example_8/lib:/home/hibiki/Robomech_HR/Eglantyne/simulation/install/ros2_control_demo_example_7/lib:/home/hibiki/Robomech_HR/Eglantyne/simulation/install/ros2_control_demo_example_6/lib:/home/hibiki/Robomech_HR/Eglantyne/simulation/install/ros2_control_demo_example_5/lib:/home/hibiki/Robomech_HR/Eglantyne/simulation/install/ros2_control_demo_example_4/lib:/home/hibiki/Robomech_HR/Eglantyne/simulation/install/ros2_control_demo_example_3/lib:/home/hibiki/Robomech_HR/Eglantyne/simulation/install/ros2_control_demo_example_2/lib:/home/hibiki/Robomech_HR/Eglantyne/simulation/install/ros2_control_demo_example_14/lib:/home/hibiki/Robomech_HR/Eglantyne/simulation/install/ros2_control_demo_example_12/lib:/home/hibiki/Robomech_HR/Eglantyne/simulation/install/ros2_control_demo_example_11/lib:/home/hibiki/Robomech_HR/Eglantyne/simulation/install/ros2_control_demo_example_10/lib:/home/hibiki/Robomech_HR/Eglantyne/simulation/install/ros2_control_demo_example_1/lib:/home/hibiki/Robomech_HR/Eglantyne/simulation/install/champ_base/lib:/opt/ros/humble/opt/rviz_ogre_vendor/lib:/opt/ros/humble/lib/x86_64-linux-gnu:/opt/ros/humble/lib:/usr/lib/x86_64-linux-gnu/gazebo-11/plugins PYTHONPATH=/home/hibiki/Robomech_HR/Eglantyne/simulation/install/champ_msgs/lib/python3.10/site-packages:/home/hibiki/Robomech_HR/Eglantyne/simulation/install/simple_sim/lib/python3.10/site-packages:/home/hibiki/Robomech_HR/Eglantyne/simulation/install/ros2_control_demo_testing/lib/python3.10/site-packages:/home/hibiki/Robomech_HR/Eglantyne/simulation/install/champ_bringup/lib/python3.10/site-packages:/opt/ros/humble/lib/python3.10/site-packages:/opt/ros/humble/local/lib/python3.10/dist-packages /usr/bin/cmake --install /home/hibiki/Robomech_HR/Eglantyne/simulation/build/champ_base
[1.329s] Level 1:colcon.colcon_core.environment:create_environment_scripts_only(champ_base)
[1.329s] Level 1:colcon.colcon_core.environment:checking '/home/hibiki/Robomech_HR/Eglantyne/simulation/install/champ_base' for CMake module files
[1.329s] DEBUG:colcon.colcon_core.event_handler.log_command:Invoked command in '/home/hibiki/Robomech_HR/Eglantyne/simulation/build/champ_base' returned '0': CMAKE_PREFIX_PATH=/home/hibiki/Robomech_HR/Eglantyne/simulation/install/champ_msgs:/home/hibiki/Robomech_HR/Eglantyne/simulation/install/ros2_control_demo_testing:/opt/ros/humble:/home/hibiki/Robomech_HR/Eglantyne/simulation/install/champ:/home/hibiki/Robomech_HR/Eglantyne/simulation/install/simple_sim:/home/hibiki/Robomech_HR/Eglantyne/simulation/install/ros2_control_demos:/home/hibiki/Robomech_HR/Eglantyne/simulation/install/ros2_control_demo_example_9:/home/hibiki/Robomech_HR/Eglantyne/simulation/install/ros2_control_demo_example_8:/home/hibiki/Robomech_HR/Eglantyne/simulation/install/ros2_control_demo_example_7:/home/hibiki/Robomech_HR/Eglantyne/simulation/install/ros2_control_demo_example_6:/home/hibiki/Robomech_HR/Eglantyne/simulation/install/ros2_control_demo_example_15:/home/hibiki/Robomech_HR/Eglantyne/simulation/install/ros2_control_demo_example_5:/home/hibiki/Robomech_HR/Eglantyne/simulation/install/ros2_control_demo_example_4:/home/hibiki/Robomech_HR/Eglantyne/simulation/install/ros2_control_demo_example_3:/home/hibiki/Robomech_HR/Eglantyne/simulation/install/ros2_control_demo_example_2:/home/hibiki/Robomech_HR/Eglantyne/simulation/install/ros2_control_demo_example_14:/home/hibiki/Robomech_HR/Eglantyne/simulation/install/ros2_control_demo_example_12:/home/hibiki/Robomech_HR/Eglantyne/simulation/install/ros2_control_demo_example_11:/home/hibiki/Robomech_HR/Eglantyne/simulation/install/ros2_control_demo_example_10:/home/hibiki/Robomech_HR/Eglantyne/simulation/install/ros2_control_demo_example_1:/home/hibiki/Robomech_HR/Eglantyne/simulation/install/ros2_control_demo_description:/home/hibiki/Robomech_HR/Eglantyne/simulation/install/gazebo_ros2_control_demos:/home/hibiki/Robomech_HR/Eglantyne/simulation/install/champ_teleop:/home/hibiki/Robomech_HR/Eglantyne/simulation/install/champ_navigation:/home/hibiki/Robomech_HR/Eglantyne/simulation/install/champ_gazebo:/home/hibiki/Robomech_HR/Eglantyne/simulation/install/champ_bringup:/home/hibiki/Robomech_HR/Eglantyne/simulation/install/champ_base:/home/hibiki/Robomech_HR/Eglantyne/simulation/install/champ_description:/home/hibiki/Robomech_HR/Eglantyne/simulation/install/champ_config:/home/hibiki/Robomech_HR/Eglantyne/microros/ros2_pub_test/install/vel_pub LD_LIBRARY_PATH=/home/hibiki/Robomech_HR/Eglantyne/simulation/install/champ_msgs/lib:/home/hibiki/Robomech_HR/Eglantyne/simulation/install/simple_sim/lib:/home/hibiki/Robomech_HR/Eglantyne/simulation/install/ros2_control_demo_example_9/lib:/home/hibiki/Robomech_HR/Eglantyne/simulation/install/ros2_control_demo_example_8/lib:/home/hibiki/Robomech_HR/Eglantyne/simulation/install/ros2_control_demo_example_7/lib:/home/hibiki/Robomech_HR/Eglantyne/simulation/install/ros2_control_demo_example_6/lib:/home/hibiki/Robomech_HR/Eglantyne/simulation/install/ros2_control_demo_example_5/lib:/home/hibiki/Robomech_HR/Eglantyne/simulation/install/ros2_control_demo_example_4/lib:/home/hibiki/Robomech_HR/Eglantyne/simulation/install/ros2_control_demo_example_3/lib:/home/hibiki/Robomech_HR/Eglantyne/simulation/install/ros2_control_demo_example_2/lib:/home/hibiki/Robomech_HR/Eglantyne/simulation/install/ros2_control_demo_example_14/lib:/home/hibiki/Robomech_HR/Eglantyne/simulation/install/ros2_control_demo_example_12/lib:/home/hibiki/Robomech_HR/Eglantyne/simulation/install/ros2_control_demo_example_11/lib:/home/hibiki/Robomech_HR/Eglantyne/simulation/install/ros2_control_demo_example_10/lib:/home/hibiki/Robomech_HR/Eglantyne/simulation/install/ros2_control_demo_example_1/lib:/home/hibiki/Robomech_HR/Eglantyne/simulation/install/champ_base/lib:/opt/ros/humble/opt/rviz_ogre_vendor/lib:/opt/ros/humble/lib/x86_64-linux-gnu:/opt/ros/humble/lib:/usr/lib/x86_64-linux-gnu/gazebo-11/plugins PYTHONPATH=/home/hibiki/Robomech_HR/Eglantyne/simulation/install/champ_msgs/lib/python3.10/site-packages:/home/hibiki/Robomech_HR/Eglantyne/simulation/install/simple_sim/lib/python3.10/site-packages:/home/hibiki/Robomech_HR/Eglantyne/simulation/install/ros2_control_demo_testing/lib/python3.10/site-packages:/home/hibiki/Robomech_HR/Eglantyne/simulation/install/champ_bringup/lib/python3.10/site-packages:/opt/ros/humble/lib/python3.10/site-packages:/opt/ros/humble/local/lib/python3.10/dist-packages /usr/bin/cmake --install /home/hibiki/Robomech_HR/Eglantyne/simulation/build/champ_base
[1.329s] Level 1:colcon.colcon_core.environment:checking '/home/hibiki/Robomech_HR/Eglantyne/simulation/install/champ_base' for CMake config files
[1.330s] Level 1:colcon.colcon_core.shell:create_environment_hook('champ_base', 'cmake_prefix_path')
[1.330s] INFO:colcon.colcon_core.shell:Creating environment hook '/home/hibiki/Robomech_HR/Eglantyne/simulation/install/champ_base/share/champ_base/hook/cmake_prefix_path.ps1'
[1.330s] INFO:colcon.colcon_core.shell:Creating environment descriptor '/home/hibiki/Robomech_HR/Eglantyne/simulation/install/champ_base/share/champ_base/hook/cmake_prefix_path.dsv'
[1.330s] INFO:colcon.colcon_core.shell:Creating environment hook '/home/hibiki/Robomech_HR/Eglantyne/simulation/install/champ_base/share/champ_base/hook/cmake_prefix_path.sh'
[1.330s] Level 1:colcon.colcon_core.environment:checking '/home/hibiki/Robomech_HR/Eglantyne/simulation/install/champ_base/lib'
[1.331s] Level 1:colcon.colcon_core.shell:create_environment_hook('champ_base', 'ld_library_path_lib')
[1.331s] INFO:colcon.colcon_core.shell:Creating environment hook '/home/hibiki/Robomech_HR/Eglantyne/simulation/install/champ_base/share/champ_base/hook/ld_library_path_lib.ps1'
[1.331s] INFO:colcon.colcon_core.shell:Creating environment descriptor '/home/hibiki/Robomech_HR/Eglantyne/simulation/install/champ_base/share/champ_base/hook/ld_library_path_lib.dsv'
[1.331s] INFO:colcon.colcon_core.shell:Creating environment hook '/home/hibiki/Robomech_HR/Eglantyne/simulation/install/champ_base/share/champ_base/hook/ld_library_path_lib.sh'
[1.331s] Level 1:colcon.colcon_core.environment:checking '/home/hibiki/Robomech_HR/Eglantyne/simulation/install/champ_base/bin'
[1.331s] Level 1:colcon.colcon_core.shell:create_environment_hook('champ_base', 'path')
[1.331s] INFO:colcon.colcon_core.shell:Creating environment hook '/home/hibiki/Robomech_HR/Eglantyne/simulation/install/champ_base/share/champ_base/hook/path.ps1'
[1.332s] INFO:colcon.colcon_core.shell:Creating environment descriptor '/home/hibiki/Robomech_HR/Eglantyne/simulation/install/champ_base/share/champ_base/hook/path.dsv'
[1.332s] INFO:colcon.colcon_core.shell:Creating environment hook '/home/hibiki/Robomech_HR/Eglantyne/simulation/install/champ_base/share/champ_base/hook/path.sh'
[1.332s] Level 1:colcon.colcon_core.environment:checking '/home/hibiki/Robomech_HR/Eglantyne/simulation/install/champ_base/lib/pkgconfig/champ_base.pc'
[1.332s] Level 1:colcon.colcon_core.environment:checking '/home/hibiki/Robomech_HR/Eglantyne/simulation/install/champ_base/lib/python3.10/site-packages'
[1.332s] Level 1:colcon.colcon_core.environment:checking '/home/hibiki/Robomech_HR/Eglantyne/simulation/install/champ_base/bin'
[1.332s] Level 1:colcon.colcon_core.shell:create_environment_hook('champ_base', 'pythonscriptspath')
[1.332s] INFO:colcon.colcon_core.shell:Creating environment hook '/home/hibiki/Robomech_HR/Eglantyne/simulation/install/champ_base/share/champ_base/hook/pythonscriptspath.ps1'
[1.333s] INFO:colcon.colcon_core.shell:Creating environment descriptor '/home/hibiki/Robomech_HR/Eglantyne/simulation/install/champ_base/share/champ_base/hook/pythonscriptspath.dsv'
[1.333s] INFO:colcon.colcon_core.shell:Creating environment hook '/home/hibiki/Robomech_HR/Eglantyne/simulation/install/champ_base/share/champ_base/hook/pythonscriptspath.sh'
[1.333s] INFO:colcon.colcon_core.shell:Creating package script '/home/hibiki/Robomech_HR/Eglantyne/simulation/install/champ_base/share/champ_base/package.ps1'
[1.333s] INFO:colcon.colcon_core.shell:Creating package descriptor '/home/hibiki/Robomech_HR/Eglantyne/simulation/install/champ_base/share/champ_base/package.dsv'
[1.334s] INFO:colcon.colcon_core.shell:Creating package script '/home/hibiki/Robomech_HR/Eglantyne/simulation/install/champ_base/share/champ_base/package.sh'
[1.334s] INFO:colcon.colcon_core.shell:Creating package script '/home/hibiki/Robomech_HR/Eglantyne/simulation/install/champ_base/share/champ_base/package.bash'
[1.334s] INFO:colcon.colcon_core.shell:Creating package script '/home/hibiki/Robomech_HR/Eglantyne/simulation/install/champ_base/share/champ_base/package.zsh'
[1.334s] Level 1:colcon.colcon_core.environment:create_file_with_runtime_dependencies(/home/hibiki/Robomech_HR/Eglantyne/simulation/install/champ_base/share/colcon-core/packages/champ_base)
[1.342s] DEBUG:colcon.colcon_core.event_handler.log_command:Invoking command in '/home/hibiki/Robomech_HR/Eglantyne/simulation/build/ros2_control_demos': CMAKE_PREFIX_PATH=/home/hibiki/Robomech_HR/Eglantyne/simulation/install/ros2_control_demo_example_15:/home/hibiki/Robomech_HR/Eglantyne/simulation/install/ros2_control_demo_example_9:/home/hibiki/Robomech_HR/Eglantyne/simulation/install/ros2_control_demo_example_8:/home/hibiki/Robomech_HR/Eglantyne/simulation/install/ros2_control_demo_example_7:/home/hibiki/Robomech_HR/Eglantyne/simulation/install/ros2_control_demo_example_6:/home/hibiki/Robomech_HR/Eglantyne/simulation/install/ros2_control_demo_example_5:/home/hibiki/Robomech_HR/Eglantyne/simulation/install/ros2_control_demo_example_4:/home/hibiki/Robomech_HR/Eglantyne/simulation/install/ros2_control_demo_example_3:/home/hibiki/Robomech_HR/Eglantyne/simulation/install/ros2_control_demo_example_2:/home/hibiki/Robomech_HR/Eglantyne/simulation/install/ros2_control_demo_example_14:/home/hibiki/Robomech_HR/Eglantyne/simulation/install/ros2_control_demo_example_12:/home/hibiki/Robomech_HR/Eglantyne/simulation/install/ros2_control_demo_example_11:/home/hibiki/Robomech_HR/Eglantyne/simulation/install/ros2_control_demo_example_10:/home/hibiki/Robomech_HR/Eglantyne/simulation/install/ros2_control_demo_example_1:/home/hibiki/Robomech_HR/Eglantyne/simulation/install/ros2_control_demo_description:/home/hibiki/Robomech_HR/Eglantyne/simulation/install/simple_sim:/home/hibiki/Robomech_HR/Eglantyne/simulation/install/ros2_control_demos:/home/hibiki/Robomech_HR/Eglantyne/simulation/install/gazebo_ros2_control_demos:/home/hibiki/Robomech_HR/Eglantyne/simulation/install/champ_teleop:/home/hibiki/Robomech_HR/Eglantyne/simulation/install/champ_navigation:/home/hibiki/Robomech_HR/Eglantyne/simulation/install/champ_gazebo:/home/hibiki/Robomech_HR/Eglantyne/simulation/install/champ_bringup:/home/hibiki/Robomech_HR/Eglantyne/simulation/install/champ_base:/home/hibiki/Robomech_HR/Eglantyne/simulation/install/champ_msgs:/home/hibiki/Robomech_HR/Eglantyne/simulation/install/champ_description:/home/hibiki/Robomech_HR/Eglantyne/simulation/install/champ_config:/home/hibiki/Robomech_HR/Eglantyne/simulation/install/ros2_control_demo_testing:/opt/ros/humble:/home/hibiki/Robomech_HR/Eglantyne/simulation/install/champ:/home/hibiki/Robomech_HR/Eglantyne/microros/ros2_pub_test/install/vel_pub LD_LIBRARY_PATH=/home/hibiki/Robomech_HR/Eglantyne/simulation/install/ros2_control_demo_example_9/lib:/home/hibiki/Robomech_HR/Eglantyne/simulation/install/ros2_control_demo_example_8/lib:/home/hibiki/Robomech_HR/Eglantyne/simulation/install/ros2_control_demo_example_7/lib:/home/hibiki/Robomech_HR/Eglantyne/simulation/install/ros2_control_demo_example_6/lib:/home/hibiki/Robomech_HR/Eglantyne/simulation/install/ros2_control_demo_example_5/lib:/home/hibiki/Robomech_HR/Eglantyne/simulation/install/ros2_control_demo_example_4/lib:/home/hibiki/Robomech_HR/Eglantyne/simulation/install/ros2_control_demo_example_3/lib:/home/hibiki/Robomech_HR/Eglantyne/simulation/install/ros2_control_demo_example_2/lib:/home/hibiki/Robomech_HR/Eglantyne/simulation/install/ros2_control_demo_example_14/lib:/home/hibiki/Robomech_HR/Eglantyne/simulation/install/ros2_control_demo_example_12/lib:/home/hibiki/Robomech_HR/Eglantyne/simulation/install/ros2_control_demo_example_11/lib:/home/hibiki/Robomech_HR/Eglantyne/simulation/install/ros2_control_demo_example_10/lib:/home/hibiki/Robomech_HR/Eglantyne/simulation/install/ros2_control_demo_example_1/lib:/home/hibiki/Robomech_HR/Eglantyne/simulation/install/simple_sim/lib:/home/hibiki/Robomech_HR/Eglantyne/simulation/install/champ_base/lib:/home/hibiki/Robomech_HR/Eglantyne/simulation/install/champ_msgs/lib:/opt/ros/humble/opt/rviz_ogre_vendor/lib:/opt/ros/humble/lib/x86_64-linux-gnu:/opt/ros/humble/lib:/usr/lib/x86_64-linux-gnu/gazebo-11/plugins /usr/bin/cmake --build /home/hibiki/Robomech_HR/Eglantyne/simulation/build/ros2_control_demos -- -j16 -l16
[1.344s] Level 1:colcon.colcon_core.environment:create_environment_scripts_only(champ_gazebo)
[1.345s] Level 1:colcon.colcon_core.environment:checking '/home/hibiki/Robomech_HR/Eglantyne/simulation/install/champ_gazebo' for CMake module files
[1.345s] Level 1:colcon.colcon_core.environment:checking '/home/hibiki/Robomech_HR/Eglantyne/simulation/install/champ_gazebo' for CMake config files
[1.346s] Level 1:colcon.colcon_core.shell:create_environment_hook('champ_gazebo', 'cmake_prefix_path')
[1.346s] INFO:colcon.colcon_core.shell:Creating environment hook '/home/hibiki/Robomech_HR/Eglantyne/simulation/install/champ_gazebo/share/champ_gazebo/hook/cmake_prefix_path.ps1'
[1.346s] INFO:colcon.colcon_core.shell:Creating environment descriptor '/home/hibiki/Robomech_HR/Eglantyne/simulation/install/champ_gazebo/share/champ_gazebo/hook/cmake_prefix_path.dsv'
[1.347s] INFO:colcon.colcon_core.shell:Creating environment hook '/home/hibiki/Robomech_HR/Eglantyne/simulation/install/champ_gazebo/share/champ_gazebo/hook/cmake_prefix_path.sh'
[1.347s] Level 1:colcon.colcon_core.environment:checking '/home/hibiki/Robomech_HR/Eglantyne/simulation/install/champ_gazebo/lib'
[1.347s] Level 1:colcon.colcon_core.environment:checking '/home/hibiki/Robomech_HR/Eglantyne/simulation/install/champ_gazebo/bin'
[1.347s] Level 1:colcon.colcon_core.shell:create_environment_hook('champ_gazebo', 'path')
[1.347s] INFO:colcon.colcon_core.shell:Creating environment hook '/home/hibiki/Robomech_HR/Eglantyne/simulation/install/champ_gazebo/share/champ_gazebo/hook/path.ps1'
[1.348s] INFO:colcon.colcon_core.shell:Creating environment descriptor '/home/hibiki/Robomech_HR/Eglantyne/simulation/install/champ_gazebo/share/champ_gazebo/hook/path.dsv'
[1.348s] INFO:colcon.colcon_core.shell:Creating environment hook '/home/hibiki/Robomech_HR/Eglantyne/simulation/install/champ_gazebo/share/champ_gazebo/hook/path.sh'
[1.348s] Level 1:colcon.colcon_core.environment:checking '/home/hibiki/Robomech_HR/Eglantyne/simulation/install/champ_gazebo/lib/pkgconfig/champ_gazebo.pc'
[1.349s] Level 1:colcon.colcon_core.environment:checking '/home/hibiki/Robomech_HR/Eglantyne/simulation/install/champ_gazebo/lib/python3.10/site-packages'
[1.349s] Level 1:colcon.colcon_core.environment:checking '/home/hibiki/Robomech_HR/Eglantyne/simulation/install/champ_gazebo/bin'
[1.349s] Level 1:colcon.colcon_core.shell:create_environment_hook('champ_gazebo', 'pythonscriptspath')
[1.349s] INFO:colcon.colcon_core.shell:Creating environment hook '/home/hibiki/Robomech_HR/Eglantyne/simulation/install/champ_gazebo/share/champ_gazebo/hook/pythonscriptspath.ps1'
[1.350s] INFO:colcon.colcon_core.shell:Creating environment descriptor '/home/hibiki/Robomech_HR/Eglantyne/simulation/install/champ_gazebo/share/champ_gazebo/hook/pythonscriptspath.dsv'
[1.350s] INFO:colcon.colcon_core.shell:Creating environment hook '/home/hibiki/Robomech_HR/Eglantyne/simulation/install/champ_gazebo/share/champ_gazebo/hook/pythonscriptspath.sh'
[1.350s] INFO:colcon.colcon_core.shell:Creating package script '/home/hibiki/Robomech_HR/Eglantyne/simulation/install/champ_gazebo/share/champ_gazebo/package.ps1'
[1.351s] INFO:colcon.colcon_core.shell:Creating package descriptor '/home/hibiki/Robomech_HR/Eglantyne/simulation/install/champ_gazebo/share/champ_gazebo/package.dsv'
[1.352s] INFO:colcon.colcon_core.shell:Creating package script '/home/hibiki/Robomech_HR/Eglantyne/simulation/install/champ_gazebo/share/champ_gazebo/package.sh'
[1.352s] INFO:colcon.colcon_core.shell:Creating package script '/home/hibiki/Robomech_HR/Eglantyne/simulation/install/champ_gazebo/share/champ_gazebo/package.bash'
[1.352s] INFO:colcon.colcon_core.shell:Creating package script '/home/hibiki/Robomech_HR/Eglantyne/simulation/install/champ_gazebo/share/champ_gazebo/package.zsh'
[1.353s] Level 1:colcon.colcon_core.environment:create_file_with_runtime_dependencies(/home/hibiki/Robomech_HR/Eglantyne/simulation/install/champ_gazebo/share/colcon-core/packages/champ_gazebo)
[1.359s] DEBUG:colcon.colcon_core.event_handler.log_command:Invoked command in '/home/hibiki/Robomech_HR/Eglantyne/simulation/build/ros2_control_demos' returned '0': CMAKE_PREFIX_PATH=/home/hibiki/Robomech_HR/Eglantyne/simulation/install/ros2_control_demo_example_15:/home/hibiki/Robomech_HR/Eglantyne/simulation/install/ros2_control_demo_example_9:/home/hibiki/Robomech_HR/Eglantyne/simulation/install/ros2_control_demo_example_8:/home/hibiki/Robomech_HR/Eglantyne/simulation/install/ros2_control_demo_example_7:/home/hibiki/Robomech_HR/Eglantyne/simulation/install/ros2_control_demo_example_6:/home/hibiki/Robomech_HR/Eglantyne/simulation/install/ros2_control_demo_example_5:/home/hibiki/Robomech_HR/Eglantyne/simulation/install/ros2_control_demo_example_4:/home/hibiki/Robomech_HR/Eglantyne/simulation/install/ros2_control_demo_example_3:/home/hibiki/Robomech_HR/Eglantyne/simulation/install/ros2_control_demo_example_2:/home/hibiki/Robomech_HR/Eglantyne/simulation/install/ros2_control_demo_example_14:/home/hibiki/Robomech_HR/Eglantyne/simulation/install/ros2_control_demo_example_12:/home/hibiki/Robomech_HR/Eglantyne/simulation/install/ros2_control_demo_example_11:/home/hibiki/Robomech_HR/Eglantyne/simulation/install/ros2_control_demo_example_10:/home/hibiki/Robomech_HR/Eglantyne/simulation/install/ros2_control_demo_example_1:/home/hibiki/Robomech_HR/Eglantyne/simulation/install/ros2_control_demo_description:/home/hibiki/Robomech_HR/Eglantyne/simulation/install/simple_sim:/home/hibiki/Robomech_HR/Eglantyne/simulation/install/ros2_control_demos:/home/hibiki/Robomech_HR/Eglantyne/simulation/install/gazebo_ros2_control_demos:/home/hibiki/Robomech_HR/Eglantyne/simulation/install/champ_teleop:/home/hibiki/Robomech_HR/Eglantyne/simulation/install/champ_navigation:/home/hibiki/Robomech_HR/Eglantyne/simulation/install/champ_gazebo:/home/hibiki/Robomech_HR/Eglantyne/simulation/install/champ_bringup:/home/hibiki/Robomech_HR/Eglantyne/simulation/install/champ_base:/home/hibiki/Robomech_HR/Eglantyne/simulation/install/champ_msgs:/home/hibiki/Robomech_HR/Eglantyne/simulation/install/champ_description:/home/hibiki/Robomech_HR/Eglantyne/simulation/install/champ_config:/home/hibiki/Robomech_HR/Eglantyne/simulation/install/ros2_control_demo_testing:/opt/ros/humble:/home/hibiki/Robomech_HR/Eglantyne/simulation/install/champ:/home/hibiki/Robomech_HR/Eglantyne/microros/ros2_pub_test/install/vel_pub LD_LIBRARY_PATH=/home/hibiki/Robomech_HR/Eglantyne/simulation/install/ros2_control_demo_example_9/lib:/home/hibiki/Robomech_HR/Eglantyne/simulation/install/ros2_control_demo_example_8/lib:/home/hibiki/Robomech_HR/Eglantyne/simulation/install/ros2_control_demo_example_7/lib:/home/hibiki/Robomech_HR/Eglantyne/simulation/install/ros2_control_demo_example_6/lib:/home/hibiki/Robomech_HR/Eglantyne/simulation/install/ros2_control_demo_example_5/lib:/home/hibiki/Robomech_HR/Eglantyne/simulation/install/ros2_control_demo_example_4/lib:/home/hibiki/Robomech_HR/Eglantyne/simulation/install/ros2_control_demo_example_3/lib:/home/hibiki/Robomech_HR/Eglantyne/simulation/install/ros2_control_demo_example_2/lib:/home/hibiki/Robomech_HR/Eglantyne/simulation/install/ros2_control_demo_example_14/lib:/home/hibiki/Robomech_HR/Eglantyne/simulation/install/ros2_control_demo_example_12/lib:/home/hibiki/Robomech_HR/Eglantyne/simulation/install/ros2_control_demo_example_11/lib:/home/hibiki/Robomech_HR/Eglantyne/simulation/install/ros2_control_demo_example_10/lib:/home/hibiki/Robomech_HR/Eglantyne/simulation/install/ros2_control_demo_example_1/lib:/home/hibiki/Robomech_HR/Eglantyne/simulation/install/simple_sim/lib:/home/hibiki/Robomech_HR/Eglantyne/simulation/install/champ_base/lib:/home/hibiki/Robomech_HR/Eglantyne/simulation/install/champ_msgs/lib:/opt/ros/humble/opt/rviz_ogre_vendor/lib:/opt/ros/humble/lib/x86_64-linux-gnu:/opt/ros/humble/lib:/usr/lib/x86_64-linux-gnu/gazebo-11/plugins /usr/bin/cmake --build /home/hibiki/Robomech_HR/Eglantyne/simulation/build/ros2_control_demos -- -j16 -l16
[1.373s] Level 1:colcon.colcon_core.environment:create_environment_scripts_only(champ_base)
[1.373s] Level 1:colcon.colcon_core.environment:checking '/home/hibiki/Robomech_HR/Eglantyne/simulation/install/champ_base' for CMake module files
[1.374s] Level 1:colcon.colcon_core.environment:checking '/home/hibiki/Robomech_HR/Eglantyne/simulation/install/champ_base' for CMake config files
[1.374s] Level 1:colcon.colcon_core.shell:create_environment_hook('champ_base', 'cmake_prefix_path')
[1.374s] INFO:colcon.colcon_core.shell:Creating environment hook '/home/hibiki/Robomech_HR/Eglantyne/simulation/install/champ_base/share/champ_base/hook/cmake_prefix_path.ps1'
[1.375s] INFO:colcon.colcon_core.shell:Creating environment descriptor '/home/hibiki/Robomech_HR/Eglantyne/simulation/install/champ_base/share/champ_base/hook/cmake_prefix_path.dsv'
[1.375s] INFO:colcon.colcon_core.shell:Creating environment hook '/home/hibiki/Robomech_HR/Eglantyne/simulation/install/champ_base/share/champ_base/hook/cmake_prefix_path.sh'
[1.376s] Level 1:colcon.colcon_core.environment:checking '/home/hibiki/Robomech_HR/Eglantyne/simulation/install/champ_base/lib'
[1.376s] Level 1:colcon.colcon_core.shell:create_environment_hook('champ_base', 'ld_library_path_lib')
[1.376s] INFO:colcon.colcon_core.shell:Creating environment hook '/home/hibiki/Robomech_HR/Eglantyne/simulation/install/champ_base/share/champ_base/hook/ld_library_path_lib.ps1'
[1.376s] INFO:colcon.colcon_core.shell:Creating environment descriptor '/home/hibiki/Robomech_HR/Eglantyne/simulation/install/champ_base/share/champ_base/hook/ld_library_path_lib.dsv'
[1.377s] INFO:colcon.colcon_core.shell:Creating environment hook '/home/hibiki/Robomech_HR/Eglantyne/simulation/install/champ_base/share/champ_base/hook/ld_library_path_lib.sh'
[1.377s] Level 1:colcon.colcon_core.environment:checking '/home/hibiki/Robomech_HR/Eglantyne/simulation/install/champ_base/bin'
[1.377s] Level 1:colcon.colcon_core.shell:create_environment_hook('champ_base', 'path')
[1.377s] INFO:colcon.colcon_core.shell:Creating environment hook '/home/hibiki/Robomech_HR/Eglantyne/simulation/install/champ_base/share/champ_base/hook/path.ps1'
[1.377s] INFO:colcon.colcon_core.shell:Creating environment descriptor '/home/hibiki/Robomech_HR/Eglantyne/simulation/install/champ_base/share/champ_base/hook/path.dsv'
[1.378s] INFO:colcon.colcon_core.shell:Creating environment hook '/home/hibiki/Robomech_HR/Eglantyne/simulation/install/champ_base/share/champ_base/hook/path.sh'
[1.378s] Level 1:colcon.colcon_core.environment:checking '/home/hibiki/Robomech_HR/Eglantyne/simulation/install/champ_base/lib/pkgconfig/champ_base.pc'
[1.378s] Level 1:colcon.colcon_core.environment:checking '/home/hibiki/Robomech_HR/Eglantyne/simulation/install/champ_base/lib/python3.10/site-packages'
[1.378s] Level 1:colcon.colcon_core.environment:checking '/home/hibiki/Robomech_HR/Eglantyne/simulation/install/champ_base/bin'
[1.378s] Level 1:colcon.colcon_core.shell:create_environment_hook('champ_base', 'pythonscriptspath')
[1.378s] INFO:colcon.colcon_core.shell:Creating environment hook '/home/hibiki/Robomech_HR/Eglantyne/simulation/install/champ_base/share/champ_base/hook/pythonscriptspath.ps1'
[1.378s] INFO:colcon.colcon_core.shell:Creating environment descriptor '/home/hibiki/Robomech_HR/Eglantyne/simulation/install/champ_base/share/champ_base/hook/pythonscriptspath.dsv'
[1.379s] INFO:colcon.colcon_core.shell:Creating environment hook '/home/hibiki/Robomech_HR/Eglantyne/simulation/install/champ_base/share/champ_base/hook/pythonscriptspath.sh'
[1.379s] INFO:colcon.colcon_core.shell:Creating package script '/home/hibiki/Robomech_HR/Eglantyne/simulation/install/champ_base/share/champ_base/package.ps1'
[1.379s] INFO:colcon.colcon_core.shell:Creating package descriptor '/home/hibiki/Robomech_HR/Eglantyne/simulation/install/champ_base/share/champ_base/package.dsv'
[1.380s] INFO:colcon.colcon_core.shell:Creating package script '/home/hibiki/Robomech_HR/Eglantyne/simulation/install/champ_base/share/champ_base/package.sh'
[1.380s] INFO:colcon.colcon_core.shell:Creating package script '/home/hibiki/Robomech_HR/Eglantyne/simulation/install/champ_base/share/champ_base/package.bash'
[1.380s] INFO:colcon.colcon_core.shell:Creating package script '/home/hibiki/Robomech_HR/Eglantyne/simulation/install/champ_base/share/champ_base/package.zsh'
[1.380s] Level 1:colcon.colcon_core.environment:create_file_with_runtime_dependencies(/home/hibiki/Robomech_HR/Eglantyne/simulation/install/champ_base/share/colcon-core/packages/champ_base)
[1.381s] INFO:colcon.colcon_ros.task.ament_cmake.build:Building ROS package in '/home/hibiki/Robomech_HR/Eglantyne/simulation/src/champ/champ_bringup' with build type 'ament_cmake'
[1.381s] INFO:colcon.colcon_cmake.task.cmake.build:Building CMake package in '/home/hibiki/Robomech_HR/Eglantyne/simulation/src/champ/champ_bringup'
[1.381s] INFO:colcon.colcon_core.shell:Skip shell extension 'powershell' for command environment: Not usable outside of PowerShell
[1.381s] DEBUG:colcon.colcon_core.shell:Skip shell extension 'dsv' for command environment
[1.386s] DEBUG:colcon.colcon_core.event_handler.log_command:Invoking command in '/home/hibiki/Robomech_HR/Eglantyne/simulation/build/ros2_control_demos': CMAKE_PREFIX_PATH=/home/hibiki/Robomech_HR/Eglantyne/simulation/install/ros2_control_demo_example_15:/home/hibiki/Robomech_HR/Eglantyne/simulation/install/ros2_control_demo_example_9:/home/hibiki/Robomech_HR/Eglantyne/simulation/install/ros2_control_demo_example_8:/home/hibiki/Robomech_HR/Eglantyne/simulation/install/ros2_control_demo_example_7:/home/hibiki/Robomech_HR/Eglantyne/simulation/install/ros2_control_demo_example_6:/home/hibiki/Robomech_HR/Eglantyne/simulation/install/ros2_control_demo_example_5:/home/hibiki/Robomech_HR/Eglantyne/simulation/install/ros2_control_demo_example_4:/home/hibiki/Robomech_HR/Eglantyne/simulation/install/ros2_control_demo_example_3:/home/hibiki/Robomech_HR/Eglantyne/simulation/install/ros2_control_demo_example_2:/home/hibiki/Robomech_HR/Eglantyne/simulation/install/ros2_control_demo_example_14:/home/hibiki/Robomech_HR/Eglantyne/simulation/install/ros2_control_demo_example_12:/home/hibiki/Robomech_HR/Eglantyne/simulation/install/ros2_control_demo_example_11:/home/hibiki/Robomech_HR/Eglantyne/simulation/install/ros2_control_demo_example_10:/home/hibiki/Robomech_HR/Eglantyne/simulation/install/ros2_control_demo_example_1:/home/hibiki/Robomech_HR/Eglantyne/simulation/install/ros2_control_demo_description:/home/hibiki/Robomech_HR/Eglantyne/simulation/install/simple_sim:/home/hibiki/Robomech_HR/Eglantyne/simulation/install/ros2_control_demos:/home/hibiki/Robomech_HR/Eglantyne/simulation/install/gazebo_ros2_control_demos:/home/hibiki/Robomech_HR/Eglantyne/simulation/install/champ_teleop:/home/hibiki/Robomech_HR/Eglantyne/simulation/install/champ_navigation:/home/hibiki/Robomech_HR/Eglantyne/simulation/install/champ_gazebo:/home/hibiki/Robomech_HR/Eglantyne/simulation/install/champ_bringup:/home/hibiki/Robomech_HR/Eglantyne/simulation/install/champ_base:/home/hibiki/Robomech_HR/Eglantyne/simulation/install/champ_msgs:/home/hibiki/Robomech_HR/Eglantyne/simulation/install/champ_description:/home/hibiki/Robomech_HR/Eglantyne/simulation/install/champ_config:/home/hibiki/Robomech_HR/Eglantyne/simulation/install/ros2_control_demo_testing:/opt/ros/humble:/home/hibiki/Robomech_HR/Eglantyne/simulation/install/champ:/home/hibiki/Robomech_HR/Eglantyne/microros/ros2_pub_test/install/vel_pub LD_LIBRARY_PATH=/home/hibiki/Robomech_HR/Eglantyne/simulation/install/ros2_control_demo_example_9/lib:/home/hibiki/Robomech_HR/Eglantyne/simulation/install/ros2_control_demo_example_8/lib:/home/hibiki/Robomech_HR/Eglantyne/simulation/install/ros2_control_demo_example_7/lib:/home/hibiki/Robomech_HR/Eglantyne/simulation/install/ros2_control_demo_example_6/lib:/home/hibiki/Robomech_HR/Eglantyne/simulation/install/ros2_control_demo_example_5/lib:/home/hibiki/Robomech_HR/Eglantyne/simulation/install/ros2_control_demo_example_4/lib:/home/hibiki/Robomech_HR/Eglantyne/simulation/install/ros2_control_demo_example_3/lib:/home/hibiki/Robomech_HR/Eglantyne/simulation/install/ros2_control_demo_example_2/lib:/home/hibiki/Robomech_HR/Eglantyne/simulation/install/ros2_control_demo_example_14/lib:/home/hibiki/Robomech_HR/Eglantyne/simulation/install/ros2_control_demo_example_12/lib:/home/hibiki/Robomech_HR/Eglantyne/simulation/install/ros2_control_demo_example_11/lib:/home/hibiki/Robomech_HR/Eglantyne/simulation/install/ros2_control_demo_example_10/lib:/home/hibiki/Robomech_HR/Eglantyne/simulation/install/ros2_control_demo_example_1/lib:/home/hibiki/Robomech_HR/Eglantyne/simulation/install/simple_sim/lib:/home/hibiki/Robomech_HR/Eglantyne/simulation/install/champ_base/lib:/home/hibiki/Robomech_HR/Eglantyne/simulation/install/champ_msgs/lib:/opt/ros/humble/opt/rviz_ogre_vendor/lib:/opt/ros/humble/lib/x86_64-linux-gnu:/opt/ros/humble/lib:/usr/lib/x86_64-linux-gnu/gazebo-11/plugins /usr/bin/cmake --install /home/hibiki/Robomech_HR/Eglantyne/simulation/build/ros2_control_demos
[1.390s] Level 1:colcon.colcon_core.environment:create_environment_scripts_only(ros2_control_demos)
[1.390s] Level 1:colcon.colcon_core.environment:checking '/home/hibiki/Robomech_HR/Eglantyne/simulation/install/ros2_control_demos' for CMake module files
[1.390s] DEBUG:colcon.colcon_core.event_handler.log_command:Invoked command in '/home/hibiki/Robomech_HR/Eglantyne/simulation/build/ros2_control_demos' returned '0': CMAKE_PREFIX_PATH=/home/hibiki/Robomech_HR/Eglantyne/simulation/install/ros2_control_demo_example_15:/home/hibiki/Robomech_HR/Eglantyne/simulation/install/ros2_control_demo_example_9:/home/hibiki/Robomech_HR/Eglantyne/simulation/install/ros2_control_demo_example_8:/home/hibiki/Robomech_HR/Eglantyne/simulation/install/ros2_control_demo_example_7:/home/hibiki/Robomech_HR/Eglantyne/simulation/install/ros2_control_demo_example_6:/home/hibiki/Robomech_HR/Eglantyne/simulation/install/ros2_control_demo_example_5:/home/hibiki/Robomech_HR/Eglantyne/simulation/install/ros2_control_demo_example_4:/home/hibiki/Robomech_HR/Eglantyne/simulation/install/ros2_control_demo_example_3:/home/hibiki/Robomech_HR/Eglantyne/simulation/install/ros2_control_demo_example_2:/home/hibiki/Robomech_HR/Eglantyne/simulation/install/ros2_control_demo_example_14:/home/hibiki/Robomech_HR/Eglantyne/simulation/install/ros2_control_demo_example_12:/home/hibiki/Robomech_HR/Eglantyne/simulation/install/ros2_control_demo_example_11:/home/hibiki/Robomech_HR/Eglantyne/simulation/install/ros2_control_demo_example_10:/home/hibiki/Robomech_HR/Eglantyne/simulation/install/ros2_control_demo_example_1:/home/hibiki/Robomech_HR/Eglantyne/simulation/install/ros2_control_demo_description:/home/hibiki/Robomech_HR/Eglantyne/simulation/install/simple_sim:/home/hibiki/Robomech_HR/Eglantyne/simulation/install/ros2_control_demos:/home/hibiki/Robomech_HR/Eglantyne/simulation/install/gazebo_ros2_control_demos:/home/hibiki/Robomech_HR/Eglantyne/simulation/install/champ_teleop:/home/hibiki/Robomech_HR/Eglantyne/simulation/install/champ_navigation:/home/hibiki/Robomech_HR/Eglantyne/simulation/install/champ_gazebo:/home/hibiki/Robomech_HR/Eglantyne/simulation/install/champ_bringup:/home/hibiki/Robomech_HR/Eglantyne/simulation/install/champ_base:/home/hibiki/Robomech_HR/Eglantyne/simulation/install/champ_msgs:/home/hibiki/Robomech_HR/Eglantyne/simulation/install/champ_description:/home/hibiki/Robomech_HR/Eglantyne/simulation/install/champ_config:/home/hibiki/Robomech_HR/Eglantyne/simulation/install/ros2_control_demo_testing:/opt/ros/humble:/home/hibiki/Robomech_HR/Eglantyne/simulation/install/champ:/home/hibiki/Robomech_HR/Eglantyne/microros/ros2_pub_test/install/vel_pub LD_LIBRARY_PATH=/home/hibiki/Robomech_HR/Eglantyne/simulation/install/ros2_control_demo_example_9/lib:/home/hibiki/Robomech_HR/Eglantyne/simulation/install/ros2_control_demo_example_8/lib:/home/hibiki/Robomech_HR/Eglantyne/simulation/install/ros2_control_demo_example_7/lib:/home/hibiki/Robomech_HR/Eglantyne/simulation/install/ros2_control_demo_example_6/lib:/home/hibiki/Robomech_HR/Eglantyne/simulation/install/ros2_control_demo_example_5/lib:/home/hibiki/Robomech_HR/Eglantyne/simulation/install/ros2_control_demo_example_4/lib:/home/hibiki/Robomech_HR/Eglantyne/simulation/install/ros2_control_demo_example_3/lib:/home/hibiki/Robomech_HR/Eglantyne/simulation/install/ros2_control_demo_example_2/lib:/home/hibiki/Robomech_HR/Eglantyne/simulation/install/ros2_control_demo_example_14/lib:/home/hibiki/Robomech_HR/Eglantyne/simulation/install/ros2_control_demo_example_12/lib:/home/hibiki/Robomech_HR/Eglantyne/simulation/install/ros2_control_demo_example_11/lib:/home/hibiki/Robomech_HR/Eglantyne/simulation/install/ros2_control_demo_example_10/lib:/home/hibiki/Robomech_HR/Eglantyne/simulation/install/ros2_control_demo_example_1/lib:/home/hibiki/Robomech_HR/Eglantyne/simulation/install/simple_sim/lib:/home/hibiki/Robomech_HR/Eglantyne/simulation/install/champ_base/lib:/home/hibiki/Robomech_HR/Eglantyne/simulation/install/champ_msgs/lib:/opt/ros/humble/opt/rviz_ogre_vendor/lib:/opt/ros/humble/lib/x86_64-linux-gnu:/opt/ros/humble/lib:/usr/lib/x86_64-linux-gnu/gazebo-11/plugins /usr/bin/cmake --install /home/hibiki/Robomech_HR/Eglantyne/simulation/build/ros2_control_demos
[1.390s] Level 1:colcon.colcon_core.environment:checking '/home/hibiki/Robomech_HR/Eglantyne/simulation/install/ros2_control_demos' for CMake config files
[1.390s] Level 1:colcon.colcon_core.shell:create_environment_hook('ros2_control_demos', 'cmake_prefix_path')
[1.391s] INFO:colcon.colcon_core.shell:Creating environment hook '/home/hibiki/Robomech_HR/Eglantyne/simulation/install/ros2_control_demos/share/ros2_control_demos/hook/cmake_prefix_path.ps1'
[1.391s] INFO:colcon.colcon_core.shell:Creating environment descriptor '/home/hibiki/Robomech_HR/Eglantyne/simulation/install/ros2_control_demos/share/ros2_control_demos/hook/cmake_prefix_path.dsv'
[1.391s] INFO:colcon.colcon_core.shell:Creating environment hook '/home/hibiki/Robomech_HR/Eglantyne/simulation/install/ros2_control_demos/share/ros2_control_demos/hook/cmake_prefix_path.sh'
[1.391s] Level 1:colcon.colcon_core.environment:checking '/home/hibiki/Robomech_HR/Eglantyne/simulation/install/ros2_control_demos/bin'
[1.391s] Level 1:colcon.colcon_core.environment:checking '/home/hibiki/Robomech_HR/Eglantyne/simulation/install/ros2_control_demos/lib/pkgconfig/ros2_control_demos.pc'
[1.392s] Level 1:colcon.colcon_core.environment:checking '/home/hibiki/Robomech_HR/Eglantyne/simulation/install/ros2_control_demos/lib/python3.10/site-packages'
[1.392s] Level 1:colcon.colcon_core.environment:checking '/home/hibiki/Robomech_HR/Eglantyne/simulation/install/ros2_control_demos/bin'
[1.392s] INFO:colcon.colcon_core.shell:Creating package script '/home/hibiki/Robomech_HR/Eglantyne/simulation/install/ros2_control_demos/share/ros2_control_demos/package.ps1'
[1.392s] INFO:colcon.colcon_core.shell:Creating package descriptor '/home/hibiki/Robomech_HR/Eglantyne/simulation/install/ros2_control_demos/share/ros2_control_demos/package.dsv'
[1.392s] INFO:colcon.colcon_core.shell:Creating package script '/home/hibiki/Robomech_HR/Eglantyne/simulation/install/ros2_control_demos/share/ros2_control_demos/package.sh'
[1.393s] INFO:colcon.colcon_core.shell:Creating package script '/home/hibiki/Robomech_HR/Eglantyne/simulation/install/ros2_control_demos/share/ros2_control_demos/package.bash'
[1.393s] INFO:colcon.colcon_core.shell:Creating package script '/home/hibiki/Robomech_HR/Eglantyne/simulation/install/ros2_control_demos/share/ros2_control_demos/package.zsh'
[1.393s] Level 1:colcon.colcon_core.environment:create_file_with_runtime_dependencies(/home/hibiki/Robomech_HR/Eglantyne/simulation/install/ros2_control_demos/share/colcon-core/packages/ros2_control_demos)
[1.396s] DEBUG:colcon.colcon_core.event_handler.log_command:Invoking command in '/home/hibiki/Robomech_HR/Eglantyne/simulation/build/champ_bringup': CMAKE_PREFIX_PATH=/home/hibiki/Robomech_HR/Eglantyne/simulation/install/champ_base:/home/hibiki/Robomech_HR/Eglantyne/simulation/install/champ_msgs:/home/hibiki/Robomech_HR/Eglantyne/simulation/install/champ_description:/home/hibiki/Robomech_HR/Eglantyne/simulation/install/ros2_control_demo_testing:/opt/ros/humble:/home/hibiki/Robomech_HR/Eglantyne/simulation/install/champ:/home/hibiki/Robomech_HR/Eglantyne/simulation/install/simple_sim:/home/hibiki/Robomech_HR/Eglantyne/simulation/install/ros2_control_demos:/home/hibiki/Robomech_HR/Eglantyne/simulation/install/ros2_control_demo_example_9:/home/hibiki/Robomech_HR/Eglantyne/simulation/install/ros2_control_demo_example_8:/home/hibiki/Robomech_HR/Eglantyne/simulation/install/ros2_control_demo_example_7:/home/hibiki/Robomech_HR/Eglantyne/simulation/install/ros2_control_demo_example_6:/home/hibiki/Robomech_HR/Eglantyne/simulation/install/ros2_control_demo_example_15:/home/hibiki/Robomech_HR/Eglantyne/simulation/install/ros2_control_demo_example_5:/home/hibiki/Robomech_HR/Eglantyne/simulation/install/ros2_control_demo_example_4:/home/hibiki/Robomech_HR/Eglantyne/simulation/install/ros2_control_demo_example_3:/home/hibiki/Robomech_HR/Eglantyne/simulation/install/ros2_control_demo_example_2:/home/hibiki/Robomech_HR/Eglantyne/simulation/install/ros2_control_demo_example_14:/home/hibiki/Robomech_HR/Eglantyne/simulation/install/ros2_control_demo_example_12:/home/hibiki/Robomech_HR/Eglantyne/simulation/install/ros2_control_demo_example_11:/home/hibiki/Robomech_HR/Eglantyne/simulation/install/ros2_control_demo_example_10:/home/hibiki/Robomech_HR/Eglantyne/simulation/install/ros2_control_demo_example_1:/home/hibiki/Robomech_HR/Eglantyne/simulation/install/ros2_control_demo_description:/home/hibiki/Robomech_HR/Eglantyne/simulation/install/gazebo_ros2_control_demos:/home/hibiki/Robomech_HR/Eglantyne/simulation/install/champ_teleop:/home/hibiki/Robomech_HR/Eglantyne/simulation/install/champ_navigation:/home/hibiki/Robomech_HR/Eglantyne/simulation/install/champ_gazebo:/home/hibiki/Robomech_HR/Eglantyne/simulation/install/champ_bringup:/home/hibiki/Robomech_HR/Eglantyne/simulation/install/champ_config:/home/hibiki/Robomech_HR/Eglantyne/microros/ros2_pub_test/install/vel_pub LD_LIBRARY_PATH=/home/hibiki/Robomech_HR/Eglantyne/simulation/install/champ_base/lib:/home/hibiki/Robomech_HR/Eglantyne/simulation/install/champ_msgs/lib:/home/hibiki/Robomech_HR/Eglantyne/simulation/install/simple_sim/lib:/home/hibiki/Robomech_HR/Eglantyne/simulation/install/ros2_control_demo_example_9/lib:/home/hibiki/Robomech_HR/Eglantyne/simulation/install/ros2_control_demo_example_8/lib:/home/hibiki/Robomech_HR/Eglantyne/simulation/install/ros2_control_demo_example_7/lib:/home/hibiki/Robomech_HR/Eglantyne/simulation/install/ros2_control_demo_example_6/lib:/home/hibiki/Robomech_HR/Eglantyne/simulation/install/ros2_control_demo_example_5/lib:/home/hibiki/Robomech_HR/Eglantyne/simulation/install/ros2_control_demo_example_4/lib:/home/hibiki/Robomech_HR/Eglantyne/simulation/install/ros2_control_demo_example_3/lib:/home/hibiki/Robomech_HR/Eglantyne/simulation/install/ros2_control_demo_example_2/lib:/home/hibiki/Robomech_HR/Eglantyne/simulation/install/ros2_control_demo_example_14/lib:/home/hibiki/Robomech_HR/Eglantyne/simulation/install/ros2_control_demo_example_12/lib:/home/hibiki/Robomech_HR/Eglantyne/simulation/install/ros2_control_demo_example_11/lib:/home/hibiki/Robomech_HR/Eglantyne/simulation/install/ros2_control_demo_example_10/lib:/home/hibiki/Robomech_HR/Eglantyne/simulation/install/ros2_control_demo_example_1/lib:/opt/ros/humble/opt/rviz_ogre_vendor/lib:/opt/ros/humble/lib/x86_64-linux-gnu:/opt/ros/humble/lib:/usr/lib/x86_64-linux-gnu/gazebo-11/plugins PATH=/home/hibiki/Robomech_HR/Eglantyne/simulation/install/champ_base/bin:/home/hibiki/Robomech_HR/Eglantyne/simulation/install/champ_gazebo/bin:/opt/ros/humble/bin:/home/hibiki/esp/esp-idf/components/espcoredump:/home/hibiki/esp/esp-idf/components/partition_table:/home/hibiki/esp/esp-idf/components/app_update:/home/hibiki/.espressif/tools/xtensa-esp-elf-gdb/14.2_20240403/xtensa-esp-elf-gdb/bin:/home/hibiki/.espressif/tools/riscv32-esp-elf-gdb/14.2_20240403/riscv32-esp-elf-gdb/bin:/home/hibiki/.espressif/tools/xtensa-esp-elf/esp-13.2.0_20240305/xtensa-esp-elf/bin:/home/hibiki/.espressif/tools/riscv32-esp-elf/esp-13.2.0_20240305/riscv32-esp-elf/bin:/home/hibiki/.espressif/tools/esp32ulp-elf/2.38_20240113/esp32ulp-elf/bin:/home/hibiki/.espressif/tools/openocd-esp32/v0.12.0-esp32-20240318/openocd-esp32/bin:/home/hibiki/.espressif/tools/xtensa-esp-elf-gdb/14.2_20240403/xtensa-esp-elf-gdb/bin:/home/hibiki/.espressif/tools/riscv32-esp-elf-gdb/14.2_20240403/riscv32-esp-elf-gdb/bin:/home/hibiki/.espressif/tools/xtensa-esp-elf/esp-13.2.0_20240305/xtensa-esp-elf/bin:/home/hibiki/.espressif/tools/riscv32-esp-elf/esp-13.2.0_20240305/riscv32-esp-elf/bin:/home/hibiki/.espressif/tools/esp32ulp-elf/2.38_20240113/esp32ulp-elf/bin:/home/hibiki/.espressif/tools/openocd-esp32/v0.12.0-esp32-20240318/openocd-esp32/bin:/home/hibiki/.espressif/python_env/idf5.4_py3.10_env/bin:/home/hibiki/esp/esp-idf/tools:/usr/bin/:/home/hibiki/.local/bin:/usr/local/sbin:/usr/local/bin:/usr/sbin:/usr/bin:/sbin:/bin:/usr/games:/usr/local/games:/snap/bin:/snap/bin:/usr/lib/jvm/java-17-openjdk-amd64/bin PYTHONPATH=/home/hibiki/Robomech_HR/Eglantyne/simulation/install/champ_msgs/lib/python3.10/site-packages:/home/hibiki/Robomech_HR/Eglantyne/simulation/install/simple_sim/lib/python3.10/site-packages:/home/hibiki/Robomech_HR/Eglantyne/simulation/install/ros2_control_demo_testing/lib/python3.10/site-packages:/home/hibiki/Robomech_HR/Eglantyne/simulation/install/champ_bringup/lib/python3.10/site-packages:/opt/ros/humble/lib/python3.10/site-packages:/opt/ros/humble/local/lib/python3.10/dist-packages /usr/bin/cmake --build /home/hibiki/Robomech_HR/Eglantyne/simulation/build/champ_bringup -- -j16 -l16
[1.410s] Level 1:colcon.colcon_core.environment:create_environment_scripts_only(ros2_control_demos)
[1.411s] Level 1:colcon.colcon_core.environment:checking '/home/hibiki/Robomech_HR/Eglantyne/simulation/install/ros2_control_demos' for CMake module files
[1.411s] Level 1:colcon.colcon_core.environment:checking '/home/hibiki/Robomech_HR/Eglantyne/simulation/install/ros2_control_demos' for CMake config files
[1.411s] Level 1:colcon.colcon_core.shell:create_environment_hook('ros2_control_demos', 'cmake_prefix_path')
[1.411s] INFO:colcon.colcon_core.shell:Creating environment hook '/home/hibiki/Robomech_HR/Eglantyne/simulation/install/ros2_control_demos/share/ros2_control_demos/hook/cmake_prefix_path.ps1'
[1.411s] INFO:colcon.colcon_core.shell:Creating environment descriptor '/home/hibiki/Robomech_HR/Eglantyne/simulation/install/ros2_control_demos/share/ros2_control_demos/hook/cmake_prefix_path.dsv'
[1.412s] INFO:colcon.colcon_core.shell:Creating environment hook '/home/hibiki/Robomech_HR/Eglantyne/simulation/install/ros2_control_demos/share/ros2_control_demos/hook/cmake_prefix_path.sh'
[1.412s] Level 1:colcon.colcon_core.environment:checking '/home/hibiki/Robomech_HR/Eglantyne/simulation/install/ros2_control_demos/bin'
[1.412s] Level 1:colcon.colcon_core.environment:checking '/home/hibiki/Robomech_HR/Eglantyne/simulation/install/ros2_control_demos/lib/pkgconfig/ros2_control_demos.pc'
[1.412s] Level 1:colcon.colcon_core.environment:checking '/home/hibiki/Robomech_HR/Eglantyne/simulation/install/ros2_control_demos/lib/python3.10/site-packages'
[1.412s] Level 1:colcon.colcon_core.environment:checking '/home/hibiki/Robomech_HR/Eglantyne/simulation/install/ros2_control_demos/bin'
[1.412s] INFO:colcon.colcon_core.shell:Creating package script '/home/hibiki/Robomech_HR/Eglantyne/simulation/install/ros2_control_demos/share/ros2_control_demos/package.ps1'
[1.413s] INFO:colcon.colcon_core.shell:Creating package descriptor '/home/hibiki/Robomech_HR/Eglantyne/simulation/install/ros2_control_demos/share/ros2_control_demos/package.dsv'
[1.413s] INFO:colcon.colcon_core.shell:Creating package script '/home/hibiki/Robomech_HR/Eglantyne/simulation/install/ros2_control_demos/share/ros2_control_demos/package.sh'
[1.413s] INFO:colcon.colcon_core.shell:Creating package script '/home/hibiki/Robomech_HR/Eglantyne/simulation/install/ros2_control_demos/share/ros2_control_demos/package.bash'
[1.414s] INFO:colcon.colcon_core.shell:Creating package script '/home/hibiki/Robomech_HR/Eglantyne/simulation/install/ros2_control_demos/share/ros2_control_demos/package.zsh'
[1.414s] Level 1:colcon.colcon_core.environment:create_file_with_runtime_dependencies(/home/hibiki/Robomech_HR/Eglantyne/simulation/install/ros2_control_demos/share/colcon-core/packages/ros2_control_demos)
[1.580s] DEBUG:colcon.colcon_core.event_handler.log_command:Invoked command in '/home/hibiki/Robomech_HR/Eglantyne/simulation/build/champ_bringup' returned '0': CMAKE_PREFIX_PATH=/home/hibiki/Robomech_HR/Eglantyne/simulation/install/champ_base:/home/hibiki/Robomech_HR/Eglantyne/simulation/install/champ_msgs:/home/hibiki/Robomech_HR/Eglantyne/simulation/install/champ_description:/home/hibiki/Robomech_HR/Eglantyne/simulation/install/ros2_control_demo_testing:/opt/ros/humble:/home/hibiki/Robomech_HR/Eglantyne/simulation/install/champ:/home/hibiki/Robomech_HR/Eglantyne/simulation/install/simple_sim:/home/hibiki/Robomech_HR/Eglantyne/simulation/install/ros2_control_demos:/home/hibiki/Robomech_HR/Eglantyne/simulation/install/ros2_control_demo_example_9:/home/hibiki/Robomech_HR/Eglantyne/simulation/install/ros2_control_demo_example_8:/home/hibiki/Robomech_HR/Eglantyne/simulation/install/ros2_control_demo_example_7:/home/hibiki/Robomech_HR/Eglantyne/simulation/install/ros2_control_demo_example_6:/home/hibiki/Robomech_HR/Eglantyne/simulation/install/ros2_control_demo_example_15:/home/hibiki/Robomech_HR/Eglantyne/simulation/install/ros2_control_demo_example_5:/home/hibiki/Robomech_HR/Eglantyne/simulation/install/ros2_control_demo_example_4:/home/hibiki/Robomech_HR/Eglantyne/simulation/install/ros2_control_demo_example_3:/home/hibiki/Robomech_HR/Eglantyne/simulation/install/ros2_control_demo_example_2:/home/hibiki/Robomech_HR/Eglantyne/simulation/install/ros2_control_demo_example_14:/home/hibiki/Robomech_HR/Eglantyne/simulation/install/ros2_control_demo_example_12:/home/hibiki/Robomech_HR/Eglantyne/simulation/install/ros2_control_demo_example_11:/home/hibiki/Robomech_HR/Eglantyne/simulation/install/ros2_control_demo_example_10:/home/hibiki/Robomech_HR/Eglantyne/simulation/install/ros2_control_demo_example_1:/home/hibiki/Robomech_HR/Eglantyne/simulation/install/ros2_control_demo_description:/home/hibiki/Robomech_HR/Eglantyne/simulation/install/gazebo_ros2_control_demos:/home/hibiki/Robomech_HR/Eglantyne/simulation/install/champ_teleop:/home/hibiki/Robomech_HR/Eglantyne/simulation/install/champ_navigation:/home/hibiki/Robomech_HR/Eglantyne/simulation/install/champ_gazebo:/home/hibiki/Robomech_HR/Eglantyne/simulation/install/champ_bringup:/home/hibiki/Robomech_HR/Eglantyne/simulation/install/champ_config:/home/hibiki/Robomech_HR/Eglantyne/microros/ros2_pub_test/install/vel_pub LD_LIBRARY_PATH=/home/hibiki/Robomech_HR/Eglantyne/simulation/install/champ_base/lib:/home/hibiki/Robomech_HR/Eglantyne/simulation/install/champ_msgs/lib:/home/hibiki/Robomech_HR/Eglantyne/simulation/install/simple_sim/lib:/home/hibiki/Robomech_HR/Eglantyne/simulation/install/ros2_control_demo_example_9/lib:/home/hibiki/Robomech_HR/Eglantyne/simulation/install/ros2_control_demo_example_8/lib:/home/hibiki/Robomech_HR/Eglantyne/simulation/install/ros2_control_demo_example_7/lib:/home/hibiki/Robomech_HR/Eglantyne/simulation/install/ros2_control_demo_example_6/lib:/home/hibiki/Robomech_HR/Eglantyne/simulation/install/ros2_control_demo_example_5/lib:/home/hibiki/Robomech_HR/Eglantyne/simulation/install/ros2_control_demo_example_4/lib:/home/hibiki/Robomech_HR/Eglantyne/simulation/install/ros2_control_demo_example_3/lib:/home/hibiki/Robomech_HR/Eglantyne/simulation/install/ros2_control_demo_example_2/lib:/home/hibiki/Robomech_HR/Eglantyne/simulation/install/ros2_control_demo_example_14/lib:/home/hibiki/Robomech_HR/Eglantyne/simulation/install/ros2_control_demo_example_12/lib:/home/hibiki/Robomech_HR/Eglantyne/simulation/install/ros2_control_demo_example_11/lib:/home/hibiki/Robomech_HR/Eglantyne/simulation/install/ros2_control_demo_example_10/lib:/home/hibiki/Robomech_HR/Eglantyne/simulation/install/ros2_control_demo_example_1/lib:/opt/ros/humble/opt/rviz_ogre_vendor/lib:/opt/ros/humble/lib/x86_64-linux-gnu:/opt/ros/humble/lib:/usr/lib/x86_64-linux-gnu/gazebo-11/plugins PATH=/home/hibiki/Robomech_HR/Eglantyne/simulation/install/champ_base/bin:/home/hibiki/Robomech_HR/Eglantyne/simulation/install/champ_gazebo/bin:/opt/ros/humble/bin:/home/hibiki/esp/esp-idf/components/espcoredump:/home/hibiki/esp/esp-idf/components/partition_table:/home/hibiki/esp/esp-idf/components/app_update:/home/hibiki/.espressif/tools/xtensa-esp-elf-gdb/14.2_20240403/xtensa-esp-elf-gdb/bin:/home/hibiki/.espressif/tools/riscv32-esp-elf-gdb/14.2_20240403/riscv32-esp-elf-gdb/bin:/home/hibiki/.espressif/tools/xtensa-esp-elf/esp-13.2.0_20240305/xtensa-esp-elf/bin:/home/hibiki/.espressif/tools/riscv32-esp-elf/esp-13.2.0_20240305/riscv32-esp-elf/bin:/home/hibiki/.espressif/tools/esp32ulp-elf/2.38_20240113/esp32ulp-elf/bin:/home/hibiki/.espressif/tools/openocd-esp32/v0.12.0-esp32-20240318/openocd-esp32/bin:/home/hibiki/.espressif/tools/xtensa-esp-elf-gdb/14.2_20240403/xtensa-esp-elf-gdb/bin:/home/hibiki/.espressif/tools/riscv32-esp-elf-gdb/14.2_20240403/riscv32-esp-elf-gdb/bin:/home/hibiki/.espressif/tools/xtensa-esp-elf/esp-13.2.0_20240305/xtensa-esp-elf/bin:/home/hibiki/.espressif/tools/riscv32-esp-elf/esp-13.2.0_20240305/riscv32-esp-elf/bin:/home/hibiki/.espressif/tools/esp32ulp-elf/2.38_20240113/esp32ulp-elf/bin:/home/hibiki/.espressif/tools/openocd-esp32/v0.12.0-esp32-20240318/openocd-esp32/bin:/home/hibiki/.espressif/python_env/idf5.4_py3.10_env/bin:/home/hibiki/esp/esp-idf/tools:/usr/bin/:/home/hibiki/.local/bin:/usr/local/sbin:/usr/local/bin:/usr/sbin:/usr/bin:/sbin:/bin:/usr/games:/usr/local/games:/snap/bin:/snap/bin:/usr/lib/jvm/java-17-openjdk-amd64/bin PYTHONPATH=/home/hibiki/Robomech_HR/Eglantyne/simulation/install/champ_msgs/lib/python3.10/site-packages:/home/hibiki/Robomech_HR/Eglantyne/simulation/install/simple_sim/lib/python3.10/site-packages:/home/hibiki/Robomech_HR/Eglantyne/simulation/install/ros2_control_demo_testing/lib/python3.10/site-packages:/home/hibiki/Robomech_HR/Eglantyne/simulation/install/champ_bringup/lib/python3.10/site-packages:/opt/ros/humble/lib/python3.10/site-packages:/opt/ros/humble/local/lib/python3.10/dist-packages /usr/bin/cmake --build /home/hibiki/Robomech_HR/Eglantyne/simulation/build/champ_bringup -- -j16 -l16
[1.601s] DEBUG:colcon.colcon_core.event_handler.log_command:Invoking command in '/home/hibiki/Robomech_HR/Eglantyne/simulation/build/champ_bringup': CMAKE_PREFIX_PATH=/home/hibiki/Robomech_HR/Eglantyne/simulation/install/champ_base:/home/hibiki/Robomech_HR/Eglantyne/simulation/install/champ_msgs:/home/hibiki/Robomech_HR/Eglantyne/simulation/install/champ_description:/home/hibiki/Robomech_HR/Eglantyne/simulation/install/ros2_control_demo_testing:/opt/ros/humble:/home/hibiki/Robomech_HR/Eglantyne/simulation/install/champ:/home/hibiki/Robomech_HR/Eglantyne/simulation/install/simple_sim:/home/hibiki/Robomech_HR/Eglantyne/simulation/install/ros2_control_demos:/home/hibiki/Robomech_HR/Eglantyne/simulation/install/ros2_control_demo_example_9:/home/hibiki/Robomech_HR/Eglantyne/simulation/install/ros2_control_demo_example_8:/home/hibiki/Robomech_HR/Eglantyne/simulation/install/ros2_control_demo_example_7:/home/hibiki/Robomech_HR/Eglantyne/simulation/install/ros2_control_demo_example_6:/home/hibiki/Robomech_HR/Eglantyne/simulation/install/ros2_control_demo_example_15:/home/hibiki/Robomech_HR/Eglantyne/simulation/install/ros2_control_demo_example_5:/home/hibiki/Robomech_HR/Eglantyne/simulation/install/ros2_control_demo_example_4:/home/hibiki/Robomech_HR/Eglantyne/simulation/install/ros2_control_demo_example_3:/home/hibiki/Robomech_HR/Eglantyne/simulation/install/ros2_control_demo_example_2:/home/hibiki/Robomech_HR/Eglantyne/simulation/install/ros2_control_demo_example_14:/home/hibiki/Robomech_HR/Eglantyne/simulation/install/ros2_control_demo_example_12:/home/hibiki/Robomech_HR/Eglantyne/simulation/install/ros2_control_demo_example_11:/home/hibiki/Robomech_HR/Eglantyne/simulation/install/ros2_control_demo_example_10:/home/hibiki/Robomech_HR/Eglantyne/simulation/install/ros2_control_demo_example_1:/home/hibiki/Robomech_HR/Eglantyne/simulation/install/ros2_control_demo_description:/home/hibiki/Robomech_HR/Eglantyne/simulation/install/gazebo_ros2_control_demos:/home/hibiki/Robomech_HR/Eglantyne/simulation/install/champ_teleop:/home/hibiki/Robomech_HR/Eglantyne/simulation/install/champ_navigation:/home/hibiki/Robomech_HR/Eglantyne/simulation/install/champ_gazebo:/home/hibiki/Robomech_HR/Eglantyne/simulation/install/champ_bringup:/home/hibiki/Robomech_HR/Eglantyne/simulation/install/champ_config:/home/hibiki/Robomech_HR/Eglantyne/microros/ros2_pub_test/install/vel_pub LD_LIBRARY_PATH=/home/hibiki/Robomech_HR/Eglantyne/simulation/install/champ_base/lib:/home/hibiki/Robomech_HR/Eglantyne/simulation/install/champ_msgs/lib:/home/hibiki/Robomech_HR/Eglantyne/simulation/install/simple_sim/lib:/home/hibiki/Robomech_HR/Eglantyne/simulation/install/ros2_control_demo_example_9/lib:/home/hibiki/Robomech_HR/Eglantyne/simulation/install/ros2_control_demo_example_8/lib:/home/hibiki/Robomech_HR/Eglantyne/simulation/install/ros2_control_demo_example_7/lib:/home/hibiki/Robomech_HR/Eglantyne/simulation/install/ros2_control_demo_example_6/lib:/home/hibiki/Robomech_HR/Eglantyne/simulation/install/ros2_control_demo_example_5/lib:/home/hibiki/Robomech_HR/Eglantyne/simulation/install/ros2_control_demo_example_4/lib:/home/hibiki/Robomech_HR/Eglantyne/simulation/install/ros2_control_demo_example_3/lib:/home/hibiki/Robomech_HR/Eglantyne/simulation/install/ros2_control_demo_example_2/lib:/home/hibiki/Robomech_HR/Eglantyne/simulation/install/ros2_control_demo_example_14/lib:/home/hibiki/Robomech_HR/Eglantyne/simulation/install/ros2_control_demo_example_12/lib:/home/hibiki/Robomech_HR/Eglantyne/simulation/install/ros2_control_demo_example_11/lib:/home/hibiki/Robomech_HR/Eglantyne/simulation/install/ros2_control_demo_example_10/lib:/home/hibiki/Robomech_HR/Eglantyne/simulation/install/ros2_control_demo_example_1/lib:/opt/ros/humble/opt/rviz_ogre_vendor/lib:/opt/ros/humble/lib/x86_64-linux-gnu:/opt/ros/humble/lib:/usr/lib/x86_64-linux-gnu/gazebo-11/plugins PATH=/home/hibiki/Robomech_HR/Eglantyne/simulation/install/champ_base/bin:/home/hibiki/Robomech_HR/Eglantyne/simulation/install/champ_gazebo/bin:/opt/ros/humble/bin:/home/hibiki/esp/esp-idf/components/espcoredump:/home/hibiki/esp/esp-idf/components/partition_table:/home/hibiki/esp/esp-idf/components/app_update:/home/hibiki/.espressif/tools/xtensa-esp-elf-gdb/14.2_20240403/xtensa-esp-elf-gdb/bin:/home/hibiki/.espressif/tools/riscv32-esp-elf-gdb/14.2_20240403/riscv32-esp-elf-gdb/bin:/home/hibiki/.espressif/tools/xtensa-esp-elf/esp-13.2.0_20240305/xtensa-esp-elf/bin:/home/hibiki/.espressif/tools/riscv32-esp-elf/esp-13.2.0_20240305/riscv32-esp-elf/bin:/home/hibiki/.espressif/tools/esp32ulp-elf/2.38_20240113/esp32ulp-elf/bin:/home/hibiki/.espressif/tools/openocd-esp32/v0.12.0-esp32-20240318/openocd-esp32/bin:/home/hibiki/.espressif/tools/xtensa-esp-elf-gdb/14.2_20240403/xtensa-esp-elf-gdb/bin:/home/hibiki/.espressif/tools/riscv32-esp-elf-gdb/14.2_20240403/riscv32-esp-elf-gdb/bin:/home/hibiki/.espressif/tools/xtensa-esp-elf/esp-13.2.0_20240305/xtensa-esp-elf/bin:/home/hibiki/.espressif/tools/riscv32-esp-elf/esp-13.2.0_20240305/riscv32-esp-elf/bin:/home/hibiki/.espressif/tools/esp32ulp-elf/2.38_20240113/esp32ulp-elf/bin:/home/hibiki/.espressif/tools/openocd-esp32/v0.12.0-esp32-20240318/openocd-esp32/bin:/home/hibiki/.espressif/python_env/idf5.4_py3.10_env/bin:/home/hibiki/esp/esp-idf/tools:/usr/bin/:/home/hibiki/.local/bin:/usr/local/sbin:/usr/local/bin:/usr/sbin:/usr/bin:/sbin:/bin:/usr/games:/usr/local/games:/snap/bin:/snap/bin:/usr/lib/jvm/java-17-openjdk-amd64/bin PYTHONPATH=/home/hibiki/Robomech_HR/Eglantyne/simulation/install/champ_msgs/lib/python3.10/site-packages:/home/hibiki/Robomech_HR/Eglantyne/simulation/install/simple_sim/lib/python3.10/site-packages:/home/hibiki/Robomech_HR/Eglantyne/simulation/install/ros2_control_demo_testing/lib/python3.10/site-packages:/home/hibiki/Robomech_HR/Eglantyne/simulation/install/champ_bringup/lib/python3.10/site-packages:/opt/ros/humble/lib/python3.10/site-packages:/opt/ros/humble/local/lib/python3.10/dist-packages /usr/bin/cmake --install /home/hibiki/Robomech_HR/Eglantyne/simulation/build/champ_bringup
[1.631s] Level 1:colcon.colcon_core.environment:create_environment_scripts_only(champ_bringup)
[1.631s] Level 1:colcon.colcon_core.environment:checking '/home/hibiki/Robomech_HR/Eglantyne/simulation/install/champ_bringup' for CMake module files
[1.631s] DEBUG:colcon.colcon_core.event_handler.log_command:Invoked command in '/home/hibiki/Robomech_HR/Eglantyne/simulation/build/champ_bringup' returned '0': CMAKE_PREFIX_PATH=/home/hibiki/Robomech_HR/Eglantyne/simulation/install/champ_base:/home/hibiki/Robomech_HR/Eglantyne/simulation/install/champ_msgs:/home/hibiki/Robomech_HR/Eglantyne/simulation/install/champ_description:/home/hibiki/Robomech_HR/Eglantyne/simulation/install/ros2_control_demo_testing:/opt/ros/humble:/home/hibiki/Robomech_HR/Eglantyne/simulation/install/champ:/home/hibiki/Robomech_HR/Eglantyne/simulation/install/simple_sim:/home/hibiki/Robomech_HR/Eglantyne/simulation/install/ros2_control_demos:/home/hibiki/Robomech_HR/Eglantyne/simulation/install/ros2_control_demo_example_9:/home/hibiki/Robomech_HR/Eglantyne/simulation/install/ros2_control_demo_example_8:/home/hibiki/Robomech_HR/Eglantyne/simulation/install/ros2_control_demo_example_7:/home/hibiki/Robomech_HR/Eglantyne/simulation/install/ros2_control_demo_example_6:/home/hibiki/Robomech_HR/Eglantyne/simulation/install/ros2_control_demo_example_15:/home/hibiki/Robomech_HR/Eglantyne/simulation/install/ros2_control_demo_example_5:/home/hibiki/Robomech_HR/Eglantyne/simulation/install/ros2_control_demo_example_4:/home/hibiki/Robomech_HR/Eglantyne/simulation/install/ros2_control_demo_example_3:/home/hibiki/Robomech_HR/Eglantyne/simulation/install/ros2_control_demo_example_2:/home/hibiki/Robomech_HR/Eglantyne/simulation/install/ros2_control_demo_example_14:/home/hibiki/Robomech_HR/Eglantyne/simulation/install/ros2_control_demo_example_12:/home/hibiki/Robomech_HR/Eglantyne/simulation/install/ros2_control_demo_example_11:/home/hibiki/Robomech_HR/Eglantyne/simulation/install/ros2_control_demo_example_10:/home/hibiki/Robomech_HR/Eglantyne/simulation/install/ros2_control_demo_example_1:/home/hibiki/Robomech_HR/Eglantyne/simulation/install/ros2_control_demo_description:/home/hibiki/Robomech_HR/Eglantyne/simulation/install/gazebo_ros2_control_demos:/home/hibiki/Robomech_HR/Eglantyne/simulation/install/champ_teleop:/home/hibiki/Robomech_HR/Eglantyne/simulation/install/champ_navigation:/home/hibiki/Robomech_HR/Eglantyne/simulation/install/champ_gazebo:/home/hibiki/Robomech_HR/Eglantyne/simulation/install/champ_bringup:/home/hibiki/Robomech_HR/Eglantyne/simulation/install/champ_config:/home/hibiki/Robomech_HR/Eglantyne/microros/ros2_pub_test/install/vel_pub LD_LIBRARY_PATH=/home/hibiki/Robomech_HR/Eglantyne/simulation/install/champ_base/lib:/home/hibiki/Robomech_HR/Eglantyne/simulation/install/champ_msgs/lib:/home/hibiki/Robomech_HR/Eglantyne/simulation/install/simple_sim/lib:/home/hibiki/Robomech_HR/Eglantyne/simulation/install/ros2_control_demo_example_9/lib:/home/hibiki/Robomech_HR/Eglantyne/simulation/install/ros2_control_demo_example_8/lib:/home/hibiki/Robomech_HR/Eglantyne/simulation/install/ros2_control_demo_example_7/lib:/home/hibiki/Robomech_HR/Eglantyne/simulation/install/ros2_control_demo_example_6/lib:/home/hibiki/Robomech_HR/Eglantyne/simulation/install/ros2_control_demo_example_5/lib:/home/hibiki/Robomech_HR/Eglantyne/simulation/install/ros2_control_demo_example_4/lib:/home/hibiki/Robomech_HR/Eglantyne/simulation/install/ros2_control_demo_example_3/lib:/home/hibiki/Robomech_HR/Eglantyne/simulation/install/ros2_control_demo_example_2/lib:/home/hibiki/Robomech_HR/Eglantyne/simulation/install/ros2_control_demo_example_14/lib:/home/hibiki/Robomech_HR/Eglantyne/simulation/install/ros2_control_demo_example_12/lib:/home/hibiki/Robomech_HR/Eglantyne/simulation/install/ros2_control_demo_example_11/lib:/home/hibiki/Robomech_HR/Eglantyne/simulation/install/ros2_control_demo_example_10/lib:/home/hibiki/Robomech_HR/Eglantyne/simulation/install/ros2_control_demo_example_1/lib:/opt/ros/humble/opt/rviz_ogre_vendor/lib:/opt/ros/humble/lib/x86_64-linux-gnu:/opt/ros/humble/lib:/usr/lib/x86_64-linux-gnu/gazebo-11/plugins PATH=/home/hibiki/Robomech_HR/Eglantyne/simulation/install/champ_base/bin:/home/hibiki/Robomech_HR/Eglantyne/simulation/install/champ_gazebo/bin:/opt/ros/humble/bin:/home/hibiki/esp/esp-idf/components/espcoredump:/home/hibiki/esp/esp-idf/components/partition_table:/home/hibiki/esp/esp-idf/components/app_update:/home/hibiki/.espressif/tools/xtensa-esp-elf-gdb/14.2_20240403/xtensa-esp-elf-gdb/bin:/home/hibiki/.espressif/tools/riscv32-esp-elf-gdb/14.2_20240403/riscv32-esp-elf-gdb/bin:/home/hibiki/.espressif/tools/xtensa-esp-elf/esp-13.2.0_20240305/xtensa-esp-elf/bin:/home/hibiki/.espressif/tools/riscv32-esp-elf/esp-13.2.0_20240305/riscv32-esp-elf/bin:/home/hibiki/.espressif/tools/esp32ulp-elf/2.38_20240113/esp32ulp-elf/bin:/home/hibiki/.espressif/tools/openocd-esp32/v0.12.0-esp32-20240318/openocd-esp32/bin:/home/hibiki/.espressif/tools/xtensa-esp-elf-gdb/14.2_20240403/xtensa-esp-elf-gdb/bin:/home/hibiki/.espressif/tools/riscv32-esp-elf-gdb/14.2_20240403/riscv32-esp-elf-gdb/bin:/home/hibiki/.espressif/tools/xtensa-esp-elf/esp-13.2.0_20240305/xtensa-esp-elf/bin:/home/hibiki/.espressif/tools/riscv32-esp-elf/esp-13.2.0_20240305/riscv32-esp-elf/bin:/home/hibiki/.espressif/tools/esp32ulp-elf/2.38_20240113/esp32ulp-elf/bin:/home/hibiki/.espressif/tools/openocd-esp32/v0.12.0-esp32-20240318/openocd-esp32/bin:/home/hibiki/.espressif/python_env/idf5.4_py3.10_env/bin:/home/hibiki/esp/esp-idf/tools:/usr/bin/:/home/hibiki/.local/bin:/usr/local/sbin:/usr/local/bin:/usr/sbin:/usr/bin:/sbin:/bin:/usr/games:/usr/local/games:/snap/bin:/snap/bin:/usr/lib/jvm/java-17-openjdk-amd64/bin PYTHONPATH=/home/hibiki/Robomech_HR/Eglantyne/simulation/install/champ_msgs/lib/python3.10/site-packages:/home/hibiki/Robomech_HR/Eglantyne/simulation/install/simple_sim/lib/python3.10/site-packages:/home/hibiki/Robomech_HR/Eglantyne/simulation/install/ros2_control_demo_testing/lib/python3.10/site-packages:/home/hibiki/Robomech_HR/Eglantyne/simulation/install/champ_bringup/lib/python3.10/site-packages:/opt/ros/humble/lib/python3.10/site-packages:/opt/ros/humble/local/lib/python3.10/dist-packages /usr/bin/cmake --install /home/hibiki/Robomech_HR/Eglantyne/simulation/build/champ_bringup
[1.631s] Level 1:colcon.colcon_core.environment:checking '/home/hibiki/Robomech_HR/Eglantyne/simulation/install/champ_bringup' for CMake config files
[1.632s] Level 1:colcon.colcon_core.shell:create_environment_hook('champ_bringup', 'cmake_prefix_path')
[1.632s] INFO:colcon.colcon_core.shell:Creating environment hook '/home/hibiki/Robomech_HR/Eglantyne/simulation/install/champ_bringup/share/champ_bringup/hook/cmake_prefix_path.ps1'
[1.632s] INFO:colcon.colcon_core.shell:Creating environment descriptor '/home/hibiki/Robomech_HR/Eglantyne/simulation/install/champ_bringup/share/champ_bringup/hook/cmake_prefix_path.dsv'
[1.632s] INFO:colcon.colcon_core.shell:Creating environment hook '/home/hibiki/Robomech_HR/Eglantyne/simulation/install/champ_bringup/share/champ_bringup/hook/cmake_prefix_path.sh'
[1.632s] Level 1:colcon.colcon_core.environment:checking '/home/hibiki/Robomech_HR/Eglantyne/simulation/install/champ_bringup/lib'
[1.632s] Level 1:colcon.colcon_core.environment:checking '/home/hibiki/Robomech_HR/Eglantyne/simulation/install/champ_bringup/bin'
[1.633s] Level 1:colcon.colcon_core.environment:checking '/home/hibiki/Robomech_HR/Eglantyne/simulation/install/champ_bringup/lib/pkgconfig/champ_bringup.pc'
[1.633s] Level 1:colcon.colcon_core.environment:checking '/home/hibiki/Robomech_HR/Eglantyne/simulation/install/champ_bringup/lib/python3.10/site-packages'
[1.633s] Level 1:colcon.colcon_core.shell:create_environment_hook('champ_bringup', 'pythonpath')
[1.633s] INFO:colcon.colcon_core.shell:Creating environment hook '/home/hibiki/Robomech_HR/Eglantyne/simulation/install/champ_bringup/share/champ_bringup/hook/pythonpath.ps1'
[1.633s] INFO:colcon.colcon_core.shell:Creating environment descriptor '/home/hibiki/Robomech_HR/Eglantyne/simulation/install/champ_bringup/share/champ_bringup/hook/pythonpath.dsv'
[1.633s] INFO:colcon.colcon_core.shell:Creating environment hook '/home/hibiki/Robomech_HR/Eglantyne/simulation/install/champ_bringup/share/champ_bringup/hook/pythonpath.sh'
[1.633s] Level 1:colcon.colcon_core.environment:checking '/home/hibiki/Robomech_HR/Eglantyne/simulation/install/champ_bringup/bin'
[1.634s] INFO:colcon.colcon_core.shell:Creating package script '/home/hibiki/Robomech_HR/Eglantyne/simulation/install/champ_bringup/share/champ_bringup/package.ps1'
[1.634s] INFO:colcon.colcon_core.shell:Creating package descriptor '/home/hibiki/Robomech_HR/Eglantyne/simulation/install/champ_bringup/share/champ_bringup/package.dsv'
[1.634s] INFO:colcon.colcon_core.shell:Creating package script '/home/hibiki/Robomech_HR/Eglantyne/simulation/install/champ_bringup/share/champ_bringup/package.sh'
[1.634s] INFO:colcon.colcon_core.shell:Creating package script '/home/hibiki/Robomech_HR/Eglantyne/simulation/install/champ_bringup/share/champ_bringup/package.bash'
[1.634s] INFO:colcon.colcon_core.shell:Creating package script '/home/hibiki/Robomech_HR/Eglantyne/simulation/install/champ_bringup/share/champ_bringup/package.zsh'
[1.635s] Level 1:colcon.colcon_core.environment:create_file_with_runtime_dependencies(/home/hibiki/Robomech_HR/Eglantyne/simulation/install/champ_bringup/share/colcon-core/packages/champ_bringup)
[1.653s] Level 1:colcon.colcon_core.environment:create_environment_scripts_only(champ_bringup)
[1.653s] Level 1:colcon.colcon_core.environment:checking '/home/hibiki/Robomech_HR/Eglantyne/simulation/install/champ_bringup' for CMake module files
[1.654s] Level 1:colcon.colcon_core.environment:checking '/home/hibiki/Robomech_HR/Eglantyne/simulation/install/champ_bringup' for CMake config files
[1.654s] Level 1:colcon.colcon_core.shell:create_environment_hook('champ_bringup', 'cmake_prefix_path')
[1.654s] INFO:colcon.colcon_core.shell:Creating environment hook '/home/hibiki/Robomech_HR/Eglantyne/simulation/install/champ_bringup/share/champ_bringup/hook/cmake_prefix_path.ps1'
[1.654s] INFO:colcon.colcon_core.shell:Creating environment descriptor '/home/hibiki/Robomech_HR/Eglantyne/simulation/install/champ_bringup/share/champ_bringup/hook/cmake_prefix_path.dsv'
[1.654s] INFO:colcon.colcon_core.shell:Creating environment hook '/home/hibiki/Robomech_HR/Eglantyne/simulation/install/champ_bringup/share/champ_bringup/hook/cmake_prefix_path.sh'
[1.655s] Level 1:colcon.colcon_core.environment:checking '/home/hibiki/Robomech_HR/Eglantyne/simulation/install/champ_bringup/lib'
[1.655s] Level 1:colcon.colcon_core.environment:checking '/home/hibiki/Robomech_HR/Eglantyne/simulation/install/champ_bringup/bin'
[1.655s] Level 1:colcon.colcon_core.environment:checking '/home/hibiki/Robomech_HR/Eglantyne/simulation/install/champ_bringup/lib/pkgconfig/champ_bringup.pc'
[1.655s] Level 1:colcon.colcon_core.environment:checking '/home/hibiki/Robomech_HR/Eglantyne/simulation/install/champ_bringup/lib/python3.10/site-packages'
[1.655s] Level 1:colcon.colcon_core.shell:create_environment_hook('champ_bringup', 'pythonpath')
[1.655s] INFO:colcon.colcon_core.shell:Creating environment hook '/home/hibiki/Robomech_HR/Eglantyne/simulation/install/champ_bringup/share/champ_bringup/hook/pythonpath.ps1'
[1.655s] INFO:colcon.colcon_core.shell:Creating environment descriptor '/home/hibiki/Robomech_HR/Eglantyne/simulation/install/champ_bringup/share/champ_bringup/hook/pythonpath.dsv'
[1.655s] INFO:colcon.colcon_core.shell:Creating environment hook '/home/hibiki/Robomech_HR/Eglantyne/simulation/install/champ_bringup/share/champ_bringup/hook/pythonpath.sh'
[1.655s] Level 1:colcon.colcon_core.environment:checking '/home/hibiki/Robomech_HR/Eglantyne/simulation/install/champ_bringup/bin'
[1.656s] INFO:colcon.colcon_core.shell:Creating package script '/home/hibiki/Robomech_HR/Eglantyne/simulation/install/champ_bringup/share/champ_bringup/package.ps1'
[1.656s] INFO:colcon.colcon_core.shell:Creating package descriptor '/home/hibiki/Robomech_HR/Eglantyne/simulation/install/champ_bringup/share/champ_bringup/package.dsv'
[1.656s] INFO:colcon.colcon_core.shell:Creating package script '/home/hibiki/Robomech_HR/Eglantyne/simulation/install/champ_bringup/share/champ_bringup/package.sh'
[1.656s] INFO:colcon.colcon_core.shell:Creating package script '/home/hibiki/Robomech_HR/Eglantyne/simulation/install/champ_bringup/share/champ_bringup/package.bash'
[1.657s] INFO:colcon.colcon_core.shell:Creating package script '/home/hibiki/Robomech_HR/Eglantyne/simulation/install/champ_bringup/share/champ_bringup/package.zsh'
[1.657s] Level 1:colcon.colcon_core.environment:create_file_with_runtime_dependencies(/home/hibiki/Robomech_HR/Eglantyne/simulation/install/champ_bringup/share/colcon-core/packages/champ_bringup)
[2.868s] DEBUG:colcon.colcon_core.event_handler.log_command:Invoked command in '/home/hibiki/Robomech_HR/Eglantyne/simulation/build/simple_sim' returned '0': CMAKE_PREFIX_PATH=/home/hibiki/Robomech_HR/Eglantyne/simulation/install/simple_sim:/home/hibiki/Robomech_HR/Eglantyne/simulation/install/ros2_control_demos:/home/hibiki/Robomech_HR/Eglantyne/simulation/install/ros2_control_demo_example_9:/home/hibiki/Robomech_HR/Eglantyne/simulation/install/ros2_control_demo_example_8:/home/hibiki/Robomech_HR/Eglantyne/simulation/install/ros2_control_demo_example_7:/home/hibiki/Robomech_HR/Eglantyne/simulation/install/ros2_control_demo_example_6:/home/hibiki/Robomech_HR/Eglantyne/simulation/install/ros2_control_demo_example_15:/home/hibiki/Robomech_HR/Eglantyne/simulation/install/ros2_control_demo_example_5:/home/hibiki/Robomech_HR/Eglantyne/simulation/install/ros2_control_demo_example_4:/home/hibiki/Robomech_HR/Eglantyne/simulation/install/ros2_control_demo_example_3:/home/hibiki/Robomech_HR/Eglantyne/simulation/install/ros2_control_demo_example_2:/home/hibiki/Robomech_HR/Eglantyne/simulation/install/ros2_control_demo_example_14:/home/hibiki/Robomech_HR/Eglantyne/simulation/install/ros2_control_demo_example_12:/home/hibiki/Robomech_HR/Eglantyne/simulation/install/ros2_control_demo_example_11:/home/hibiki/Robomech_HR/Eglantyne/simulation/install/ros2_control_demo_example_10:/home/hibiki/Robomech_HR/Eglantyne/simulation/install/ros2_control_demo_example_1:/home/hibiki/Robomech_HR/Eglantyne/simulation/install/ros2_control_demo_description:/home/hibiki/Robomech_HR/Eglantyne/simulation/install/gazebo_ros2_control_demos:/home/hibiki/Robomech_HR/Eglantyne/simulation/install/champ_teleop:/home/hibiki/Robomech_HR/Eglantyne/simulation/install/champ_navigation:/home/hibiki/Robomech_HR/Eglantyne/simulation/install/champ_gazebo:/home/hibiki/Robomech_HR/Eglantyne/simulation/install/champ_bringup:/home/hibiki/Robomech_HR/Eglantyne/simulation/install/champ_base:/home/hibiki/Robomech_HR/Eglantyne/simulation/install/champ_msgs:/home/hibiki/Robomech_HR/Eglantyne/simulation/install/champ_description:/home/hibiki/Robomech_HR/Eglantyne/simulation/install/champ_config:/home/hibiki/Robomech_HR/Eglantyne/simulation/install/ros2_control_demo_testing:/opt/ros/humble:/home/hibiki/Robomech_HR/Eglantyne/simulation/install/champ:/home/hibiki/Robomech_HR/Eglantyne/microros/ros2_pub_test/install/vel_pub /usr/bin/cmake --build /home/hibiki/Robomech_HR/Eglantyne/simulation/build/simple_sim -- -j16 -l16
[2.904s] DEBUG:colcon.colcon_core.event_handler.log_command:Invoking command in '/home/hibiki/Robomech_HR/Eglantyne/simulation/build/simple_sim': CMAKE_PREFIX_PATH=/home/hibiki/Robomech_HR/Eglantyne/simulation/install/simple_sim:/home/hibiki/Robomech_HR/Eglantyne/simulation/install/ros2_control_demos:/home/hibiki/Robomech_HR/Eglantyne/simulation/install/ros2_control_demo_example_9:/home/hibiki/Robomech_HR/Eglantyne/simulation/install/ros2_control_demo_example_8:/home/hibiki/Robomech_HR/Eglantyne/simulation/install/ros2_control_demo_example_7:/home/hibiki/Robomech_HR/Eglantyne/simulation/install/ros2_control_demo_example_6:/home/hibiki/Robomech_HR/Eglantyne/simulation/install/ros2_control_demo_example_15:/home/hibiki/Robomech_HR/Eglantyne/simulation/install/ros2_control_demo_example_5:/home/hibiki/Robomech_HR/Eglantyne/simulation/install/ros2_control_demo_example_4:/home/hibiki/Robomech_HR/Eglantyne/simulation/install/ros2_control_demo_example_3:/home/hibiki/Robomech_HR/Eglantyne/simulation/install/ros2_control_demo_example_2:/home/hibiki/Robomech_HR/Eglantyne/simulation/install/ros2_control_demo_example_14:/home/hibiki/Robomech_HR/Eglantyne/simulation/install/ros2_control_demo_example_12:/home/hibiki/Robomech_HR/Eglantyne/simulation/install/ros2_control_demo_example_11:/home/hibiki/Robomech_HR/Eglantyne/simulation/install/ros2_control_demo_example_10:/home/hibiki/Robomech_HR/Eglantyne/simulation/install/ros2_control_demo_example_1:/home/hibiki/Robomech_HR/Eglantyne/simulation/install/ros2_control_demo_description:/home/hibiki/Robomech_HR/Eglantyne/simulation/install/gazebo_ros2_control_demos:/home/hibiki/Robomech_HR/Eglantyne/simulation/install/champ_teleop:/home/hibiki/Robomech_HR/Eglantyne/simulation/install/champ_navigation:/home/hibiki/Robomech_HR/Eglantyne/simulation/install/champ_gazebo:/home/hibiki/Robomech_HR/Eglantyne/simulation/install/champ_bringup:/home/hibiki/Robomech_HR/Eglantyne/simulation/install/champ_base:/home/hibiki/Robomech_HR/Eglantyne/simulation/install/champ_msgs:/home/hibiki/Robomech_HR/Eglantyne/simulation/install/champ_description:/home/hibiki/Robomech_HR/Eglantyne/simulation/install/champ_config:/home/hibiki/Robomech_HR/Eglantyne/simulation/install/ros2_control_demo_testing:/opt/ros/humble:/home/hibiki/Robomech_HR/Eglantyne/simulation/install/champ:/home/hibiki/Robomech_HR/Eglantyne/microros/ros2_pub_test/install/vel_pub /usr/bin/cmake --install /home/hibiki/Robomech_HR/Eglantyne/simulation/build/simple_sim
[2.909s] Level 1:colcon.colcon_core.environment:create_environment_scripts_only(simple_sim)
[2.909s] Level 1:colcon.colcon_core.environment:checking '/home/hibiki/Robomech_HR/Eglantyne/simulation/install/simple_sim' for CMake module files
[2.909s] DEBUG:colcon.colcon_core.event_handler.log_command:Invoked command in '/home/hibiki/Robomech_HR/Eglantyne/simulation/build/simple_sim' returned '0': CMAKE_PREFIX_PATH=/home/hibiki/Robomech_HR/Eglantyne/simulation/install/simple_sim:/home/hibiki/Robomech_HR/Eglantyne/simulation/install/ros2_control_demos:/home/hibiki/Robomech_HR/Eglantyne/simulation/install/ros2_control_demo_example_9:/home/hibiki/Robomech_HR/Eglantyne/simulation/install/ros2_control_demo_example_8:/home/hibiki/Robomech_HR/Eglantyne/simulation/install/ros2_control_demo_example_7:/home/hibiki/Robomech_HR/Eglantyne/simulation/install/ros2_control_demo_example_6:/home/hibiki/Robomech_HR/Eglantyne/simulation/install/ros2_control_demo_example_15:/home/hibiki/Robomech_HR/Eglantyne/simulation/install/ros2_control_demo_example_5:/home/hibiki/Robomech_HR/Eglantyne/simulation/install/ros2_control_demo_example_4:/home/hibiki/Robomech_HR/Eglantyne/simulation/install/ros2_control_demo_example_3:/home/hibiki/Robomech_HR/Eglantyne/simulation/install/ros2_control_demo_example_2:/home/hibiki/Robomech_HR/Eglantyne/simulation/install/ros2_control_demo_example_14:/home/hibiki/Robomech_HR/Eglantyne/simulation/install/ros2_control_demo_example_12:/home/hibiki/Robomech_HR/Eglantyne/simulation/install/ros2_control_demo_example_11:/home/hibiki/Robomech_HR/Eglantyne/simulation/install/ros2_control_demo_example_10:/home/hibiki/Robomech_HR/Eglantyne/simulation/install/ros2_control_demo_example_1:/home/hibiki/Robomech_HR/Eglantyne/simulation/install/ros2_control_demo_description:/home/hibiki/Robomech_HR/Eglantyne/simulation/install/gazebo_ros2_control_demos:/home/hibiki/Robomech_HR/Eglantyne/simulation/install/champ_teleop:/home/hibiki/Robomech_HR/Eglantyne/simulation/install/champ_navigation:/home/hibiki/Robomech_HR/Eglantyne/simulation/install/champ_gazebo:/home/hibiki/Robomech_HR/Eglantyne/simulation/install/champ_bringup:/home/hibiki/Robomech_HR/Eglantyne/simulation/install/champ_base:/home/hibiki/Robomech_HR/Eglantyne/simulation/install/champ_msgs:/home/hibiki/Robomech_HR/Eglantyne/simulation/install/champ_description:/home/hibiki/Robomech_HR/Eglantyne/simulation/install/champ_config:/home/hibiki/Robomech_HR/Eglantyne/simulation/install/ros2_control_demo_testing:/opt/ros/humble:/home/hibiki/Robomech_HR/Eglantyne/simulation/install/champ:/home/hibiki/Robomech_HR/Eglantyne/microros/ros2_pub_test/install/vel_pub /usr/bin/cmake --install /home/hibiki/Robomech_HR/Eglantyne/simulation/build/simple_sim
[2.910s] Level 1:colcon.colcon_core.environment:checking '/home/hibiki/Robomech_HR/Eglantyne/simulation/install/simple_sim' for CMake config files
[2.910s] Level 1:colcon.colcon_core.shell:create_environment_hook('simple_sim', 'cmake_prefix_path')
[2.910s] INFO:colcon.colcon_core.shell:Creating environment hook '/home/hibiki/Robomech_HR/Eglantyne/simulation/install/simple_sim/share/simple_sim/hook/cmake_prefix_path.ps1'
[2.910s] INFO:colcon.colcon_core.shell:Creating environment descriptor '/home/hibiki/Robomech_HR/Eglantyne/simulation/install/simple_sim/share/simple_sim/hook/cmake_prefix_path.dsv'
[2.910s] INFO:colcon.colcon_core.shell:Creating environment hook '/home/hibiki/Robomech_HR/Eglantyne/simulation/install/simple_sim/share/simple_sim/hook/cmake_prefix_path.sh'
[2.911s] Level 1:colcon.colcon_core.environment:checking '/home/hibiki/Robomech_HR/Eglantyne/simulation/install/simple_sim/lib'
[2.911s] Level 1:colcon.colcon_core.shell:create_environment_hook('simple_sim', 'ld_library_path_lib')
[2.911s] INFO:colcon.colcon_core.shell:Creating environment hook '/home/hibiki/Robomech_HR/Eglantyne/simulation/install/simple_sim/share/simple_sim/hook/ld_library_path_lib.ps1'
[2.911s] INFO:colcon.colcon_core.shell:Creating environment descriptor '/home/hibiki/Robomech_HR/Eglantyne/simulation/install/simple_sim/share/simple_sim/hook/ld_library_path_lib.dsv'
[2.911s] INFO:colcon.colcon_core.shell:Creating environment hook '/home/hibiki/Robomech_HR/Eglantyne/simulation/install/simple_sim/share/simple_sim/hook/ld_library_path_lib.sh'
[2.911s] Level 1:colcon.colcon_core.environment:checking '/home/hibiki/Robomech_HR/Eglantyne/simulation/install/simple_sim/bin'
[2.911s] Level 1:colcon.colcon_core.environment:checking '/home/hibiki/Robomech_HR/Eglantyne/simulation/install/simple_sim/lib/pkgconfig/simple_sim.pc'
[2.912s] Level 1:colcon.colcon_core.environment:checking '/home/hibiki/Robomech_HR/Eglantyne/simulation/install/simple_sim/lib/python3.10/site-packages'
[2.912s] Level 1:colcon.colcon_core.shell:create_environment_hook('simple_sim', 'pythonpath')
[2.912s] INFO:colcon.colcon_core.shell:Creating environment hook '/home/hibiki/Robomech_HR/Eglantyne/simulation/install/simple_sim/share/simple_sim/hook/pythonpath.ps1'
[2.912s] INFO:colcon.colcon_core.shell:Creating environment descriptor '/home/hibiki/Robomech_HR/Eglantyne/simulation/install/simple_sim/share/simple_sim/hook/pythonpath.dsv'
[2.912s] INFO:colcon.colcon_core.shell:Creating environment hook '/home/hibiki/Robomech_HR/Eglantyne/simulation/install/simple_sim/share/simple_sim/hook/pythonpath.sh'
[2.912s] Level 1:colcon.colcon_core.environment:checking '/home/hibiki/Robomech_HR/Eglantyne/simulation/install/simple_sim/bin'
[2.912s] INFO:colcon.colcon_core.shell:Creating package script '/home/hibiki/Robomech_HR/Eglantyne/simulation/install/simple_sim/share/simple_sim/package.ps1'
[2.913s] INFO:colcon.colcon_core.shell:Creating package descriptor '/home/hibiki/Robomech_HR/Eglantyne/simulation/install/simple_sim/share/simple_sim/package.dsv'
[2.913s] INFO:colcon.colcon_core.shell:Creating package script '/home/hibiki/Robomech_HR/Eglantyne/simulation/install/simple_sim/share/simple_sim/package.sh'
[2.913s] INFO:colcon.colcon_core.shell:Creating package script '/home/hibiki/Robomech_HR/Eglantyne/simulation/install/simple_sim/share/simple_sim/package.bash'
[2.913s] INFO:colcon.colcon_core.shell:Creating package script '/home/hibiki/Robomech_HR/Eglantyne/simulation/install/simple_sim/share/simple_sim/package.zsh'
[2.913s] Level 1:colcon.colcon_core.environment:create_file_with_runtime_dependencies(/home/hibiki/Robomech_HR/Eglantyne/simulation/install/simple_sim/share/colcon-core/packages/simple_sim)
[2.948s] Level 1:colcon.colcon_core.environment:create_environment_scripts_only(simple_sim)
[2.948s] Level 1:colcon.colcon_core.environment:checking '/home/hibiki/Robomech_HR/Eglantyne/simulation/install/simple_sim' for CMake module files
[2.949s] Level 1:colcon.colcon_core.environment:checking '/home/hibiki/Robomech_HR/Eglantyne/simulation/install/simple_sim' for CMake config files
[2.949s] Level 1:colcon.colcon_core.shell:create_environment_hook('simple_sim', 'cmake_prefix_path')
[2.949s] INFO:colcon.colcon_core.shell:Creating environment hook '/home/hibiki/Robomech_HR/Eglantyne/simulation/install/simple_sim/share/simple_sim/hook/cmake_prefix_path.ps1'
[2.949s] INFO:colcon.colcon_core.shell:Creating environment descriptor '/home/hibiki/Robomech_HR/Eglantyne/simulation/install/simple_sim/share/simple_sim/hook/cmake_prefix_path.dsv'
[2.949s] INFO:colcon.colcon_core.shell:Creating environment hook '/home/hibiki/Robomech_HR/Eglantyne/simulation/install/simple_sim/share/simple_sim/hook/cmake_prefix_path.sh'
[2.949s] Level 1:colcon.colcon_core.environment:checking '/home/hibiki/Robomech_HR/Eglantyne/simulation/install/simple_sim/lib'
[2.949s] Level 1:colcon.colcon_core.shell:create_environment_hook('simple_sim', 'ld_library_path_lib')
[2.950s] INFO:colcon.colcon_core.shell:Creating environment hook '/home/hibiki/Robomech_HR/Eglantyne/simulation/install/simple_sim/share/simple_sim/hook/ld_library_path_lib.ps1'
[2.950s] INFO:colcon.colcon_core.shell:Creating environment descriptor '/home/hibiki/Robomech_HR/Eglantyne/simulation/install/simple_sim/share/simple_sim/hook/ld_library_path_lib.dsv'
[2.950s] INFO:colcon.colcon_core.shell:Creating environment hook '/home/hibiki/Robomech_HR/Eglantyne/simulation/install/simple_sim/share/simple_sim/hook/ld_library_path_lib.sh'
[2.950s] Level 1:colcon.colcon_core.environment:checking '/home/hibiki/Robomech_HR/Eglantyne/simulation/install/simple_sim/bin'
[2.950s] Level 1:colcon.colcon_core.environment:checking '/home/hibiki/Robomech_HR/Eglantyne/simulation/install/simple_sim/lib/pkgconfig/simple_sim.pc'
[2.950s] Level 1:colcon.colcon_core.environment:checking '/home/hibiki/Robomech_HR/Eglantyne/simulation/install/simple_sim/lib/python3.10/site-packages'
[2.950s] Level 1:colcon.colcon_core.shell:create_environment_hook('simple_sim', 'pythonpath')
[2.950s] INFO:colcon.colcon_core.shell:Creating environment hook '/home/hibiki/Robomech_HR/Eglantyne/simulation/install/simple_sim/share/simple_sim/hook/pythonpath.ps1'
[2.950s] INFO:colcon.colcon_core.shell:Creating environment descriptor '/home/hibiki/Robomech_HR/Eglantyne/simulation/install/simple_sim/share/simple_sim/hook/pythonpath.dsv'
[2.951s] INFO:colcon.colcon_core.shell:Creating environment hook '/home/hibiki/Robomech_HR/Eglantyne/simulation/install/simple_sim/share/simple_sim/hook/pythonpath.sh'
[2.951s] Level 1:colcon.colcon_core.environment:checking '/home/hibiki/Robomech_HR/Eglantyne/simulation/install/simple_sim/bin'
[2.951s] INFO:colcon.colcon_core.shell:Creating package script '/home/hibiki/Robomech_HR/Eglantyne/simulation/install/simple_sim/share/simple_sim/package.ps1'
[2.951s] INFO:colcon.colcon_core.shell:Creating package descriptor '/home/hibiki/Robomech_HR/Eglantyne/simulation/install/simple_sim/share/simple_sim/package.dsv'
[2.951s] INFO:colcon.colcon_core.shell:Creating package script '/home/hibiki/Robomech_HR/Eglantyne/simulation/install/simple_sim/share/simple_sim/package.sh'
[2.952s] INFO:colcon.colcon_core.shell:Creating package script '/home/hibiki/Robomech_HR/Eglantyne/simulation/install/simple_sim/share/simple_sim/package.bash'
[2.952s] INFO:colcon.colcon_core.shell:Creating package script '/home/hibiki/Robomech_HR/Eglantyne/simulation/install/simple_sim/share/simple_sim/package.zsh'
[2.952s] Level 1:colcon.colcon_core.environment:create_file_with_runtime_dependencies(/home/hibiki/Robomech_HR/Eglantyne/simulation/install/simple_sim/share/colcon-core/packages/simple_sim)
[2.952s] DEBUG:colcon.colcon_parallel_executor.executor.parallel:closing loop
[2.952s] DEBUG:colcon.colcon_parallel_executor.executor.parallel:loop closed
[2.952s] DEBUG:colcon.colcon_parallel_executor.executor.parallel:run_until_complete finished with '0'
[2.952s] DEBUG:colcon.colcon_core.event_reactor:joining thread
[2.954s] INFO:colcon.colcon_core.plugin_system:Skipping extension 'colcon_notification.desktop_notification.notify2': 'notify2' not found
[2.954s] INFO:colcon.colcon_core.plugin_system:Skipping extension 'colcon_notification.desktop_notification.terminal_notifier': Not used on non-Darwin systems
[2.954s] INFO:colcon.colcon_core.plugin_system:Skipping extension 'colcon_notification.desktop_notification.win32': Not used on non-Windows systems
[2.954s] INFO:colcon.colcon_notification.desktop_notification:Sending desktop notification using 'notify_send'
[2.968s] DEBUG:colcon.colcon_core.event_reactor:joined thread
[2.968s] INFO:colcon.colcon_core.shell:Creating prefix script '/home/hibiki/Robomech_HR/Eglantyne/simulation/install/local_setup.ps1'
[2.968s] INFO:colcon.colcon_core.shell:Creating prefix util module '/home/hibiki/Robomech_HR/Eglantyne/simulation/install/_local_setup_util_ps1.py'
[2.969s] INFO:colcon.colcon_core.shell:Creating prefix chain script '/home/hibiki/Robomech_HR/Eglantyne/simulation/install/setup.ps1'
[2.970s] INFO:colcon.colcon_core.shell:Creating prefix script '/home/hibiki/Robomech_HR/Eglantyne/simulation/install/local_setup.sh'
[2.971s] INFO:colcon.colcon_core.shell:Creating prefix util module '/home/hibiki/Robomech_HR/Eglantyne/simulation/install/_local_setup_util_sh.py'
[2.971s] INFO:colcon.colcon_core.shell:Creating prefix chain script '/home/hibiki/Robomech_HR/Eglantyne/simulation/install/setup.sh'
[2.972s] INFO:colcon.colcon_core.shell:Creating prefix script '/home/hibiki/Robomech_HR/Eglantyne/simulation/install/local_setup.bash'
[2.972s] INFO:colcon.colcon_core.shell:Creating prefix chain script '/home/hibiki/Robomech_HR/Eglantyne/simulation/install/setup.bash'
[2.973s] INFO:colcon.colcon_core.shell:Creating prefix script '/home/hibiki/Robomech_HR/Eglantyne/simulation/install/local_setup.zsh'
[2.973s] INFO:colcon.colcon_core.shell:Creating prefix chain script '/home/hibiki/Robomech_HR/Eglantyne/simulation/install/setup.zsh'
