[0.092s] DEBUG:colcon:Command line arguments: ['/home/hibiki/.espressif/python_env/idf5.4_py3.10_env/bin/colcon', 'build', '--packages-select', 'simple_sim']
[0.092s] DEBUG:colcon:Parsed command line arguments: Namespace(log_base=None, log_level=None, verb_name='build', build_base='build', install_base='install', merge_install=False, symlink_install=False, test_result_base=None, continue_on_error=False, executor='parallel', parallel_workers=16, event_handlers=None, ignore_user_meta=False, metas=['./colcon.meta'], base_paths=['.'], packages_ignore=None, packages_ignore_regex=None, paths=None, packages_up_to=None, packages_up_to_regex=None, packages_above=None, packages_above_and_dependencies=None, packages_above_depth=None, packages_select_by_dep=None, packages_skip_by_dep=None, packages_skip_up_to=None, packages_select_build_failed=False, packages_skip_build_finished=False, packages_select_test_failures=False, packages_skip_test_passed=False, packages_select=['simple_sim'], packages_skip=None, packages_select_regex=None, packages_skip_regex=None, packages_start=None, packages_end=None, cmake_args=None, cmake_target=None, cmake_target_skip_unavailable=False, cmake_clean_cache=False, cmake_clean_first=False, cmake_force_configure=False, ament_cmake_args=None, catkin_cmake_args=None, catkin_skip_building_tests=False, verb_parser=<colcon_defaults.argument_parser.defaults.DefaultArgumentsDecorator object at 0x7cc2f71e95d0>, verb_extension=<colcon_core.verb.build.BuildVerb object at 0x7cc2f715abf0>, main=<bound method BuildVerb.main of <colcon_core.verb.build.BuildVerb object at 0x7cc2f715abf0>>)
[0.120s] Level 1:colcon.colcon_core.package_discovery:discover_packages(colcon_meta) check parameters
[0.121s] Level 1:colcon.colcon_core.package_discovery:discover_packages(recursive) check parameters
[0.121s] Level 1:colcon.colcon_core.package_discovery:discover_packages(ignore) check parameters
[0.121s] Level 1:colcon.colcon_core.package_discovery:discover_packages(path) check parameters
[0.121s] Level 1:colcon.colcon_core.package_discovery:discover_packages(colcon_meta) discover
[0.121s] Level 1:colcon.colcon_core.package_discovery:discover_packages(recursive) discover
[0.121s] INFO:colcon.colcon_core.package_discovery:Crawling recursively for packages in '/home/hibiki/Robomech_HR/Eglantyne'
[0.121s] Level 1:colcon.colcon_core.package_identification:_identify(.) by extensions ['ignore', 'ignore_ament_install']
[0.121s] Level 1:colcon.colcon_core.package_identification:_identify(.) by extension 'ignore'
[0.121s] Level 1:colcon.colcon_core.package_identification:_identify(.) by extension 'ignore_ament_install'
[0.121s] Level 1:colcon.colcon_core.package_identification:_identify(.) by extensions ['colcon_pkg']
[0.121s] Level 1:colcon.colcon_core.package_identification:_identify(.) by extension 'colcon_pkg'
[0.121s] Level 1:colcon.colcon_core.package_identification:_identify(.) by extensions ['colcon_meta']
[0.121s] Level 1:colcon.colcon_core.package_identification:_identify(.) by extension 'colcon_meta'
[0.121s] Level 1:colcon.colcon_core.package_identification:_identify(.) by extensions ['ros']
[0.121s] Level 1:colcon.colcon_core.package_identification:_identify(.) by extension 'ros'
[0.139s] Level 1:colcon.colcon_core.package_identification:_identify(.) by extensions ['cmake', 'python']
[0.139s] Level 1:colcon.colcon_core.package_identification:_identify(.) by extension 'cmake'
[0.139s] Level 1:colcon.colcon_core.package_identification:_identify(.) by extension 'python'
[0.139s] Level 1:colcon.colcon_core.package_identification:_identify(.) by extensions ['python_setup_py']
[0.139s] Level 1:colcon.colcon_core.package_identification:_identify(.) by extension 'python_setup_py'
[0.139s] Level 1:colcon.colcon_core.package_identification:_identify(build) by extensions ['ignore', 'ignore_ament_install']
[0.139s] Level 1:colcon.colcon_core.package_identification:_identify(build) by extension 'ignore'
[0.139s] Level 1:colcon.colcon_core.package_identification:_identify(build) ignored
[0.139s] Level 1:colcon.colcon_core.package_identification:_identify(hard) by extensions ['ignore', 'ignore_ament_install']
[0.139s] Level 1:colcon.colcon_core.package_identification:_identify(hard) by extension 'ignore'
[0.139s] Level 1:colcon.colcon_core.package_identification:_identify(hard) by extension 'ignore_ament_install'
[0.140s] Level 1:colcon.colcon_core.package_identification:_identify(hard) by extensions ['colcon_pkg']
[0.140s] Level 1:colcon.colcon_core.package_identification:_identify(hard) by extension 'colcon_pkg'
[0.140s] Level 1:colcon.colcon_core.package_identification:_identify(hard) by extensions ['colcon_meta']
[0.140s] Level 1:colcon.colcon_core.package_identification:_identify(hard) by extension 'colcon_meta'
[0.140s] Level 1:colcon.colcon_core.package_identification:_identify(hard) by extensions ['ros']
[0.140s] Level 1:colcon.colcon_core.package_identification:_identify(hard) by extension 'ros'
[0.140s] Level 1:colcon.colcon_core.package_identification:_identify(hard) by extensions ['cmake', 'python']
[0.140s] Level 1:colcon.colcon_core.package_identification:_identify(hard) by extension 'cmake'
[0.140s] Level 1:colcon.colcon_core.package_identification:_identify(hard) by extension 'python'
[0.140s] Level 1:colcon.colcon_core.package_identification:_identify(hard) by extensions ['python_setup_py']
[0.140s] Level 1:colcon.colcon_core.package_identification:_identify(hard) by extension 'python_setup_py'
[0.140s] Level 1:colcon.colcon_core.package_identification:_identify(hard/OldVersions) by extensions ['ignore', 'ignore_ament_install']
[0.140s] Level 1:colcon.colcon_core.package_identification:_identify(hard/OldVersions) by extension 'ignore'
[0.140s] Level 1:colcon.colcon_core.package_identification:_identify(hard/OldVersions) by extension 'ignore_ament_install'
[0.140s] Level 1:colcon.colcon_core.package_identification:_identify(hard/OldVersions) by extensions ['colcon_pkg']
[0.140s] Level 1:colcon.colcon_core.package_identification:_identify(hard/OldVersions) by extension 'colcon_pkg'
[0.140s] Level 1:colcon.colcon_core.package_identification:_identify(hard/OldVersions) by extensions ['colcon_meta']
[0.140s] Level 1:colcon.colcon_core.package_identification:_identify(hard/OldVersions) by extension 'colcon_meta'
[0.140s] Level 1:colcon.colcon_core.package_identification:_identify(hard/OldVersions) by extensions ['ros']
[0.140s] Level 1:colcon.colcon_core.package_identification:_identify(hard/OldVersions) by extension 'ros'
[0.140s] Level 1:colcon.colcon_core.package_identification:_identify(hard/OldVersions) by extensions ['cmake', 'python']
[0.140s] Level 1:colcon.colcon_core.package_identification:_identify(hard/OldVersions) by extension 'cmake'
[0.140s] Level 1:colcon.colcon_core.package_identification:_identify(hard/OldVersions) by extension 'python'
[0.140s] Level 1:colcon.colcon_core.package_identification:_identify(hard/OldVersions) by extensions ['python_setup_py']
[0.140s] Level 1:colcon.colcon_core.package_identification:_identify(hard/OldVersions) by extension 'python_setup_py'
[0.140s] Level 1:colcon.colcon_core.package_identification:_identify(hard/Print) by extensions ['ignore', 'ignore_ament_install']
[0.140s] Level 1:colcon.colcon_core.package_identification:_identify(hard/Print) by extension 'ignore'
[0.140s] Level 1:colcon.colcon_core.package_identification:_identify(hard/Print) by extension 'ignore_ament_install'
[0.140s] Level 1:colcon.colcon_core.package_identification:_identify(hard/Print) by extensions ['colcon_pkg']
[0.140s] Level 1:colcon.colcon_core.package_identification:_identify(hard/Print) by extension 'colcon_pkg'
[0.140s] Level 1:colcon.colcon_core.package_identification:_identify(hard/Print) by extensions ['colcon_meta']
[0.140s] Level 1:colcon.colcon_core.package_identification:_identify(hard/Print) by extension 'colcon_meta'
[0.140s] Level 1:colcon.colcon_core.package_identification:_identify(hard/Print) by extensions ['ros']
[0.140s] Level 1:colcon.colcon_core.package_identification:_identify(hard/Print) by extension 'ros'
[0.140s] Level 1:colcon.colcon_core.package_identification:_identify(hard/Print) by extensions ['cmake', 'python']
[0.140s] Level 1:colcon.colcon_core.package_identification:_identify(hard/Print) by extension 'cmake'
[0.140s] Level 1:colcon.colcon_core.package_identification:_identify(hard/Print) by extension 'python'
[0.140s] Level 1:colcon.colcon_core.package_identification:_identify(hard/Print) by extensions ['python_setup_py']
[0.140s] Level 1:colcon.colcon_core.package_identification:_identify(hard/Print) by extension 'python_setup_py'
[0.141s] Level 1:colcon.colcon_core.package_identification:_identify(hard/Print/02_13) by extensions ['ignore', 'ignore_ament_install']
[0.141s] Level 1:colcon.colcon_core.package_identification:_identify(hard/Print/02_13) by extension 'ignore'
[0.141s] Level 1:colcon.colcon_core.package_identification:_identify(hard/Print/02_13) by extension 'ignore_ament_install'
[0.141s] Level 1:colcon.colcon_core.package_identification:_identify(hard/Print/02_13) by extensions ['colcon_pkg']
[0.141s] Level 1:colcon.colcon_core.package_identification:_identify(hard/Print/02_13) by extension 'colcon_pkg'
[0.141s] Level 1:colcon.colcon_core.package_identification:_identify(hard/Print/02_13) by extensions ['colcon_meta']
[0.141s] Level 1:colcon.colcon_core.package_identification:_identify(hard/Print/02_13) by extension 'colcon_meta'
[0.141s] Level 1:colcon.colcon_core.package_identification:_identify(hard/Print/02_13) by extensions ['ros']
[0.141s] Level 1:colcon.colcon_core.package_identification:_identify(hard/Print/02_13) by extension 'ros'
[0.141s] Level 1:colcon.colcon_core.package_identification:_identify(hard/Print/02_13) by extensions ['cmake', 'python']
[0.141s] Level 1:colcon.colcon_core.package_identification:_identify(hard/Print/02_13) by extension 'cmake'
[0.141s] Level 1:colcon.colcon_core.package_identification:_identify(hard/Print/02_13) by extension 'python'
[0.141s] Level 1:colcon.colcon_core.package_identification:_identify(hard/Print/02_13) by extensions ['python_setup_py']
[0.141s] Level 1:colcon.colcon_core.package_identification:_identify(hard/Print/02_13) by extension 'python_setup_py'
[0.141s] Level 1:colcon.colcon_core.package_identification:_identify(hard/Print/02_15) by extensions ['ignore', 'ignore_ament_install']
[0.141s] Level 1:colcon.colcon_core.package_identification:_identify(hard/Print/02_15) by extension 'ignore'
[0.141s] Level 1:colcon.colcon_core.package_identification:_identify(hard/Print/02_15) by extension 'ignore_ament_install'
[0.141s] Level 1:colcon.colcon_core.package_identification:_identify(hard/Print/02_15) by extensions ['colcon_pkg']
[0.141s] Level 1:colcon.colcon_core.package_identification:_identify(hard/Print/02_15) by extension 'colcon_pkg'
[0.141s] Level 1:colcon.colcon_core.package_identification:_identify(hard/Print/02_15) by extensions ['colcon_meta']
[0.141s] Level 1:colcon.colcon_core.package_identification:_identify(hard/Print/02_15) by extension 'colcon_meta'
[0.141s] Level 1:colcon.colcon_core.package_identification:_identify(hard/Print/02_15) by extensions ['ros']
[0.141s] Level 1:colcon.colcon_core.package_identification:_identify(hard/Print/02_15) by extension 'ros'
[0.141s] Level 1:colcon.colcon_core.package_identification:_identify(hard/Print/02_15) by extensions ['cmake', 'python']
[0.141s] Level 1:colcon.colcon_core.package_identification:_identify(hard/Print/02_15) by extension 'cmake'
[0.141s] Level 1:colcon.colcon_core.package_identification:_identify(hard/Print/02_15) by extension 'python'
[0.141s] Level 1:colcon.colcon_core.package_identification:_identify(hard/Print/02_15) by extensions ['python_setup_py']
[0.141s] Level 1:colcon.colcon_core.package_identification:_identify(hard/Print/02_15) by extension 'python_setup_py'
[0.141s] Level 1:colcon.colcon_core.package_identification:_identify(hard/Print/02_15/OldVersions) by extensions ['ignore', 'ignore_ament_install']
[0.141s] Level 1:colcon.colcon_core.package_identification:_identify(hard/Print/02_15/OldVersions) by extension 'ignore'
[0.141s] Level 1:colcon.colcon_core.package_identification:_identify(hard/Print/02_15/OldVersions) by extension 'ignore_ament_install'
[0.141s] Level 1:colcon.colcon_core.package_identification:_identify(hard/Print/02_15/OldVersions) by extensions ['colcon_pkg']
[0.141s] Level 1:colcon.colcon_core.package_identification:_identify(hard/Print/02_15/OldVersions) by extension 'colcon_pkg'
[0.141s] Level 1:colcon.colcon_core.package_identification:_identify(hard/Print/02_15/OldVersions) by extensions ['colcon_meta']
[0.141s] Level 1:colcon.colcon_core.package_identification:_identify(hard/Print/02_15/OldVersions) by extension 'colcon_meta'
[0.141s] Level 1:colcon.colcon_core.package_identification:_identify(hard/Print/02_15/OldVersions) by extensions ['ros']
[0.141s] Level 1:colcon.colcon_core.package_identification:_identify(hard/Print/02_15/OldVersions) by extension 'ros'
[0.141s] Level 1:colcon.colcon_core.package_identification:_identify(hard/Print/02_15/OldVersions) by extensions ['cmake', 'python']
[0.141s] Level 1:colcon.colcon_core.package_identification:_identify(hard/Print/02_15/OldVersions) by extension 'cmake'
[0.142s] Level 1:colcon.colcon_core.package_identification:_identify(hard/Print/02_15/OldVersions) by extension 'python'
[0.142s] Level 1:colcon.colcon_core.package_identification:_identify(hard/Print/02_15/OldVersions) by extensions ['python_setup_py']
[0.142s] Level 1:colcon.colcon_core.package_identification:_identify(hard/Print/02_15/OldVersions) by extension 'python_setup_py'
[0.142s] Level 1:colcon.colcon_core.package_identification:_identify(hard/Print/02_15_2) by extensions ['ignore', 'ignore_ament_install']
[0.142s] Level 1:colcon.colcon_core.package_identification:_identify(hard/Print/02_15_2) by extension 'ignore'
[0.142s] Level 1:colcon.colcon_core.package_identification:_identify(hard/Print/02_15_2) by extension 'ignore_ament_install'
[0.142s] Level 1:colcon.colcon_core.package_identification:_identify(hard/Print/02_15_2) by extensions ['colcon_pkg']
[0.142s] Level 1:colcon.colcon_core.package_identification:_identify(hard/Print/02_15_2) by extension 'colcon_pkg'
[0.142s] Level 1:colcon.colcon_core.package_identification:_identify(hard/Print/02_15_2) by extensions ['colcon_meta']
[0.142s] Level 1:colcon.colcon_core.package_identification:_identify(hard/Print/02_15_2) by extension 'colcon_meta'
[0.142s] Level 1:colcon.colcon_core.package_identification:_identify(hard/Print/02_15_2) by extensions ['ros']
[0.142s] Level 1:colcon.colcon_core.package_identification:_identify(hard/Print/02_15_2) by extension 'ros'
[0.142s] Level 1:colcon.colcon_core.package_identification:_identify(hard/Print/02_15_2) by extensions ['cmake', 'python']
[0.142s] Level 1:colcon.colcon_core.package_identification:_identify(hard/Print/02_15_2) by extension 'cmake'
[0.142s] Level 1:colcon.colcon_core.package_identification:_identify(hard/Print/02_15_2) by extension 'python'
[0.142s] Level 1:colcon.colcon_core.package_identification:_identify(hard/Print/02_15_2) by extensions ['python_setup_py']
[0.142s] Level 1:colcon.colcon_core.package_identification:_identify(hard/Print/02_15_2) by extension 'python_setup_py'
[0.142s] Level 1:colcon.colcon_core.package_identification:_identify(hard/Print/02_17) by extensions ['ignore', 'ignore_ament_install']
[0.142s] Level 1:colcon.colcon_core.package_identification:_identify(hard/Print/02_17) by extension 'ignore'
[0.142s] Level 1:colcon.colcon_core.package_identification:_identify(hard/Print/02_17) by extension 'ignore_ament_install'
[0.142s] Level 1:colcon.colcon_core.package_identification:_identify(hard/Print/02_17) by extensions ['colcon_pkg']
[0.142s] Level 1:colcon.colcon_core.package_identification:_identify(hard/Print/02_17) by extension 'colcon_pkg'
[0.142s] Level 1:colcon.colcon_core.package_identification:_identify(hard/Print/02_17) by extensions ['colcon_meta']
[0.142s] Level 1:colcon.colcon_core.package_identification:_identify(hard/Print/02_17) by extension 'colcon_meta'
[0.142s] Level 1:colcon.colcon_core.package_identification:_identify(hard/Print/02_17) by extensions ['ros']
[0.142s] Level 1:colcon.colcon_core.package_identification:_identify(hard/Print/02_17) by extension 'ros'
[0.142s] Level 1:colcon.colcon_core.package_identification:_identify(hard/Print/02_17) by extensions ['cmake', 'python']
[0.142s] Level 1:colcon.colcon_core.package_identification:_identify(hard/Print/02_17) by extension 'cmake'
[0.142s] Level 1:colcon.colcon_core.package_identification:_identify(hard/Print/02_17) by extension 'python'
[0.142s] Level 1:colcon.colcon_core.package_identification:_identify(hard/Print/02_17) by extensions ['python_setup_py']
[0.142s] Level 1:colcon.colcon_core.package_identification:_identify(hard/Print/02_17) by extension 'python_setup_py'
[0.142s] Level 1:colcon.colcon_core.package_identification:_identify(hard/Print/02_18) by extensions ['ignore', 'ignore_ament_install']
[0.142s] Level 1:colcon.colcon_core.package_identification:_identify(hard/Print/02_18) by extension 'ignore'
[0.142s] Level 1:colcon.colcon_core.package_identification:_identify(hard/Print/02_18) by extension 'ignore_ament_install'
[0.142s] Level 1:colcon.colcon_core.package_identification:_identify(hard/Print/02_18) by extensions ['colcon_pkg']
[0.142s] Level 1:colcon.colcon_core.package_identification:_identify(hard/Print/02_18) by extension 'colcon_pkg'
[0.142s] Level 1:colcon.colcon_core.package_identification:_identify(hard/Print/02_18) by extensions ['colcon_meta']
[0.142s] Level 1:colcon.colcon_core.package_identification:_identify(hard/Print/02_18) by extension 'colcon_meta'
[0.142s] Level 1:colcon.colcon_core.package_identification:_identify(hard/Print/02_18) by extensions ['ros']
[0.142s] Level 1:colcon.colcon_core.package_identification:_identify(hard/Print/02_18) by extension 'ros'
[0.142s] Level 1:colcon.colcon_core.package_identification:_identify(hard/Print/02_18) by extensions ['cmake', 'python']
[0.142s] Level 1:colcon.colcon_core.package_identification:_identify(hard/Print/02_18) by extension 'cmake'
[0.143s] Level 1:colcon.colcon_core.package_identification:_identify(hard/Print/02_18) by extension 'python'
[0.143s] Level 1:colcon.colcon_core.package_identification:_identify(hard/Print/02_18) by extensions ['python_setup_py']
[0.143s] Level 1:colcon.colcon_core.package_identification:_identify(hard/Print/02_18) by extension 'python_setup_py'
[0.143s] Level 1:colcon.colcon_core.package_identification:_identify(hard/Print/02_18/OldVersions) by extensions ['ignore', 'ignore_ament_install']
[0.143s] Level 1:colcon.colcon_core.package_identification:_identify(hard/Print/02_18/OldVersions) by extension 'ignore'
[0.143s] Level 1:colcon.colcon_core.package_identification:_identify(hard/Print/02_18/OldVersions) by extension 'ignore_ament_install'
[0.143s] Level 1:colcon.colcon_core.package_identification:_identify(hard/Print/02_18/OldVersions) by extensions ['colcon_pkg']
[0.143s] Level 1:colcon.colcon_core.package_identification:_identify(hard/Print/02_18/OldVersions) by extension 'colcon_pkg'
[0.143s] Level 1:colcon.colcon_core.package_identification:_identify(hard/Print/02_18/OldVersions) by extensions ['colcon_meta']
[0.143s] Level 1:colcon.colcon_core.package_identification:_identify(hard/Print/02_18/OldVersions) by extension 'colcon_meta'
[0.143s] Level 1:colcon.colcon_core.package_identification:_identify(hard/Print/02_18/OldVersions) by extensions ['ros']
[0.143s] Level 1:colcon.colcon_core.package_identification:_identify(hard/Print/02_18/OldVersions) by extension 'ros'
[0.143s] Level 1:colcon.colcon_core.package_identification:_identify(hard/Print/02_18/OldVersions) by extensions ['cmake', 'python']
[0.143s] Level 1:colcon.colcon_core.package_identification:_identify(hard/Print/02_18/OldVersions) by extension 'cmake'
[0.143s] Level 1:colcon.colcon_core.package_identification:_identify(hard/Print/02_18/OldVersions) by extension 'python'
[0.143s] Level 1:colcon.colcon_core.package_identification:_identify(hard/Print/02_18/OldVersions) by extensions ['python_setup_py']
[0.143s] Level 1:colcon.colcon_core.package_identification:_identify(hard/Print/02_18/OldVersions) by extension 'python_setup_py'
[0.143s] Level 1:colcon.colcon_core.package_identification:_identify(hard/Print/02_26) by extensions ['ignore', 'ignore_ament_install']
[0.143s] Level 1:colcon.colcon_core.package_identification:_identify(hard/Print/02_26) by extension 'ignore'
[0.143s] Level 1:colcon.colcon_core.package_identification:_identify(hard/Print/02_26) by extension 'ignore_ament_install'
[0.143s] Level 1:colcon.colcon_core.package_identification:_identify(hard/Print/02_26) by extensions ['colcon_pkg']
[0.143s] Level 1:colcon.colcon_core.package_identification:_identify(hard/Print/02_26) by extension 'colcon_pkg'
[0.143s] Level 1:colcon.colcon_core.package_identification:_identify(hard/Print/02_26) by extensions ['colcon_meta']
[0.143s] Level 1:colcon.colcon_core.package_identification:_identify(hard/Print/02_26) by extension 'colcon_meta'
[0.143s] Level 1:colcon.colcon_core.package_identification:_identify(hard/Print/02_26) by extensions ['ros']
[0.143s] Level 1:colcon.colcon_core.package_identification:_identify(hard/Print/02_26) by extension 'ros'
[0.143s] Level 1:colcon.colcon_core.package_identification:_identify(hard/Print/02_26) by extensions ['cmake', 'python']
[0.143s] Level 1:colcon.colcon_core.package_identification:_identify(hard/Print/02_26) by extension 'cmake'
[0.143s] Level 1:colcon.colcon_core.package_identification:_identify(hard/Print/02_26) by extension 'python'
[0.143s] Level 1:colcon.colcon_core.package_identification:_identify(hard/Print/02_26) by extensions ['python_setup_py']
[0.143s] Level 1:colcon.colcon_core.package_identification:_identify(hard/Print/02_26) by extension 'python_setup_py'
[0.143s] Level 1:colcon.colcon_core.package_identification:_identify(hard/Print/02_26_2) by extensions ['ignore', 'ignore_ament_install']
[0.143s] Level 1:colcon.colcon_core.package_identification:_identify(hard/Print/02_26_2) by extension 'ignore'
[0.143s] Level 1:colcon.colcon_core.package_identification:_identify(hard/Print/02_26_2) by extension 'ignore_ament_install'
[0.143s] Level 1:colcon.colcon_core.package_identification:_identify(hard/Print/02_26_2) by extensions ['colcon_pkg']
[0.143s] Level 1:colcon.colcon_core.package_identification:_identify(hard/Print/02_26_2) by extension 'colcon_pkg'
[0.143s] Level 1:colcon.colcon_core.package_identification:_identify(hard/Print/02_26_2) by extensions ['colcon_meta']
[0.143s] Level 1:colcon.colcon_core.package_identification:_identify(hard/Print/02_26_2) by extension 'colcon_meta'
[0.143s] Level 1:colcon.colcon_core.package_identification:_identify(hard/Print/02_26_2) by extensions ['ros']
[0.143s] Level 1:colcon.colcon_core.package_identification:_identify(hard/Print/02_26_2) by extension 'ros'
[0.143s] Level 1:colcon.colcon_core.package_identification:_identify(hard/Print/02_26_2) by extensions ['cmake', 'python']
[0.143s] Level 1:colcon.colcon_core.package_identification:_identify(hard/Print/02_26_2) by extension 'cmake'
[0.144s] Level 1:colcon.colcon_core.package_identification:_identify(hard/Print/02_26_2) by extension 'python'
[0.144s] Level 1:colcon.colcon_core.package_identification:_identify(hard/Print/02_26_2) by extensions ['python_setup_py']
[0.144s] Level 1:colcon.colcon_core.package_identification:_identify(hard/Print/02_26_2) by extension 'python_setup_py'
[0.144s] Level 1:colcon.colcon_core.package_identification:_identify(hard/Print/02_27) by extensions ['ignore', 'ignore_ament_install']
[0.144s] Level 1:colcon.colcon_core.package_identification:_identify(hard/Print/02_27) by extension 'ignore'
[0.144s] Level 1:colcon.colcon_core.package_identification:_identify(hard/Print/02_27) by extension 'ignore_ament_install'
[0.144s] Level 1:colcon.colcon_core.package_identification:_identify(hard/Print/02_27) by extensions ['colcon_pkg']
[0.144s] Level 1:colcon.colcon_core.package_identification:_identify(hard/Print/02_27) by extension 'colcon_pkg'
[0.144s] Level 1:colcon.colcon_core.package_identification:_identify(hard/Print/02_27) by extensions ['colcon_meta']
[0.144s] Level 1:colcon.colcon_core.package_identification:_identify(hard/Print/02_27) by extension 'colcon_meta'
[0.144s] Level 1:colcon.colcon_core.package_identification:_identify(hard/Print/02_27) by extensions ['ros']
[0.144s] Level 1:colcon.colcon_core.package_identification:_identify(hard/Print/02_27) by extension 'ros'
[0.144s] Level 1:colcon.colcon_core.package_identification:_identify(hard/Print/02_27) by extensions ['cmake', 'python']
[0.144s] Level 1:colcon.colcon_core.package_identification:_identify(hard/Print/02_27) by extension 'cmake'
[0.144s] Level 1:colcon.colcon_core.package_identification:_identify(hard/Print/02_27) by extension 'python'
[0.144s] Level 1:colcon.colcon_core.package_identification:_identify(hard/Print/02_27) by extensions ['python_setup_py']
[0.144s] Level 1:colcon.colcon_core.package_identification:_identify(hard/Print/02_27) by extension 'python_setup_py'
[0.144s] Level 1:colcon.colcon_core.package_identification:_identify(hard/Print/02_28) by extensions ['ignore', 'ignore_ament_install']
[0.144s] Level 1:colcon.colcon_core.package_identification:_identify(hard/Print/02_28) by extension 'ignore'
[0.144s] Level 1:colcon.colcon_core.package_identification:_identify(hard/Print/02_28) by extension 'ignore_ament_install'
[0.144s] Level 1:colcon.colcon_core.package_identification:_identify(hard/Print/02_28) by extensions ['colcon_pkg']
[0.144s] Level 1:colcon.colcon_core.package_identification:_identify(hard/Print/02_28) by extension 'colcon_pkg'
[0.144s] Level 1:colcon.colcon_core.package_identification:_identify(hard/Print/02_28) by extensions ['colcon_meta']
[0.144s] Level 1:colcon.colcon_core.package_identification:_identify(hard/Print/02_28) by extension 'colcon_meta'
[0.144s] Level 1:colcon.colcon_core.package_identification:_identify(hard/Print/02_28) by extensions ['ros']
[0.144s] Level 1:colcon.colcon_core.package_identification:_identify(hard/Print/02_28) by extension 'ros'
[0.144s] Level 1:colcon.colcon_core.package_identification:_identify(hard/Print/02_28) by extensions ['cmake', 'python']
[0.144s] Level 1:colcon.colcon_core.package_identification:_identify(hard/Print/02_28) by extension 'cmake'
[0.144s] Level 1:colcon.colcon_core.package_identification:_identify(hard/Print/02_28) by extension 'python'
[0.145s] Level 1:colcon.colcon_core.package_identification:_identify(hard/Print/02_28) by extensions ['python_setup_py']
[0.145s] Level 1:colcon.colcon_core.package_identification:_identify(hard/Print/02_28) by extension 'python_setup_py'
[0.145s] Level 1:colcon.colcon_core.package_identification:_identify(hard/Print/02_29) by extensions ['ignore', 'ignore_ament_install']
[0.145s] Level 1:colcon.colcon_core.package_identification:_identify(hard/Print/02_29) by extension 'ignore'
[0.145s] Level 1:colcon.colcon_core.package_identification:_identify(hard/Print/02_29) by extension 'ignore_ament_install'
[0.145s] Level 1:colcon.colcon_core.package_identification:_identify(hard/Print/02_29) by extensions ['colcon_pkg']
[0.145s] Level 1:colcon.colcon_core.package_identification:_identify(hard/Print/02_29) by extension 'colcon_pkg'
[0.145s] Level 1:colcon.colcon_core.package_identification:_identify(hard/Print/02_29) by extensions ['colcon_meta']
[0.145s] Level 1:colcon.colcon_core.package_identification:_identify(hard/Print/02_29) by extension 'colcon_meta'
[0.145s] Level 1:colcon.colcon_core.package_identification:_identify(hard/Print/02_29) by extensions ['ros']
[0.145s] Level 1:colcon.colcon_core.package_identification:_identify(hard/Print/02_29) by extension 'ros'
[0.145s] Level 1:colcon.colcon_core.package_identification:_identify(hard/Print/02_29) by extensions ['cmake', 'python']
[0.145s] Level 1:colcon.colcon_core.package_identification:_identify(hard/Print/02_29) by extension 'cmake'
[0.145s] Level 1:colcon.colcon_core.package_identification:_identify(hard/Print/02_29) by extension 'python'
[0.145s] Level 1:colcon.colcon_core.package_identification:_identify(hard/Print/02_29) by extensions ['python_setup_py']
[0.145s] Level 1:colcon.colcon_core.package_identification:_identify(hard/Print/02_29) by extension 'python_setup_py'
[0.145s] Level 1:colcon.colcon_core.package_identification:_identify(hard/Print/03_01) by extensions ['ignore', 'ignore_ament_install']
[0.145s] Level 1:colcon.colcon_core.package_identification:_identify(hard/Print/03_01) by extension 'ignore'
[0.145s] Level 1:colcon.colcon_core.package_identification:_identify(hard/Print/03_01) by extension 'ignore_ament_install'
[0.145s] Level 1:colcon.colcon_core.package_identification:_identify(hard/Print/03_01) by extensions ['colcon_pkg']
[0.145s] Level 1:colcon.colcon_core.package_identification:_identify(hard/Print/03_01) by extension 'colcon_pkg'
[0.145s] Level 1:colcon.colcon_core.package_identification:_identify(hard/Print/03_01) by extensions ['colcon_meta']
[0.145s] Level 1:colcon.colcon_core.package_identification:_identify(hard/Print/03_01) by extension 'colcon_meta'
[0.145s] Level 1:colcon.colcon_core.package_identification:_identify(hard/Print/03_01) by extensions ['ros']
[0.145s] Level 1:colcon.colcon_core.package_identification:_identify(hard/Print/03_01) by extension 'ros'
[0.145s] Level 1:colcon.colcon_core.package_identification:_identify(hard/Print/03_01) by extensions ['cmake', 'python']
[0.145s] Level 1:colcon.colcon_core.package_identification:_identify(hard/Print/03_01) by extension 'cmake'
[0.145s] Level 1:colcon.colcon_core.package_identification:_identify(hard/Print/03_01) by extension 'python'
[0.145s] Level 1:colcon.colcon_core.package_identification:_identify(hard/Print/03_01) by extensions ['python_setup_py']
[0.145s] Level 1:colcon.colcon_core.package_identification:_identify(hard/Print/03_01) by extension 'python_setup_py'
[0.145s] Level 1:colcon.colcon_core.package_identification:_identify(hard/Print/03_02) by extensions ['ignore', 'ignore_ament_install']
[0.145s] Level 1:colcon.colcon_core.package_identification:_identify(hard/Print/03_02) by extension 'ignore'
[0.146s] Level 1:colcon.colcon_core.package_identification:_identify(hard/Print/03_02) by extension 'ignore_ament_install'
[0.146s] Level 1:colcon.colcon_core.package_identification:_identify(hard/Print/03_02) by extensions ['colcon_pkg']
[0.146s] Level 1:colcon.colcon_core.package_identification:_identify(hard/Print/03_02) by extension 'colcon_pkg'
[0.146s] Level 1:colcon.colcon_core.package_identification:_identify(hard/Print/03_02) by extensions ['colcon_meta']
[0.146s] Level 1:colcon.colcon_core.package_identification:_identify(hard/Print/03_02) by extension 'colcon_meta'
[0.146s] Level 1:colcon.colcon_core.package_identification:_identify(hard/Print/03_02) by extensions ['ros']
[0.146s] Level 1:colcon.colcon_core.package_identification:_identify(hard/Print/03_02) by extension 'ros'
[0.146s] Level 1:colcon.colcon_core.package_identification:_identify(hard/Print/03_02) by extensions ['cmake', 'python']
[0.146s] Level 1:colcon.colcon_core.package_identification:_identify(hard/Print/03_02) by extension 'cmake'
[0.146s] Level 1:colcon.colcon_core.package_identification:_identify(hard/Print/03_02) by extension 'python'
[0.146s] Level 1:colcon.colcon_core.package_identification:_identify(hard/Print/03_02) by extensions ['python_setup_py']
[0.146s] Level 1:colcon.colcon_core.package_identification:_identify(hard/Print/03_02) by extension 'python_setup_py'
[0.146s] Level 1:colcon.colcon_core.package_identification:_identify(hard/Print/03_02/OldVersions) by extensions ['ignore', 'ignore_ament_install']
[0.146s] Level 1:colcon.colcon_core.package_identification:_identify(hard/Print/03_02/OldVersions) by extension 'ignore'
[0.146s] Level 1:colcon.colcon_core.package_identification:_identify(hard/Print/03_02/OldVersions) by extension 'ignore_ament_install'
[0.146s] Level 1:colcon.colcon_core.package_identification:_identify(hard/Print/03_02/OldVersions) by extensions ['colcon_pkg']
[0.146s] Level 1:colcon.colcon_core.package_identification:_identify(hard/Print/03_02/OldVersions) by extension 'colcon_pkg'
[0.146s] Level 1:colcon.colcon_core.package_identification:_identify(hard/Print/03_02/OldVersions) by extensions ['colcon_meta']
[0.146s] Level 1:colcon.colcon_core.package_identification:_identify(hard/Print/03_02/OldVersions) by extension 'colcon_meta'
[0.146s] Level 1:colcon.colcon_core.package_identification:_identify(hard/Print/03_02/OldVersions) by extensions ['ros']
[0.146s] Level 1:colcon.colcon_core.package_identification:_identify(hard/Print/03_02/OldVersions) by extension 'ros'
[0.146s] Level 1:colcon.colcon_core.package_identification:_identify(hard/Print/03_02/OldVersions) by extensions ['cmake', 'python']
[0.146s] Level 1:colcon.colcon_core.package_identification:_identify(hard/Print/03_02/OldVersions) by extension 'cmake'
[0.146s] Level 1:colcon.colcon_core.package_identification:_identify(hard/Print/03_02/OldVersions) by extension 'python'
[0.146s] Level 1:colcon.colcon_core.package_identification:_identify(hard/Print/03_02/OldVersions) by extensions ['python_setup_py']
[0.146s] Level 1:colcon.colcon_core.package_identification:_identify(hard/Print/03_02/OldVersions) by extension 'python_setup_py'
[0.146s] Level 1:colcon.colcon_core.package_identification:_identify(hard/Print/10_11) by extensions ['ignore', 'ignore_ament_install']
[0.146s] Level 1:colcon.colcon_core.package_identification:_identify(hard/Print/10_11) by extension 'ignore'
[0.146s] Level 1:colcon.colcon_core.package_identification:_identify(hard/Print/10_11) by extension 'ignore_ament_install'
[0.146s] Level 1:colcon.colcon_core.package_identification:_identify(hard/Print/10_11) by extensions ['colcon_pkg']
[0.146s] Level 1:colcon.colcon_core.package_identification:_identify(hard/Print/10_11) by extension 'colcon_pkg'
[0.146s] Level 1:colcon.colcon_core.package_identification:_identify(hard/Print/10_11) by extensions ['colcon_meta']
[0.146s] Level 1:colcon.colcon_core.package_identification:_identify(hard/Print/10_11) by extension 'colcon_meta'
[0.146s] Level 1:colcon.colcon_core.package_identification:_identify(hard/Print/10_11) by extensions ['ros']
[0.146s] Level 1:colcon.colcon_core.package_identification:_identify(hard/Print/10_11) by extension 'ros'
[0.146s] Level 1:colcon.colcon_core.package_identification:_identify(hard/Print/10_11) by extensions ['cmake', 'python']
[0.146s] Level 1:colcon.colcon_core.package_identification:_identify(hard/Print/10_11) by extension 'cmake'
[0.146s] Level 1:colcon.colcon_core.package_identification:_identify(hard/Print/10_11) by extension 'python'
[0.146s] Level 1:colcon.colcon_core.package_identification:_identify(hard/Print/10_11) by extensions ['python_setup_py']
[0.146s] Level 1:colcon.colcon_core.package_identification:_identify(hard/Print/10_11) by extension 'python_setup_py'
[0.146s] Level 1:colcon.colcon_core.package_identification:_identify(hard/Print/10_11/OldVersions) by extensions ['ignore', 'ignore_ament_install']
[0.146s] Level 1:colcon.colcon_core.package_identification:_identify(hard/Print/10_11/OldVersions) by extension 'ignore'
[0.147s] Level 1:colcon.colcon_core.package_identification:_identify(hard/Print/10_11/OldVersions) by extension 'ignore_ament_install'
[0.147s] Level 1:colcon.colcon_core.package_identification:_identify(hard/Print/10_11/OldVersions) by extensions ['colcon_pkg']
[0.147s] Level 1:colcon.colcon_core.package_identification:_identify(hard/Print/10_11/OldVersions) by extension 'colcon_pkg'
[0.147s] Level 1:colcon.colcon_core.package_identification:_identify(hard/Print/10_11/OldVersions) by extensions ['colcon_meta']
[0.147s] Level 1:colcon.colcon_core.package_identification:_identify(hard/Print/10_11/OldVersions) by extension 'colcon_meta'
[0.147s] Level 1:colcon.colcon_core.package_identification:_identify(hard/Print/10_11/OldVersions) by extensions ['ros']
[0.147s] Level 1:colcon.colcon_core.package_identification:_identify(hard/Print/10_11/OldVersions) by extension 'ros'
[0.147s] Level 1:colcon.colcon_core.package_identification:_identify(hard/Print/10_11/OldVersions) by extensions ['cmake', 'python']
[0.147s] Level 1:colcon.colcon_core.package_identification:_identify(hard/Print/10_11/OldVersions) by extension 'cmake'
[0.147s] Level 1:colcon.colcon_core.package_identification:_identify(hard/Print/10_11/OldVersions) by extension 'python'
[0.147s] Level 1:colcon.colcon_core.package_identification:_identify(hard/Print/10_11/OldVersions) by extensions ['python_setup_py']
[0.147s] Level 1:colcon.colcon_core.package_identification:_identify(hard/Print/10_11/OldVersions) by extension 'python_setup_py'
[0.147s] Level 1:colcon.colcon_core.package_identification:_identify(hard/Print/10_12) by extensions ['ignore', 'ignore_ament_install']
[0.147s] Level 1:colcon.colcon_core.package_identification:_identify(hard/Print/10_12) by extension 'ignore'
[0.147s] Level 1:colcon.colcon_core.package_identification:_identify(hard/Print/10_12) by extension 'ignore_ament_install'
[0.147s] Level 1:colcon.colcon_core.package_identification:_identify(hard/Print/10_12) by extensions ['colcon_pkg']
[0.147s] Level 1:colcon.colcon_core.package_identification:_identify(hard/Print/10_12) by extension 'colcon_pkg'
[0.147s] Level 1:colcon.colcon_core.package_identification:_identify(hard/Print/10_12) by extensions ['colcon_meta']
[0.147s] Level 1:colcon.colcon_core.package_identification:_identify(hard/Print/10_12) by extension 'colcon_meta'
[0.147s] Level 1:colcon.colcon_core.package_identification:_identify(hard/Print/10_12) by extensions ['ros']
[0.147s] Level 1:colcon.colcon_core.package_identification:_identify(hard/Print/10_12) by extension 'ros'
[0.147s] Level 1:colcon.colcon_core.package_identification:_identify(hard/Print/10_12) by extensions ['cmake', 'python']
[0.147s] Level 1:colcon.colcon_core.package_identification:_identify(hard/Print/10_12) by extension 'cmake'
[0.147s] Level 1:colcon.colcon_core.package_identification:_identify(hard/Print/10_12) by extension 'python'
[0.147s] Level 1:colcon.colcon_core.package_identification:_identify(hard/Print/10_12) by extensions ['python_setup_py']
[0.147s] Level 1:colcon.colcon_core.package_identification:_identify(hard/Print/10_12) by extension 'python_setup_py'
[0.147s] Level 1:colcon.colcon_core.package_identification:_identify(hard/Print/10_13) by extensions ['ignore', 'ignore_ament_install']
[0.147s] Level 1:colcon.colcon_core.package_identification:_identify(hard/Print/10_13) by extension 'ignore'
[0.147s] Level 1:colcon.colcon_core.package_identification:_identify(hard/Print/10_13) by extension 'ignore_ament_install'
[0.147s] Level 1:colcon.colcon_core.package_identification:_identify(hard/Print/10_13) by extensions ['colcon_pkg']
[0.147s] Level 1:colcon.colcon_core.package_identification:_identify(hard/Print/10_13) by extension 'colcon_pkg'
[0.147s] Level 1:colcon.colcon_core.package_identification:_identify(hard/Print/10_13) by extensions ['colcon_meta']
[0.147s] Level 1:colcon.colcon_core.package_identification:_identify(hard/Print/10_13) by extension 'colcon_meta'
[0.147s] Level 1:colcon.colcon_core.package_identification:_identify(hard/Print/10_13) by extensions ['ros']
[0.147s] Level 1:colcon.colcon_core.package_identification:_identify(hard/Print/10_13) by extension 'ros'
[0.147s] Level 1:colcon.colcon_core.package_identification:_identify(hard/Print/10_13) by extensions ['cmake', 'python']
[0.147s] Level 1:colcon.colcon_core.package_identification:_identify(hard/Print/10_13) by extension 'cmake'
[0.147s] Level 1:colcon.colcon_core.package_identification:_identify(hard/Print/10_13) by extension 'python'
[0.147s] Level 1:colcon.colcon_core.package_identification:_identify(hard/Print/10_13) by extensions ['python_setup_py']
[0.147s] Level 1:colcon.colcon_core.package_identification:_identify(hard/Print/10_13) by extension 'python_setup_py'
[0.147s] Level 1:colcon.colcon_core.package_identification:_identify(hard/Print/10_21) by extensions ['ignore', 'ignore_ament_install']
[0.147s] Level 1:colcon.colcon_core.package_identification:_identify(hard/Print/10_21) by extension 'ignore'
[0.147s] Level 1:colcon.colcon_core.package_identification:_identify(hard/Print/10_21) by extension 'ignore_ament_install'
[0.148s] Level 1:colcon.colcon_core.package_identification:_identify(hard/Print/10_21) by extensions ['colcon_pkg']
[0.148s] Level 1:colcon.colcon_core.package_identification:_identify(hard/Print/10_21) by extension 'colcon_pkg'
[0.148s] Level 1:colcon.colcon_core.package_identification:_identify(hard/Print/10_21) by extensions ['colcon_meta']
[0.148s] Level 1:colcon.colcon_core.package_identification:_identify(hard/Print/10_21) by extension 'colcon_meta'
[0.148s] Level 1:colcon.colcon_core.package_identification:_identify(hard/Print/10_21) by extensions ['ros']
[0.148s] Level 1:colcon.colcon_core.package_identification:_identify(hard/Print/10_21) by extension 'ros'
[0.148s] Level 1:colcon.colcon_core.package_identification:_identify(hard/Print/10_21) by extensions ['cmake', 'python']
[0.148s] Level 1:colcon.colcon_core.package_identification:_identify(hard/Print/10_21) by extension 'cmake'
[0.148s] Level 1:colcon.colcon_core.package_identification:_identify(hard/Print/10_21) by extension 'python'
[0.148s] Level 1:colcon.colcon_core.package_identification:_identify(hard/Print/10_21) by extensions ['python_setup_py']
[0.148s] Level 1:colcon.colcon_core.package_identification:_identify(hard/Print/10_21) by extension 'python_setup_py'
[0.148s] Level 1:colcon.colcon_core.package_identification:_identify(hard/Print/10_21/OldVersions) by extensions ['ignore', 'ignore_ament_install']
[0.148s] Level 1:colcon.colcon_core.package_identification:_identify(hard/Print/10_21/OldVersions) by extension 'ignore'
[0.148s] Level 1:colcon.colcon_core.package_identification:_identify(hard/Print/10_21/OldVersions) by extension 'ignore_ament_install'
[0.148s] Level 1:colcon.colcon_core.package_identification:_identify(hard/Print/10_21/OldVersions) by extensions ['colcon_pkg']
[0.148s] Level 1:colcon.colcon_core.package_identification:_identify(hard/Print/10_21/OldVersions) by extension 'colcon_pkg'
[0.148s] Level 1:colcon.colcon_core.package_identification:_identify(hard/Print/10_21/OldVersions) by extensions ['colcon_meta']
[0.148s] Level 1:colcon.colcon_core.package_identification:_identify(hard/Print/10_21/OldVersions) by extension 'colcon_meta'
[0.148s] Level 1:colcon.colcon_core.package_identification:_identify(hard/Print/10_21/OldVersions) by extensions ['ros']
[0.148s] Level 1:colcon.colcon_core.package_identification:_identify(hard/Print/10_21/OldVersions) by extension 'ros'
[0.148s] Level 1:colcon.colcon_core.package_identification:_identify(hard/Print/10_21/OldVersions) by extensions ['cmake', 'python']
[0.148s] Level 1:colcon.colcon_core.package_identification:_identify(hard/Print/10_21/OldVersions) by extension 'cmake'
[0.148s] Level 1:colcon.colcon_core.package_identification:_identify(hard/Print/10_21/OldVersions) by extension 'python'
[0.148s] Level 1:colcon.colcon_core.package_identification:_identify(hard/Print/10_21/OldVersions) by extensions ['python_setup_py']
[0.148s] Level 1:colcon.colcon_core.package_identification:_identify(hard/Print/10_21/OldVersions) by extension 'python_setup_py'
[0.148s] Level 1:colcon.colcon_core.package_identification:_identify(hard/Print/10_22) by extensions ['ignore', 'ignore_ament_install']
[0.148s] Level 1:colcon.colcon_core.package_identification:_identify(hard/Print/10_22) by extension 'ignore'
[0.148s] Level 1:colcon.colcon_core.package_identification:_identify(hard/Print/10_22) by extension 'ignore_ament_install'
[0.148s] Level 1:colcon.colcon_core.package_identification:_identify(hard/Print/10_22) by extensions ['colcon_pkg']
[0.148s] Level 1:colcon.colcon_core.package_identification:_identify(hard/Print/10_22) by extension 'colcon_pkg'
[0.148s] Level 1:colcon.colcon_core.package_identification:_identify(hard/Print/10_22) by extensions ['colcon_meta']
[0.148s] Level 1:colcon.colcon_core.package_identification:_identify(hard/Print/10_22) by extension 'colcon_meta'
[0.148s] Level 1:colcon.colcon_core.package_identification:_identify(hard/Print/10_22) by extensions ['ros']
[0.148s] Level 1:colcon.colcon_core.package_identification:_identify(hard/Print/10_22) by extension 'ros'
[0.148s] Level 1:colcon.colcon_core.package_identification:_identify(hard/Print/10_22) by extensions ['cmake', 'python']
[0.148s] Level 1:colcon.colcon_core.package_identification:_identify(hard/Print/10_22) by extension 'cmake'
[0.148s] Level 1:colcon.colcon_core.package_identification:_identify(hard/Print/10_22) by extension 'python'
[0.148s] Level 1:colcon.colcon_core.package_identification:_identify(hard/Print/10_22) by extensions ['python_setup_py']
[0.148s] Level 1:colcon.colcon_core.package_identification:_identify(hard/Print/10_22) by extension 'python_setup_py'
[0.148s] Level 1:colcon.colcon_core.package_identification:_identify(hard/Print/OldVersions) by extensions ['ignore', 'ignore_ament_install']
[0.149s] Level 1:colcon.colcon_core.package_identification:_identify(hard/Print/OldVersions) by extension 'ignore'
[0.149s] Level 1:colcon.colcon_core.package_identification:_identify(hard/Print/OldVersions) by extension 'ignore_ament_install'
[0.149s] Level 1:colcon.colcon_core.package_identification:_identify(hard/Print/OldVersions) by extensions ['colcon_pkg']
[0.149s] Level 1:colcon.colcon_core.package_identification:_identify(hard/Print/OldVersions) by extension 'colcon_pkg'
[0.149s] Level 1:colcon.colcon_core.package_identification:_identify(hard/Print/OldVersions) by extensions ['colcon_meta']
[0.149s] Level 1:colcon.colcon_core.package_identification:_identify(hard/Print/OldVersions) by extension 'colcon_meta'
[0.149s] Level 1:colcon.colcon_core.package_identification:_identify(hard/Print/OldVersions) by extensions ['ros']
[0.149s] Level 1:colcon.colcon_core.package_identification:_identify(hard/Print/OldVersions) by extension 'ros'
[0.149s] Level 1:colcon.colcon_core.package_identification:_identify(hard/Print/OldVersions) by extensions ['cmake', 'python']
[0.149s] Level 1:colcon.colcon_core.package_identification:_identify(hard/Print/OldVersions) by extension 'cmake'
[0.149s] Level 1:colcon.colcon_core.package_identification:_identify(hard/Print/OldVersions) by extension 'python'
[0.149s] Level 1:colcon.colcon_core.package_identification:_identify(hard/Print/OldVersions) by extensions ['python_setup_py']
[0.149s] Level 1:colcon.colcon_core.package_identification:_identify(hard/Print/OldVersions) by extension 'python_setup_py'
[0.149s] Level 1:colcon.colcon_core.package_identification:_identify(hard/arm) by extensions ['ignore', 'ignore_ament_install']
[0.149s] Level 1:colcon.colcon_core.package_identification:_identify(hard/arm) by extension 'ignore'
[0.149s] Level 1:colcon.colcon_core.package_identification:_identify(hard/arm) by extension 'ignore_ament_install'
[0.149s] Level 1:colcon.colcon_core.package_identification:_identify(hard/arm) by extensions ['colcon_pkg']
[0.149s] Level 1:colcon.colcon_core.package_identification:_identify(hard/arm) by extension 'colcon_pkg'
[0.149s] Level 1:colcon.colcon_core.package_identification:_identify(hard/arm) by extensions ['colcon_meta']
[0.149s] Level 1:colcon.colcon_core.package_identification:_identify(hard/arm) by extension 'colcon_meta'
[0.149s] Level 1:colcon.colcon_core.package_identification:_identify(hard/arm) by extensions ['ros']
[0.149s] Level 1:colcon.colcon_core.package_identification:_identify(hard/arm) by extension 'ros'
[0.149s] Level 1:colcon.colcon_core.package_identification:_identify(hard/arm) by extensions ['cmake', 'python']
[0.149s] Level 1:colcon.colcon_core.package_identification:_identify(hard/arm) by extension 'cmake'
[0.149s] Level 1:colcon.colcon_core.package_identification:_identify(hard/arm) by extension 'python'
[0.149s] Level 1:colcon.colcon_core.package_identification:_identify(hard/arm) by extensions ['python_setup_py']
[0.149s] Level 1:colcon.colcon_core.package_identification:_identify(hard/arm) by extension 'python_setup_py'
[0.149s] Level 1:colcon.colcon_core.package_identification:_identify(hard/arm/OldVersions) by extensions ['ignore', 'ignore_ament_install']
[0.149s] Level 1:colcon.colcon_core.package_identification:_identify(hard/arm/OldVersions) by extension 'ignore'
[0.149s] Level 1:colcon.colcon_core.package_identification:_identify(hard/arm/OldVersions) by extension 'ignore_ament_install'
[0.149s] Level 1:colcon.colcon_core.package_identification:_identify(hard/arm/OldVersions) by extensions ['colcon_pkg']
[0.149s] Level 1:colcon.colcon_core.package_identification:_identify(hard/arm/OldVersions) by extension 'colcon_pkg'
[0.149s] Level 1:colcon.colcon_core.package_identification:_identify(hard/arm/OldVersions) by extensions ['colcon_meta']
[0.149s] Level 1:colcon.colcon_core.package_identification:_identify(hard/arm/OldVersions) by extension 'colcon_meta'
[0.149s] Level 1:colcon.colcon_core.package_identification:_identify(hard/arm/OldVersions) by extensions ['ros']
[0.149s] Level 1:colcon.colcon_core.package_identification:_identify(hard/arm/OldVersions) by extension 'ros'
[0.149s] Level 1:colcon.colcon_core.package_identification:_identify(hard/arm/OldVersions) by extensions ['cmake', 'python']
[0.149s] Level 1:colcon.colcon_core.package_identification:_identify(hard/arm/OldVersions) by extension 'cmake'
[0.149s] Level 1:colcon.colcon_core.package_identification:_identify(hard/arm/OldVersions) by extension 'python'
[0.149s] Level 1:colcon.colcon_core.package_identification:_identify(hard/arm/OldVersions) by extensions ['python_setup_py']
[0.149s] Level 1:colcon.colcon_core.package_identification:_identify(hard/arm/OldVersions) by extension 'python_setup_py'
[0.150s] Level 1:colcon.colcon_core.package_identification:_identify(hard/arm_with_crow) by extensions ['ignore', 'ignore_ament_install']
[0.150s] Level 1:colcon.colcon_core.package_identification:_identify(hard/arm_with_crow) by extension 'ignore'
[0.150s] Level 1:colcon.colcon_core.package_identification:_identify(hard/arm_with_crow) by extension 'ignore_ament_install'
[0.150s] Level 1:colcon.colcon_core.package_identification:_identify(hard/arm_with_crow) by extensions ['colcon_pkg']
[0.150s] Level 1:colcon.colcon_core.package_identification:_identify(hard/arm_with_crow) by extension 'colcon_pkg'
[0.150s] Level 1:colcon.colcon_core.package_identification:_identify(hard/arm_with_crow) by extensions ['colcon_meta']
[0.150s] Level 1:colcon.colcon_core.package_identification:_identify(hard/arm_with_crow) by extension 'colcon_meta'
[0.150s] Level 1:colcon.colcon_core.package_identification:_identify(hard/arm_with_crow) by extensions ['ros']
[0.150s] Level 1:colcon.colcon_core.package_identification:_identify(hard/arm_with_crow) by extension 'ros'
[0.150s] Level 1:colcon.colcon_core.package_identification:_identify(hard/arm_with_crow) by extensions ['cmake', 'python']
[0.150s] Level 1:colcon.colcon_core.package_identification:_identify(hard/arm_with_crow) by extension 'cmake'
[0.150s] Level 1:colcon.colcon_core.package_identification:_identify(hard/arm_with_crow) by extension 'python'
[0.150s] Level 1:colcon.colcon_core.package_identification:_identify(hard/arm_with_crow) by extensions ['python_setup_py']
[0.150s] Level 1:colcon.colcon_core.package_identification:_identify(hard/arm_with_crow) by extension 'python_setup_py'
[0.150s] Level 1:colcon.colcon_core.package_identification:_identify(hard/arm_with_crow/OldVersions) by extensions ['ignore', 'ignore_ament_install']
[0.150s] Level 1:colcon.colcon_core.package_identification:_identify(hard/arm_with_crow/OldVersions) by extension 'ignore'
[0.150s] Level 1:colcon.colcon_core.package_identification:_identify(hard/arm_with_crow/OldVersions) by extension 'ignore_ament_install'
[0.150s] Level 1:colcon.colcon_core.package_identification:_identify(hard/arm_with_crow/OldVersions) by extensions ['colcon_pkg']
[0.150s] Level 1:colcon.colcon_core.package_identification:_identify(hard/arm_with_crow/OldVersions) by extension 'colcon_pkg'
[0.150s] Level 1:colcon.colcon_core.package_identification:_identify(hard/arm_with_crow/OldVersions) by extensions ['colcon_meta']
[0.150s] Level 1:colcon.colcon_core.package_identification:_identify(hard/arm_with_crow/OldVersions) by extension 'colcon_meta'
[0.150s] Level 1:colcon.colcon_core.package_identification:_identify(hard/arm_with_crow/OldVersions) by extensions ['ros']
[0.150s] Level 1:colcon.colcon_core.package_identification:_identify(hard/arm_with_crow/OldVersions) by extension 'ros'
[0.150s] Level 1:colcon.colcon_core.package_identification:_identify(hard/arm_with_crow/OldVersions) by extensions ['cmake', 'python']
[0.150s] Level 1:colcon.colcon_core.package_identification:_identify(hard/arm_with_crow/OldVersions) by extension 'cmake'
[0.150s] Level 1:colcon.colcon_core.package_identification:_identify(hard/arm_with_crow/OldVersions) by extension 'python'
[0.150s] Level 1:colcon.colcon_core.package_identification:_identify(hard/arm_with_crow/OldVersions) by extensions ['python_setup_py']
[0.150s] Level 1:colcon.colcon_core.package_identification:_identify(hard/arm_with_crow/OldVersions) by extension 'python_setup_py'
[0.150s] Level 1:colcon.colcon_core.package_identification:_identify(hard/common_parts) by extensions ['ignore', 'ignore_ament_install']
[0.150s] Level 1:colcon.colcon_core.package_identification:_identify(hard/common_parts) by extension 'ignore'
[0.150s] Level 1:colcon.colcon_core.package_identification:_identify(hard/common_parts) by extension 'ignore_ament_install'
[0.150s] Level 1:colcon.colcon_core.package_identification:_identify(hard/common_parts) by extensions ['colcon_pkg']
[0.150s] Level 1:colcon.colcon_core.package_identification:_identify(hard/common_parts) by extension 'colcon_pkg'
[0.150s] Level 1:colcon.colcon_core.package_identification:_identify(hard/common_parts) by extensions ['colcon_meta']
[0.150s] Level 1:colcon.colcon_core.package_identification:_identify(hard/common_parts) by extension 'colcon_meta'
[0.150s] Level 1:colcon.colcon_core.package_identification:_identify(hard/common_parts) by extensions ['ros']
[0.150s] Level 1:colcon.colcon_core.package_identification:_identify(hard/common_parts) by extension 'ros'
[0.150s] Level 1:colcon.colcon_core.package_identification:_identify(hard/common_parts) by extensions ['cmake', 'python']
[0.150s] Level 1:colcon.colcon_core.package_identification:_identify(hard/common_parts) by extension 'cmake'
[0.150s] Level 1:colcon.colcon_core.package_identification:_identify(hard/common_parts) by extension 'python'
[0.150s] Level 1:colcon.colcon_core.package_identification:_identify(hard/common_parts) by extensions ['python_setup_py']
[0.150s] Level 1:colcon.colcon_core.package_identification:_identify(hard/common_parts) by extension 'python_setup_py'
[0.151s] Level 1:colcon.colcon_core.package_identification:_identify(hard/head) by extensions ['ignore', 'ignore_ament_install']
[0.151s] Level 1:colcon.colcon_core.package_identification:_identify(hard/head) by extension 'ignore'
[0.151s] Level 1:colcon.colcon_core.package_identification:_identify(hard/head) by extension 'ignore_ament_install'
[0.151s] Level 1:colcon.colcon_core.package_identification:_identify(hard/head) by extensions ['colcon_pkg']
[0.151s] Level 1:colcon.colcon_core.package_identification:_identify(hard/head) by extension 'colcon_pkg'
[0.151s] Level 1:colcon.colcon_core.package_identification:_identify(hard/head) by extensions ['colcon_meta']
[0.151s] Level 1:colcon.colcon_core.package_identification:_identify(hard/head) by extension 'colcon_meta'
[0.151s] Level 1:colcon.colcon_core.package_identification:_identify(hard/head) by extensions ['ros']
[0.151s] Level 1:colcon.colcon_core.package_identification:_identify(hard/head) by extension 'ros'
[0.151s] Level 1:colcon.colcon_core.package_identification:_identify(hard/head) by extensions ['cmake', 'python']
[0.151s] Level 1:colcon.colcon_core.package_identification:_identify(hard/head) by extension 'cmake'
[0.151s] Level 1:colcon.colcon_core.package_identification:_identify(hard/head) by extension 'python'
[0.151s] Level 1:colcon.colcon_core.package_identification:_identify(hard/head) by extensions ['python_setup_py']
[0.151s] Level 1:colcon.colcon_core.package_identification:_identify(hard/head) by extension 'python_setup_py'
[0.151s] Level 1:colcon.colcon_core.package_identification:_identify(hard/head/OldVersions) by extensions ['ignore', 'ignore_ament_install']
[0.151s] Level 1:colcon.colcon_core.package_identification:_identify(hard/head/OldVersions) by extension 'ignore'
[0.151s] Level 1:colcon.colcon_core.package_identification:_identify(hard/head/OldVersions) by extension 'ignore_ament_install'
[0.151s] Level 1:colcon.colcon_core.package_identification:_identify(hard/head/OldVersions) by extensions ['colcon_pkg']
[0.151s] Level 1:colcon.colcon_core.package_identification:_identify(hard/head/OldVersions) by extension 'colcon_pkg'
[0.151s] Level 1:colcon.colcon_core.package_identification:_identify(hard/head/OldVersions) by extensions ['colcon_meta']
[0.151s] Level 1:colcon.colcon_core.package_identification:_identify(hard/head/OldVersions) by extension 'colcon_meta'
[0.151s] Level 1:colcon.colcon_core.package_identification:_identify(hard/head/OldVersions) by extensions ['ros']
[0.151s] Level 1:colcon.colcon_core.package_identification:_identify(hard/head/OldVersions) by extension 'ros'
[0.151s] Level 1:colcon.colcon_core.package_identification:_identify(hard/head/OldVersions) by extensions ['cmake', 'python']
[0.151s] Level 1:colcon.colcon_core.package_identification:_identify(hard/head/OldVersions) by extension 'cmake'
[0.151s] Level 1:colcon.colcon_core.package_identification:_identify(hard/head/OldVersions) by extension 'python'
[0.151s] Level 1:colcon.colcon_core.package_identification:_identify(hard/head/OldVersions) by extensions ['python_setup_py']
[0.151s] Level 1:colcon.colcon_core.package_identification:_identify(hard/head/OldVersions) by extension 'python_setup_py'
[0.151s] Level 1:colcon.colcon_core.package_identification:_identify(hard/leg) by extensions ['ignore', 'ignore_ament_install']
[0.151s] Level 1:colcon.colcon_core.package_identification:_identify(hard/leg) by extension 'ignore'
[0.151s] Level 1:colcon.colcon_core.package_identification:_identify(hard/leg) by extension 'ignore_ament_install'
[0.151s] Level 1:colcon.colcon_core.package_identification:_identify(hard/leg) by extensions ['colcon_pkg']
[0.151s] Level 1:colcon.colcon_core.package_identification:_identify(hard/leg) by extension 'colcon_pkg'
[0.151s] Level 1:colcon.colcon_core.package_identification:_identify(hard/leg) by extensions ['colcon_meta']
[0.151s] Level 1:colcon.colcon_core.package_identification:_identify(hard/leg) by extension 'colcon_meta'
[0.151s] Level 1:colcon.colcon_core.package_identification:_identify(hard/leg) by extensions ['ros']
[0.151s] Level 1:colcon.colcon_core.package_identification:_identify(hard/leg) by extension 'ros'
[0.151s] Level 1:colcon.colcon_core.package_identification:_identify(hard/leg) by extensions ['cmake', 'python']
[0.152s] Level 1:colcon.colcon_core.package_identification:_identify(hard/leg) by extension 'cmake'
[0.152s] Level 1:colcon.colcon_core.package_identification:_identify(hard/leg) by extension 'python'
[0.152s] Level 1:colcon.colcon_core.package_identification:_identify(hard/leg) by extensions ['python_setup_py']
[0.152s] Level 1:colcon.colcon_core.package_identification:_identify(hard/leg) by extension 'python_setup_py'
[0.152s] Level 1:colcon.colcon_core.package_identification:_identify(hard/leg/OldVersions) by extensions ['ignore', 'ignore_ament_install']
[0.152s] Level 1:colcon.colcon_core.package_identification:_identify(hard/leg/OldVersions) by extension 'ignore'
[0.152s] Level 1:colcon.colcon_core.package_identification:_identify(hard/leg/OldVersions) by extension 'ignore_ament_install'
[0.152s] Level 1:colcon.colcon_core.package_identification:_identify(hard/leg/OldVersions) by extensions ['colcon_pkg']
[0.152s] Level 1:colcon.colcon_core.package_identification:_identify(hard/leg/OldVersions) by extension 'colcon_pkg'
[0.152s] Level 1:colcon.colcon_core.package_identification:_identify(hard/leg/OldVersions) by extensions ['colcon_meta']
[0.152s] Level 1:colcon.colcon_core.package_identification:_identify(hard/leg/OldVersions) by extension 'colcon_meta'
[0.152s] Level 1:colcon.colcon_core.package_identification:_identify(hard/leg/OldVersions) by extensions ['ros']
[0.152s] Level 1:colcon.colcon_core.package_identification:_identify(hard/leg/OldVersions) by extension 'ros'
[0.152s] Level 1:colcon.colcon_core.package_identification:_identify(hard/leg/OldVersions) by extensions ['cmake', 'python']
[0.152s] Level 1:colcon.colcon_core.package_identification:_identify(hard/leg/OldVersions) by extension 'cmake'
[0.152s] Level 1:colcon.colcon_core.package_identification:_identify(hard/leg/OldVersions) by extension 'python'
[0.152s] Level 1:colcon.colcon_core.package_identification:_identify(hard/leg/OldVersions) by extensions ['python_setup_py']
[0.152s] Level 1:colcon.colcon_core.package_identification:_identify(hard/leg/OldVersions) by extension 'python_setup_py'
[0.152s] Level 1:colcon.colcon_core.package_identification:_identify(hard/matchine_info) by extensions ['ignore', 'ignore_ament_install']
[0.152s] Level 1:colcon.colcon_core.package_identification:_identify(hard/matchine_info) by extension 'ignore'
[0.152s] Level 1:colcon.colcon_core.package_identification:_identify(hard/matchine_info) by extension 'ignore_ament_install'
[0.152s] Level 1:colcon.colcon_core.package_identification:_identify(hard/matchine_info) by extensions ['colcon_pkg']
[0.152s] Level 1:colcon.colcon_core.package_identification:_identify(hard/matchine_info) by extension 'colcon_pkg'
[0.152s] Level 1:colcon.colcon_core.package_identification:_identify(hard/matchine_info) by extensions ['colcon_meta']
[0.152s] Level 1:colcon.colcon_core.package_identification:_identify(hard/matchine_info) by extension 'colcon_meta'
[0.152s] Level 1:colcon.colcon_core.package_identification:_identify(hard/matchine_info) by extensions ['ros']
[0.152s] Level 1:colcon.colcon_core.package_identification:_identify(hard/matchine_info) by extension 'ros'
[0.152s] Level 1:colcon.colcon_core.package_identification:_identify(hard/matchine_info) by extensions ['cmake', 'python']
[0.152s] Level 1:colcon.colcon_core.package_identification:_identify(hard/matchine_info) by extension 'cmake'
[0.152s] Level 1:colcon.colcon_core.package_identification:_identify(hard/matchine_info) by extension 'python'
[0.152s] Level 1:colcon.colcon_core.package_identification:_identify(hard/matchine_info) by extensions ['python_setup_py']
[0.152s] Level 1:colcon.colcon_core.package_identification:_identify(hard/matchine_info) by extension 'python_setup_py'
[0.152s] Level 1:colcon.colcon_core.package_identification:_identify(hard/needed_model) by extensions ['ignore', 'ignore_ament_install']
[0.152s] Level 1:colcon.colcon_core.package_identification:_identify(hard/needed_model) by extension 'ignore'
[0.152s] Level 1:colcon.colcon_core.package_identification:_identify(hard/needed_model) by extension 'ignore_ament_install'
[0.152s] Level 1:colcon.colcon_core.package_identification:_identify(hard/needed_model) by extensions ['colcon_pkg']
[0.153s] Level 1:colcon.colcon_core.package_identification:_identify(hard/needed_model) by extension 'colcon_pkg'
[0.153s] Level 1:colcon.colcon_core.package_identification:_identify(hard/needed_model) by extensions ['colcon_meta']
[0.153s] Level 1:colcon.colcon_core.package_identification:_identify(hard/needed_model) by extension 'colcon_meta'
[0.153s] Level 1:colcon.colcon_core.package_identification:_identify(hard/needed_model) by extensions ['ros']
[0.153s] Level 1:colcon.colcon_core.package_identification:_identify(hard/needed_model) by extension 'ros'
[0.153s] Level 1:colcon.colcon_core.package_identification:_identify(hard/needed_model) by extensions ['cmake', 'python']
[0.153s] Level 1:colcon.colcon_core.package_identification:_identify(hard/needed_model) by extension 'cmake'
[0.153s] Level 1:colcon.colcon_core.package_identification:_identify(hard/needed_model) by extension 'python'
[0.153s] Level 1:colcon.colcon_core.package_identification:_identify(hard/needed_model) by extensions ['python_setup_py']
[0.153s] Level 1:colcon.colcon_core.package_identification:_identify(hard/needed_model) by extension 'python_setup_py'
[0.153s] Level 1:colcon.colcon_core.package_identification:_identify(hard/needed_model/ControlBoard_1) by extensions ['ignore', 'ignore_ament_install']
[0.153s] Level 1:colcon.colcon_core.package_identification:_identify(hard/needed_model/ControlBoard_1) by extension 'ignore'
[0.153s] Level 1:colcon.colcon_core.package_identification:_identify(hard/needed_model/ControlBoard_1) by extension 'ignore_ament_install'
[0.153s] Level 1:colcon.colcon_core.package_identification:_identify(hard/needed_model/ControlBoard_1) by extensions ['colcon_pkg']
[0.153s] Level 1:colcon.colcon_core.package_identification:_identify(hard/needed_model/ControlBoard_1) by extension 'colcon_pkg'
[0.153s] Level 1:colcon.colcon_core.package_identification:_identify(hard/needed_model/ControlBoard_1) by extensions ['colcon_meta']
[0.153s] Level 1:colcon.colcon_core.package_identification:_identify(hard/needed_model/ControlBoard_1) by extension 'colcon_meta'
[0.153s] Level 1:colcon.colcon_core.package_identification:_identify(hard/needed_model/ControlBoard_1) by extensions ['ros']
[0.153s] Level 1:colcon.colcon_core.package_identification:_identify(hard/needed_model/ControlBoard_1) by extension 'ros'
[0.153s] Level 1:colcon.colcon_core.package_identification:_identify(hard/needed_model/ControlBoard_1) by extensions ['cmake', 'python']
[0.153s] Level 1:colcon.colcon_core.package_identification:_identify(hard/needed_model/ControlBoard_1) by extension 'cmake'
[0.153s] Level 1:colcon.colcon_core.package_identification:_identify(hard/needed_model/ControlBoard_1) by extension 'python'
[0.153s] Level 1:colcon.colcon_core.package_identification:_identify(hard/needed_model/ControlBoard_1) by extensions ['python_setup_py']
[0.153s] Level 1:colcon.colcon_core.package_identification:_identify(hard/needed_model/ControlBoard_1) by extension 'python_setup_py'
[0.153s] Level 1:colcon.colcon_core.package_identification:_identify(hard/needed_model/ControlBoard_1/OldVersions) by extensions ['ignore', 'ignore_ament_install']
[0.153s] Level 1:colcon.colcon_core.package_identification:_identify(hard/needed_model/ControlBoard_1/OldVersions) by extension 'ignore'
[0.153s] Level 1:colcon.colcon_core.package_identification:_identify(hard/needed_model/ControlBoard_1/OldVersions) by extension 'ignore_ament_install'
[0.153s] Level 1:colcon.colcon_core.package_identification:_identify(hard/needed_model/ControlBoard_1/OldVersions) by extensions ['colcon_pkg']
[0.153s] Level 1:colcon.colcon_core.package_identification:_identify(hard/needed_model/ControlBoard_1/OldVersions) by extension 'colcon_pkg'
[0.153s] Level 1:colcon.colcon_core.package_identification:_identify(hard/needed_model/ControlBoard_1/OldVersions) by extensions ['colcon_meta']
[0.153s] Level 1:colcon.colcon_core.package_identification:_identify(hard/needed_model/ControlBoard_1/OldVersions) by extension 'colcon_meta'
[0.153s] Level 1:colcon.colcon_core.package_identification:_identify(hard/needed_model/ControlBoard_1/OldVersions) by extensions ['ros']
[0.153s] Level 1:colcon.colcon_core.package_identification:_identify(hard/needed_model/ControlBoard_1/OldVersions) by extension 'ros'
[0.153s] Level 1:colcon.colcon_core.package_identification:_identify(hard/needed_model/ControlBoard_1/OldVersions) by extensions ['cmake', 'python']
[0.153s] Level 1:colcon.colcon_core.package_identification:_identify(hard/needed_model/ControlBoard_1/OldVersions) by extension 'cmake'
[0.153s] Level 1:colcon.colcon_core.package_identification:_identify(hard/needed_model/ControlBoard_1/OldVersions) by extension 'python'
[0.153s] Level 1:colcon.colcon_core.package_identification:_identify(hard/needed_model/ControlBoard_1/OldVersions) by extensions ['python_setup_py']
[0.153s] Level 1:colcon.colcon_core.package_identification:_identify(hard/needed_model/ControlBoard_1/OldVersions) by extension 'python_setup_py'
[0.153s] Level 1:colcon.colcon_core.package_identification:_identify(hard/needed_model/OldVersions) by extensions ['ignore', 'ignore_ament_install']
[0.153s] Level 1:colcon.colcon_core.package_identification:_identify(hard/needed_model/OldVersions) by extension 'ignore'
[0.154s] Level 1:colcon.colcon_core.package_identification:_identify(hard/needed_model/OldVersions) by extension 'ignore_ament_install'
[0.154s] Level 1:colcon.colcon_core.package_identification:_identify(hard/needed_model/OldVersions) by extensions ['colcon_pkg']
[0.154s] Level 1:colcon.colcon_core.package_identification:_identify(hard/needed_model/OldVersions) by extension 'colcon_pkg'
[0.154s] Level 1:colcon.colcon_core.package_identification:_identify(hard/needed_model/OldVersions) by extensions ['colcon_meta']
[0.154s] Level 1:colcon.colcon_core.package_identification:_identify(hard/needed_model/OldVersions) by extension 'colcon_meta'
[0.154s] Level 1:colcon.colcon_core.package_identification:_identify(hard/needed_model/OldVersions) by extensions ['ros']
[0.154s] Level 1:colcon.colcon_core.package_identification:_identify(hard/needed_model/OldVersions) by extension 'ros'
[0.154s] Level 1:colcon.colcon_core.package_identification:_identify(hard/needed_model/OldVersions) by extensions ['cmake', 'python']
[0.154s] Level 1:colcon.colcon_core.package_identification:_identify(hard/needed_model/OldVersions) by extension 'cmake'
[0.154s] Level 1:colcon.colcon_core.package_identification:_identify(hard/needed_model/OldVersions) by extension 'python'
[0.154s] Level 1:colcon.colcon_core.package_identification:_identify(hard/needed_model/OldVersions) by extensions ['python_setup_py']
[0.154s] Level 1:colcon.colcon_core.package_identification:_identify(hard/needed_model/OldVersions) by extension 'python_setup_py'
[0.154s] Level 1:colcon.colcon_core.package_identification:_identify(hard/under_body) by extensions ['ignore', 'ignore_ament_install']
[0.154s] Level 1:colcon.colcon_core.package_identification:_identify(hard/under_body) by extension 'ignore'
[0.154s] Level 1:colcon.colcon_core.package_identification:_identify(hard/under_body) by extension 'ignore_ament_install'
[0.154s] Level 1:colcon.colcon_core.package_identification:_identify(hard/under_body) by extensions ['colcon_pkg']
[0.154s] Level 1:colcon.colcon_core.package_identification:_identify(hard/under_body) by extension 'colcon_pkg'
[0.154s] Level 1:colcon.colcon_core.package_identification:_identify(hard/under_body) by extensions ['colcon_meta']
[0.154s] Level 1:colcon.colcon_core.package_identification:_identify(hard/under_body) by extension 'colcon_meta'
[0.154s] Level 1:colcon.colcon_core.package_identification:_identify(hard/under_body) by extensions ['ros']
[0.154s] Level 1:colcon.colcon_core.package_identification:_identify(hard/under_body) by extension 'ros'
[0.154s] Level 1:colcon.colcon_core.package_identification:_identify(hard/under_body) by extensions ['cmake', 'python']
[0.154s] Level 1:colcon.colcon_core.package_identification:_identify(hard/under_body) by extension 'cmake'
[0.154s] Level 1:colcon.colcon_core.package_identification:_identify(hard/under_body) by extension 'python'
[0.154s] Level 1:colcon.colcon_core.package_identification:_identify(hard/under_body) by extensions ['python_setup_py']
[0.154s] Level 1:colcon.colcon_core.package_identification:_identify(hard/under_body) by extension 'python_setup_py'
[0.154s] Level 1:colcon.colcon_core.package_identification:_identify(hard/under_body/OldVersions) by extensions ['ignore', 'ignore_ament_install']
[0.154s] Level 1:colcon.colcon_core.package_identification:_identify(hard/under_body/OldVersions) by extension 'ignore'
[0.154s] Level 1:colcon.colcon_core.package_identification:_identify(hard/under_body/OldVersions) by extension 'ignore_ament_install'
[0.154s] Level 1:colcon.colcon_core.package_identification:_identify(hard/under_body/OldVersions) by extensions ['colcon_pkg']
[0.154s] Level 1:colcon.colcon_core.package_identification:_identify(hard/under_body/OldVersions) by extension 'colcon_pkg'
[0.154s] Level 1:colcon.colcon_core.package_identification:_identify(hard/under_body/OldVersions) by extensions ['colcon_meta']
[0.154s] Level 1:colcon.colcon_core.package_identification:_identify(hard/under_body/OldVersions) by extension 'colcon_meta'
[0.154s] Level 1:colcon.colcon_core.package_identification:_identify(hard/under_body/OldVersions) by extensions ['ros']
[0.154s] Level 1:colcon.colcon_core.package_identification:_identify(hard/under_body/OldVersions) by extension 'ros'
[0.154s] Level 1:colcon.colcon_core.package_identification:_identify(hard/under_body/OldVersions) by extensions ['cmake', 'python']
[0.154s] Level 1:colcon.colcon_core.package_identification:_identify(hard/under_body/OldVersions) by extension 'cmake'
[0.154s] Level 1:colcon.colcon_core.package_identification:_identify(hard/under_body/OldVersions) by extension 'python'
[0.154s] Level 1:colcon.colcon_core.package_identification:_identify(hard/under_body/OldVersions) by extensions ['python_setup_py']
[0.154s] Level 1:colcon.colcon_core.package_identification:_identify(hard/under_body/OldVersions) by extension 'python_setup_py'
[0.154s] Level 1:colcon.colcon_core.package_identification:_identify(hard/under_body/battery_cover) by extensions ['ignore', 'ignore_ament_install']
[0.155s] Level 1:colcon.colcon_core.package_identification:_identify(hard/under_body/battery_cover) by extension 'ignore'
[0.155s] Level 1:colcon.colcon_core.package_identification:_identify(hard/under_body/battery_cover) by extension 'ignore_ament_install'
[0.155s] Level 1:colcon.colcon_core.package_identification:_identify(hard/under_body/battery_cover) by extensions ['colcon_pkg']
[0.155s] Level 1:colcon.colcon_core.package_identification:_identify(hard/under_body/battery_cover) by extension 'colcon_pkg'
[0.155s] Level 1:colcon.colcon_core.package_identification:_identify(hard/under_body/battery_cover) by extensions ['colcon_meta']
[0.155s] Level 1:colcon.colcon_core.package_identification:_identify(hard/under_body/battery_cover) by extension 'colcon_meta'
[0.155s] Level 1:colcon.colcon_core.package_identification:_identify(hard/under_body/battery_cover) by extensions ['ros']
[0.155s] Level 1:colcon.colcon_core.package_identification:_identify(hard/under_body/battery_cover) by extension 'ros'
[0.155s] Level 1:colcon.colcon_core.package_identification:_identify(hard/under_body/battery_cover) by extensions ['cmake', 'python']
[0.155s] Level 1:colcon.colcon_core.package_identification:_identify(hard/under_body/battery_cover) by extension 'cmake'
[0.155s] Level 1:colcon.colcon_core.package_identification:_identify(hard/under_body/battery_cover) by extension 'python'
[0.155s] Level 1:colcon.colcon_core.package_identification:_identify(hard/under_body/battery_cover) by extensions ['python_setup_py']
[0.155s] Level 1:colcon.colcon_core.package_identification:_identify(hard/under_body/battery_cover) by extension 'python_setup_py'
[0.155s] Level 1:colcon.colcon_core.package_identification:_identify(hard/under_body/battery_cover/OldVersions) by extensions ['ignore', 'ignore_ament_install']
[0.155s] Level 1:colcon.colcon_core.package_identification:_identify(hard/under_body/battery_cover/OldVersions) by extension 'ignore'
[0.155s] Level 1:colcon.colcon_core.package_identification:_identify(hard/under_body/battery_cover/OldVersions) by extension 'ignore_ament_install'
[0.155s] Level 1:colcon.colcon_core.package_identification:_identify(hard/under_body/battery_cover/OldVersions) by extensions ['colcon_pkg']
[0.155s] Level 1:colcon.colcon_core.package_identification:_identify(hard/under_body/battery_cover/OldVersions) by extension 'colcon_pkg'
[0.155s] Level 1:colcon.colcon_core.package_identification:_identify(hard/under_body/battery_cover/OldVersions) by extensions ['colcon_meta']
[0.155s] Level 1:colcon.colcon_core.package_identification:_identify(hard/under_body/battery_cover/OldVersions) by extension 'colcon_meta'
[0.155s] Level 1:colcon.colcon_core.package_identification:_identify(hard/under_body/battery_cover/OldVersions) by extensions ['ros']
[0.155s] Level 1:colcon.colcon_core.package_identification:_identify(hard/under_body/battery_cover/OldVersions) by extension 'ros'
[0.155s] Level 1:colcon.colcon_core.package_identification:_identify(hard/under_body/battery_cover/OldVersions) by extensions ['cmake', 'python']
[0.155s] Level 1:colcon.colcon_core.package_identification:_identify(hard/under_body/battery_cover/OldVersions) by extension 'cmake'
[0.155s] Level 1:colcon.colcon_core.package_identification:_identify(hard/under_body/battery_cover/OldVersions) by extension 'python'
[0.155s] Level 1:colcon.colcon_core.package_identification:_identify(hard/under_body/battery_cover/OldVersions) by extensions ['python_setup_py']
[0.155s] Level 1:colcon.colcon_core.package_identification:_identify(hard/under_body/battery_cover/OldVersions) by extension 'python_setup_py'
[0.155s] Level 1:colcon.colcon_core.package_identification:_identify(hard/under_body/board_setter) by extensions ['ignore', 'ignore_ament_install']
[0.155s] Level 1:colcon.colcon_core.package_identification:_identify(hard/under_body/board_setter) by extension 'ignore'
[0.155s] Level 1:colcon.colcon_core.package_identification:_identify(hard/under_body/board_setter) by extension 'ignore_ament_install'
[0.155s] Level 1:colcon.colcon_core.package_identification:_identify(hard/under_body/board_setter) by extensions ['colcon_pkg']
[0.155s] Level 1:colcon.colcon_core.package_identification:_identify(hard/under_body/board_setter) by extension 'colcon_pkg'
[0.155s] Level 1:colcon.colcon_core.package_identification:_identify(hard/under_body/board_setter) by extensions ['colcon_meta']
[0.155s] Level 1:colcon.colcon_core.package_identification:_identify(hard/under_body/board_setter) by extension 'colcon_meta'
[0.155s] Level 1:colcon.colcon_core.package_identification:_identify(hard/under_body/board_setter) by extensions ['ros']
[0.155s] Level 1:colcon.colcon_core.package_identification:_identify(hard/under_body/board_setter) by extension 'ros'
[0.155s] Level 1:colcon.colcon_core.package_identification:_identify(hard/under_body/board_setter) by extensions ['cmake', 'python']
[0.155s] Level 1:colcon.colcon_core.package_identification:_identify(hard/under_body/board_setter) by extension 'cmake'
[0.155s] Level 1:colcon.colcon_core.package_identification:_identify(hard/under_body/board_setter) by extension 'python'
[0.155s] Level 1:colcon.colcon_core.package_identification:_identify(hard/under_body/board_setter) by extensions ['python_setup_py']
[0.155s] Level 1:colcon.colcon_core.package_identification:_identify(hard/under_body/board_setter) by extension 'python_setup_py'
[0.155s] Level 1:colcon.colcon_core.package_identification:_identify(hard/under_body/board_setter/OldVersions) by extensions ['ignore', 'ignore_ament_install']
[0.156s] Level 1:colcon.colcon_core.package_identification:_identify(hard/under_body/board_setter/OldVersions) by extension 'ignore'
[0.156s] Level 1:colcon.colcon_core.package_identification:_identify(hard/under_body/board_setter/OldVersions) by extension 'ignore_ament_install'
[0.156s] Level 1:colcon.colcon_core.package_identification:_identify(hard/under_body/board_setter/OldVersions) by extensions ['colcon_pkg']
[0.156s] Level 1:colcon.colcon_core.package_identification:_identify(hard/under_body/board_setter/OldVersions) by extension 'colcon_pkg'
[0.156s] Level 1:colcon.colcon_core.package_identification:_identify(hard/under_body/board_setter/OldVersions) by extensions ['colcon_meta']
[0.156s] Level 1:colcon.colcon_core.package_identification:_identify(hard/under_body/board_setter/OldVersions) by extension 'colcon_meta'
[0.156s] Level 1:colcon.colcon_core.package_identification:_identify(hard/under_body/board_setter/OldVersions) by extensions ['ros']
[0.156s] Level 1:colcon.colcon_core.package_identification:_identify(hard/under_body/board_setter/OldVersions) by extension 'ros'
[0.156s] Level 1:colcon.colcon_core.package_identification:_identify(hard/under_body/board_setter/OldVersions) by extensions ['cmake', 'python']
[0.156s] Level 1:colcon.colcon_core.package_identification:_identify(hard/under_body/board_setter/OldVersions) by extension 'cmake'
[0.156s] Level 1:colcon.colcon_core.package_identification:_identify(hard/under_body/board_setter/OldVersions) by extension 'python'
[0.156s] Level 1:colcon.colcon_core.package_identification:_identify(hard/under_body/board_setter/OldVersions) by extensions ['python_setup_py']
[0.156s] Level 1:colcon.colcon_core.package_identification:_identify(hard/under_body/board_setter/OldVersions) by extension 'python_setup_py'
[0.156s] Level 1:colcon.colcon_core.package_identification:_identify(hard/under_body/to_leg) by extensions ['ignore', 'ignore_ament_install']
[0.156s] Level 1:colcon.colcon_core.package_identification:_identify(hard/under_body/to_leg) by extension 'ignore'
[0.156s] Level 1:colcon.colcon_core.package_identification:_identify(hard/under_body/to_leg) by extension 'ignore_ament_install'
[0.156s] Level 1:colcon.colcon_core.package_identification:_identify(hard/under_body/to_leg) by extensions ['colcon_pkg']
[0.156s] Level 1:colcon.colcon_core.package_identification:_identify(hard/under_body/to_leg) by extension 'colcon_pkg'
[0.156s] Level 1:colcon.colcon_core.package_identification:_identify(hard/under_body/to_leg) by extensions ['colcon_meta']
[0.156s] Level 1:colcon.colcon_core.package_identification:_identify(hard/under_body/to_leg) by extension 'colcon_meta'
[0.156s] Level 1:colcon.colcon_core.package_identification:_identify(hard/under_body/to_leg) by extensions ['ros']
[0.156s] Level 1:colcon.colcon_core.package_identification:_identify(hard/under_body/to_leg) by extension 'ros'
[0.156s] Level 1:colcon.colcon_core.package_identification:_identify(hard/under_body/to_leg) by extensions ['cmake', 'python']
[0.156s] Level 1:colcon.colcon_core.package_identification:_identify(hard/under_body/to_leg) by extension 'cmake'
[0.156s] Level 1:colcon.colcon_core.package_identification:_identify(hard/under_body/to_leg) by extension 'python'
[0.156s] Level 1:colcon.colcon_core.package_identification:_identify(hard/under_body/to_leg) by extensions ['python_setup_py']
[0.156s] Level 1:colcon.colcon_core.package_identification:_identify(hard/under_body/to_leg) by extension 'python_setup_py'
[0.156s] Level 1:colcon.colcon_core.package_identification:_identify(hard/under_body/to_leg/OldVersions) by extensions ['ignore', 'ignore_ament_install']
[0.156s] Level 1:colcon.colcon_core.package_identification:_identify(hard/under_body/to_leg/OldVersions) by extension 'ignore'
[0.156s] Level 1:colcon.colcon_core.package_identification:_identify(hard/under_body/to_leg/OldVersions) by extension 'ignore_ament_install'
[0.156s] Level 1:colcon.colcon_core.package_identification:_identify(hard/under_body/to_leg/OldVersions) by extensions ['colcon_pkg']
[0.156s] Level 1:colcon.colcon_core.package_identification:_identify(hard/under_body/to_leg/OldVersions) by extension 'colcon_pkg'
[0.156s] Level 1:colcon.colcon_core.package_identification:_identify(hard/under_body/to_leg/OldVersions) by extensions ['colcon_meta']
[0.156s] Level 1:colcon.colcon_core.package_identification:_identify(hard/under_body/to_leg/OldVersions) by extension 'colcon_meta'
[0.156s] Level 1:colcon.colcon_core.package_identification:_identify(hard/under_body/to_leg/OldVersions) by extensions ['ros']
[0.156s] Level 1:colcon.colcon_core.package_identification:_identify(hard/under_body/to_leg/OldVersions) by extension 'ros'
[0.156s] Level 1:colcon.colcon_core.package_identification:_identify(hard/under_body/to_leg/OldVersions) by extensions ['cmake', 'python']
[0.156s] Level 1:colcon.colcon_core.package_identification:_identify(hard/under_body/to_leg/OldVersions) by extension 'cmake'
[0.156s] Level 1:colcon.colcon_core.package_identification:_identify(hard/under_body/to_leg/OldVersions) by extension 'python'
[0.156s] Level 1:colcon.colcon_core.package_identification:_identify(hard/under_body/to_leg/OldVersions) by extensions ['python_setup_py']
[0.156s] Level 1:colcon.colcon_core.package_identification:_identify(hard/under_body/to_leg/OldVersions) by extension 'python_setup_py'
[0.157s] Level 1:colcon.colcon_core.package_identification:_identify(hard/upper_body) by extensions ['ignore', 'ignore_ament_install']
[0.157s] Level 1:colcon.colcon_core.package_identification:_identify(hard/upper_body) by extension 'ignore'
[0.157s] Level 1:colcon.colcon_core.package_identification:_identify(hard/upper_body) by extension 'ignore_ament_install'
[0.157s] Level 1:colcon.colcon_core.package_identification:_identify(hard/upper_body) by extensions ['colcon_pkg']
[0.157s] Level 1:colcon.colcon_core.package_identification:_identify(hard/upper_body) by extension 'colcon_pkg'
[0.157s] Level 1:colcon.colcon_core.package_identification:_identify(hard/upper_body) by extensions ['colcon_meta']
[0.157s] Level 1:colcon.colcon_core.package_identification:_identify(hard/upper_body) by extension 'colcon_meta'
[0.157s] Level 1:colcon.colcon_core.package_identification:_identify(hard/upper_body) by extensions ['ros']
[0.157s] Level 1:colcon.colcon_core.package_identification:_identify(hard/upper_body) by extension 'ros'
[0.157s] Level 1:colcon.colcon_core.package_identification:_identify(hard/upper_body) by extensions ['cmake', 'python']
[0.157s] Level 1:colcon.colcon_core.package_identification:_identify(hard/upper_body) by extension 'cmake'
[0.157s] Level 1:colcon.colcon_core.package_identification:_identify(hard/upper_body) by extension 'python'
[0.157s] Level 1:colcon.colcon_core.package_identification:_identify(hard/upper_body) by extensions ['python_setup_py']
[0.157s] Level 1:colcon.colcon_core.package_identification:_identify(hard/upper_body) by extension 'python_setup_py'
[0.157s] Level 1:colcon.colcon_core.package_identification:_identify(hard/upper_body/OldVersions) by extensions ['ignore', 'ignore_ament_install']
[0.157s] Level 1:colcon.colcon_core.package_identification:_identify(hard/upper_body/OldVersions) by extension 'ignore'
[0.157s] Level 1:colcon.colcon_core.package_identification:_identify(hard/upper_body/OldVersions) by extension 'ignore_ament_install'
[0.157s] Level 1:colcon.colcon_core.package_identification:_identify(hard/upper_body/OldVersions) by extensions ['colcon_pkg']
[0.157s] Level 1:colcon.colcon_core.package_identification:_identify(hard/upper_body/OldVersions) by extension 'colcon_pkg'
[0.157s] Level 1:colcon.colcon_core.package_identification:_identify(hard/upper_body/OldVersions) by extensions ['colcon_meta']
[0.157s] Level 1:colcon.colcon_core.package_identification:_identify(hard/upper_body/OldVersions) by extension 'colcon_meta'
[0.157s] Level 1:colcon.colcon_core.package_identification:_identify(hard/upper_body/OldVersions) by extensions ['ros']
[0.157s] Level 1:colcon.colcon_core.package_identification:_identify(hard/upper_body/OldVersions) by extension 'ros'
[0.157s] Level 1:colcon.colcon_core.package_identification:_identify(hard/upper_body/OldVersions) by extensions ['cmake', 'python']
[0.157s] Level 1:colcon.colcon_core.package_identification:_identify(hard/upper_body/OldVersions) by extension 'cmake'
[0.157s] Level 1:colcon.colcon_core.package_identification:_identify(hard/upper_body/OldVersions) by extension 'python'
[0.157s] Level 1:colcon.colcon_core.package_identification:_identify(hard/upper_body/OldVersions) by extensions ['python_setup_py']
[0.157s] Level 1:colcon.colcon_core.package_identification:_identify(hard/upper_body/OldVersions) by extension 'python_setup_py'
[0.157s] Level 1:colcon.colcon_core.package_identification:_identify(hard/upper_body/chest) by extensions ['ignore', 'ignore_ament_install']
[0.157s] Level 1:colcon.colcon_core.package_identification:_identify(hard/upper_body/chest) by extension 'ignore'
[0.157s] Level 1:colcon.colcon_core.package_identification:_identify(hard/upper_body/chest) by extension 'ignore_ament_install'
[0.157s] Level 1:colcon.colcon_core.package_identification:_identify(hard/upper_body/chest) by extensions ['colcon_pkg']
[0.157s] Level 1:colcon.colcon_core.package_identification:_identify(hard/upper_body/chest) by extension 'colcon_pkg'
[0.157s] Level 1:colcon.colcon_core.package_identification:_identify(hard/upper_body/chest) by extensions ['colcon_meta']
[0.157s] Level 1:colcon.colcon_core.package_identification:_identify(hard/upper_body/chest) by extension 'colcon_meta'
[0.157s] Level 1:colcon.colcon_core.package_identification:_identify(hard/upper_body/chest) by extensions ['ros']
[0.157s] Level 1:colcon.colcon_core.package_identification:_identify(hard/upper_body/chest) by extension 'ros'
[0.157s] Level 1:colcon.colcon_core.package_identification:_identify(hard/upper_body/chest) by extensions ['cmake', 'python']
[0.157s] Level 1:colcon.colcon_core.package_identification:_identify(hard/upper_body/chest) by extension 'cmake'
[0.157s] Level 1:colcon.colcon_core.package_identification:_identify(hard/upper_body/chest) by extension 'python'
[0.157s] Level 1:colcon.colcon_core.package_identification:_identify(hard/upper_body/chest) by extensions ['python_setup_py']
[0.157s] Level 1:colcon.colcon_core.package_identification:_identify(hard/upper_body/chest) by extension 'python_setup_py'
[0.158s] Level 1:colcon.colcon_core.package_identification:_identify(hard/upper_body/chest/OldVersions) by extensions ['ignore', 'ignore_ament_install']
[0.158s] Level 1:colcon.colcon_core.package_identification:_identify(hard/upper_body/chest/OldVersions) by extension 'ignore'
[0.158s] Level 1:colcon.colcon_core.package_identification:_identify(hard/upper_body/chest/OldVersions) by extension 'ignore_ament_install'
[0.158s] Level 1:colcon.colcon_core.package_identification:_identify(hard/upper_body/chest/OldVersions) by extensions ['colcon_pkg']
[0.158s] Level 1:colcon.colcon_core.package_identification:_identify(hard/upper_body/chest/OldVersions) by extension 'colcon_pkg'
[0.158s] Level 1:colcon.colcon_core.package_identification:_identify(hard/upper_body/chest/OldVersions) by extensions ['colcon_meta']
[0.158s] Level 1:colcon.colcon_core.package_identification:_identify(hard/upper_body/chest/OldVersions) by extension 'colcon_meta'
[0.158s] Level 1:colcon.colcon_core.package_identification:_identify(hard/upper_body/chest/OldVersions) by extensions ['ros']
[0.158s] Level 1:colcon.colcon_core.package_identification:_identify(hard/upper_body/chest/OldVersions) by extension 'ros'
[0.158s] Level 1:colcon.colcon_core.package_identification:_identify(hard/upper_body/chest/OldVersions) by extensions ['cmake', 'python']
[0.158s] Level 1:colcon.colcon_core.package_identification:_identify(hard/upper_body/chest/OldVersions) by extension 'cmake'
[0.158s] Level 1:colcon.colcon_core.package_identification:_identify(hard/upper_body/chest/OldVersions) by extension 'python'
[0.158s] Level 1:colcon.colcon_core.package_identification:_identify(hard/upper_body/chest/OldVersions) by extensions ['python_setup_py']
[0.158s] Level 1:colcon.colcon_core.package_identification:_identify(hard/upper_body/chest/OldVersions) by extension 'python_setup_py'
[0.158s] Level 1:colcon.colcon_core.package_identification:_identify(install) by extensions ['ignore', 'ignore_ament_install']
[0.158s] Level 1:colcon.colcon_core.package_identification:_identify(install) by extension 'ignore'
[0.158s] Level 1:colcon.colcon_core.package_identification:_identify(install) ignored
[0.158s] Level 1:colcon.colcon_core.package_identification:_identify(log) by extensions ['ignore', 'ignore_ament_install']
[0.158s] Level 1:colcon.colcon_core.package_identification:_identify(log) by extension 'ignore'
[0.158s] Level 1:colcon.colcon_core.package_identification:_identify(log) ignored
[0.158s] Level 1:colcon.colcon_core.package_identification:_identify(simulation) by extensions ['ignore', 'ignore_ament_install']
[0.158s] Level 1:colcon.colcon_core.package_identification:_identify(simulation) by extension 'ignore'
[0.158s] Level 1:colcon.colcon_core.package_identification:_identify(simulation) by extension 'ignore_ament_install'
[0.158s] Level 1:colcon.colcon_core.package_identification:_identify(simulation) by extensions ['colcon_pkg']
[0.158s] Level 1:colcon.colcon_core.package_identification:_identify(simulation) by extension 'colcon_pkg'
[0.158s] Level 1:colcon.colcon_core.package_identification:_identify(simulation) by extensions ['colcon_meta']
[0.158s] Level 1:colcon.colcon_core.package_identification:_identify(simulation) by extension 'colcon_meta'
[0.158s] Level 1:colcon.colcon_core.package_identification:_identify(simulation) by extensions ['ros']
[0.158s] Level 1:colcon.colcon_core.package_identification:_identify(simulation) by extension 'ros'
[0.158s] Level 1:colcon.colcon_core.package_identification:_identify(simulation) by extensions ['cmake', 'python']
[0.158s] Level 1:colcon.colcon_core.package_identification:_identify(simulation) by extension 'cmake'
[0.158s] Level 1:colcon.colcon_core.package_identification:_identify(simulation) by extension 'python'
[0.158s] Level 1:colcon.colcon_core.package_identification:_identify(simulation) by extensions ['python_setup_py']
[0.158s] Level 1:colcon.colcon_core.package_identification:_identify(simulation) by extension 'python_setup_py'
[0.158s] Level 1:colcon.colcon_core.package_identification:_identify(simulation/build) by extensions ['ignore', 'ignore_ament_install']
[0.159s] Level 1:colcon.colcon_core.package_identification:_identify(simulation/build) by extension 'ignore'
[0.159s] Level 1:colcon.colcon_core.package_identification:_identify(simulation/build) ignored
[0.159s] Level 1:colcon.colcon_core.package_identification:_identify(simulation/install) by extensions ['ignore', 'ignore_ament_install']
[0.159s] Level 1:colcon.colcon_core.package_identification:_identify(simulation/install) by extension 'ignore'
[0.159s] Level 1:colcon.colcon_core.package_identification:_identify(simulation/install) ignored
[0.159s] Level 1:colcon.colcon_core.package_identification:_identify(simulation/log) by extensions ['ignore', 'ignore_ament_install']
[0.159s] Level 1:colcon.colcon_core.package_identification:_identify(simulation/log) by extension 'ignore'
[0.159s] Level 1:colcon.colcon_core.package_identification:_identify(simulation/log) ignored
[0.159s] Level 1:colcon.colcon_core.package_identification:_identify(simulation/src) by extensions ['ignore', 'ignore_ament_install']
[0.159s] Level 1:colcon.colcon_core.package_identification:_identify(simulation/src) by extension 'ignore'
[0.159s] Level 1:colcon.colcon_core.package_identification:_identify(simulation/src) by extension 'ignore_ament_install'
[0.159s] Level 1:colcon.colcon_core.package_identification:_identify(simulation/src) by extensions ['colcon_pkg']
[0.159s] Level 1:colcon.colcon_core.package_identification:_identify(simulation/src) by extension 'colcon_pkg'
[0.159s] Level 1:colcon.colcon_core.package_identification:_identify(simulation/src) by extensions ['colcon_meta']
[0.159s] Level 1:colcon.colcon_core.package_identification:_identify(simulation/src) by extension 'colcon_meta'
[0.159s] Level 1:colcon.colcon_core.package_identification:_identify(simulation/src) by extensions ['ros']
[0.159s] Level 1:colcon.colcon_core.package_identification:_identify(simulation/src) by extension 'ros'
[0.159s] Level 1:colcon.colcon_core.package_identification:_identify(simulation/src) by extensions ['cmake', 'python']
[0.159s] Level 1:colcon.colcon_core.package_identification:_identify(simulation/src) by extension 'cmake'
[0.159s] Level 1:colcon.colcon_core.package_identification:_identify(simulation/src) by extension 'python'
[0.159s] Level 1:colcon.colcon_core.package_identification:_identify(simulation/src) by extensions ['python_setup_py']
[0.159s] Level 1:colcon.colcon_core.package_identification:_identify(simulation/src) by extension 'python_setup_py'
[0.159s] Level 1:colcon.colcon_core.package_identification:_identify(simulation/src/champ) by extensions ['ignore', 'ignore_ament_install']
[0.159s] Level 1:colcon.colcon_core.package_identification:_identify(simulation/src/champ) by extension 'ignore'
[0.159s] Level 1:colcon.colcon_core.package_identification:_identify(simulation/src/champ) by extension 'ignore_ament_install'
[0.159s] Level 1:colcon.colcon_core.package_identification:_identify(simulation/src/champ) by extensions ['colcon_pkg']
[0.159s] Level 1:colcon.colcon_core.package_identification:_identify(simulation/src/champ) by extension 'colcon_pkg'
[0.159s] Level 1:colcon.colcon_core.package_identification:_identify(simulation/src/champ) by extensions ['colcon_meta']
[0.159s] Level 1:colcon.colcon_core.package_identification:_identify(simulation/src/champ) by extension 'colcon_meta'
[0.160s] Level 1:colcon.colcon_core.package_identification:_identify(simulation/src/champ) by extensions ['ros']
[0.160s] Level 1:colcon.colcon_core.package_identification:_identify(simulation/src/champ) by extension 'ros'
[0.160s] Level 1:colcon.colcon_core.package_identification:_identify(simulation/src/champ) by extensions ['cmake', 'python']
[0.160s] Level 1:colcon.colcon_core.package_identification:_identify(simulation/src/champ) by extension 'cmake'
[0.160s] Level 1:colcon.colcon_core.package_identification:_identify(simulation/src/champ) by extension 'python'
[0.160s] Level 1:colcon.colcon_core.package_identification:_identify(simulation/src/champ) by extensions ['python_setup_py']
[0.160s] Level 1:colcon.colcon_core.package_identification:_identify(simulation/src/champ) by extension 'python_setup_py'
[0.160s] Level 1:colcon.colcon_core.package_identification:_identify(simulation/src/champ/champ) by extensions ['ignore', 'ignore_ament_install']
[0.160s] Level 1:colcon.colcon_core.package_identification:_identify(simulation/src/champ/champ) by extension 'ignore'
[0.160s] Level 1:colcon.colcon_core.package_identification:_identify(simulation/src/champ/champ) by extension 'ignore_ament_install'
[0.160s] Level 1:colcon.colcon_core.package_identification:_identify(simulation/src/champ/champ) by extensions ['colcon_pkg']
[0.160s] Level 1:colcon.colcon_core.package_identification:_identify(simulation/src/champ/champ) by extension 'colcon_pkg'
[0.160s] Level 1:colcon.colcon_core.package_identification:_identify(simulation/src/champ/champ) by extensions ['colcon_meta']
[0.160s] Level 1:colcon.colcon_core.package_identification:_identify(simulation/src/champ/champ) by extension 'colcon_meta'
[0.160s] Level 1:colcon.colcon_core.package_identification:_identify(simulation/src/champ/champ) by extensions ['ros']
[0.160s] Level 1:colcon.colcon_core.package_identification:_identify(simulation/src/champ/champ) by extension 'ros'
[0.161s] DEBUG:colcon.colcon_core.package_identification:Package 'simulation/src/champ/champ' with type 'ros.ament_cmake' and name 'champ'
[0.162s] Level 1:colcon.colcon_core.package_identification:_identify(simulation/src/champ/champ_base) by extensions ['ignore', 'ignore_ament_install']
[0.162s] Level 1:colcon.colcon_core.package_identification:_identify(simulation/src/champ/champ_base) by extension 'ignore'
[0.162s] Level 1:colcon.colcon_core.package_identification:_identify(simulation/src/champ/champ_base) by extension 'ignore_ament_install'
[0.162s] Level 1:colcon.colcon_core.package_identification:_identify(simulation/src/champ/champ_base) by extensions ['colcon_pkg']
[0.162s] Level 1:colcon.colcon_core.package_identification:_identify(simulation/src/champ/champ_base) by extension 'colcon_pkg'
[0.162s] Level 1:colcon.colcon_core.package_identification:_identify(simulation/src/champ/champ_base) by extensions ['colcon_meta']
[0.162s] Level 1:colcon.colcon_core.package_identification:_identify(simulation/src/champ/champ_base) by extension 'colcon_meta'
[0.162s] Level 1:colcon.colcon_core.package_identification:_identify(simulation/src/champ/champ_base) by extensions ['ros']
[0.162s] Level 1:colcon.colcon_core.package_identification:_identify(simulation/src/champ/champ_base) by extension 'ros'
[0.163s] DEBUG:colcon.colcon_core.package_identification:Package 'simulation/src/champ/champ_base' with type 'ros.ament_cmake' and name 'champ_base'
[0.163s] Level 1:colcon.colcon_core.package_identification:_identify(simulation/src/champ/champ_bringup) by extensions ['ignore', 'ignore_ament_install']
[0.163s] Level 1:colcon.colcon_core.package_identification:_identify(simulation/src/champ/champ_bringup) by extension 'ignore'
[0.163s] Level 1:colcon.colcon_core.package_identification:_identify(simulation/src/champ/champ_bringup) by extension 'ignore_ament_install'
[0.163s] Level 1:colcon.colcon_core.package_identification:_identify(simulation/src/champ/champ_bringup) by extensions ['colcon_pkg']
[0.163s] Level 1:colcon.colcon_core.package_identification:_identify(simulation/src/champ/champ_bringup) by extension 'colcon_pkg'
[0.163s] Level 1:colcon.colcon_core.package_identification:_identify(simulation/src/champ/champ_bringup) by extensions ['colcon_meta']
[0.163s] Level 1:colcon.colcon_core.package_identification:_identify(simulation/src/champ/champ_bringup) by extension 'colcon_meta'
[0.163s] Level 1:colcon.colcon_core.package_identification:_identify(simulation/src/champ/champ_bringup) by extensions ['ros']
[0.163s] Level 1:colcon.colcon_core.package_identification:_identify(simulation/src/champ/champ_bringup) by extension 'ros'
[0.164s] DEBUG:colcon.colcon_core.package_identification:Package 'simulation/src/champ/champ_bringup' with type 'ros.ament_cmake' and name 'champ_bringup'
[0.164s] Level 1:colcon.colcon_core.package_identification:_identify(simulation/src/champ/champ_config) by extensions ['ignore', 'ignore_ament_install']
[0.164s] Level 1:colcon.colcon_core.package_identification:_identify(simulation/src/champ/champ_config) by extension 'ignore'
[0.164s] Level 1:colcon.colcon_core.package_identification:_identify(simulation/src/champ/champ_config) by extension 'ignore_ament_install'
[0.164s] Level 1:colcon.colcon_core.package_identification:_identify(simulation/src/champ/champ_config) by extensions ['colcon_pkg']
[0.164s] Level 1:colcon.colcon_core.package_identification:_identify(simulation/src/champ/champ_config) by extension 'colcon_pkg'
[0.164s] Level 1:colcon.colcon_core.package_identification:_identify(simulation/src/champ/champ_config) by extensions ['colcon_meta']
[0.164s] Level 1:colcon.colcon_core.package_identification:_identify(simulation/src/champ/champ_config) by extension 'colcon_meta'
[0.164s] Level 1:colcon.colcon_core.package_identification:_identify(simulation/src/champ/champ_config) by extensions ['ros']
[0.164s] Level 1:colcon.colcon_core.package_identification:_identify(simulation/src/champ/champ_config) by extension 'ros'
[0.164s] DEBUG:colcon.colcon_core.package_identification:Package 'simulation/src/champ/champ_config' with type 'ros.ament_cmake' and name 'champ_config'
[0.164s] Level 1:colcon.colcon_core.package_identification:_identify(simulation/src/champ/champ_description) by extensions ['ignore', 'ignore_ament_install']
[0.164s] Level 1:colcon.colcon_core.package_identification:_identify(simulation/src/champ/champ_description) by extension 'ignore'
[0.164s] Level 1:colcon.colcon_core.package_identification:_identify(simulation/src/champ/champ_description) by extension 'ignore_ament_install'
[0.164s] Level 1:colcon.colcon_core.package_identification:_identify(simulation/src/champ/champ_description) by extensions ['colcon_pkg']
[0.164s] Level 1:colcon.colcon_core.package_identification:_identify(simulation/src/champ/champ_description) by extension 'colcon_pkg'
[0.164s] Level 1:colcon.colcon_core.package_identification:_identify(simulation/src/champ/champ_description) by extensions ['colcon_meta']
[0.165s] Level 1:colcon.colcon_core.package_identification:_identify(simulation/src/champ/champ_description) by extension 'colcon_meta'
[0.165s] Level 1:colcon.colcon_core.package_identification:_identify(simulation/src/champ/champ_description) by extensions ['ros']
[0.165s] Level 1:colcon.colcon_core.package_identification:_identify(simulation/src/champ/champ_description) by extension 'ros'
[0.165s] DEBUG:colcon.colcon_core.package_identification:Package 'simulation/src/champ/champ_description' with type 'ros.ament_cmake' and name 'champ_description'
[0.165s] Level 1:colcon.colcon_core.package_identification:_identify(simulation/src/champ/champ_gazebo) by extensions ['ignore', 'ignore_ament_install']
[0.165s] Level 1:colcon.colcon_core.package_identification:_identify(simulation/src/champ/champ_gazebo) by extension 'ignore'
[0.165s] Level 1:colcon.colcon_core.package_identification:_identify(simulation/src/champ/champ_gazebo) by extension 'ignore_ament_install'
[0.165s] Level 1:colcon.colcon_core.package_identification:_identify(simulation/src/champ/champ_gazebo) by extensions ['colcon_pkg']
[0.165s] Level 1:colcon.colcon_core.package_identification:_identify(simulation/src/champ/champ_gazebo) by extension 'colcon_pkg'
[0.165s] Level 1:colcon.colcon_core.package_identification:_identify(simulation/src/champ/champ_gazebo) by extensions ['colcon_meta']
[0.165s] Level 1:colcon.colcon_core.package_identification:_identify(simulation/src/champ/champ_gazebo) by extension 'colcon_meta'
[0.165s] Level 1:colcon.colcon_core.package_identification:_identify(simulation/src/champ/champ_gazebo) by extensions ['ros']
[0.165s] Level 1:colcon.colcon_core.package_identification:_identify(simulation/src/champ/champ_gazebo) by extension 'ros'
[0.166s] DEBUG:colcon.colcon_core.package_identification:Package 'simulation/src/champ/champ_gazebo' with type 'ros.ament_cmake' and name 'champ_gazebo'
[0.166s] Level 1:colcon.colcon_core.package_identification:_identify(simulation/src/champ/champ_msgs) by extensions ['ignore', 'ignore_ament_install']
[0.166s] Level 1:colcon.colcon_core.package_identification:_identify(simulation/src/champ/champ_msgs) by extension 'ignore'
[0.166s] Level 1:colcon.colcon_core.package_identification:_identify(simulation/src/champ/champ_msgs) by extension 'ignore_ament_install'
[0.166s] Level 1:colcon.colcon_core.package_identification:_identify(simulation/src/champ/champ_msgs) by extensions ['colcon_pkg']
[0.166s] Level 1:colcon.colcon_core.package_identification:_identify(simulation/src/champ/champ_msgs) by extension 'colcon_pkg'
[0.166s] Level 1:colcon.colcon_core.package_identification:_identify(simulation/src/champ/champ_msgs) by extensions ['colcon_meta']
[0.166s] Level 1:colcon.colcon_core.package_identification:_identify(simulation/src/champ/champ_msgs) by extension 'colcon_meta'
[0.166s] Level 1:colcon.colcon_core.package_identification:_identify(simulation/src/champ/champ_msgs) by extensions ['ros']
[0.166s] Level 1:colcon.colcon_core.package_identification:_identify(simulation/src/champ/champ_msgs) by extension 'ros'
[0.166s] DEBUG:colcon.colcon_core.package_identification:Package 'simulation/src/champ/champ_msgs' with type 'ros.ament_cmake' and name 'champ_msgs'
[0.166s] Level 1:colcon.colcon_core.package_identification:_identify(simulation/src/champ/champ_navigation) by extensions ['ignore', 'ignore_ament_install']
[0.166s] Level 1:colcon.colcon_core.package_identification:_identify(simulation/src/champ/champ_navigation) by extension 'ignore'
[0.166s] Level 1:colcon.colcon_core.package_identification:_identify(simulation/src/champ/champ_navigation) by extension 'ignore_ament_install'
[0.166s] Level 1:colcon.colcon_core.package_identification:_identify(simulation/src/champ/champ_navigation) by extensions ['colcon_pkg']
[0.166s] Level 1:colcon.colcon_core.package_identification:_identify(simulation/src/champ/champ_navigation) by extension 'colcon_pkg'
[0.166s] Level 1:colcon.colcon_core.package_identification:_identify(simulation/src/champ/champ_navigation) by extensions ['colcon_meta']
[0.166s] Level 1:colcon.colcon_core.package_identification:_identify(simulation/src/champ/champ_navigation) by extension 'colcon_meta'
[0.166s] Level 1:colcon.colcon_core.package_identification:_identify(simulation/src/champ/champ_navigation) by extensions ['ros']
[0.166s] Level 1:colcon.colcon_core.package_identification:_identify(simulation/src/champ/champ_navigation) by extension 'ros'
[0.167s] DEBUG:colcon.colcon_core.package_identification:Package 'simulation/src/champ/champ_navigation' with type 'ros.ament_cmake' and name 'champ_navigation'
[0.167s] Level 1:colcon.colcon_core.package_identification:_identify(simulation/src/champ/docs) by extensions ['ignore', 'ignore_ament_install']
[0.167s] Level 1:colcon.colcon_core.package_identification:_identify(simulation/src/champ/docs) by extension 'ignore'
[0.167s] Level 1:colcon.colcon_core.package_identification:_identify(simulation/src/champ/docs) by extension 'ignore_ament_install'
[0.167s] Level 1:colcon.colcon_core.package_identification:_identify(simulation/src/champ/docs) by extensions ['colcon_pkg']
[0.167s] Level 1:colcon.colcon_core.package_identification:_identify(simulation/src/champ/docs) by extension 'colcon_pkg'
[0.167s] Level 1:colcon.colcon_core.package_identification:_identify(simulation/src/champ/docs) by extensions ['colcon_meta']
[0.167s] Level 1:colcon.colcon_core.package_identification:_identify(simulation/src/champ/docs) by extension 'colcon_meta'
[0.167s] Level 1:colcon.colcon_core.package_identification:_identify(simulation/src/champ/docs) by extensions ['ros']
[0.167s] Level 1:colcon.colcon_core.package_identification:_identify(simulation/src/champ/docs) by extension 'ros'
[0.167s] Level 1:colcon.colcon_core.package_identification:_identify(simulation/src/champ/docs) by extensions ['cmake', 'python']
[0.167s] Level 1:colcon.colcon_core.package_identification:_identify(simulation/src/champ/docs) by extension 'cmake'
[0.167s] Level 1:colcon.colcon_core.package_identification:_identify(simulation/src/champ/docs) by extension 'python'
[0.167s] Level 1:colcon.colcon_core.package_identification:_identify(simulation/src/champ/docs) by extensions ['python_setup_py']
[0.167s] Level 1:colcon.colcon_core.package_identification:_identify(simulation/src/champ/docs) by extension 'python_setup_py'
[0.167s] Level 1:colcon.colcon_core.package_identification:_identify(simulation/src/champ/docs/images) by extensions ['ignore', 'ignore_ament_install']
[0.167s] Level 1:colcon.colcon_core.package_identification:_identify(simulation/src/champ/docs/images) by extension 'ignore'
[0.167s] Level 1:colcon.colcon_core.package_identification:_identify(simulation/src/champ/docs/images) by extension 'ignore_ament_install'
[0.167s] Level 1:colcon.colcon_core.package_identification:_identify(simulation/src/champ/docs/images) by extensions ['colcon_pkg']
[0.167s] Level 1:colcon.colcon_core.package_identification:_identify(simulation/src/champ/docs/images) by extension 'colcon_pkg'
[0.167s] Level 1:colcon.colcon_core.package_identification:_identify(simulation/src/champ/docs/images) by extensions ['colcon_meta']
[0.167s] Level 1:colcon.colcon_core.package_identification:_identify(simulation/src/champ/docs/images) by extension 'colcon_meta'
[0.167s] Level 1:colcon.colcon_core.package_identification:_identify(simulation/src/champ/docs/images) by extensions ['ros']
[0.167s] Level 1:colcon.colcon_core.package_identification:_identify(simulation/src/champ/docs/images) by extension 'ros'
[0.167s] Level 1:colcon.colcon_core.package_identification:_identify(simulation/src/champ/docs/images) by extensions ['cmake', 'python']
[0.168s] Level 1:colcon.colcon_core.package_identification:_identify(simulation/src/champ/docs/images) by extension 'cmake'
[0.168s] Level 1:colcon.colcon_core.package_identification:_identify(simulation/src/champ/docs/images) by extension 'python'
[0.168s] Level 1:colcon.colcon_core.package_identification:_identify(simulation/src/champ/docs/images) by extensions ['python_setup_py']
[0.168s] Level 1:colcon.colcon_core.package_identification:_identify(simulation/src/champ/docs/images) by extension 'python_setup_py'
[0.168s] Level 1:colcon.colcon_core.package_identification:_identify(simulation/src/champ_teleop) by extensions ['ignore', 'ignore_ament_install']
[0.168s] Level 1:colcon.colcon_core.package_identification:_identify(simulation/src/champ_teleop) by extension 'ignore'
[0.168s] Level 1:colcon.colcon_core.package_identification:_identify(simulation/src/champ_teleop) by extension 'ignore_ament_install'
[0.168s] Level 1:colcon.colcon_core.package_identification:_identify(simulation/src/champ_teleop) by extensions ['colcon_pkg']
[0.168s] Level 1:colcon.colcon_core.package_identification:_identify(simulation/src/champ_teleop) by extension 'colcon_pkg'
[0.168s] Level 1:colcon.colcon_core.package_identification:_identify(simulation/src/champ_teleop) by extensions ['colcon_meta']
[0.168s] Level 1:colcon.colcon_core.package_identification:_identify(simulation/src/champ_teleop) by extension 'colcon_meta'
[0.168s] Level 1:colcon.colcon_core.package_identification:_identify(simulation/src/champ_teleop) by extensions ['ros']
[0.168s] Level 1:colcon.colcon_core.package_identification:_identify(simulation/src/champ_teleop) by extension 'ros'
[0.168s] DEBUG:colcon.colcon_core.package_identification:Package 'simulation/src/champ_teleop' with type 'ros.ament_cmake' and name 'champ_teleop'
[0.168s] Level 1:colcon.colcon_core.package_identification:_identify(simulation/src/gazebo_ros2_control) by extensions ['ignore', 'ignore_ament_install']
[0.168s] Level 1:colcon.colcon_core.package_identification:_identify(simulation/src/gazebo_ros2_control) by extension 'ignore'
[0.168s] Level 1:colcon.colcon_core.package_identification:_identify(simulation/src/gazebo_ros2_control) by extension 'ignore_ament_install'
[0.168s] Level 1:colcon.colcon_core.package_identification:_identify(simulation/src/gazebo_ros2_control) by extensions ['colcon_pkg']
[0.168s] Level 1:colcon.colcon_core.package_identification:_identify(simulation/src/gazebo_ros2_control) by extension 'colcon_pkg'
[0.168s] Level 1:colcon.colcon_core.package_identification:_identify(simulation/src/gazebo_ros2_control) by extensions ['colcon_meta']
[0.168s] Level 1:colcon.colcon_core.package_identification:_identify(simulation/src/gazebo_ros2_control) by extension 'colcon_meta'
[0.168s] Level 1:colcon.colcon_core.package_identification:_identify(simulation/src/gazebo_ros2_control) by extensions ['ros']
[0.168s] Level 1:colcon.colcon_core.package_identification:_identify(simulation/src/gazebo_ros2_control) by extension 'ros'
[0.168s] Level 1:colcon.colcon_core.package_identification:_identify(simulation/src/gazebo_ros2_control) by extensions ['cmake', 'python']
[0.168s] Level 1:colcon.colcon_core.package_identification:_identify(simulation/src/gazebo_ros2_control) by extension 'cmake'
[0.168s] Level 1:colcon.colcon_core.package_identification:_identify(simulation/src/gazebo_ros2_control) by extension 'python'
[0.169s] Level 1:colcon.colcon_core.package_identification:_identify(simulation/src/gazebo_ros2_control) by extensions ['python_setup_py']
[0.169s] Level 1:colcon.colcon_core.package_identification:_identify(simulation/src/gazebo_ros2_control) by extension 'python_setup_py'
[0.169s] Level 1:colcon.colcon_core.package_identification:_identify(simulation/src/gazebo_ros2_control/gazebo_ros2_control_demos) by extensions ['ignore', 'ignore_ament_install']
[0.169s] Level 1:colcon.colcon_core.package_identification:_identify(simulation/src/gazebo_ros2_control/gazebo_ros2_control_demos) by extension 'ignore'
[0.169s] Level 1:colcon.colcon_core.package_identification:_identify(simulation/src/gazebo_ros2_control/gazebo_ros2_control_demos) by extension 'ignore_ament_install'
[0.169s] Level 1:colcon.colcon_core.package_identification:_identify(simulation/src/gazebo_ros2_control/gazebo_ros2_control_demos) by extensions ['colcon_pkg']
[0.169s] Level 1:colcon.colcon_core.package_identification:_identify(simulation/src/gazebo_ros2_control/gazebo_ros2_control_demos) by extension 'colcon_pkg'
[0.169s] Level 1:colcon.colcon_core.package_identification:_identify(simulation/src/gazebo_ros2_control/gazebo_ros2_control_demos) by extensions ['colcon_meta']
[0.169s] Level 1:colcon.colcon_core.package_identification:_identify(simulation/src/gazebo_ros2_control/gazebo_ros2_control_demos) by extension 'colcon_meta'
[0.169s] Level 1:colcon.colcon_core.package_identification:_identify(simulation/src/gazebo_ros2_control/gazebo_ros2_control_demos) by extensions ['ros']
[0.169s] Level 1:colcon.colcon_core.package_identification:_identify(simulation/src/gazebo_ros2_control/gazebo_ros2_control_demos) by extension 'ros'
[0.169s] DEBUG:colcon.colcon_core.package_identification:Package 'simulation/src/gazebo_ros2_control/gazebo_ros2_control_demos' with type 'ros.ament_cmake' and name 'gazebo_ros2_control_demos'
[0.169s] Level 1:colcon.colcon_core.package_identification:_identify(simulation/src/ros2_control_demos) by extensions ['ignore', 'ignore_ament_install']
[0.169s] Level 1:colcon.colcon_core.package_identification:_identify(simulation/src/ros2_control_demos) by extension 'ignore'
[0.169s] Level 1:colcon.colcon_core.package_identification:_identify(simulation/src/ros2_control_demos) by extension 'ignore_ament_install'
[0.169s] Level 1:colcon.colcon_core.package_identification:_identify(simulation/src/ros2_control_demos) by extensions ['colcon_pkg']
[0.169s] Level 1:colcon.colcon_core.package_identification:_identify(simulation/src/ros2_control_demos) by extension 'colcon_pkg'
[0.169s] Level 1:colcon.colcon_core.package_identification:_identify(simulation/src/ros2_control_demos) by extensions ['colcon_meta']
[0.169s] Level 1:colcon.colcon_core.package_identification:_identify(simulation/src/ros2_control_demos) by extension 'colcon_meta'
[0.170s] Level 1:colcon.colcon_core.package_identification:_identify(simulation/src/ros2_control_demos) by extensions ['ros']
[0.170s] Level 1:colcon.colcon_core.package_identification:_identify(simulation/src/ros2_control_demos) by extension 'ros'
[0.170s] Level 1:colcon.colcon_core.package_identification:_identify(simulation/src/ros2_control_demos) by extensions ['cmake', 'python']
[0.170s] Level 1:colcon.colcon_core.package_identification:_identify(simulation/src/ros2_control_demos) by extension 'cmake'
[0.170s] Level 1:colcon.colcon_core.package_identification:_identify(simulation/src/ros2_control_demos) by extension 'python'
[0.170s] Level 1:colcon.colcon_core.package_identification:_identify(simulation/src/ros2_control_demos) by extensions ['python_setup_py']
[0.170s] Level 1:colcon.colcon_core.package_identification:_identify(simulation/src/ros2_control_demos) by extension 'python_setup_py'
[0.170s] Level 1:colcon.colcon_core.package_identification:_identify(simulation/src/ros2_control_demos/Dockerfile) by extensions ['ignore', 'ignore_ament_install']
[0.170s] Level 1:colcon.colcon_core.package_identification:_identify(simulation/src/ros2_control_demos/Dockerfile) by extension 'ignore'
[0.170s] Level 1:colcon.colcon_core.package_identification:_identify(simulation/src/ros2_control_demos/Dockerfile) by extension 'ignore_ament_install'
[0.170s] Level 1:colcon.colcon_core.package_identification:_identify(simulation/src/ros2_control_demos/Dockerfile) by extensions ['colcon_pkg']
[0.170s] Level 1:colcon.colcon_core.package_identification:_identify(simulation/src/ros2_control_demos/Dockerfile) by extension 'colcon_pkg'
[0.170s] Level 1:colcon.colcon_core.package_identification:_identify(simulation/src/ros2_control_demos/Dockerfile) by extensions ['colcon_meta']
[0.170s] Level 1:colcon.colcon_core.package_identification:_identify(simulation/src/ros2_control_demos/Dockerfile) by extension 'colcon_meta'
[0.170s] Level 1:colcon.colcon_core.package_identification:_identify(simulation/src/ros2_control_demos/Dockerfile) by extensions ['ros']
[0.170s] Level 1:colcon.colcon_core.package_identification:_identify(simulation/src/ros2_control_demos/Dockerfile) by extension 'ros'
[0.170s] Level 1:colcon.colcon_core.package_identification:_identify(simulation/src/ros2_control_demos/Dockerfile) by extensions ['cmake', 'python']
[0.170s] Level 1:colcon.colcon_core.package_identification:_identify(simulation/src/ros2_control_demos/Dockerfile) by extension 'cmake'
[0.170s] Level 1:colcon.colcon_core.package_identification:_identify(simulation/src/ros2_control_demos/Dockerfile) by extension 'python'
[0.170s] Level 1:colcon.colcon_core.package_identification:_identify(simulation/src/ros2_control_demos/Dockerfile) by extensions ['python_setup_py']
[0.170s] Level 1:colcon.colcon_core.package_identification:_identify(simulation/src/ros2_control_demos/Dockerfile) by extension 'python_setup_py'
[0.170s] Level 1:colcon.colcon_core.package_identification:_identify(simulation/src/ros2_control_demos/doc) by extensions ['ignore', 'ignore_ament_install']
[0.170s] Level 1:colcon.colcon_core.package_identification:_identify(simulation/src/ros2_control_demos/doc) by extension 'ignore'
[0.170s] Level 1:colcon.colcon_core.package_identification:_identify(simulation/src/ros2_control_demos/doc) by extension 'ignore_ament_install'
[0.170s] Level 1:colcon.colcon_core.package_identification:_identify(simulation/src/ros2_control_demos/doc) by extensions ['colcon_pkg']
[0.170s] Level 1:colcon.colcon_core.package_identification:_identify(simulation/src/ros2_control_demos/doc) by extension 'colcon_pkg'
[0.170s] Level 1:colcon.colcon_core.package_identification:_identify(simulation/src/ros2_control_demos/doc) by extensions ['colcon_meta']
[0.170s] Level 1:colcon.colcon_core.package_identification:_identify(simulation/src/ros2_control_demos/doc) by extension 'colcon_meta'
[0.170s] Level 1:colcon.colcon_core.package_identification:_identify(simulation/src/ros2_control_demos/doc) by extensions ['ros']
[0.170s] Level 1:colcon.colcon_core.package_identification:_identify(simulation/src/ros2_control_demos/doc) by extension 'ros'
[0.170s] Level 1:colcon.colcon_core.package_identification:_identify(simulation/src/ros2_control_demos/doc) by extensions ['cmake', 'python']
[0.170s] Level 1:colcon.colcon_core.package_identification:_identify(simulation/src/ros2_control_demos/doc) by extension 'cmake'
[0.170s] Level 1:colcon.colcon_core.package_identification:_identify(simulation/src/ros2_control_demos/doc) by extension 'python'
[0.170s] Level 1:colcon.colcon_core.package_identification:_identify(simulation/src/ros2_control_demos/doc) by extensions ['python_setup_py']
[0.170s] Level 1:colcon.colcon_core.package_identification:_identify(simulation/src/ros2_control_demos/doc) by extension 'python_setup_py'
[0.170s] Level 1:colcon.colcon_core.package_identification:_identify(simulation/src/ros2_control_demos/example_1) by extensions ['ignore', 'ignore_ament_install']
[0.170s] Level 1:colcon.colcon_core.package_identification:_identify(simulation/src/ros2_control_demos/example_1) by extension 'ignore'
[0.170s] Level 1:colcon.colcon_core.package_identification:_identify(simulation/src/ros2_control_demos/example_1) by extension 'ignore_ament_install'
[0.170s] Level 1:colcon.colcon_core.package_identification:_identify(simulation/src/ros2_control_demos/example_1) by extensions ['colcon_pkg']
[0.171s] Level 1:colcon.colcon_core.package_identification:_identify(simulation/src/ros2_control_demos/example_1) by extension 'colcon_pkg'
[0.171s] Level 1:colcon.colcon_core.package_identification:_identify(simulation/src/ros2_control_demos/example_1) by extensions ['colcon_meta']
[0.171s] Level 1:colcon.colcon_core.package_identification:_identify(simulation/src/ros2_control_demos/example_1) by extension 'colcon_meta'
[0.171s] Level 1:colcon.colcon_core.package_identification:_identify(simulation/src/ros2_control_demos/example_1) by extensions ['ros']
[0.171s] Level 1:colcon.colcon_core.package_identification:_identify(simulation/src/ros2_control_demos/example_1) by extension 'ros'
[0.171s] DEBUG:colcon.colcon_core.package_identification:Package 'simulation/src/ros2_control_demos/example_1' with type 'ros.ament_cmake' and name 'ros2_control_demo_example_1'
[0.171s] Level 1:colcon.colcon_core.package_identification:_identify(simulation/src/ros2_control_demos/example_10) by extensions ['ignore', 'ignore_ament_install']
[0.171s] Level 1:colcon.colcon_core.package_identification:_identify(simulation/src/ros2_control_demos/example_10) by extension 'ignore'
[0.171s] Level 1:colcon.colcon_core.package_identification:_identify(simulation/src/ros2_control_demos/example_10) by extension 'ignore_ament_install'
[0.171s] Level 1:colcon.colcon_core.package_identification:_identify(simulation/src/ros2_control_demos/example_10) by extensions ['colcon_pkg']
[0.171s] Level 1:colcon.colcon_core.package_identification:_identify(simulation/src/ros2_control_demos/example_10) by extension 'colcon_pkg'
[0.171s] Level 1:colcon.colcon_core.package_identification:_identify(simulation/src/ros2_control_demos/example_10) by extensions ['colcon_meta']
[0.171s] Level 1:colcon.colcon_core.package_identification:_identify(simulation/src/ros2_control_demos/example_10) by extension 'colcon_meta'
[0.171s] Level 1:colcon.colcon_core.package_identification:_identify(simulation/src/ros2_control_demos/example_10) by extensions ['ros']
[0.171s] Level 1:colcon.colcon_core.package_identification:_identify(simulation/src/ros2_control_demos/example_10) by extension 'ros'
[0.172s] DEBUG:colcon.colcon_core.package_identification:Package 'simulation/src/ros2_control_demos/example_10' with type 'ros.ament_cmake' and name 'ros2_control_demo_example_10'
[0.172s] Level 1:colcon.colcon_core.package_identification:_identify(simulation/src/ros2_control_demos/example_11) by extensions ['ignore', 'ignore_ament_install']
[0.172s] Level 1:colcon.colcon_core.package_identification:_identify(simulation/src/ros2_control_demos/example_11) by extension 'ignore'
[0.172s] Level 1:colcon.colcon_core.package_identification:_identify(simulation/src/ros2_control_demos/example_11) by extension 'ignore_ament_install'
[0.172s] Level 1:colcon.colcon_core.package_identification:_identify(simulation/src/ros2_control_demos/example_11) by extensions ['colcon_pkg']
[0.172s] Level 1:colcon.colcon_core.package_identification:_identify(simulation/src/ros2_control_demos/example_11) by extension 'colcon_pkg'
[0.172s] Level 1:colcon.colcon_core.package_identification:_identify(simulation/src/ros2_control_demos/example_11) by extensions ['colcon_meta']
[0.172s] Level 1:colcon.colcon_core.package_identification:_identify(simulation/src/ros2_control_demos/example_11) by extension 'colcon_meta'
[0.172s] Level 1:colcon.colcon_core.package_identification:_identify(simulation/src/ros2_control_demos/example_11) by extensions ['ros']
[0.172s] Level 1:colcon.colcon_core.package_identification:_identify(simulation/src/ros2_control_demos/example_11) by extension 'ros'
[0.173s] DEBUG:colcon.colcon_core.package_identification:Package 'simulation/src/ros2_control_demos/example_11' with type 'ros.ament_cmake' and name 'ros2_control_demo_example_11'
[0.173s] Level 1:colcon.colcon_core.package_identification:_identify(simulation/src/ros2_control_demos/example_12) by extensions ['ignore', 'ignore_ament_install']
[0.173s] Level 1:colcon.colcon_core.package_identification:_identify(simulation/src/ros2_control_demos/example_12) by extension 'ignore'
[0.173s] Level 1:colcon.colcon_core.package_identification:_identify(simulation/src/ros2_control_demos/example_12) by extension 'ignore_ament_install'
[0.173s] Level 1:colcon.colcon_core.package_identification:_identify(simulation/src/ros2_control_demos/example_12) by extensions ['colcon_pkg']
[0.173s] Level 1:colcon.colcon_core.package_identification:_identify(simulation/src/ros2_control_demos/example_12) by extension 'colcon_pkg'
[0.173s] Level 1:colcon.colcon_core.package_identification:_identify(simulation/src/ros2_control_demos/example_12) by extensions ['colcon_meta']
[0.173s] Level 1:colcon.colcon_core.package_identification:_identify(simulation/src/ros2_control_demos/example_12) by extension 'colcon_meta'
[0.173s] Level 1:colcon.colcon_core.package_identification:_identify(simulation/src/ros2_control_demos/example_12) by extensions ['ros']
[0.173s] Level 1:colcon.colcon_core.package_identification:_identify(simulation/src/ros2_control_demos/example_12) by extension 'ros'
[0.174s] DEBUG:colcon.colcon_core.package_identification:Package 'simulation/src/ros2_control_demos/example_12' with type 'ros.ament_cmake' and name 'ros2_control_demo_example_12'
[0.174s] Level 1:colcon.colcon_core.package_identification:_identify(simulation/src/ros2_control_demos/example_14) by extensions ['ignore', 'ignore_ament_install']
[0.174s] Level 1:colcon.colcon_core.package_identification:_identify(simulation/src/ros2_control_demos/example_14) by extension 'ignore'
[0.174s] Level 1:colcon.colcon_core.package_identification:_identify(simulation/src/ros2_control_demos/example_14) by extension 'ignore_ament_install'
[0.174s] Level 1:colcon.colcon_core.package_identification:_identify(simulation/src/ros2_control_demos/example_14) by extensions ['colcon_pkg']
[0.174s] Level 1:colcon.colcon_core.package_identification:_identify(simulation/src/ros2_control_demos/example_14) by extension 'colcon_pkg'
[0.174s] Level 1:colcon.colcon_core.package_identification:_identify(simulation/src/ros2_control_demos/example_14) by extensions ['colcon_meta']
[0.174s] Level 1:colcon.colcon_core.package_identification:_identify(simulation/src/ros2_control_demos/example_14) by extension 'colcon_meta'
[0.174s] Level 1:colcon.colcon_core.package_identification:_identify(simulation/src/ros2_control_demos/example_14) by extensions ['ros']
[0.174s] Level 1:colcon.colcon_core.package_identification:_identify(simulation/src/ros2_control_demos/example_14) by extension 'ros'
[0.175s] DEBUG:colcon.colcon_core.package_identification:Package 'simulation/src/ros2_control_demos/example_14' with type 'ros.ament_cmake' and name 'ros2_control_demo_example_14'
[0.175s] Level 1:colcon.colcon_core.package_identification:_identify(simulation/src/ros2_control_demos/example_15) by extensions ['ignore', 'ignore_ament_install']
[0.175s] Level 1:colcon.colcon_core.package_identification:_identify(simulation/src/ros2_control_demos/example_15) by extension 'ignore'
[0.175s] Level 1:colcon.colcon_core.package_identification:_identify(simulation/src/ros2_control_demos/example_15) by extension 'ignore_ament_install'
[0.175s] Level 1:colcon.colcon_core.package_identification:_identify(simulation/src/ros2_control_demos/example_15) by extensions ['colcon_pkg']
[0.175s] Level 1:colcon.colcon_core.package_identification:_identify(simulation/src/ros2_control_demos/example_15) by extension 'colcon_pkg'
[0.175s] Level 1:colcon.colcon_core.package_identification:_identify(simulation/src/ros2_control_demos/example_15) by extensions ['colcon_meta']
[0.175s] Level 1:colcon.colcon_core.package_identification:_identify(simulation/src/ros2_control_demos/example_15) by extension 'colcon_meta'
[0.175s] Level 1:colcon.colcon_core.package_identification:_identify(simulation/src/ros2_control_demos/example_15) by extensions ['ros']
[0.175s] Level 1:colcon.colcon_core.package_identification:_identify(simulation/src/ros2_control_demos/example_15) by extension 'ros'
[0.175s] DEBUG:colcon.colcon_core.package_identification:Package 'simulation/src/ros2_control_demos/example_15' with type 'ros.ament_cmake' and name 'ros2_control_demo_example_15'
[0.176s] Level 1:colcon.colcon_core.package_identification:_identify(simulation/src/ros2_control_demos/example_2) by extensions ['ignore', 'ignore_ament_install']
[0.176s] Level 1:colcon.colcon_core.package_identification:_identify(simulation/src/ros2_control_demos/example_2) by extension 'ignore'
[0.176s] Level 1:colcon.colcon_core.package_identification:_identify(simulation/src/ros2_control_demos/example_2) by extension 'ignore_ament_install'
[0.176s] Level 1:colcon.colcon_core.package_identification:_identify(simulation/src/ros2_control_demos/example_2) by extensions ['colcon_pkg']
[0.176s] Level 1:colcon.colcon_core.package_identification:_identify(simulation/src/ros2_control_demos/example_2) by extension 'colcon_pkg'
[0.176s] Level 1:colcon.colcon_core.package_identification:_identify(simulation/src/ros2_control_demos/example_2) by extensions ['colcon_meta']
[0.176s] Level 1:colcon.colcon_core.package_identification:_identify(simulation/src/ros2_control_demos/example_2) by extension 'colcon_meta'
[0.176s] Level 1:colcon.colcon_core.package_identification:_identify(simulation/src/ros2_control_demos/example_2) by extensions ['ros']
[0.176s] Level 1:colcon.colcon_core.package_identification:_identify(simulation/src/ros2_control_demos/example_2) by extension 'ros'
[0.176s] DEBUG:colcon.colcon_core.package_identification:Package 'simulation/src/ros2_control_demos/example_2' with type 'ros.ament_cmake' and name 'ros2_control_demo_example_2'
[0.176s] Level 1:colcon.colcon_core.package_identification:_identify(simulation/src/ros2_control_demos/example_3) by extensions ['ignore', 'ignore_ament_install']
[0.176s] Level 1:colcon.colcon_core.package_identification:_identify(simulation/src/ros2_control_demos/example_3) by extension 'ignore'
[0.176s] Level 1:colcon.colcon_core.package_identification:_identify(simulation/src/ros2_control_demos/example_3) by extension 'ignore_ament_install'
[0.176s] Level 1:colcon.colcon_core.package_identification:_identify(simulation/src/ros2_control_demos/example_3) by extensions ['colcon_pkg']
[0.176s] Level 1:colcon.colcon_core.package_identification:_identify(simulation/src/ros2_control_demos/example_3) by extension 'colcon_pkg'
[0.176s] Level 1:colcon.colcon_core.package_identification:_identify(simulation/src/ros2_control_demos/example_3) by extensions ['colcon_meta']
[0.176s] Level 1:colcon.colcon_core.package_identification:_identify(simulation/src/ros2_control_demos/example_3) by extension 'colcon_meta'
[0.177s] Level 1:colcon.colcon_core.package_identification:_identify(simulation/src/ros2_control_demos/example_3) by extensions ['ros']
[0.177s] Level 1:colcon.colcon_core.package_identification:_identify(simulation/src/ros2_control_demos/example_3) by extension 'ros'
[0.177s] DEBUG:colcon.colcon_core.package_identification:Package 'simulation/src/ros2_control_demos/example_3' with type 'ros.ament_cmake' and name 'ros2_control_demo_example_3'
[0.177s] Level 1:colcon.colcon_core.package_identification:_identify(simulation/src/ros2_control_demos/example_4) by extensions ['ignore', 'ignore_ament_install']
[0.177s] Level 1:colcon.colcon_core.package_identification:_identify(simulation/src/ros2_control_demos/example_4) by extension 'ignore'
[0.177s] Level 1:colcon.colcon_core.package_identification:_identify(simulation/src/ros2_control_demos/example_4) by extension 'ignore_ament_install'
[0.177s] Level 1:colcon.colcon_core.package_identification:_identify(simulation/src/ros2_control_demos/example_4) by extensions ['colcon_pkg']
[0.177s] Level 1:colcon.colcon_core.package_identification:_identify(simulation/src/ros2_control_demos/example_4) by extension 'colcon_pkg'
[0.177s] Level 1:colcon.colcon_core.package_identification:_identify(simulation/src/ros2_control_demos/example_4) by extensions ['colcon_meta']
[0.177s] Level 1:colcon.colcon_core.package_identification:_identify(simulation/src/ros2_control_demos/example_4) by extension 'colcon_meta'
[0.177s] Level 1:colcon.colcon_core.package_identification:_identify(simulation/src/ros2_control_demos/example_4) by extensions ['ros']
[0.177s] Level 1:colcon.colcon_core.package_identification:_identify(simulation/src/ros2_control_demos/example_4) by extension 'ros'
[0.178s] DEBUG:colcon.colcon_core.package_identification:Package 'simulation/src/ros2_control_demos/example_4' with type 'ros.ament_cmake' and name 'ros2_control_demo_example_4'
[0.178s] Level 1:colcon.colcon_core.package_identification:_identify(simulation/src/ros2_control_demos/example_5) by extensions ['ignore', 'ignore_ament_install']
[0.178s] Level 1:colcon.colcon_core.package_identification:_identify(simulation/src/ros2_control_demos/example_5) by extension 'ignore'
[0.178s] Level 1:colcon.colcon_core.package_identification:_identify(simulation/src/ros2_control_demos/example_5) by extension 'ignore_ament_install'
[0.178s] Level 1:colcon.colcon_core.package_identification:_identify(simulation/src/ros2_control_demos/example_5) by extensions ['colcon_pkg']
[0.178s] Level 1:colcon.colcon_core.package_identification:_identify(simulation/src/ros2_control_demos/example_5) by extension 'colcon_pkg'
[0.178s] Level 1:colcon.colcon_core.package_identification:_identify(simulation/src/ros2_control_demos/example_5) by extensions ['colcon_meta']
[0.178s] Level 1:colcon.colcon_core.package_identification:_identify(simulation/src/ros2_control_demos/example_5) by extension 'colcon_meta'
[0.178s] Level 1:colcon.colcon_core.package_identification:_identify(simulation/src/ros2_control_demos/example_5) by extensions ['ros']
[0.178s] Level 1:colcon.colcon_core.package_identification:_identify(simulation/src/ros2_control_demos/example_5) by extension 'ros'
[0.179s] DEBUG:colcon.colcon_core.package_identification:Package 'simulation/src/ros2_control_demos/example_5' with type 'ros.ament_cmake' and name 'ros2_control_demo_example_5'
[0.179s] Level 1:colcon.colcon_core.package_identification:_identify(simulation/src/ros2_control_demos/example_6) by extensions ['ignore', 'ignore_ament_install']
[0.179s] Level 1:colcon.colcon_core.package_identification:_identify(simulation/src/ros2_control_demos/example_6) by extension 'ignore'
[0.179s] Level 1:colcon.colcon_core.package_identification:_identify(simulation/src/ros2_control_demos/example_6) by extension 'ignore_ament_install'
[0.179s] Level 1:colcon.colcon_core.package_identification:_identify(simulation/src/ros2_control_demos/example_6) by extensions ['colcon_pkg']
[0.179s] Level 1:colcon.colcon_core.package_identification:_identify(simulation/src/ros2_control_demos/example_6) by extension 'colcon_pkg'
[0.179s] Level 1:colcon.colcon_core.package_identification:_identify(simulation/src/ros2_control_demos/example_6) by extensions ['colcon_meta']
[0.179s] Level 1:colcon.colcon_core.package_identification:_identify(simulation/src/ros2_control_demos/example_6) by extension 'colcon_meta'
[0.179s] Level 1:colcon.colcon_core.package_identification:_identify(simulation/src/ros2_control_demos/example_6) by extensions ['ros']
[0.179s] Level 1:colcon.colcon_core.package_identification:_identify(simulation/src/ros2_control_demos/example_6) by extension 'ros'
[0.180s] DEBUG:colcon.colcon_core.package_identification:Package 'simulation/src/ros2_control_demos/example_6' with type 'ros.ament_cmake' and name 'ros2_control_demo_example_6'
[0.180s] Level 1:colcon.colcon_core.package_identification:_identify(simulation/src/ros2_control_demos/example_7) by extensions ['ignore', 'ignore_ament_install']
[0.180s] Level 1:colcon.colcon_core.package_identification:_identify(simulation/src/ros2_control_demos/example_7) by extension 'ignore'
[0.180s] Level 1:colcon.colcon_core.package_identification:_identify(simulation/src/ros2_control_demos/example_7) by extension 'ignore_ament_install'
[0.180s] Level 1:colcon.colcon_core.package_identification:_identify(simulation/src/ros2_control_demos/example_7) by extensions ['colcon_pkg']
[0.180s] Level 1:colcon.colcon_core.package_identification:_identify(simulation/src/ros2_control_demos/example_7) by extension 'colcon_pkg'
[0.180s] Level 1:colcon.colcon_core.package_identification:_identify(simulation/src/ros2_control_demos/example_7) by extensions ['colcon_meta']
[0.180s] Level 1:colcon.colcon_core.package_identification:_identify(simulation/src/ros2_control_demos/example_7) by extension 'colcon_meta'
[0.180s] Level 1:colcon.colcon_core.package_identification:_identify(simulation/src/ros2_control_demos/example_7) by extensions ['ros']
[0.180s] Level 1:colcon.colcon_core.package_identification:_identify(simulation/src/ros2_control_demos/example_7) by extension 'ros'
[0.181s] DEBUG:colcon.colcon_core.package_identification:Package 'simulation/src/ros2_control_demos/example_7' with type 'ros.ament_cmake' and name 'ros2_control_demo_example_7'
[0.181s] Level 1:colcon.colcon_core.package_identification:_identify(simulation/src/ros2_control_demos/example_8) by extensions ['ignore', 'ignore_ament_install']
[0.181s] Level 1:colcon.colcon_core.package_identification:_identify(simulation/src/ros2_control_demos/example_8) by extension 'ignore'
[0.181s] Level 1:colcon.colcon_core.package_identification:_identify(simulation/src/ros2_control_demos/example_8) by extension 'ignore_ament_install'
[0.181s] Level 1:colcon.colcon_core.package_identification:_identify(simulation/src/ros2_control_demos/example_8) by extensions ['colcon_pkg']
[0.181s] Level 1:colcon.colcon_core.package_identification:_identify(simulation/src/ros2_control_demos/example_8) by extension 'colcon_pkg'
[0.181s] Level 1:colcon.colcon_core.package_identification:_identify(simulation/src/ros2_control_demos/example_8) by extensions ['colcon_meta']
[0.181s] Level 1:colcon.colcon_core.package_identification:_identify(simulation/src/ros2_control_demos/example_8) by extension 'colcon_meta'
[0.181s] Level 1:colcon.colcon_core.package_identification:_identify(simulation/src/ros2_control_demos/example_8) by extensions ['ros']
[0.181s] Level 1:colcon.colcon_core.package_identification:_identify(simulation/src/ros2_control_demos/example_8) by extension 'ros'
[0.182s] DEBUG:colcon.colcon_core.package_identification:Package 'simulation/src/ros2_control_demos/example_8' with type 'ros.ament_cmake' and name 'ros2_control_demo_example_8'
[0.182s] Level 1:colcon.colcon_core.package_identification:_identify(simulation/src/ros2_control_demos/example_9) by extensions ['ignore', 'ignore_ament_install']
[0.182s] Level 1:colcon.colcon_core.package_identification:_identify(simulation/src/ros2_control_demos/example_9) by extension 'ignore'
[0.182s] Level 1:colcon.colcon_core.package_identification:_identify(simulation/src/ros2_control_demos/example_9) by extension 'ignore_ament_install'
[0.182s] Level 1:colcon.colcon_core.package_identification:_identify(simulation/src/ros2_control_demos/example_9) by extensions ['colcon_pkg']
[0.182s] Level 1:colcon.colcon_core.package_identification:_identify(simulation/src/ros2_control_demos/example_9) by extension 'colcon_pkg'
[0.182s] Level 1:colcon.colcon_core.package_identification:_identify(simulation/src/ros2_control_demos/example_9) by extensions ['colcon_meta']
[0.182s] Level 1:colcon.colcon_core.package_identification:_identify(simulation/src/ros2_control_demos/example_9) by extension 'colcon_meta'
[0.182s] Level 1:colcon.colcon_core.package_identification:_identify(simulation/src/ros2_control_demos/example_9) by extensions ['ros']
[0.182s] Level 1:colcon.colcon_core.package_identification:_identify(simulation/src/ros2_control_demos/example_9) by extension 'ros'
[0.183s] DEBUG:colcon.colcon_core.package_identification:Package 'simulation/src/ros2_control_demos/example_9' with type 'ros.ament_cmake' and name 'ros2_control_demo_example_9'
[0.183s] Level 1:colcon.colcon_core.package_identification:_identify(simulation/src/ros2_control_demos/ros2_control_demo_description) by extensions ['ignore', 'ignore_ament_install']
[0.183s] Level 1:colcon.colcon_core.package_identification:_identify(simulation/src/ros2_control_demos/ros2_control_demo_description) by extension 'ignore'
[0.183s] Level 1:colcon.colcon_core.package_identification:_identify(simulation/src/ros2_control_demos/ros2_control_demo_description) by extension 'ignore_ament_install'
[0.183s] Level 1:colcon.colcon_core.package_identification:_identify(simulation/src/ros2_control_demos/ros2_control_demo_description) by extensions ['colcon_pkg']
[0.183s] Level 1:colcon.colcon_core.package_identification:_identify(simulation/src/ros2_control_demos/ros2_control_demo_description) by extension 'colcon_pkg'
[0.183s] Level 1:colcon.colcon_core.package_identification:_identify(simulation/src/ros2_control_demos/ros2_control_demo_description) by extensions ['colcon_meta']
[0.183s] Level 1:colcon.colcon_core.package_identification:_identify(simulation/src/ros2_control_demos/ros2_control_demo_description) by extension 'colcon_meta'
[0.183s] Level 1:colcon.colcon_core.package_identification:_identify(simulation/src/ros2_control_demos/ros2_control_demo_description) by extensions ['ros']
[0.183s] Level 1:colcon.colcon_core.package_identification:_identify(simulation/src/ros2_control_demos/ros2_control_demo_description) by extension 'ros'
[0.183s] DEBUG:colcon.colcon_core.package_identification:Package 'simulation/src/ros2_control_demos/ros2_control_demo_description' with type 'ros.ament_cmake' and name 'ros2_control_demo_description'
[0.184s] Level 1:colcon.colcon_core.package_identification:_identify(simulation/src/ros2_control_demos/ros2_control_demo_testing) by extensions ['ignore', 'ignore_ament_install']
[0.184s] Level 1:colcon.colcon_core.package_identification:_identify(simulation/src/ros2_control_demos/ros2_control_demo_testing) by extension 'ignore'
[0.184s] Level 1:colcon.colcon_core.package_identification:_identify(simulation/src/ros2_control_demos/ros2_control_demo_testing) by extension 'ignore_ament_install'
[0.184s] Level 1:colcon.colcon_core.package_identification:_identify(simulation/src/ros2_control_demos/ros2_control_demo_testing) by extensions ['colcon_pkg']
[0.184s] Level 1:colcon.colcon_core.package_identification:_identify(simulation/src/ros2_control_demos/ros2_control_demo_testing) by extension 'colcon_pkg'
[0.184s] Level 1:colcon.colcon_core.package_identification:_identify(simulation/src/ros2_control_demos/ros2_control_demo_testing) by extensions ['colcon_meta']
[0.184s] Level 1:colcon.colcon_core.package_identification:_identify(simulation/src/ros2_control_demos/ros2_control_demo_testing) by extension 'colcon_meta'
[0.184s] Level 1:colcon.colcon_core.package_identification:_identify(simulation/src/ros2_control_demos/ros2_control_demo_testing) by extensions ['ros']
[0.184s] Level 1:colcon.colcon_core.package_identification:_identify(simulation/src/ros2_control_demos/ros2_control_demo_testing) by extension 'ros'
[0.184s] DEBUG:colcon.colcon_core.package_identification:Package 'simulation/src/ros2_control_demos/ros2_control_demo_testing' with type 'ros.ament_python' and name 'ros2_control_demo_testing'
[0.184s] Level 1:colcon.colcon_core.package_identification:_identify(simulation/src/ros2_control_demos/ros2_control_demos) by extensions ['ignore', 'ignore_ament_install']
[0.184s] Level 1:colcon.colcon_core.package_identification:_identify(simulation/src/ros2_control_demos/ros2_control_demos) by extension 'ignore'
[0.184s] Level 1:colcon.colcon_core.package_identification:_identify(simulation/src/ros2_control_demos/ros2_control_demos) by extension 'ignore_ament_install'
[0.184s] Level 1:colcon.colcon_core.package_identification:_identify(simulation/src/ros2_control_demos/ros2_control_demos) by extensions ['colcon_pkg']
[0.184s] Level 1:colcon.colcon_core.package_identification:_identify(simulation/src/ros2_control_demos/ros2_control_demos) by extension 'colcon_pkg'
[0.184s] Level 1:colcon.colcon_core.package_identification:_identify(simulation/src/ros2_control_demos/ros2_control_demos) by extensions ['colcon_meta']
[0.184s] Level 1:colcon.colcon_core.package_identification:_identify(simulation/src/ros2_control_demos/ros2_control_demos) by extension 'colcon_meta'
[0.184s] Level 1:colcon.colcon_core.package_identification:_identify(simulation/src/ros2_control_demos/ros2_control_demos) by extensions ['ros']
[0.184s] Level 1:colcon.colcon_core.package_identification:_identify(simulation/src/ros2_control_demos/ros2_control_demos) by extension 'ros'
[0.185s] DEBUG:colcon.colcon_core.package_identification:Package 'simulation/src/ros2_control_demos/ros2_control_demos' with type 'ros.ament_cmake' and name 'ros2_control_demos'
[0.185s] Level 1:colcon.colcon_core.package_identification:_identify(simulation/src/simple_sim) by extensions ['ignore', 'ignore_ament_install']
[0.185s] Level 1:colcon.colcon_core.package_identification:_identify(simulation/src/simple_sim) by extension 'ignore'
[0.185s] Level 1:colcon.colcon_core.package_identification:_identify(simulation/src/simple_sim) by extension 'ignore_ament_install'
[0.185s] Level 1:colcon.colcon_core.package_identification:_identify(simulation/src/simple_sim) by extensions ['colcon_pkg']
[0.185s] Level 1:colcon.colcon_core.package_identification:_identify(simulation/src/simple_sim) by extension 'colcon_pkg'
[0.185s] Level 1:colcon.colcon_core.package_identification:_identify(simulation/src/simple_sim) by extensions ['colcon_meta']
[0.185s] Level 1:colcon.colcon_core.package_identification:_identify(simulation/src/simple_sim) by extension 'colcon_meta'
[0.185s] Level 1:colcon.colcon_core.package_identification:_identify(simulation/src/simple_sim) by extensions ['ros']
[0.185s] Level 1:colcon.colcon_core.package_identification:_identify(simulation/src/simple_sim) by extension 'ros'
[0.186s] DEBUG:colcon.colcon_core.package_identification:Package 'simulation/src/simple_sim' with type 'ros.ament_cmake' and name 'simple_sim'
[0.186s] Level 1:colcon.colcon_core.package_identification:_identify(src) by extensions ['ignore', 'ignore_ament_install']
[0.186s] Level 1:colcon.colcon_core.package_identification:_identify(src) by extension 'ignore'
[0.186s] Level 1:colcon.colcon_core.package_identification:_identify(src) by extension 'ignore_ament_install'
[0.186s] Level 1:colcon.colcon_core.package_identification:_identify(src) by extensions ['colcon_pkg']
[0.186s] Level 1:colcon.colcon_core.package_identification:_identify(src) by extension 'colcon_pkg'
[0.186s] Level 1:colcon.colcon_core.package_identification:_identify(src) by extensions ['colcon_meta']
[0.186s] Level 1:colcon.colcon_core.package_identification:_identify(src) by extension 'colcon_meta'
[0.186s] Level 1:colcon.colcon_core.package_identification:_identify(src) by extensions ['ros']
[0.186s] Level 1:colcon.colcon_core.package_identification:_identify(src) by extension 'ros'
[0.186s] Level 1:colcon.colcon_core.package_identification:_identify(src) by extensions ['cmake', 'python']
[0.186s] Level 1:colcon.colcon_core.package_identification:_identify(src) by extension 'cmake'
[0.186s] Level 1:colcon.colcon_core.package_identification:_identify(src) by extension 'python'
[0.186s] Level 1:colcon.colcon_core.package_identification:_identify(src) by extensions ['python_setup_py']
[0.186s] Level 1:colcon.colcon_core.package_identification:_identify(src) by extension 'python_setup_py'
[0.186s] Level 1:colcon.colcon_core.package_identification:_identify(src/PC_server) by extensions ['ignore', 'ignore_ament_install']
[0.186s] Level 1:colcon.colcon_core.package_identification:_identify(src/PC_server) by extension 'ignore'
[0.186s] Level 1:colcon.colcon_core.package_identification:_identify(src/PC_server) by extension 'ignore_ament_install'
[0.186s] Level 1:colcon.colcon_core.package_identification:_identify(src/PC_server) by extensions ['colcon_pkg']
[0.186s] Level 1:colcon.colcon_core.package_identification:_identify(src/PC_server) by extension 'colcon_pkg'
[0.186s] Level 1:colcon.colcon_core.package_identification:_identify(src/PC_server) by extensions ['colcon_meta']
[0.186s] Level 1:colcon.colcon_core.package_identification:_identify(src/PC_server) by extension 'colcon_meta'
[0.186s] Level 1:colcon.colcon_core.package_identification:_identify(src/PC_server) by extensions ['ros']
[0.186s] Level 1:colcon.colcon_core.package_identification:_identify(src/PC_server) by extension 'ros'
[0.187s] Level 1:colcon.colcon_core.package_identification:_identify(src/PC_server) by extensions ['cmake', 'python']
[0.187s] Level 1:colcon.colcon_core.package_identification:_identify(src/PC_server) by extension 'cmake'
[0.187s] Level 1:colcon.colcon_core.package_identification:_identify(src/PC_server) by extension 'python'
[0.187s] Level 1:colcon.colcon_core.package_identification:_identify(src/PC_server) by extensions ['python_setup_py']
[0.187s] Level 1:colcon.colcon_core.package_identification:_identify(src/PC_server) by extension 'python_setup_py'
[0.187s] Level 1:colcon.colcon_core.package_identification:_identify(src/test) by extensions ['ignore', 'ignore_ament_install']
[0.187s] Level 1:colcon.colcon_core.package_identification:_identify(src/test) by extension 'ignore'
[0.187s] Level 1:colcon.colcon_core.package_identification:_identify(src/test) by extension 'ignore_ament_install'
[0.187s] Level 1:colcon.colcon_core.package_identification:_identify(src/test) by extensions ['colcon_pkg']
[0.187s] Level 1:colcon.colcon_core.package_identification:_identify(src/test) by extension 'colcon_pkg'
[0.187s] Level 1:colcon.colcon_core.package_identification:_identify(src/test) by extensions ['colcon_meta']
[0.187s] Level 1:colcon.colcon_core.package_identification:_identify(src/test) by extension 'colcon_meta'
[0.187s] Level 1:colcon.colcon_core.package_identification:_identify(src/test) by extensions ['ros']
[0.187s] Level 1:colcon.colcon_core.package_identification:_identify(src/test) by extension 'ros'
[0.187s] Level 1:colcon.colcon_core.package_identification:_identify(src/test) by extensions ['cmake', 'python']
[0.187s] Level 1:colcon.colcon_core.package_identification:_identify(src/test) by extension 'cmake'
[0.187s] Level 1:colcon.colcon_core.package_identification:_identify(src/test) by extension 'python'
[0.187s] Level 1:colcon.colcon_core.package_identification:_identify(src/test) by extensions ['python_setup_py']
[0.187s] Level 1:colcon.colcon_core.package_identification:_identify(src/test) by extension 'python_setup_py'
[0.187s] Level 1:colcon.colcon_core.package_identification:_identify(src/test/board) by extensions ['ignore', 'ignore_ament_install']
[0.187s] Level 1:colcon.colcon_core.package_identification:_identify(src/test/board) by extension 'ignore'
[0.187s] Level 1:colcon.colcon_core.package_identification:_identify(src/test/board) by extension 'ignore_ament_install'
[0.187s] Level 1:colcon.colcon_core.package_identification:_identify(src/test/board) by extensions ['colcon_pkg']
[0.187s] Level 1:colcon.colcon_core.package_identification:_identify(src/test/board) by extension 'colcon_pkg'
[0.187s] Level 1:colcon.colcon_core.package_identification:_identify(src/test/board) by extensions ['colcon_meta']
[0.187s] Level 1:colcon.colcon_core.package_identification:_identify(src/test/board) by extension 'colcon_meta'
[0.187s] Level 1:colcon.colcon_core.package_identification:_identify(src/test/board) by extensions ['ros']
[0.187s] Level 1:colcon.colcon_core.package_identification:_identify(src/test/board) by extension 'ros'
[0.187s] Level 1:colcon.colcon_core.package_identification:_identify(src/test/board) by extensions ['cmake', 'python']
[0.187s] Level 1:colcon.colcon_core.package_identification:_identify(src/test/board) by extension 'cmake'
[0.187s] Level 1:colcon.colcon_core.package_identification:_identify(src/test/board) by extension 'python'
[0.187s] Level 1:colcon.colcon_core.package_identification:_identify(src/test/board) by extensions ['python_setup_py']
[0.187s] Level 1:colcon.colcon_core.package_identification:_identify(src/test/board) by extension 'python_setup_py'
[0.187s] Level 1:colcon.colcon_core.package_identification:_identify(src/test/board/include) by extensions ['ignore', 'ignore_ament_install']
[0.187s] Level 1:colcon.colcon_core.package_identification:_identify(src/test/board/include) by extension 'ignore'
[0.187s] Level 1:colcon.colcon_core.package_identification:_identify(src/test/board/include) by extension 'ignore_ament_install'
[0.187s] Level 1:colcon.colcon_core.package_identification:_identify(src/test/board/include) by extensions ['colcon_pkg']
[0.187s] Level 1:colcon.colcon_core.package_identification:_identify(src/test/board/include) by extension 'colcon_pkg'
[0.187s] Level 1:colcon.colcon_core.package_identification:_identify(src/test/board/include) by extensions ['colcon_meta']
[0.188s] Level 1:colcon.colcon_core.package_identification:_identify(src/test/board/include) by extension 'colcon_meta'
[0.188s] Level 1:colcon.colcon_core.package_identification:_identify(src/test/board/include) by extensions ['ros']
[0.188s] Level 1:colcon.colcon_core.package_identification:_identify(src/test/board/include) by extension 'ros'
[0.188s] Level 1:colcon.colcon_core.package_identification:_identify(src/test/board/include) by extensions ['cmake', 'python']
[0.188s] Level 1:colcon.colcon_core.package_identification:_identify(src/test/board/include) by extension 'cmake'
[0.188s] Level 1:colcon.colcon_core.package_identification:_identify(src/test/board/include) by extension 'python'
[0.188s] Level 1:colcon.colcon_core.package_identification:_identify(src/test/board/include) by extensions ['python_setup_py']
[0.188s] Level 1:colcon.colcon_core.package_identification:_identify(src/test/board/include) by extension 'python_setup_py'
[0.188s] Level 1:colcon.colcon_core.package_identification:_identify(src/test/board/lib) by extensions ['ignore', 'ignore_ament_install']
[0.188s] Level 1:colcon.colcon_core.package_identification:_identify(src/test/board/lib) by extension 'ignore'
[0.188s] Level 1:colcon.colcon_core.package_identification:_identify(src/test/board/lib) by extension 'ignore_ament_install'
[0.188s] Level 1:colcon.colcon_core.package_identification:_identify(src/test/board/lib) by extensions ['colcon_pkg']
[0.188s] Level 1:colcon.colcon_core.package_identification:_identify(src/test/board/lib) by extension 'colcon_pkg'
[0.188s] Level 1:colcon.colcon_core.package_identification:_identify(src/test/board/lib) by extensions ['colcon_meta']
[0.188s] Level 1:colcon.colcon_core.package_identification:_identify(src/test/board/lib) by extension 'colcon_meta'
[0.188s] Level 1:colcon.colcon_core.package_identification:_identify(src/test/board/lib) by extensions ['ros']
[0.188s] Level 1:colcon.colcon_core.package_identification:_identify(src/test/board/lib) by extension 'ros'
[0.188s] Level 1:colcon.colcon_core.package_identification:_identify(src/test/board/lib) by extensions ['cmake', 'python']
[0.188s] Level 1:colcon.colcon_core.package_identification:_identify(src/test/board/lib) by extension 'cmake'
[0.188s] Level 1:colcon.colcon_core.package_identification:_identify(src/test/board/lib) by extension 'python'
[0.188s] Level 1:colcon.colcon_core.package_identification:_identify(src/test/board/lib) by extensions ['python_setup_py']
[0.188s] Level 1:colcon.colcon_core.package_identification:_identify(src/test/board/lib) by extension 'python_setup_py'
[0.188s] Level 1:colcon.colcon_core.package_identification:_identify(src/test/board/src) by extensions ['ignore', 'ignore_ament_install']
[0.188s] Level 1:colcon.colcon_core.package_identification:_identify(src/test/board/src) by extension 'ignore'
[0.188s] Level 1:colcon.colcon_core.package_identification:_identify(src/test/board/src) by extension 'ignore_ament_install'
[0.188s] Level 1:colcon.colcon_core.package_identification:_identify(src/test/board/src) by extensions ['colcon_pkg']
[0.188s] Level 1:colcon.colcon_core.package_identification:_identify(src/test/board/src) by extension 'colcon_pkg'
[0.188s] Level 1:colcon.colcon_core.package_identification:_identify(src/test/board/src) by extensions ['colcon_meta']
[0.188s] Level 1:colcon.colcon_core.package_identification:_identify(src/test/board/src) by extension 'colcon_meta'
[0.188s] Level 1:colcon.colcon_core.package_identification:_identify(src/test/board/src) by extensions ['ros']
[0.188s] Level 1:colcon.colcon_core.package_identification:_identify(src/test/board/src) by extension 'ros'
[0.188s] Level 1:colcon.colcon_core.package_identification:_identify(src/test/board/src) by extensions ['cmake', 'python']
[0.188s] Level 1:colcon.colcon_core.package_identification:_identify(src/test/board/src) by extension 'cmake'
[0.188s] Level 1:colcon.colcon_core.package_identification:_identify(src/test/board/src) by extension 'python'
[0.188s] Level 1:colcon.colcon_core.package_identification:_identify(src/test/board/src) by extensions ['python_setup_py']
[0.188s] Level 1:colcon.colcon_core.package_identification:_identify(src/test/board/src) by extension 'python_setup_py'
[0.188s] Level 1:colcon.colcon_core.package_identification:_identify(src/test/board/test) by extensions ['ignore', 'ignore_ament_install']
[0.188s] Level 1:colcon.colcon_core.package_identification:_identify(src/test/board/test) by extension 'ignore'
[0.188s] Level 1:colcon.colcon_core.package_identification:_identify(src/test/board/test) by extension 'ignore_ament_install'
[0.188s] Level 1:colcon.colcon_core.package_identification:_identify(src/test/board/test) by extensions ['colcon_pkg']
[0.188s] Level 1:colcon.colcon_core.package_identification:_identify(src/test/board/test) by extension 'colcon_pkg'
[0.188s] Level 1:colcon.colcon_core.package_identification:_identify(src/test/board/test) by extensions ['colcon_meta']
[0.189s] Level 1:colcon.colcon_core.package_identification:_identify(src/test/board/test) by extension 'colcon_meta'
[0.189s] Level 1:colcon.colcon_core.package_identification:_identify(src/test/board/test) by extensions ['ros']
[0.189s] Level 1:colcon.colcon_core.package_identification:_identify(src/test/board/test) by extension 'ros'
[0.189s] Level 1:colcon.colcon_core.package_identification:_identify(src/test/board/test) by extensions ['cmake', 'python']
[0.189s] Level 1:colcon.colcon_core.package_identification:_identify(src/test/board/test) by extension 'cmake'
[0.189s] Level 1:colcon.colcon_core.package_identification:_identify(src/test/board/test) by extension 'python'
[0.189s] Level 1:colcon.colcon_core.package_identification:_identify(src/test/board/test) by extensions ['python_setup_py']
[0.189s] Level 1:colcon.colcon_core.package_identification:_identify(src/test/board/test) by extension 'python_setup_py'
[0.189s] Level 1:colcon.colcon_core.package_identification:_identify(src/test/currelt_millis) by extensions ['ignore', 'ignore_ament_install']
[0.189s] Level 1:colcon.colcon_core.package_identification:_identify(src/test/currelt_millis) by extension 'ignore'
[0.189s] Level 1:colcon.colcon_core.package_identification:_identify(src/test/currelt_millis) by extension 'ignore_ament_install'
[0.189s] Level 1:colcon.colcon_core.package_identification:_identify(src/test/currelt_millis) by extensions ['colcon_pkg']
[0.189s] Level 1:colcon.colcon_core.package_identification:_identify(src/test/currelt_millis) by extension 'colcon_pkg'
[0.189s] Level 1:colcon.colcon_core.package_identification:_identify(src/test/currelt_millis) by extensions ['colcon_meta']
[0.189s] Level 1:colcon.colcon_core.package_identification:_identify(src/test/currelt_millis) by extension 'colcon_meta'
[0.189s] Level 1:colcon.colcon_core.package_identification:_identify(src/test/currelt_millis) by extensions ['ros']
[0.189s] Level 1:colcon.colcon_core.package_identification:_identify(src/test/currelt_millis) by extension 'ros'
[0.189s] Level 1:colcon.colcon_core.package_identification:_identify(src/test/currelt_millis) by extensions ['cmake', 'python']
[0.189s] Level 1:colcon.colcon_core.package_identification:_identify(src/test/currelt_millis) by extension 'cmake'
[0.189s] Level 1:colcon.colcon_core.package_identification:_identify(src/test/currelt_millis) by extension 'python'
[0.189s] Level 1:colcon.colcon_core.package_identification:_identify(src/test/currelt_millis) by extensions ['python_setup_py']
[0.189s] Level 1:colcon.colcon_core.package_identification:_identify(src/test/currelt_millis) by extension 'python_setup_py'
[0.189s] Level 1:colcon.colcon_core.package_identification:_identify(src/test/currelt_millis/include) by extensions ['ignore', 'ignore_ament_install']
[0.189s] Level 1:colcon.colcon_core.package_identification:_identify(src/test/currelt_millis/include) by extension 'ignore'
[0.189s] Level 1:colcon.colcon_core.package_identification:_identify(src/test/currelt_millis/include) by extension 'ignore_ament_install'
[0.189s] Level 1:colcon.colcon_core.package_identification:_identify(src/test/currelt_millis/include) by extensions ['colcon_pkg']
[0.189s] Level 1:colcon.colcon_core.package_identification:_identify(src/test/currelt_millis/include) by extension 'colcon_pkg'
[0.189s] Level 1:colcon.colcon_core.package_identification:_identify(src/test/currelt_millis/include) by extensions ['colcon_meta']
[0.189s] Level 1:colcon.colcon_core.package_identification:_identify(src/test/currelt_millis/include) by extension 'colcon_meta'
[0.189s] Level 1:colcon.colcon_core.package_identification:_identify(src/test/currelt_millis/include) by extensions ['ros']
[0.189s] Level 1:colcon.colcon_core.package_identification:_identify(src/test/currelt_millis/include) by extension 'ros'
[0.189s] Level 1:colcon.colcon_core.package_identification:_identify(src/test/currelt_millis/include) by extensions ['cmake', 'python']
[0.189s] Level 1:colcon.colcon_core.package_identification:_identify(src/test/currelt_millis/include) by extension 'cmake'
[0.189s] Level 1:colcon.colcon_core.package_identification:_identify(src/test/currelt_millis/include) by extension 'python'
[0.189s] Level 1:colcon.colcon_core.package_identification:_identify(src/test/currelt_millis/include) by extensions ['python_setup_py']
[0.189s] Level 1:colcon.colcon_core.package_identification:_identify(src/test/currelt_millis/include) by extension 'python_setup_py'
[0.189s] Level 1:colcon.colcon_core.package_identification:_identify(src/test/currelt_millis/lib) by extensions ['ignore', 'ignore_ament_install']
[0.189s] Level 1:colcon.colcon_core.package_identification:_identify(src/test/currelt_millis/lib) by extension 'ignore'
[0.189s] Level 1:colcon.colcon_core.package_identification:_identify(src/test/currelt_millis/lib) by extension 'ignore_ament_install'
[0.189s] Level 1:colcon.colcon_core.package_identification:_identify(src/test/currelt_millis/lib) by extensions ['colcon_pkg']
[0.189s] Level 1:colcon.colcon_core.package_identification:_identify(src/test/currelt_millis/lib) by extension 'colcon_pkg'
[0.189s] Level 1:colcon.colcon_core.package_identification:_identify(src/test/currelt_millis/lib) by extensions ['colcon_meta']
[0.190s] Level 1:colcon.colcon_core.package_identification:_identify(src/test/currelt_millis/lib) by extension 'colcon_meta'
[0.190s] Level 1:colcon.colcon_core.package_identification:_identify(src/test/currelt_millis/lib) by extensions ['ros']
[0.190s] Level 1:colcon.colcon_core.package_identification:_identify(src/test/currelt_millis/lib) by extension 'ros'
[0.190s] Level 1:colcon.colcon_core.package_identification:_identify(src/test/currelt_millis/lib) by extensions ['cmake', 'python']
[0.190s] Level 1:colcon.colcon_core.package_identification:_identify(src/test/currelt_millis/lib) by extension 'cmake'
[0.190s] Level 1:colcon.colcon_core.package_identification:_identify(src/test/currelt_millis/lib) by extension 'python'
[0.190s] Level 1:colcon.colcon_core.package_identification:_identify(src/test/currelt_millis/lib) by extensions ['python_setup_py']
[0.190s] Level 1:colcon.colcon_core.package_identification:_identify(src/test/currelt_millis/lib) by extension 'python_setup_py'
[0.190s] Level 1:colcon.colcon_core.package_identification:_identify(src/test/currelt_millis/src) by extensions ['ignore', 'ignore_ament_install']
[0.190s] Level 1:colcon.colcon_core.package_identification:_identify(src/test/currelt_millis/src) by extension 'ignore'
[0.190s] Level 1:colcon.colcon_core.package_identification:_identify(src/test/currelt_millis/src) by extension 'ignore_ament_install'
[0.190s] Level 1:colcon.colcon_core.package_identification:_identify(src/test/currelt_millis/src) by extensions ['colcon_pkg']
[0.190s] Level 1:colcon.colcon_core.package_identification:_identify(src/test/currelt_millis/src) by extension 'colcon_pkg'
[0.190s] Level 1:colcon.colcon_core.package_identification:_identify(src/test/currelt_millis/src) by extensions ['colcon_meta']
[0.190s] Level 1:colcon.colcon_core.package_identification:_identify(src/test/currelt_millis/src) by extension 'colcon_meta'
[0.190s] Level 1:colcon.colcon_core.package_identification:_identify(src/test/currelt_millis/src) by extensions ['ros']
[0.190s] Level 1:colcon.colcon_core.package_identification:_identify(src/test/currelt_millis/src) by extension 'ros'
[0.190s] Level 1:colcon.colcon_core.package_identification:_identify(src/test/currelt_millis/src) by extensions ['cmake', 'python']
[0.190s] Level 1:colcon.colcon_core.package_identification:_identify(src/test/currelt_millis/src) by extension 'cmake'
[0.190s] Level 1:colcon.colcon_core.package_identification:_identify(src/test/currelt_millis/src) by extension 'python'
[0.190s] Level 1:colcon.colcon_core.package_identification:_identify(src/test/currelt_millis/src) by extensions ['python_setup_py']
[0.190s] Level 1:colcon.colcon_core.package_identification:_identify(src/test/currelt_millis/src) by extension 'python_setup_py'
[0.190s] Level 1:colcon.colcon_core.package_identification:_identify(src/test/currelt_millis/test) by extensions ['ignore', 'ignore_ament_install']
[0.190s] Level 1:colcon.colcon_core.package_identification:_identify(src/test/currelt_millis/test) by extension 'ignore'
[0.190s] Level 1:colcon.colcon_core.package_identification:_identify(src/test/currelt_millis/test) by extension 'ignore_ament_install'
[0.190s] Level 1:colcon.colcon_core.package_identification:_identify(src/test/currelt_millis/test) by extensions ['colcon_pkg']
[0.190s] Level 1:colcon.colcon_core.package_identification:_identify(src/test/currelt_millis/test) by extension 'colcon_pkg'
[0.190s] Level 1:colcon.colcon_core.package_identification:_identify(src/test/currelt_millis/test) by extensions ['colcon_meta']
[0.190s] Level 1:colcon.colcon_core.package_identification:_identify(src/test/currelt_millis/test) by extension 'colcon_meta'
[0.190s] Level 1:colcon.colcon_core.package_identification:_identify(src/test/currelt_millis/test) by extensions ['ros']
[0.190s] Level 1:colcon.colcon_core.package_identification:_identify(src/test/currelt_millis/test) by extension 'ros'
[0.190s] Level 1:colcon.colcon_core.package_identification:_identify(src/test/currelt_millis/test) by extensions ['cmake', 'python']
[0.190s] Level 1:colcon.colcon_core.package_identification:_identify(src/test/currelt_millis/test) by extension 'cmake'
[0.190s] Level 1:colcon.colcon_core.package_identification:_identify(src/test/currelt_millis/test) by extension 'python'
[0.190s] Level 1:colcon.colcon_core.package_identification:_identify(src/test/currelt_millis/test) by extensions ['python_setup_py']
[0.190s] Level 1:colcon.colcon_core.package_identification:_identify(src/test/currelt_millis/test) by extension 'python_setup_py'
[0.190s] Level 1:colcon.colcon_core.package_identification:_identify(src/test/socket) by extensions ['ignore', 'ignore_ament_install']
[0.190s] Level 1:colcon.colcon_core.package_identification:_identify(src/test/socket) by extension 'ignore'
[0.190s] Level 1:colcon.colcon_core.package_identification:_identify(src/test/socket) by extension 'ignore_ament_install'
[0.190s] Level 1:colcon.colcon_core.package_identification:_identify(src/test/socket) by extensions ['colcon_pkg']
[0.190s] Level 1:colcon.colcon_core.package_identification:_identify(src/test/socket) by extension 'colcon_pkg'
[0.190s] Level 1:colcon.colcon_core.package_identification:_identify(src/test/socket) by extensions ['colcon_meta']
[0.191s] Level 1:colcon.colcon_core.package_identification:_identify(src/test/socket) by extension 'colcon_meta'
[0.191s] Level 1:colcon.colcon_core.package_identification:_identify(src/test/socket) by extensions ['ros']
[0.191s] Level 1:colcon.colcon_core.package_identification:_identify(src/test/socket) by extension 'ros'
[0.191s] Level 1:colcon.colcon_core.package_identification:_identify(src/test/socket) by extensions ['cmake', 'python']
[0.191s] Level 1:colcon.colcon_core.package_identification:_identify(src/test/socket) by extension 'cmake'
[0.191s] Level 1:colcon.colcon_core.package_identification:_identify(src/test/socket) by extension 'python'
[0.191s] Level 1:colcon.colcon_core.package_identification:_identify(src/test/socket) by extensions ['python_setup_py']
[0.191s] Level 1:colcon.colcon_core.package_identification:_identify(src/test/socket) by extension 'python_setup_py'
[0.191s] Level 1:colcon.colcon_core.package_identification:_identify(src/test/socket/include) by extensions ['ignore', 'ignore_ament_install']
[0.191s] Level 1:colcon.colcon_core.package_identification:_identify(src/test/socket/include) by extension 'ignore'
[0.191s] Level 1:colcon.colcon_core.package_identification:_identify(src/test/socket/include) by extension 'ignore_ament_install'
[0.191s] Level 1:colcon.colcon_core.package_identification:_identify(src/test/socket/include) by extensions ['colcon_pkg']
[0.191s] Level 1:colcon.colcon_core.package_identification:_identify(src/test/socket/include) by extension 'colcon_pkg'
[0.191s] Level 1:colcon.colcon_core.package_identification:_identify(src/test/socket/include) by extensions ['colcon_meta']
[0.191s] Level 1:colcon.colcon_core.package_identification:_identify(src/test/socket/include) by extension 'colcon_meta'
[0.191s] Level 1:colcon.colcon_core.package_identification:_identify(src/test/socket/include) by extensions ['ros']
[0.191s] Level 1:colcon.colcon_core.package_identification:_identify(src/test/socket/include) by extension 'ros'
[0.191s] Level 1:colcon.colcon_core.package_identification:_identify(src/test/socket/include) by extensions ['cmake', 'python']
[0.191s] Level 1:colcon.colcon_core.package_identification:_identify(src/test/socket/include) by extension 'cmake'
[0.191s] Level 1:colcon.colcon_core.package_identification:_identify(src/test/socket/include) by extension 'python'
[0.191s] Level 1:colcon.colcon_core.package_identification:_identify(src/test/socket/include) by extensions ['python_setup_py']
[0.191s] Level 1:colcon.colcon_core.package_identification:_identify(src/test/socket/include) by extension 'python_setup_py'
[0.191s] Level 1:colcon.colcon_core.package_identification:_identify(src/test/socket/lib) by extensions ['ignore', 'ignore_ament_install']
[0.191s] Level 1:colcon.colcon_core.package_identification:_identify(src/test/socket/lib) by extension 'ignore'
[0.191s] Level 1:colcon.colcon_core.package_identification:_identify(src/test/socket/lib) by extension 'ignore_ament_install'
[0.191s] Level 1:colcon.colcon_core.package_identification:_identify(src/test/socket/lib) by extensions ['colcon_pkg']
[0.191s] Level 1:colcon.colcon_core.package_identification:_identify(src/test/socket/lib) by extension 'colcon_pkg'
[0.191s] Level 1:colcon.colcon_core.package_identification:_identify(src/test/socket/lib) by extensions ['colcon_meta']
[0.191s] Level 1:colcon.colcon_core.package_identification:_identify(src/test/socket/lib) by extension 'colcon_meta'
[0.191s] Level 1:colcon.colcon_core.package_identification:_identify(src/test/socket/lib) by extensions ['ros']
[0.191s] Level 1:colcon.colcon_core.package_identification:_identify(src/test/socket/lib) by extension 'ros'
[0.191s] Level 1:colcon.colcon_core.package_identification:_identify(src/test/socket/lib) by extensions ['cmake', 'python']
[0.191s] Level 1:colcon.colcon_core.package_identification:_identify(src/test/socket/lib) by extension 'cmake'
[0.191s] Level 1:colcon.colcon_core.package_identification:_identify(src/test/socket/lib) by extension 'python'
[0.191s] Level 1:colcon.colcon_core.package_identification:_identify(src/test/socket/lib) by extensions ['python_setup_py']
[0.191s] Level 1:colcon.colcon_core.package_identification:_identify(src/test/socket/lib) by extension 'python_setup_py'
[0.191s] Level 1:colcon.colcon_core.package_identification:_identify(src/test/socket/src) by extensions ['ignore', 'ignore_ament_install']
[0.191s] Level 1:colcon.colcon_core.package_identification:_identify(src/test/socket/src) by extension 'ignore'
[0.191s] Level 1:colcon.colcon_core.package_identification:_identify(src/test/socket/src) by extension 'ignore_ament_install'
[0.191s] Level 1:colcon.colcon_core.package_identification:_identify(src/test/socket/src) by extensions ['colcon_pkg']
[0.191s] Level 1:colcon.colcon_core.package_identification:_identify(src/test/socket/src) by extension 'colcon_pkg'
[0.191s] Level 1:colcon.colcon_core.package_identification:_identify(src/test/socket/src) by extensions ['colcon_meta']
[0.191s] Level 1:colcon.colcon_core.package_identification:_identify(src/test/socket/src) by extension 'colcon_meta'
[0.192s] Level 1:colcon.colcon_core.package_identification:_identify(src/test/socket/src) by extensions ['ros']
[0.192s] Level 1:colcon.colcon_core.package_identification:_identify(src/test/socket/src) by extension 'ros'
[0.192s] Level 1:colcon.colcon_core.package_identification:_identify(src/test/socket/src) by extensions ['cmake', 'python']
[0.192s] Level 1:colcon.colcon_core.package_identification:_identify(src/test/socket/src) by extension 'cmake'
[0.192s] Level 1:colcon.colcon_core.package_identification:_identify(src/test/socket/src) by extension 'python'
[0.192s] Level 1:colcon.colcon_core.package_identification:_identify(src/test/socket/src) by extensions ['python_setup_py']
[0.192s] Level 1:colcon.colcon_core.package_identification:_identify(src/test/socket/src) by extension 'python_setup_py'
[0.192s] Level 1:colcon.colcon_core.package_identification:_identify(src/test/socket/test) by extensions ['ignore', 'ignore_ament_install']
[0.192s] Level 1:colcon.colcon_core.package_identification:_identify(src/test/socket/test) by extension 'ignore'
[0.192s] Level 1:colcon.colcon_core.package_identification:_identify(src/test/socket/test) by extension 'ignore_ament_install'
[0.192s] Level 1:colcon.colcon_core.package_identification:_identify(src/test/socket/test) by extensions ['colcon_pkg']
[0.192s] Level 1:colcon.colcon_core.package_identification:_identify(src/test/socket/test) by extension 'colcon_pkg'
[0.192s] Level 1:colcon.colcon_core.package_identification:_identify(src/test/socket/test) by extensions ['colcon_meta']
[0.192s] Level 1:colcon.colcon_core.package_identification:_identify(src/test/socket/test) by extension 'colcon_meta'
[0.192s] Level 1:colcon.colcon_core.package_identification:_identify(src/test/socket/test) by extensions ['ros']
[0.192s] Level 1:colcon.colcon_core.package_identification:_identify(src/test/socket/test) by extension 'ros'
[0.192s] Level 1:colcon.colcon_core.package_identification:_identify(src/test/socket/test) by extensions ['cmake', 'python']
[0.192s] Level 1:colcon.colcon_core.package_identification:_identify(src/test/socket/test) by extension 'cmake'
[0.192s] Level 1:colcon.colcon_core.package_identification:_identify(src/test/socket/test) by extension 'python'
[0.192s] Level 1:colcon.colcon_core.package_identification:_identify(src/test/socket/test) by extensions ['python_setup_py']
[0.192s] Level 1:colcon.colcon_core.package_identification:_identify(src/test/socket/test) by extension 'python_setup_py'
[0.192s] Level 1:colcon.colcon_core.package_identification:_identify(src/test/speed_control) by extensions ['ignore', 'ignore_ament_install']
[0.192s] Level 1:colcon.colcon_core.package_identification:_identify(src/test/speed_control) by extension 'ignore'
[0.192s] Level 1:colcon.colcon_core.package_identification:_identify(src/test/speed_control) by extension 'ignore_ament_install'
[0.192s] Level 1:colcon.colcon_core.package_identification:_identify(src/test/speed_control) by extensions ['colcon_pkg']
[0.192s] Level 1:colcon.colcon_core.package_identification:_identify(src/test/speed_control) by extension 'colcon_pkg'
[0.192s] Level 1:colcon.colcon_core.package_identification:_identify(src/test/speed_control) by extensions ['colcon_meta']
[0.192s] Level 1:colcon.colcon_core.package_identification:_identify(src/test/speed_control) by extension 'colcon_meta'
[0.192s] Level 1:colcon.colcon_core.package_identification:_identify(src/test/speed_control) by extensions ['ros']
[0.192s] Level 1:colcon.colcon_core.package_identification:_identify(src/test/speed_control) by extension 'ros'
[0.192s] Level 1:colcon.colcon_core.package_identification:_identify(src/test/speed_control) by extensions ['cmake', 'python']
[0.192s] Level 1:colcon.colcon_core.package_identification:_identify(src/test/speed_control) by extension 'cmake'
[0.192s] Level 1:colcon.colcon_core.package_identification:_identify(src/test/speed_control) by extension 'python'
[0.192s] Level 1:colcon.colcon_core.package_identification:_identify(src/test/speed_control) by extensions ['python_setup_py']
[0.192s] Level 1:colcon.colcon_core.package_identification:_identify(src/test/speed_control) by extension 'python_setup_py'
[0.192s] Level 1:colcon.colcon_core.package_identification:_identify(src/test/speed_control/include) by extensions ['ignore', 'ignore_ament_install']
[0.192s] Level 1:colcon.colcon_core.package_identification:_identify(src/test/speed_control/include) by extension 'ignore'
[0.192s] Level 1:colcon.colcon_core.package_identification:_identify(src/test/speed_control/include) by extension 'ignore_ament_install'
[0.192s] Level 1:colcon.colcon_core.package_identification:_identify(src/test/speed_control/include) by extensions ['colcon_pkg']
[0.192s] Level 1:colcon.colcon_core.package_identification:_identify(src/test/speed_control/include) by extension 'colcon_pkg'
[0.192s] Level 1:colcon.colcon_core.package_identification:_identify(src/test/speed_control/include) by extensions ['colcon_meta']
[0.192s] Level 1:colcon.colcon_core.package_identification:_identify(src/test/speed_control/include) by extension 'colcon_meta'
[0.193s] Level 1:colcon.colcon_core.package_identification:_identify(src/test/speed_control/include) by extensions ['ros']
[0.193s] Level 1:colcon.colcon_core.package_identification:_identify(src/test/speed_control/include) by extension 'ros'
[0.193s] Level 1:colcon.colcon_core.package_identification:_identify(src/test/speed_control/include) by extensions ['cmake', 'python']
[0.193s] Level 1:colcon.colcon_core.package_identification:_identify(src/test/speed_control/include) by extension 'cmake'
[0.193s] Level 1:colcon.colcon_core.package_identification:_identify(src/test/speed_control/include) by extension 'python'
[0.193s] Level 1:colcon.colcon_core.package_identification:_identify(src/test/speed_control/include) by extensions ['python_setup_py']
[0.193s] Level 1:colcon.colcon_core.package_identification:_identify(src/test/speed_control/include) by extension 'python_setup_py'
[0.193s] Level 1:colcon.colcon_core.package_identification:_identify(src/test/speed_control/lib) by extensions ['ignore', 'ignore_ament_install']
[0.193s] Level 1:colcon.colcon_core.package_identification:_identify(src/test/speed_control/lib) by extension 'ignore'
[0.193s] Level 1:colcon.colcon_core.package_identification:_identify(src/test/speed_control/lib) by extension 'ignore_ament_install'
[0.193s] Level 1:colcon.colcon_core.package_identification:_identify(src/test/speed_control/lib) by extensions ['colcon_pkg']
[0.193s] Level 1:colcon.colcon_core.package_identification:_identify(src/test/speed_control/lib) by extension 'colcon_pkg'
[0.193s] Level 1:colcon.colcon_core.package_identification:_identify(src/test/speed_control/lib) by extensions ['colcon_meta']
[0.193s] Level 1:colcon.colcon_core.package_identification:_identify(src/test/speed_control/lib) by extension 'colcon_meta'
[0.193s] Level 1:colcon.colcon_core.package_identification:_identify(src/test/speed_control/lib) by extensions ['ros']
[0.193s] Level 1:colcon.colcon_core.package_identification:_identify(src/test/speed_control/lib) by extension 'ros'
[0.193s] Level 1:colcon.colcon_core.package_identification:_identify(src/test/speed_control/lib) by extensions ['cmake', 'python']
[0.193s] Level 1:colcon.colcon_core.package_identification:_identify(src/test/speed_control/lib) by extension 'cmake'
[0.193s] Level 1:colcon.colcon_core.package_identification:_identify(src/test/speed_control/lib) by extension 'python'
[0.193s] Level 1:colcon.colcon_core.package_identification:_identify(src/test/speed_control/lib) by extensions ['python_setup_py']
[0.193s] Level 1:colcon.colcon_core.package_identification:_identify(src/test/speed_control/lib) by extension 'python_setup_py'
[0.193s] Level 1:colcon.colcon_core.package_identification:_identify(src/test/speed_control/src) by extensions ['ignore', 'ignore_ament_install']
[0.193s] Level 1:colcon.colcon_core.package_identification:_identify(src/test/speed_control/src) by extension 'ignore'
[0.193s] Level 1:colcon.colcon_core.package_identification:_identify(src/test/speed_control/src) by extension 'ignore_ament_install'
[0.193s] Level 1:colcon.colcon_core.package_identification:_identify(src/test/speed_control/src) by extensions ['colcon_pkg']
[0.193s] Level 1:colcon.colcon_core.package_identification:_identify(src/test/speed_control/src) by extension 'colcon_pkg'
[0.193s] Level 1:colcon.colcon_core.package_identification:_identify(src/test/speed_control/src) by extensions ['colcon_meta']
[0.193s] Level 1:colcon.colcon_core.package_identification:_identify(src/test/speed_control/src) by extension 'colcon_meta'
[0.193s] Level 1:colcon.colcon_core.package_identification:_identify(src/test/speed_control/src) by extensions ['ros']
[0.193s] Level 1:colcon.colcon_core.package_identification:_identify(src/test/speed_control/src) by extension 'ros'
[0.193s] Level 1:colcon.colcon_core.package_identification:_identify(src/test/speed_control/src) by extensions ['cmake', 'python']
[0.193s] Level 1:colcon.colcon_core.package_identification:_identify(src/test/speed_control/src) by extension 'cmake'
[0.193s] Level 1:colcon.colcon_core.package_identification:_identify(src/test/speed_control/src) by extension 'python'
[0.193s] Level 1:colcon.colcon_core.package_identification:_identify(src/test/speed_control/src) by extensions ['python_setup_py']
[0.193s] Level 1:colcon.colcon_core.package_identification:_identify(src/test/speed_control/src) by extension 'python_setup_py'
[0.193s] Level 1:colcon.colcon_core.package_identification:_identify(src/test/speed_control/test) by extensions ['ignore', 'ignore_ament_install']
[0.193s] Level 1:colcon.colcon_core.package_identification:_identify(src/test/speed_control/test) by extension 'ignore'
[0.193s] Level 1:colcon.colcon_core.package_identification:_identify(src/test/speed_control/test) by extension 'ignore_ament_install'
[0.193s] Level 1:colcon.colcon_core.package_identification:_identify(src/test/speed_control/test) by extensions ['colcon_pkg']
[0.193s] Level 1:colcon.colcon_core.package_identification:_identify(src/test/speed_control/test) by extension 'colcon_pkg'
[0.193s] Level 1:colcon.colcon_core.package_identification:_identify(src/test/speed_control/test) by extensions ['colcon_meta']
[0.194s] Level 1:colcon.colcon_core.package_identification:_identify(src/test/speed_control/test) by extension 'colcon_meta'
[0.194s] Level 1:colcon.colcon_core.package_identification:_identify(src/test/speed_control/test) by extensions ['ros']
[0.194s] Level 1:colcon.colcon_core.package_identification:_identify(src/test/speed_control/test) by extension 'ros'
[0.194s] Level 1:colcon.colcon_core.package_identification:_identify(src/test/speed_control/test) by extensions ['cmake', 'python']
[0.194s] Level 1:colcon.colcon_core.package_identification:_identify(src/test/speed_control/test) by extension 'cmake'
[0.194s] Level 1:colcon.colcon_core.package_identification:_identify(src/test/speed_control/test) by extension 'python'
[0.194s] Level 1:colcon.colcon_core.package_identification:_identify(src/test/speed_control/test) by extensions ['python_setup_py']
[0.194s] Level 1:colcon.colcon_core.package_identification:_identify(src/test/speed_control/test) by extension 'python_setup_py'
[0.194s] Level 1:colcon.colcon_core.package_identification:_identify(src/test/timer_interrupt) by extensions ['ignore', 'ignore_ament_install']
[0.194s] Level 1:colcon.colcon_core.package_identification:_identify(src/test/timer_interrupt) by extension 'ignore'
[0.194s] Level 1:colcon.colcon_core.package_identification:_identify(src/test/timer_interrupt) by extension 'ignore_ament_install'
[0.194s] Level 1:colcon.colcon_core.package_identification:_identify(src/test/timer_interrupt) by extensions ['colcon_pkg']
[0.194s] Level 1:colcon.colcon_core.package_identification:_identify(src/test/timer_interrupt) by extension 'colcon_pkg'
[0.194s] Level 1:colcon.colcon_core.package_identification:_identify(src/test/timer_interrupt) by extensions ['colcon_meta']
[0.194s] Level 1:colcon.colcon_core.package_identification:_identify(src/test/timer_interrupt) by extension 'colcon_meta'
[0.194s] Level 1:colcon.colcon_core.package_identification:_identify(src/test/timer_interrupt) by extensions ['ros']
[0.194s] Level 1:colcon.colcon_core.package_identification:_identify(src/test/timer_interrupt) by extension 'ros'
[0.194s] Level 1:colcon.colcon_core.package_identification:_identify(src/test/timer_interrupt) by extensions ['cmake', 'python']
[0.194s] Level 1:colcon.colcon_core.package_identification:_identify(src/test/timer_interrupt) by extension 'cmake'
[0.194s] Level 1:colcon.colcon_core.package_identification:_identify(src/test/timer_interrupt) by extension 'python'
[0.194s] Level 1:colcon.colcon_core.package_identification:_identify(src/test/timer_interrupt) by extensions ['python_setup_py']
[0.194s] Level 1:colcon.colcon_core.package_identification:_identify(src/test/timer_interrupt) by extension 'python_setup_py'
[0.194s] Level 1:colcon.colcon_core.package_identification:_identify(src/test/timer_interrupt/include) by extensions ['ignore', 'ignore_ament_install']
[0.194s] Level 1:colcon.colcon_core.package_identification:_identify(src/test/timer_interrupt/include) by extension 'ignore'
[0.194s] Level 1:colcon.colcon_core.package_identification:_identify(src/test/timer_interrupt/include) by extension 'ignore_ament_install'
[0.194s] Level 1:colcon.colcon_core.package_identification:_identify(src/test/timer_interrupt/include) by extensions ['colcon_pkg']
[0.194s] Level 1:colcon.colcon_core.package_identification:_identify(src/test/timer_interrupt/include) by extension 'colcon_pkg'
[0.194s] Level 1:colcon.colcon_core.package_identification:_identify(src/test/timer_interrupt/include) by extensions ['colcon_meta']
[0.194s] Level 1:colcon.colcon_core.package_identification:_identify(src/test/timer_interrupt/include) by extension 'colcon_meta'
[0.195s] Level 1:colcon.colcon_core.package_identification:_identify(src/test/timer_interrupt/include) by extensions ['ros']
[0.195s] Level 1:colcon.colcon_core.package_identification:_identify(src/test/timer_interrupt/include) by extension 'ros'
[0.195s] Level 1:colcon.colcon_core.package_identification:_identify(src/test/timer_interrupt/include) by extensions ['cmake', 'python']
[0.195s] Level 1:colcon.colcon_core.package_identification:_identify(src/test/timer_interrupt/include) by extension 'cmake'
[0.195s] Level 1:colcon.colcon_core.package_identification:_identify(src/test/timer_interrupt/include) by extension 'python'
[0.195s] Level 1:colcon.colcon_core.package_identification:_identify(src/test/timer_interrupt/include) by extensions ['python_setup_py']
[0.195s] Level 1:colcon.colcon_core.package_identification:_identify(src/test/timer_interrupt/include) by extension 'python_setup_py'
[0.195s] Level 1:colcon.colcon_core.package_identification:_identify(src/test/timer_interrupt/lib) by extensions ['ignore', 'ignore_ament_install']
[0.195s] Level 1:colcon.colcon_core.package_identification:_identify(src/test/timer_interrupt/lib) by extension 'ignore'
[0.195s] Level 1:colcon.colcon_core.package_identification:_identify(src/test/timer_interrupt/lib) by extension 'ignore_ament_install'
[0.195s] Level 1:colcon.colcon_core.package_identification:_identify(src/test/timer_interrupt/lib) by extensions ['colcon_pkg']
[0.195s] Level 1:colcon.colcon_core.package_identification:_identify(src/test/timer_interrupt/lib) by extension 'colcon_pkg'
[0.195s] Level 1:colcon.colcon_core.package_identification:_identify(src/test/timer_interrupt/lib) by extensions ['colcon_meta']
[0.195s] Level 1:colcon.colcon_core.package_identification:_identify(src/test/timer_interrupt/lib) by extension 'colcon_meta'
[0.195s] Level 1:colcon.colcon_core.package_identification:_identify(src/test/timer_interrupt/lib) by extensions ['ros']
[0.195s] Level 1:colcon.colcon_core.package_identification:_identify(src/test/timer_interrupt/lib) by extension 'ros'
[0.195s] Level 1:colcon.colcon_core.package_identification:_identify(src/test/timer_interrupt/lib) by extensions ['cmake', 'python']
[0.195s] Level 1:colcon.colcon_core.package_identification:_identify(src/test/timer_interrupt/lib) by extension 'cmake'
[0.195s] Level 1:colcon.colcon_core.package_identification:_identify(src/test/timer_interrupt/lib) by extension 'python'
[0.195s] Level 1:colcon.colcon_core.package_identification:_identify(src/test/timer_interrupt/lib) by extensions ['python_setup_py']
[0.195s] Level 1:colcon.colcon_core.package_identification:_identify(src/test/timer_interrupt/lib) by extension 'python_setup_py'
[0.195s] Level 1:colcon.colcon_core.package_identification:_identify(src/test/timer_interrupt/src) by extensions ['ignore', 'ignore_ament_install']
[0.195s] Level 1:colcon.colcon_core.package_identification:_identify(src/test/timer_interrupt/src) by extension 'ignore'
[0.195s] Level 1:colcon.colcon_core.package_identification:_identify(src/test/timer_interrupt/src) by extension 'ignore_ament_install'
[0.195s] Level 1:colcon.colcon_core.package_identification:_identify(src/test/timer_interrupt/src) by extensions ['colcon_pkg']
[0.195s] Level 1:colcon.colcon_core.package_identification:_identify(src/test/timer_interrupt/src) by extension 'colcon_pkg'
[0.195s] Level 1:colcon.colcon_core.package_identification:_identify(src/test/timer_interrupt/src) by extensions ['colcon_meta']
[0.195s] Level 1:colcon.colcon_core.package_identification:_identify(src/test/timer_interrupt/src) by extension 'colcon_meta'
[0.195s] Level 1:colcon.colcon_core.package_identification:_identify(src/test/timer_interrupt/src) by extensions ['ros']
[0.195s] Level 1:colcon.colcon_core.package_identification:_identify(src/test/timer_interrupt/src) by extension 'ros'
[0.195s] Level 1:colcon.colcon_core.package_identification:_identify(src/test/timer_interrupt/src) by extensions ['cmake', 'python']
[0.195s] Level 1:colcon.colcon_core.package_identification:_identify(src/test/timer_interrupt/src) by extension 'cmake'
[0.195s] Level 1:colcon.colcon_core.package_identification:_identify(src/test/timer_interrupt/src) by extension 'python'
[0.195s] Level 1:colcon.colcon_core.package_identification:_identify(src/test/timer_interrupt/src) by extensions ['python_setup_py']
[0.195s] Level 1:colcon.colcon_core.package_identification:_identify(src/test/timer_interrupt/src) by extension 'python_setup_py'
[0.195s] Level 1:colcon.colcon_core.package_identification:_identify(src/test/timer_interrupt/test) by extensions ['ignore', 'ignore_ament_install']
[0.195s] Level 1:colcon.colcon_core.package_identification:_identify(src/test/timer_interrupt/test) by extension 'ignore'
[0.195s] Level 1:colcon.colcon_core.package_identification:_identify(src/test/timer_interrupt/test) by extension 'ignore_ament_install'
[0.195s] Level 1:colcon.colcon_core.package_identification:_identify(src/test/timer_interrupt/test) by extensions ['colcon_pkg']
[0.196s] Level 1:colcon.colcon_core.package_identification:_identify(src/test/timer_interrupt/test) by extension 'colcon_pkg'
[0.196s] Level 1:colcon.colcon_core.package_identification:_identify(src/test/timer_interrupt/test) by extensions ['colcon_meta']
[0.196s] Level 1:colcon.colcon_core.package_identification:_identify(src/test/timer_interrupt/test) by extension 'colcon_meta'
[0.196s] Level 1:colcon.colcon_core.package_identification:_identify(src/test/timer_interrupt/test) by extensions ['ros']
[0.196s] Level 1:colcon.colcon_core.package_identification:_identify(src/test/timer_interrupt/test) by extension 'ros'
[0.196s] Level 1:colcon.colcon_core.package_identification:_identify(src/test/timer_interrupt/test) by extensions ['cmake', 'python']
[0.196s] Level 1:colcon.colcon_core.package_identification:_identify(src/test/timer_interrupt/test) by extension 'cmake'
[0.196s] Level 1:colcon.colcon_core.package_identification:_identify(src/test/timer_interrupt/test) by extension 'python'
[0.196s] Level 1:colcon.colcon_core.package_identification:_identify(src/test/timer_interrupt/test) by extensions ['python_setup_py']
[0.196s] Level 1:colcon.colcon_core.package_identification:_identify(src/test/timer_interrupt/test) by extension 'python_setup_py'
[0.196s] Level 1:colcon.colcon_core.package_identification:_identify(src/theory_check) by extensions ['ignore', 'ignore_ament_install']
[0.196s] Level 1:colcon.colcon_core.package_identification:_identify(src/theory_check) by extension 'ignore'
[0.196s] Level 1:colcon.colcon_core.package_identification:_identify(src/theory_check) by extension 'ignore_ament_install'
[0.196s] Level 1:colcon.colcon_core.package_identification:_identify(src/theory_check) by extensions ['colcon_pkg']
[0.196s] Level 1:colcon.colcon_core.package_identification:_identify(src/theory_check) by extension 'colcon_pkg'
[0.196s] Level 1:colcon.colcon_core.package_identification:_identify(src/theory_check) by extensions ['colcon_meta']
[0.196s] Level 1:colcon.colcon_core.package_identification:_identify(src/theory_check) by extension 'colcon_meta'
[0.196s] Level 1:colcon.colcon_core.package_identification:_identify(src/theory_check) by extensions ['ros']
[0.196s] Level 1:colcon.colcon_core.package_identification:_identify(src/theory_check) by extension 'ros'
[0.196s] Level 1:colcon.colcon_core.package_identification:_identify(src/theory_check) by extensions ['cmake', 'python']
[0.196s] Level 1:colcon.colcon_core.package_identification:_identify(src/theory_check) by extension 'cmake'
[0.196s] Level 1:colcon.colcon_core.package_identification:_identify(src/theory_check) by extension 'python'
[0.196s] Level 1:colcon.colcon_core.package_identification:_identify(src/theory_check) by extensions ['python_setup_py']
[0.196s] Level 1:colcon.colcon_core.package_identification:_identify(src/theory_check) by extension 'python_setup_py'
[0.196s] Level 1:colcon.colcon_core.package_identification:_identify(src/theory_check/libra23_Kimematics) by extensions ['ignore', 'ignore_ament_install']
[0.196s] Level 1:colcon.colcon_core.package_identification:_identify(src/theory_check/libra23_Kimematics) by extension 'ignore'
[0.196s] Level 1:colcon.colcon_core.package_identification:_identify(src/theory_check/libra23_Kimematics) by extension 'ignore_ament_install'
[0.196s] Level 1:colcon.colcon_core.package_identification:_identify(src/theory_check/libra23_Kimematics) by extensions ['colcon_pkg']
[0.196s] Level 1:colcon.colcon_core.package_identification:_identify(src/theory_check/libra23_Kimematics) by extension 'colcon_pkg'
[0.196s] Level 1:colcon.colcon_core.package_identification:_identify(src/theory_check/libra23_Kimematics) by extensions ['colcon_meta']
[0.196s] Level 1:colcon.colcon_core.package_identification:_identify(src/theory_check/libra23_Kimematics) by extension 'colcon_meta'
[0.196s] Level 1:colcon.colcon_core.package_identification:_identify(src/theory_check/libra23_Kimematics) by extensions ['ros']
[0.196s] Level 1:colcon.colcon_core.package_identification:_identify(src/theory_check/libra23_Kimematics) by extension 'ros'
[0.196s] Level 1:colcon.colcon_core.package_identification:_identify(src/theory_check/libra23_Kimematics) by extensions ['cmake', 'python']
[0.196s] Level 1:colcon.colcon_core.package_identification:_identify(src/theory_check/libra23_Kimematics) by extension 'cmake'
[0.196s] Level 1:colcon.colcon_core.package_identification:_identify(src/theory_check/libra23_Kimematics) by extension 'python'
[0.196s] Level 1:colcon.colcon_core.package_identification:_identify(src/theory_check/libra23_Kimematics) by extensions ['python_setup_py']
[0.196s] Level 1:colcon.colcon_core.package_identification:_identify(src/theory_check/libra23_Kimematics) by extension 'python_setup_py'
[0.196s] Level 1:colcon.colcon_core.package_discovery:discover_packages(recursive) using defaults
[0.196s] Level 1:colcon.colcon_core.package_discovery:discover_packages(ignore) discover
[0.196s] Level 1:colcon.colcon_core.package_discovery:discover_packages(ignore) using defaults
[0.197s] Level 1:colcon.colcon_core.package_discovery:discover_packages(path) discover
[0.197s] Level 1:colcon.colcon_core.package_discovery:discover_packages(path) using defaults
[0.214s] INFO:colcon.colcon_core.package_selection:Skipping not selected package 'champ' in 'simulation/src/champ/champ'
[0.215s] INFO:colcon.colcon_core.package_selection:Skipping not selected package 'champ_config' in 'simulation/src/champ/champ_config'
[0.215s] INFO:colcon.colcon_core.package_selection:Skipping not selected package 'champ_description' in 'simulation/src/champ/champ_description'
[0.215s] INFO:colcon.colcon_core.package_selection:Skipping not selected package 'champ_msgs' in 'simulation/src/champ/champ_msgs'
[0.215s] INFO:colcon.colcon_core.package_selection:Skipping not selected package 'champ_navigation' in 'simulation/src/champ/champ_navigation'
[0.215s] INFO:colcon.colcon_core.package_selection:Skipping not selected package 'champ_teleop' in 'simulation/src/champ_teleop'
[0.215s] INFO:colcon.colcon_core.package_selection:Skipping not selected package 'gazebo_ros2_control_demos' in 'simulation/src/gazebo_ros2_control/gazebo_ros2_control_demos'
[0.215s] INFO:colcon.colcon_core.package_selection:Skipping not selected package 'ros2_control_demo_description' in 'simulation/src/ros2_control_demos/ros2_control_demo_description'
[0.215s] INFO:colcon.colcon_core.package_selection:Skipping not selected package 'ros2_control_demo_testing' in 'simulation/src/ros2_control_demos/ros2_control_demo_testing'
[0.215s] INFO:colcon.colcon_core.package_selection:Skipping not selected package 'champ_base' in 'simulation/src/champ/champ_base'
[0.215s] INFO:colcon.colcon_core.package_selection:Skipping not selected package 'champ_gazebo' in 'simulation/src/champ/champ_gazebo'
[0.215s] INFO:colcon.colcon_core.package_selection:Skipping not selected package 'ros2_control_demo_example_1' in 'simulation/src/ros2_control_demos/example_1'
[0.215s] INFO:colcon.colcon_core.package_selection:Skipping not selected package 'ros2_control_demo_example_10' in 'simulation/src/ros2_control_demos/example_10'
[0.215s] INFO:colcon.colcon_core.package_selection:Skipping not selected package 'ros2_control_demo_example_11' in 'simulation/src/ros2_control_demos/example_11'
[0.215s] INFO:colcon.colcon_core.package_selection:Skipping not selected package 'ros2_control_demo_example_12' in 'simulation/src/ros2_control_demos/example_12'
[0.215s] INFO:colcon.colcon_core.package_selection:Skipping not selected package 'ros2_control_demo_example_14' in 'simulation/src/ros2_control_demos/example_14'
[0.215s] INFO:colcon.colcon_core.package_selection:Skipping not selected package 'ros2_control_demo_example_2' in 'simulation/src/ros2_control_demos/example_2'
[0.215s] INFO:colcon.colcon_core.package_selection:Skipping not selected package 'ros2_control_demo_example_3' in 'simulation/src/ros2_control_demos/example_3'
[0.215s] INFO:colcon.colcon_core.package_selection:Skipping not selected package 'ros2_control_demo_example_4' in 'simulation/src/ros2_control_demos/example_4'
[0.215s] INFO:colcon.colcon_core.package_selection:Skipping not selected package 'ros2_control_demo_example_5' in 'simulation/src/ros2_control_demos/example_5'
[0.215s] INFO:colcon.colcon_core.package_selection:Skipping not selected package 'ros2_control_demo_example_6' in 'simulation/src/ros2_control_demos/example_6'
[0.215s] INFO:colcon.colcon_core.package_selection:Skipping not selected package 'ros2_control_demo_example_7' in 'simulation/src/ros2_control_demos/example_7'
[0.215s] INFO:colcon.colcon_core.package_selection:Skipping not selected package 'ros2_control_demo_example_8' in 'simulation/src/ros2_control_demos/example_8'
[0.215s] INFO:colcon.colcon_core.package_selection:Skipping not selected package 'ros2_control_demo_example_9' in 'simulation/src/ros2_control_demos/example_9'
[0.215s] INFO:colcon.colcon_core.package_selection:Skipping not selected package 'champ_bringup' in 'simulation/src/champ/champ_bringup'
[0.215s] INFO:colcon.colcon_core.package_selection:Skipping not selected package 'ros2_control_demo_example_15' in 'simulation/src/ros2_control_demos/example_15'
[0.215s] INFO:colcon.colcon_core.package_selection:Skipping not selected package 'ros2_control_demos' in 'simulation/src/ros2_control_demos/ros2_control_demos'
[0.215s] Level 5:colcon.colcon_core.verb:set package 'simple_sim' build argument 'cmake_args' from command line to 'None'
[0.215s] Level 5:colcon.colcon_core.verb:set package 'simple_sim' build argument 'cmake_target' from command line to 'None'
[0.215s] Level 5:colcon.colcon_core.verb:set package 'simple_sim' build argument 'cmake_target_skip_unavailable' from command line to 'False'
[0.215s] Level 5:colcon.colcon_core.verb:set package 'simple_sim' build argument 'cmake_clean_cache' from command line to 'False'
[0.215s] Level 5:colcon.colcon_core.verb:set package 'simple_sim' build argument 'cmake_clean_first' from command line to 'False'
[0.215s] Level 5:colcon.colcon_core.verb:set package 'simple_sim' build argument 'cmake_force_configure' from command line to 'False'
[0.215s] Level 5:colcon.colcon_core.verb:set package 'simple_sim' build argument 'ament_cmake_args' from command line to 'None'
[0.215s] Level 5:colcon.colcon_core.verb:set package 'simple_sim' build argument 'catkin_cmake_args' from command line to 'None'
[0.215s] Level 5:colcon.colcon_core.verb:set package 'simple_sim' build argument 'catkin_skip_building_tests' from command line to 'False'
[0.215s] DEBUG:colcon.colcon_core.verb:Building package 'simple_sim' with the following arguments: {'ament_cmake_args': None, 'build_base': '/home/hibiki/Robomech_HR/Eglantyne/build/simple_sim', 'catkin_cmake_args': None, 'catkin_skip_building_tests': False, 'cmake_args': None, 'cmake_clean_cache': False, 'cmake_clean_first': False, 'cmake_force_configure': False, 'cmake_target': None, 'cmake_target_skip_unavailable': False, 'install_base': '/home/hibiki/Robomech_HR/Eglantyne/install/simple_sim', 'merge_install': False, 'path': '/home/hibiki/Robomech_HR/Eglantyne/simulation/src/simple_sim', 'symlink_install': False, 'test_result_base': None}
[0.215s] INFO:colcon.colcon_core.executor:Executing jobs using 'parallel' executor
[0.217s] DEBUG:colcon.colcon_parallel_executor.executor.parallel:run_until_complete
[0.217s] INFO:colcon.colcon_ros.task.ament_cmake.build:Building ROS package in '/home/hibiki/Robomech_HR/Eglantyne/simulation/src/simple_sim' with build type 'ament_cmake'
[0.217s] INFO:colcon.colcon_cmake.task.cmake.build:Building CMake package in '/home/hibiki/Robomech_HR/Eglantyne/simulation/src/simple_sim'
[0.219s] INFO:colcon.colcon_core.plugin_system:Skipping extension 'colcon_core.shell.bat': Not used on non-Windows systems
[0.219s] INFO:colcon.colcon_core.shell:Skip shell extension 'powershell' for command environment: Not usable outside of PowerShell
[0.219s] DEBUG:colcon.colcon_core.shell:Skip shell extension 'dsv' for command environment
[0.228s] DEBUG:colcon.colcon_core.event_handler.log_command:Invoking command in '/home/hibiki/Robomech_HR/Eglantyne/build/simple_sim': CMAKE_PREFIX_PATH=/home/hibiki/Robomech_HR/Eglantyne/install/simple_sim:/home/hibiki/Robomech_HR/Eglantyne/simulation/install/simple_sim:/home/hibiki/Robomech_HR/Eglantyne/simulation/install/ros2_control_demos:/home/hibiki/Robomech_HR/Eglantyne/simulation/install/ros2_control_demo_example_9:/home/hibiki/Robomech_HR/Eglantyne/simulation/install/ros2_control_demo_example_8:/home/hibiki/Robomech_HR/Eglantyne/simulation/install/ros2_control_demo_example_7:/home/hibiki/Robomech_HR/Eglantyne/simulation/install/ros2_control_demo_example_6:/home/hibiki/Robomech_HR/Eglantyne/simulation/install/ros2_control_demo_example_15:/home/hibiki/Robomech_HR/Eglantyne/simulation/install/ros2_control_demo_example_5:/home/hibiki/Robomech_HR/Eglantyne/simulation/install/ros2_control_demo_example_4:/home/hibiki/Robomech_HR/Eglantyne/simulation/install/ros2_control_demo_example_3:/home/hibiki/Robomech_HR/Eglantyne/simulation/install/ros2_control_demo_example_2:/home/hibiki/Robomech_HR/Eglantyne/simulation/install/ros2_control_demo_example_14:/home/hibiki/Robomech_HR/Eglantyne/simulation/install/ros2_control_demo_example_12:/home/hibiki/Robomech_HR/Eglantyne/simulation/install/ros2_control_demo_example_11:/home/hibiki/Robomech_HR/Eglantyne/simulation/install/ros2_control_demo_example_10:/home/hibiki/Robomech_HR/Eglantyne/simulation/install/ros2_control_demo_example_1:/home/hibiki/Robomech_HR/Eglantyne/simulation/install/ros2_control_demo_description:/home/hibiki/Robomech_HR/Eglantyne/simulation/install/gazebo_ros2_control_demos:/home/hibiki/Robomech_HR/Eglantyne/simulation/install/champ_teleop:/home/hibiki/Robomech_HR/Eglantyne/simulation/install/champ_navigation:/home/hibiki/Robomech_HR/Eglantyne/simulation/install/champ_gazebo:/home/hibiki/Robomech_HR/Eglantyne/simulation/install/champ_bringup:/home/hibiki/Robomech_HR/Eglantyne/simulation/install/champ_base:/home/hibiki/Robomech_HR/Eglantyne/simulation/install/champ_msgs:/home/hibiki/Robomech_HR/Eglantyne/simulation/install/champ_description:/home/hibiki/Robomech_HR/Eglantyne/simulation/install/champ_config:/home/hibiki/Robomech_HR/Eglantyne/simulation/install/ros2_control_demo_testing:/opt/ros/humble:/home/hibiki/Robomech_HR/Eglantyne/simulation/install/champ /usr/bin/cmake --build /home/hibiki/Robomech_HR/Eglantyne/build/simple_sim -- -j16 -l16
[6.776s] DEBUG:colcon.colcon_core.event_handler.log_command:Invoked command in '/home/hibiki/Robomech_HR/Eglantyne/build/simple_sim' returned '0': CMAKE_PREFIX_PATH=/home/hibiki/Robomech_HR/Eglantyne/install/simple_sim:/home/hibiki/Robomech_HR/Eglantyne/simulation/install/simple_sim:/home/hibiki/Robomech_HR/Eglantyne/simulation/install/ros2_control_demos:/home/hibiki/Robomech_HR/Eglantyne/simulation/install/ros2_control_demo_example_9:/home/hibiki/Robomech_HR/Eglantyne/simulation/install/ros2_control_demo_example_8:/home/hibiki/Robomech_HR/Eglantyne/simulation/install/ros2_control_demo_example_7:/home/hibiki/Robomech_HR/Eglantyne/simulation/install/ros2_control_demo_example_6:/home/hibiki/Robomech_HR/Eglantyne/simulation/install/ros2_control_demo_example_15:/home/hibiki/Robomech_HR/Eglantyne/simulation/install/ros2_control_demo_example_5:/home/hibiki/Robomech_HR/Eglantyne/simulation/install/ros2_control_demo_example_4:/home/hibiki/Robomech_HR/Eglantyne/simulation/install/ros2_control_demo_example_3:/home/hibiki/Robomech_HR/Eglantyne/simulation/install/ros2_control_demo_example_2:/home/hibiki/Robomech_HR/Eglantyne/simulation/install/ros2_control_demo_example_14:/home/hibiki/Robomech_HR/Eglantyne/simulation/install/ros2_control_demo_example_12:/home/hibiki/Robomech_HR/Eglantyne/simulation/install/ros2_control_demo_example_11:/home/hibiki/Robomech_HR/Eglantyne/simulation/install/ros2_control_demo_example_10:/home/hibiki/Robomech_HR/Eglantyne/simulation/install/ros2_control_demo_example_1:/home/hibiki/Robomech_HR/Eglantyne/simulation/install/ros2_control_demo_description:/home/hibiki/Robomech_HR/Eglantyne/simulation/install/gazebo_ros2_control_demos:/home/hibiki/Robomech_HR/Eglantyne/simulation/install/champ_teleop:/home/hibiki/Robomech_HR/Eglantyne/simulation/install/champ_navigation:/home/hibiki/Robomech_HR/Eglantyne/simulation/install/champ_gazebo:/home/hibiki/Robomech_HR/Eglantyne/simulation/install/champ_bringup:/home/hibiki/Robomech_HR/Eglantyne/simulation/install/champ_base:/home/hibiki/Robomech_HR/Eglantyne/simulation/install/champ_msgs:/home/hibiki/Robomech_HR/Eglantyne/simulation/install/champ_description:/home/hibiki/Robomech_HR/Eglantyne/simulation/install/champ_config:/home/hibiki/Robomech_HR/Eglantyne/simulation/install/ros2_control_demo_testing:/opt/ros/humble:/home/hibiki/Robomech_HR/Eglantyne/simulation/install/champ /usr/bin/cmake --build /home/hibiki/Robomech_HR/Eglantyne/build/simple_sim -- -j16 -l16
[6.829s] DEBUG:colcon.colcon_core.event_handler.log_command:Invoking command in '/home/hibiki/Robomech_HR/Eglantyne/build/simple_sim': CMAKE_PREFIX_PATH=/home/hibiki/Robomech_HR/Eglantyne/install/simple_sim:/home/hibiki/Robomech_HR/Eglantyne/simulation/install/simple_sim:/home/hibiki/Robomech_HR/Eglantyne/simulation/install/ros2_control_demos:/home/hibiki/Robomech_HR/Eglantyne/simulation/install/ros2_control_demo_example_9:/home/hibiki/Robomech_HR/Eglantyne/simulation/install/ros2_control_demo_example_8:/home/hibiki/Robomech_HR/Eglantyne/simulation/install/ros2_control_demo_example_7:/home/hibiki/Robomech_HR/Eglantyne/simulation/install/ros2_control_demo_example_6:/home/hibiki/Robomech_HR/Eglantyne/simulation/install/ros2_control_demo_example_15:/home/hibiki/Robomech_HR/Eglantyne/simulation/install/ros2_control_demo_example_5:/home/hibiki/Robomech_HR/Eglantyne/simulation/install/ros2_control_demo_example_4:/home/hibiki/Robomech_HR/Eglantyne/simulation/install/ros2_control_demo_example_3:/home/hibiki/Robomech_HR/Eglantyne/simulation/install/ros2_control_demo_example_2:/home/hibiki/Robomech_HR/Eglantyne/simulation/install/ros2_control_demo_example_14:/home/hibiki/Robomech_HR/Eglantyne/simulation/install/ros2_control_demo_example_12:/home/hibiki/Robomech_HR/Eglantyne/simulation/install/ros2_control_demo_example_11:/home/hibiki/Robomech_HR/Eglantyne/simulation/install/ros2_control_demo_example_10:/home/hibiki/Robomech_HR/Eglantyne/simulation/install/ros2_control_demo_example_1:/home/hibiki/Robomech_HR/Eglantyne/simulation/install/ros2_control_demo_description:/home/hibiki/Robomech_HR/Eglantyne/simulation/install/gazebo_ros2_control_demos:/home/hibiki/Robomech_HR/Eglantyne/simulation/install/champ_teleop:/home/hibiki/Robomech_HR/Eglantyne/simulation/install/champ_navigation:/home/hibiki/Robomech_HR/Eglantyne/simulation/install/champ_gazebo:/home/hibiki/Robomech_HR/Eglantyne/simulation/install/champ_bringup:/home/hibiki/Robomech_HR/Eglantyne/simulation/install/champ_base:/home/hibiki/Robomech_HR/Eglantyne/simulation/install/champ_msgs:/home/hibiki/Robomech_HR/Eglantyne/simulation/install/champ_description:/home/hibiki/Robomech_HR/Eglantyne/simulation/install/champ_config:/home/hibiki/Robomech_HR/Eglantyne/simulation/install/ros2_control_demo_testing:/opt/ros/humble:/home/hibiki/Robomech_HR/Eglantyne/simulation/install/champ /usr/bin/cmake --install /home/hibiki/Robomech_HR/Eglantyne/build/simple_sim
[6.839s] Level 1:colcon.colcon_core.environment:create_environment_scripts_only(simple_sim)
[6.841s] DEBUG:colcon.colcon_core.event_handler.log_command:Invoked command in '/home/hibiki/Robomech_HR/Eglantyne/build/simple_sim' returned '0': CMAKE_PREFIX_PATH=/home/hibiki/Robomech_HR/Eglantyne/install/simple_sim:/home/hibiki/Robomech_HR/Eglantyne/simulation/install/simple_sim:/home/hibiki/Robomech_HR/Eglantyne/simulation/install/ros2_control_demos:/home/hibiki/Robomech_HR/Eglantyne/simulation/install/ros2_control_demo_example_9:/home/hibiki/Robomech_HR/Eglantyne/simulation/install/ros2_control_demo_example_8:/home/hibiki/Robomech_HR/Eglantyne/simulation/install/ros2_control_demo_example_7:/home/hibiki/Robomech_HR/Eglantyne/simulation/install/ros2_control_demo_example_6:/home/hibiki/Robomech_HR/Eglantyne/simulation/install/ros2_control_demo_example_15:/home/hibiki/Robomech_HR/Eglantyne/simulation/install/ros2_control_demo_example_5:/home/hibiki/Robomech_HR/Eglantyne/simulation/install/ros2_control_demo_example_4:/home/hibiki/Robomech_HR/Eglantyne/simulation/install/ros2_control_demo_example_3:/home/hibiki/Robomech_HR/Eglantyne/simulation/install/ros2_control_demo_example_2:/home/hibiki/Robomech_HR/Eglantyne/simulation/install/ros2_control_demo_example_14:/home/hibiki/Robomech_HR/Eglantyne/simulation/install/ros2_control_demo_example_12:/home/hibiki/Robomech_HR/Eglantyne/simulation/install/ros2_control_demo_example_11:/home/hibiki/Robomech_HR/Eglantyne/simulation/install/ros2_control_demo_example_10:/home/hibiki/Robomech_HR/Eglantyne/simulation/install/ros2_control_demo_example_1:/home/hibiki/Robomech_HR/Eglantyne/simulation/install/ros2_control_demo_description:/home/hibiki/Robomech_HR/Eglantyne/simulation/install/gazebo_ros2_control_demos:/home/hibiki/Robomech_HR/Eglantyne/simulation/install/champ_teleop:/home/hibiki/Robomech_HR/Eglantyne/simulation/install/champ_navigation:/home/hibiki/Robomech_HR/Eglantyne/simulation/install/champ_gazebo:/home/hibiki/Robomech_HR/Eglantyne/simulation/install/champ_bringup:/home/hibiki/Robomech_HR/Eglantyne/simulation/install/champ_base:/home/hibiki/Robomech_HR/Eglantyne/simulation/install/champ_msgs:/home/hibiki/Robomech_HR/Eglantyne/simulation/install/champ_description:/home/hibiki/Robomech_HR/Eglantyne/simulation/install/champ_config:/home/hibiki/Robomech_HR/Eglantyne/simulation/install/ros2_control_demo_testing:/opt/ros/humble:/home/hibiki/Robomech_HR/Eglantyne/simulation/install/champ /usr/bin/cmake --install /home/hibiki/Robomech_HR/Eglantyne/build/simple_sim
[6.842s] Level 1:colcon.colcon_core.environment:checking '/home/hibiki/Robomech_HR/Eglantyne/install/simple_sim' for CMake module files
[6.842s] Level 1:colcon.colcon_core.environment:checking '/home/hibiki/Robomech_HR/Eglantyne/install/simple_sim' for CMake config files
[6.842s] Level 1:colcon.colcon_core.shell:create_environment_hook('simple_sim', 'cmake_prefix_path')
[6.842s] INFO:colcon.colcon_core.shell:Creating environment hook '/home/hibiki/Robomech_HR/Eglantyne/install/simple_sim/share/simple_sim/hook/cmake_prefix_path.ps1'
[6.842s] INFO:colcon.colcon_core.shell:Creating environment descriptor '/home/hibiki/Robomech_HR/Eglantyne/install/simple_sim/share/simple_sim/hook/cmake_prefix_path.dsv'
[6.843s] INFO:colcon.colcon_core.shell:Creating environment hook '/home/hibiki/Robomech_HR/Eglantyne/install/simple_sim/share/simple_sim/hook/cmake_prefix_path.sh'
[6.843s] Level 1:colcon.colcon_core.environment:checking '/home/hibiki/Robomech_HR/Eglantyne/install/simple_sim/lib'
[6.843s] Level 1:colcon.colcon_core.environment:checking '/home/hibiki/Robomech_HR/Eglantyne/install/simple_sim/bin'
[6.843s] Level 1:colcon.colcon_core.environment:checking '/home/hibiki/Robomech_HR/Eglantyne/install/simple_sim/lib/pkgconfig/simple_sim.pc'
[6.845s] Level 1:colcon.colcon_core.environment:checking '/home/hibiki/Robomech_HR/Eglantyne/install/simple_sim/lib/python3.10/site-packages'
[6.845s] Level 1:colcon.colcon_core.environment:checking '/home/hibiki/Robomech_HR/Eglantyne/install/simple_sim/bin'
[6.845s] INFO:colcon.colcon_core.shell:Creating package script '/home/hibiki/Robomech_HR/Eglantyne/install/simple_sim/share/simple_sim/package.ps1'
[6.845s] INFO:colcon.colcon_core.shell:Creating package descriptor '/home/hibiki/Robomech_HR/Eglantyne/install/simple_sim/share/simple_sim/package.dsv'
[6.846s] INFO:colcon.colcon_core.shell:Creating package script '/home/hibiki/Robomech_HR/Eglantyne/install/simple_sim/share/simple_sim/package.sh'
[6.846s] INFO:colcon.colcon_core.shell:Creating package script '/home/hibiki/Robomech_HR/Eglantyne/install/simple_sim/share/simple_sim/package.bash'
[6.847s] INFO:colcon.colcon_core.shell:Creating package script '/home/hibiki/Robomech_HR/Eglantyne/install/simple_sim/share/simple_sim/package.zsh'
[6.847s] Level 1:colcon.colcon_core.environment:create_file_with_runtime_dependencies(/home/hibiki/Robomech_HR/Eglantyne/install/simple_sim/share/colcon-core/packages/simple_sim)
[6.900s] Level 1:colcon.colcon_core.environment:create_environment_scripts_only(simple_sim)
[6.900s] Level 1:colcon.colcon_core.environment:checking '/home/hibiki/Robomech_HR/Eglantyne/install/simple_sim' for CMake module files
[6.901s] Level 1:colcon.colcon_core.environment:checking '/home/hibiki/Robomech_HR/Eglantyne/install/simple_sim' for CMake config files
[6.901s] Level 1:colcon.colcon_core.shell:create_environment_hook('simple_sim', 'cmake_prefix_path')
[6.902s] INFO:colcon.colcon_core.shell:Creating environment hook '/home/hibiki/Robomech_HR/Eglantyne/install/simple_sim/share/simple_sim/hook/cmake_prefix_path.ps1'
[6.902s] INFO:colcon.colcon_core.shell:Creating environment descriptor '/home/hibiki/Robomech_HR/Eglantyne/install/simple_sim/share/simple_sim/hook/cmake_prefix_path.dsv'
[6.902s] INFO:colcon.colcon_core.shell:Creating environment hook '/home/hibiki/Robomech_HR/Eglantyne/install/simple_sim/share/simple_sim/hook/cmake_prefix_path.sh'
[6.903s] Level 1:colcon.colcon_core.environment:checking '/home/hibiki/Robomech_HR/Eglantyne/install/simple_sim/lib'
[6.903s] Level 1:colcon.colcon_core.environment:checking '/home/hibiki/Robomech_HR/Eglantyne/install/simple_sim/bin'
[6.903s] Level 1:colcon.colcon_core.environment:checking '/home/hibiki/Robomech_HR/Eglantyne/install/simple_sim/lib/pkgconfig/simple_sim.pc'
[6.903s] Level 1:colcon.colcon_core.environment:checking '/home/hibiki/Robomech_HR/Eglantyne/install/simple_sim/lib/python3.10/site-packages'
[6.903s] Level 1:colcon.colcon_core.environment:checking '/home/hibiki/Robomech_HR/Eglantyne/install/simple_sim/bin'
[6.904s] INFO:colcon.colcon_core.shell:Creating package script '/home/hibiki/Robomech_HR/Eglantyne/install/simple_sim/share/simple_sim/package.ps1'
[6.904s] INFO:colcon.colcon_core.shell:Creating package descriptor '/home/hibiki/Robomech_HR/Eglantyne/install/simple_sim/share/simple_sim/package.dsv'
[6.905s] INFO:colcon.colcon_core.shell:Creating package script '/home/hibiki/Robomech_HR/Eglantyne/install/simple_sim/share/simple_sim/package.sh'
[6.905s] INFO:colcon.colcon_core.shell:Creating package script '/home/hibiki/Robomech_HR/Eglantyne/install/simple_sim/share/simple_sim/package.bash'
[6.906s] INFO:colcon.colcon_core.shell:Creating package script '/home/hibiki/Robomech_HR/Eglantyne/install/simple_sim/share/simple_sim/package.zsh'
[6.906s] Level 1:colcon.colcon_core.environment:create_file_with_runtime_dependencies(/home/hibiki/Robomech_HR/Eglantyne/install/simple_sim/share/colcon-core/packages/simple_sim)
[6.906s] DEBUG:colcon.colcon_parallel_executor.executor.parallel:closing loop
[6.906s] DEBUG:colcon.colcon_parallel_executor.executor.parallel:loop closed
[6.907s] DEBUG:colcon.colcon_parallel_executor.executor.parallel:run_until_complete finished with '0'
[6.907s] DEBUG:colcon.colcon_core.event_reactor:joining thread
[6.910s] INFO:colcon.colcon_core.plugin_system:Skipping extension 'colcon_notification.desktop_notification.notify2': 'notify2' not found
[6.911s] INFO:colcon.colcon_core.plugin_system:Skipping extension 'colcon_notification.desktop_notification.terminal_notifier': Not used on non-Darwin systems
[6.911s] INFO:colcon.colcon_core.plugin_system:Skipping extension 'colcon_notification.desktop_notification.win32': Not used on non-Windows systems
[6.911s] INFO:colcon.colcon_notification.desktop_notification:Sending desktop notification using 'notify_send'
[6.932s] DEBUG:colcon.colcon_core.event_reactor:joined thread
[6.933s] INFO:colcon.colcon_core.shell:Creating prefix script '/home/hibiki/Robomech_HR/Eglantyne/install/local_setup.ps1'
[6.933s] INFO:colcon.colcon_core.shell:Creating prefix util module '/home/hibiki/Robomech_HR/Eglantyne/install/_local_setup_util_ps1.py'
[6.934s] INFO:colcon.colcon_core.shell:Creating prefix chain script '/home/hibiki/Robomech_HR/Eglantyne/install/setup.ps1'
[6.935s] INFO:colcon.colcon_core.shell:Creating prefix script '/home/hibiki/Robomech_HR/Eglantyne/install/local_setup.sh'
[6.936s] INFO:colcon.colcon_core.shell:Creating prefix util module '/home/hibiki/Robomech_HR/Eglantyne/install/_local_setup_util_sh.py'
[6.936s] INFO:colcon.colcon_core.shell:Creating prefix chain script '/home/hibiki/Robomech_HR/Eglantyne/install/setup.sh'
[6.937s] INFO:colcon.colcon_core.shell:Creating prefix script '/home/hibiki/Robomech_HR/Eglantyne/install/local_setup.bash'
[6.937s] INFO:colcon.colcon_core.shell:Creating prefix chain script '/home/hibiki/Robomech_HR/Eglantyne/install/setup.bash'
[6.939s] INFO:colcon.colcon_core.shell:Creating prefix script '/home/hibiki/Robomech_HR/Eglantyne/install/local_setup.zsh'
[6.939s] INFO:colcon.colcon_core.shell:Creating prefix chain script '/home/hibiki/Robomech_HR/Eglantyne/install/setup.zsh'
